ISO-10303-21;
HEADER;
FILE_DESCRIPTION((''),'2;1');
FILE_NAME('ISFV22R_1STLF','2007-09-03T',('ShoujiR'),(''),
'PRO/ENGINEER BY PARAMETRIC TECHNOLOGY CORPORATION, 2005230',
'PRO/ENGINEER BY PARAMETRIC TECHNOLOGY CORPORATION, 2005230','');
FILE_SCHEMA(('CONFIG_CONTROL_DESIGN'));
ENDSEC;
DATA;
#1=DIRECTION('',(1.E0,0.E0,0.E0));
#2=VECTOR('',#1,1.E-1);
#3=CARTESIAN_POINT('',(1.35E0,1.1E-1,-7.3E-1));
#4=LINE('',#3,#2);
#5=DIRECTION('',(1.E0,0.E0,0.E0));
#6=VECTOR('',#5,1.7E0);
#7=CARTESIAN_POINT('',(-2.5E-1,0.E0,-7.3E-1));
#8=LINE('',#7,#6);
#9=DIRECTION('',(-1.E0,0.E0,0.E0));
#10=VECTOR('',#9,2.2E-1);
#11=CARTESIAN_POINT('',(1.45E0,8.2E-1,-7.3E-1));
#12=LINE('',#11,#10);
#13=DIRECTION('',(0.E0,-1.E0,0.E0));
#14=VECTOR('',#13,5.E-1);
#15=CARTESIAN_POINT('',(1.23E0,1.32E0,-7.3E-1));
#16=LINE('',#15,#14);
#17=DIRECTION('',(1.E0,0.E0,0.E0));
#18=VECTOR('',#17,5.8E-1);
#19=CARTESIAN_POINT('',(6.5E-1,1.32E0,-7.3E-1));
#20=LINE('',#19,#18);
#21=DIRECTION('',(0.E0,1.E0,0.E0));
#22=VECTOR('',#21,7.9E-1);
#23=CARTESIAN_POINT('',(6.5E-1,5.3E-1,-7.3E-1));
#24=LINE('',#23,#22);
#25=DIRECTION('',(-1.E0,0.E0,0.E0));
#26=VECTOR('',#25,7.E-1);
#27=CARTESIAN_POINT('',(1.35E0,5.3E-1,-7.3E-1));
#28=LINE('',#27,#26);
#29=DIRECTION('',(0.E0,1.E0,0.E0));
#30=VECTOR('',#29,4.2E-1);
#31=CARTESIAN_POINT('',(1.35E0,1.1E-1,-7.3E-1));
#32=LINE('',#31,#30);
#33=DIRECTION('',(1.E0,-7.319437453795E-14,0.E0));
#34=VECTOR('',#33,1.9E0);
#35=CARTESIAN_POINT('',(-5.5E-1,1.1E-1,-7.E-1));
#36=LINE('',#35,#34);
#37=DIRECTION('',(0.E0,0.E0,1.E0));
#38=VECTOR('',#37,6.999999999999E-1);
#39=CARTESIAN_POINT('',(-5.5E-1,1.1E-1,-1.4E0));
#40=LINE('',#39,#38);
#41=DIRECTION('',(1.E0,0.E0,2.979838598095E-13));
#42=VECTOR('',#41,4.999999999999E-1);
#43=CARTESIAN_POINT('',(-1.05E0,1.1E-1,-1.4E0));
#44=LINE('',#43,#42);
#45=DIRECTION('',(1.059469972071E-13,0.E0,-1.E0));
#46=VECTOR('',#45,1.4E0);
#47=CARTESIAN_POINT('',(-1.05E0,1.1E-1,0.E0));
#48=LINE('',#47,#46);
#49=DIRECTION('',(-1.E0,0.E0,0.E0));
#50=VECTOR('',#49,1.65E1);
#51=CARTESIAN_POINT('',(1.545E1,1.1E-1,0.E0));
#52=LINE('',#51,#50);
#53=DIRECTION('',(-1.103878893056E-13,0.E0,1.E0));
#54=VECTOR('',#53,1.4E0);
#55=CARTESIAN_POINT('',(1.545E1,1.1E-1,-1.4E0));
#56=LINE('',#55,#54);
#57=DIRECTION('',(1.E0,0.E0,-3.246292124002E-13));
#58=VECTOR('',#57,5.000000000003E-1);
#59=CARTESIAN_POINT('',(1.495E1,1.1E-1,-1.4E0));
#60=LINE('',#59,#58);
#61=DIRECTION('',(-2.436146522607E-13,0.E0,-1.E0));
#62=VECTOR('',#61,6.999999999999E-1);
#63=CARTESIAN_POINT('',(1.495E1,1.1E-1,-7.E-1));
#64=LINE('',#63,#62);
#65=DIRECTION('',(1.E0,7.319437453795E-14,-6.345801077594E-14));
#66=VECTOR('',#65,1.9E0);
#67=CARTESIAN_POINT('',(1.305E1,1.099999999999E-1,-6.999999999999E-1));
#68=LINE('',#67,#66);
#69=DIRECTION('',(1.E0,0.E0,0.E0));
#70=VECTOR('',#69,1.E-1);
#71=CARTESIAN_POINT('',(1.295E1,1.1E-1,-7.3E-1));
#72=LINE('',#71,#70);
#73=DIRECTION('',(0.E0,1.E0,0.E0));
#74=VECTOR('',#73,4.2E-1);
#75=CARTESIAN_POINT('',(1.305E1,1.1E-1,-7.3E-1));
#76=LINE('',#75,#74);
#77=DIRECTION('',(1.E0,0.E0,0.E0));
#78=VECTOR('',#77,7.E-1);
#79=CARTESIAN_POINT('',(1.305E1,5.3E-1,-7.3E-1));
#80=LINE('',#79,#78);
#81=DIRECTION('',(0.E0,-1.E0,0.E0));
#82=VECTOR('',#81,7.9E-1);
#83=CARTESIAN_POINT('',(1.375E1,1.32E0,-7.3E-1));
#84=LINE('',#83,#82);
#85=DIRECTION('',(1.E0,0.E0,0.E0));
#86=VECTOR('',#85,5.8E-1);
#87=CARTESIAN_POINT('',(1.317E1,1.32E0,-7.3E-1));
#88=LINE('',#87,#86);
#89=DIRECTION('',(0.E0,1.E0,0.E0));
#90=VECTOR('',#89,5.E-1);
#91=CARTESIAN_POINT('',(1.317E1,8.2E-1,-7.3E-1));
#92=LINE('',#91,#90);
#93=DIRECTION('',(1.E0,0.E0,0.E0));
#94=VECTOR('',#93,2.2E-1);
#95=CARTESIAN_POINT('',(1.295E1,8.2E-1,-7.3E-1));
#96=LINE('',#95,#94);
#97=DIRECTION('',(1.E0,0.E0,0.E0));
#98=VECTOR('',#97,1.7E0);
#99=CARTESIAN_POINT('',(1.295E1,0.E0,-7.3E-1));
#100=LINE('',#99,#98);
#101=DIRECTION('',(0.E0,4.638419278277E-12,-1.E0));
#102=VECTOR('',#101,3.000000000014E-2);
#103=CARTESIAN_POINT('',(1.305E1,1.099999999999E-1,-6.999999999999E-1));
#104=LINE('',#103,#102);
#105=DIRECTION('',(0.E0,-1.E0,0.E0));
#106=VECTOR('',#105,4.200000000003E-1);
#107=CARTESIAN_POINT('',(1.305E1,5.300000000002E-1,-6.999999999999E-1));
#108=LINE('',#107,#106);
#109=DIRECTION('',(1.E0,7.876740195762E-14,0.E0));
#110=VECTOR('',#109,1.9E0);
#111=CARTESIAN_POINT('',(1.305E1,1.71E0,-7.E-1));
#112=LINE('',#111,#110);
#113=DIRECTION('',(0.E0,1.E0,0.E0));
#114=VECTOR('',#113,1.6E0);
#115=CARTESIAN_POINT('',(1.495E1,1.1E-1,-7.E-1));
#116=LINE('',#115,#114);
#117=DIRECTION('',(0.E0,-1.E0,0.E0));
#118=VECTOR('',#117,1.6E0);
#119=CARTESIAN_POINT('',(1.495E1,1.71E0,-1.4E0));
#120=LINE('',#119,#118);
#121=DIRECTION('',(-2.360016943775E-13,0.E0,-1.E0));
#122=VECTOR('',#121,6.999999999999E-1);
#123=CARTESIAN_POINT('',(1.495E1,1.71E0,-7.E-1));
#124=LINE('',#123,#122);
#125=DIRECTION('',(0.E0,-1.E0,0.E0));
#126=VECTOR('',#125,1.6E0);
#127=CARTESIAN_POINT('',(1.545E1,1.71E0,-1.4E0));
#128=LINE('',#127,#126);
#129=DIRECTION('',(1.E0,0.E0,-3.246292124002E-13));
#130=VECTOR('',#129,5.000000000003E-1);
#131=CARTESIAN_POINT('',(1.495E1,1.71E0,-1.4E0));
#132=LINE('',#131,#130);
#133=DIRECTION('',(0.E0,-1.E0,0.E0));
#134=VECTOR('',#133,1.6E0);
#135=CARTESIAN_POINT('',(1.545E1,1.71E0,0.E0));
#136=LINE('',#135,#134);
#137=DIRECTION('',(-1.103878893056E-13,0.E0,1.E0));
#138=VECTOR('',#137,1.4E0);
#139=CARTESIAN_POINT('',(1.545E1,1.71E0,-1.4E0));
#140=LINE('',#139,#138);
#141=DIRECTION('',(0.E0,-1.E0,0.E0));
#142=VECTOR('',#141,1.6E0);
#143=CARTESIAN_POINT('',(-1.05E0,1.71E0,0.E0));
#144=LINE('',#143,#142);
#145=DIRECTION('',(-1.E0,6.235752654978E-14,0.E0));
#146=VECTOR('',#145,2.4E0);
#147=CARTESIAN_POINT('',(1.35E0,1.71E0,-1.335968372966E-14));
#148=LINE('',#147,#146);
#149=DIRECTION('',(0.E0,1.E0,0.E0));
#150=VECTOR('',#149,8.899999999999E-1);
#151=CARTESIAN_POINT('',(1.35E0,8.2E-1,-1.328566886135E-14));
#152=LINE('',#151,#150);
#153=DIRECTION('',(-1.E0,-6.235752654978E-14,0.E0));
#154=VECTOR('',#153,2.4E0);
#155=CARTESIAN_POINT('',(1.545E1,1.71E0,0.E0));
#156=LINE('',#155,#154);
#157=DIRECTION('',(0.E0,-1.E0,0.E0));
#158=VECTOR('',#157,1.6E0);
#159=CARTESIAN_POINT('',(-1.05E0,1.71E0,-1.4E0));
#160=LINE('',#159,#158);
#161=DIRECTION('',(1.056297906286E-13,0.E0,-1.E0));
#162=VECTOR('',#161,1.4E0);
#163=CARTESIAN_POINT('',(-1.05E0,1.71E0,0.E0));
#164=LINE('',#163,#162);
#165=DIRECTION('',(0.E0,-1.E0,0.E0));
#166=VECTOR('',#165,1.6E0);
#167=CARTESIAN_POINT('',(-5.5E-1,1.71E0,-1.4E0));
#168=LINE('',#167,#166);
#169=DIRECTION('',(1.E0,0.E0,2.984279490193E-13));
#170=VECTOR('',#169,4.999999999999E-1);
#171=CARTESIAN_POINT('',(-1.05E0,1.71E0,-1.4E0));
#172=LINE('',#171,#170);
#173=DIRECTION('',(0.E0,-1.E0,0.E0));
#174=VECTOR('',#173,1.6E0);
#175=CARTESIAN_POINT('',(-5.5E-1,1.71E0,-7.E-1));
#176=LINE('',#175,#174);
#177=DIRECTION('',(0.E0,0.E0,1.E0));
#178=VECTOR('',#177,6.999999999999E-1);
#179=CARTESIAN_POINT('',(-5.5E-1,1.71E0,-1.4E0));
#180=LINE('',#179,#178);
#181=DIRECTION('',(0.E0,-1.E0,0.E0));
#182=VECTOR('',#181,8.899999999999E-1);
#183=CARTESIAN_POINT('',(1.35E0,1.71E0,-7.E-1));
#184=LINE('',#183,#182);
#185=DIRECTION('',(1.E0,-7.876740195762E-14,0.E0));
#186=VECTOR('',#185,1.9E0);
#187=CARTESIAN_POINT('',(-5.5E-1,1.71E0,-7.E-1));
#188=LINE('',#187,#186);
#189=DIRECTION('',(0.E0,-5.081120709368E-12,-1.E0));
#190=VECTOR('',#189,3.E-2);
#191=CARTESIAN_POINT('',(1.35E0,5.300000000002E-1,-7.E-1));
#192=LINE('',#191,#190);
#193=DIRECTION('',(0.E0,1.E0,0.E0));
#194=VECTOR('',#193,4.200000000003E-1);
#195=CARTESIAN_POINT('',(1.35E0,1.099999999999E-1,-7.E-1));
#196=LINE('',#195,#194);
#197=DIRECTION('',(0.E0,-4.638419278298E-12,1.E0));
#198=VECTOR('',#197,3.E-2);
#199=CARTESIAN_POINT('',(1.35E0,1.1E-1,-7.3E-1));
#200=LINE('',#199,#198);
#201=DIRECTION('',(0.E0,5.084821452760E-12,1.E0));
#202=VECTOR('',#201,3.000000000014E-2);
#203=CARTESIAN_POINT('',(1.305E1,5.3E-1,-7.3E-1));
#204=LINE('',#203,#202);
#205=DIRECTION('',(1.E0,-4.556672499640E-13,-1.974610950940E-13));
#206=VECTOR('',#205,7.E-1);
#207=CARTESIAN_POINT('',(1.305E1,5.300000000002E-1,-6.999999999999E-1));
#208=LINE('',#207,#206);
#209=DIRECTION('',(1.E0,4.558258532532E-13,0.E0));
#210=VECTOR('',#209,7.E-1);
#211=CARTESIAN_POINT('',(6.5E-1,5.299999999998E-1,-7.E-1));
#212=LINE('',#211,#210);
#213=DIRECTION('',(0.E0,5.551115123126E-12,-1.E0));
#214=VECTOR('',#213,3.E-2);
#215=CARTESIAN_POINT('',(1.375E1,5.299999999998E-1,-7.E-1));
#216=LINE('',#215,#214);
#217=DIRECTION('',(0.E0,-1.E0,0.E0));
#218=VECTOR('',#217,7.9E-1);
#219=CARTESIAN_POINT('',(1.375E1,1.32E0,-7.E-1));
#220=LINE('',#219,#218);
#221=DIRECTION('',(0.E0,-5.558516609957E-12,1.E0));
#222=VECTOR('',#221,3.E-2);
#223=CARTESIAN_POINT('',(1.375E1,1.32E0,-7.3E-1));
#224=LINE('',#223,#222);
#225=DIRECTION('',(-1.E0,3.024400653289E-14,0.E0));
#226=VECTOR('',#225,5.8E-1);
#227=CARTESIAN_POINT('',(1.375E1,1.32E0,-7.E-1));
#228=LINE('',#227,#226);
#229=DIRECTION('',(0.E0,4.981200637152E-12,-1.E0));
#230=VECTOR('',#229,3.E-2);
#231=CARTESIAN_POINT('',(1.317E1,1.32E0,-7.E-1));
#232=LINE('',#231,#230);
#233=DIRECTION('',(0.E0,-1.E0,0.E0));
#234=VECTOR('',#233,4.999999999999E-1);
#235=CARTESIAN_POINT('',(1.317E1,1.32E0,-7.E-1));
#236=LINE('',#235,#234);
#237=DIRECTION('',(0.E0,1.920685832602E-12,-1.E0));
#238=VECTOR('',#237,3.E-2);
#239=CARTESIAN_POINT('',(1.317E1,8.199999999999E-1,-7.E-1));
#240=LINE('',#239,#238);
#241=DIRECTION('',(1.E0,-4.487151391193E-13,0.E0));
#242=VECTOR('',#241,1.2E-1);
#243=CARTESIAN_POINT('',(1.305E1,8.2E-1,-7.E-1));
#244=LINE('',#243,#242);
#245=DIRECTION('',(1.E0,0.E0,0.E0));
#246=VECTOR('',#245,1.17E1);
#247=CARTESIAN_POINT('',(1.35E0,8.2E-1,-1.328566886135E-14));
#248=LINE('',#247,#246);
#249=DIRECTION('',(0.E0,0.E0,1.E0));
#250=VECTOR('',#249,7.E-1);
#251=CARTESIAN_POINT('',(1.35E0,8.2E-1,-7.E-1));
#252=LINE('',#251,#250);
#253=DIRECTION('',(1.E0,4.505655108270E-13,-1.119474883164E-13));
#254=VECTOR('',#253,1.2E-1);
#255=CARTESIAN_POINT('',(1.23E0,8.199999999999E-1,-7.E-1));
#256=LINE('',#255,#254);
#257=DIRECTION('',(-2.960594732334E-14,-1.920685832602E-12,1.E0));
#258=VECTOR('',#257,3.E-2);
#259=CARTESIAN_POINT('',(1.23E0,8.2E-1,-7.3E-1));
#260=LINE('',#259,#258);
#261=DIRECTION('',(-1.E0,0.E0,0.E0));
#262=VECTOR('',#261,1.16E1);
#263=CARTESIAN_POINT('',(1.3E1,8.2E-1,-2.35E0));
#264=LINE('',#263,#262);
#265=DIRECTION('',(0.E0,0.E0,1.E0));
#266=VECTOR('',#265,7.E-1);
#267=CARTESIAN_POINT('',(1.305E1,1.71E0,-7.E-1));
#268=LINE('',#267,#266);
#269=DIRECTION('',(0.E0,-1.E0,0.E0));
#270=VECTOR('',#269,8.899999999999E-1);
#271=CARTESIAN_POINT('',(1.305E1,1.71E0,0.E0));
#272=LINE('',#271,#270);
#273=DIRECTION('',(0.E0,0.E0,-1.E0));
#274=VECTOR('',#273,7.E-1);
#275=CARTESIAN_POINT('',(1.305E1,8.2E-1,0.E0));
#276=LINE('',#275,#274);
#277=DIRECTION('',(0.E0,1.E0,0.E0));
#278=VECTOR('',#277,8.899999999999E-1);
#279=CARTESIAN_POINT('',(1.305E1,8.2E-1,-7.E-1));
#280=LINE('',#279,#278);
#281=DIRECTION('',(0.E0,0.E0,-1.E0));
#282=VECTOR('',#281,7.E-1);
#283=CARTESIAN_POINT('',(1.35E0,1.71E0,-1.335968372966E-14));
#284=LINE('',#283,#282);
#285=DIRECTION('',(0.E0,1.E0,0.E0));
#286=VECTOR('',#285,4.999999999999E-1);
#287=CARTESIAN_POINT('',(1.23E0,8.199999999999E-1,-7.E-1));
#288=LINE('',#287,#286);
#289=DIRECTION('',(-1.480297366167E-14,-4.981200637151E-12,1.E0));
#290=VECTOR('',#289,3.E-2);
#291=CARTESIAN_POINT('',(1.23E0,1.32E0,-7.3E-1));
#292=LINE('',#291,#290);
#293=DIRECTION('',(-1.E0,-2.909549995569E-14,0.E0));
#294=VECTOR('',#293,5.8E-1);
#295=CARTESIAN_POINT('',(1.23E0,1.32E0,-7.E-1));
#296=LINE('',#295,#294);
#297=DIRECTION('',(1.480297366167E-14,5.551115123126E-12,-1.E0));
#298=VECTOR('',#297,3.E-2);
#299=CARTESIAN_POINT('',(6.5E-1,1.32E0,-7.E-1));
#300=LINE('',#299,#298);
#301=DIRECTION('',(0.E0,1.E0,0.E0));
#302=VECTOR('',#301,7.9E-1);
#303=CARTESIAN_POINT('',(6.5E-1,5.299999999998E-1,-7.E-1));
#304=LINE('',#303,#302);
#305=DIRECTION('',(-1.850371707709E-14,-5.547414379710E-12,1.E0));
#306=VECTOR('',#305,3.E-2);
#307=CARTESIAN_POINT('',(6.5E-1,5.3E-1,-7.3E-1));
#308=LINE('',#307,#306);
#309=DIRECTION('',(0.E0,0.E0,1.E0));
#310=VECTOR('',#309,1.7E-1);
#311=CARTESIAN_POINT('',(1.45E0,1.1E-1,-9.E-1));
#312=LINE('',#311,#310);
#313=DIRECTION('',(0.E0,1.E0,1.100130088038E-13));
#314=VECTOR('',#313,1.1E-1);
#315=CARTESIAN_POINT('',(1.45E0,0.E0,-9.E-1));
#316=LINE('',#315,#314);
#317=DIRECTION('',(0.E0,0.E0,-1.E0));
#318=VECTOR('',#317,1.7E-1);
#319=CARTESIAN_POINT('',(1.45E0,0.E0,-7.3E-1));
#320=LINE('',#319,#318);
#321=DIRECTION('',(0.E0,-1.E0,0.E0));
#322=VECTOR('',#321,1.1E-1);
#323=CARTESIAN_POINT('',(1.45E0,1.1E-1,-7.3E-1));
#324=LINE('',#323,#322);
#325=DIRECTION('',(0.E0,0.E0,1.E0));
#326=VECTOR('',#325,1.7E-1);
#327=CARTESIAN_POINT('',(1.45E0,8.2E-1,-9.E-1));
#328=LINE('',#327,#326);
#329=DIRECTION('',(0.E0,-1.E0,4.268905249481E-13));
#330=VECTOR('',#329,3.828260869568E-1);
#331=CARTESIAN_POINT('',(1.45E0,1.202826086957E0,-7.300000000002E-1));
#332=LINE('',#331,#330);
#333=DIRECTION('',(0.E0,2.173399540949E-2,9.997637888239E-1));
#334=VECTOR('',#333,1.700401653873E-1);
#335=CARTESIAN_POINT('',(1.45E0,1.199130434783E0,-9.000000000001E-1));
#336=LINE('',#335,#334);
#337=DIRECTION('',(-1.E0,0.E0,0.E0));
#338=VECTOR('',#337,1.15E1);
#339=CARTESIAN_POINT('',(1.295E1,1.1E-1,-9.E-1));
#340=LINE('',#339,#338);
#341=DIRECTION('',(0.E0,-1.E0,1.110223024625E-14));
#342=VECTOR('',#341,1.1E-1);
#343=CARTESIAN_POINT('',(1.295E1,1.1E-1,-9.E-1));
#344=LINE('',#343,#342);
#345=DIRECTION('',(-1.E0,0.E0,0.E0));
#346=VECTOR('',#345,1.15E1);
#347=CARTESIAN_POINT('',(1.295E1,0.E0,-9.E-1));
#348=LINE('',#347,#346);
#349=DIRECTION('',(0.E0,0.E0,-1.E0));
#350=VECTOR('',#349,1.7E-1);
#351=CARTESIAN_POINT('',(1.295E1,1.1E-1,-7.3E-1));
#352=LINE('',#351,#350);
#353=DIRECTION('',(0.E0,1.E0,-1.120315961213E-13));
#354=VECTOR('',#353,1.1E-1);
#355=CARTESIAN_POINT('',(1.295E1,0.E0,-7.3E-1));
#356=LINE('',#355,#354);
#357=DIRECTION('',(0.E0,0.E0,1.E0));
#358=VECTOR('',#357,1.7E-1);
#359=CARTESIAN_POINT('',(1.295E1,0.E0,-9.E-1));
#360=LINE('',#359,#358);
#361=DIRECTION('',(0.E0,0.E0,-1.E0));
#362=VECTOR('',#361,1.7E-1);
#363=CARTESIAN_POINT('',(1.295E1,8.2E-1,-7.3E-1));
#364=LINE('',#363,#362);
#365=DIRECTION('',(-3.489194350100E-12,-2.173399540949E-2,-9.997637888239E-1));
#366=VECTOR('',#365,1.700401653874E-1);
#367=CARTESIAN_POINT('',(1.295E1,1.202826086957E0,-7.300000000001E-1));
#368=LINE('',#367,#366);
#369=DIRECTION('',(0.E0,1.E0,-3.746892379300E-13));
#370=VECTOR('',#369,3.828260869568E-1);
#371=CARTESIAN_POINT('',(1.295E1,8.2E-1,-7.3E-1));
#372=LINE('',#371,#370);
#373=DIRECTION('',(1.E0,0.E0,0.E0));
#374=VECTOR('',#373,5.E-2);
#375=CARTESIAN_POINT('',(1.295E1,8.2E-1,-9.E-1));
#376=LINE('',#375,#374);
#377=DIRECTION('',(1.E0,0.E0,-2.664535259037E-14));
#378=VECTOR('',#377,5.000000000119E-2);
#379=CARTESIAN_POINT('',(1.295E1,1.199130434783E0,-9.E-1));
#380=LINE('',#379,#378);
#381=DIRECTION('',(-1.564905188104E-12,1.E0,-1.250401413399E-13));
#382=VECTOR('',#381,3.791304347829E-1);
#383=CARTESIAN_POINT('',(1.295E1,8.2E-1,-9.E-1));
#384=LINE('',#383,#382);
#385=DIRECTION('',(0.E0,0.E0,-1.E0));
#386=VECTOR('',#385,1.45E0);
#387=CARTESIAN_POINT('',(1.3E1,8.2E-1,-9.E-1));
#388=LINE('',#387,#386);
#389=DIRECTION('',(0.E0,1.E0,0.E0));
#390=VECTOR('',#389,1.5E-1);
#391=CARTESIAN_POINT('',(1.3E1,6.7E-1,-2.35E0));
#392=LINE('',#391,#390);
#393=DIRECTION('',(1.015061051086E-14,0.E0,-1.E0));
#394=VECTOR('',#393,3.5E-1);
#395=CARTESIAN_POINT('',(1.3E1,6.7E-1,-2.35E0));
#396=LINE('',#395,#394);
#397=DIRECTION('',(0.E0,1.E0,0.E0));
#398=VECTOR('',#397,4.9E-1);
#399=CARTESIAN_POINT('',(1.3E1,6.7E-1,-2.7E0));
#400=LINE('',#399,#398);
#401=DIRECTION('',(3.295350219537E-13,2.173399540934E-2,9.997637888239E-1));
#402=VECTOR('',#401,1.800425280573E0);
#403=CARTESIAN_POINT('',(1.3E1,1.16E0,-2.7E0));
#404=LINE('',#403,#402);
#405=DIRECTION('',(-1.574275877853E-12,-1.E0,1.285541499958E-13));
#406=VECTOR('',#405,3.791304347829E-1);
#407=CARTESIAN_POINT('',(1.3E1,1.199130434783E0,-9.E-1));
#408=LINE('',#407,#406);
#409=DIRECTION('',(1.E0,0.E0,0.E0));
#410=VECTOR('',#409,1.16E1);
#411=CARTESIAN_POINT('',(1.4E0,6.7E-1,-2.35E0));
#412=LINE('',#411,#410);
#413=DIRECTION('',(0.E0,0.E0,-1.E0));
#414=VECTOR('',#413,1.45E0);
#415=CARTESIAN_POINT('',(1.4E0,8.2E-1,-9.E-1));
#416=LINE('',#415,#414);
#417=DIRECTION('',(0.E0,1.E0,-1.279684818865E-13));
#418=VECTOR('',#417,3.791304347829E-1);
#419=CARTESIAN_POINT('',(1.4E0,8.2E-1,-9.E-1));
#420=LINE('',#419,#418);
#421=DIRECTION('',(0.E0,-2.173399540934E-2,-9.997637888239E-1));
#422=VECTOR('',#421,1.800425280573E0);
#423=CARTESIAN_POINT('',(1.4E0,1.199130434783E0,-9.E-1));
#424=LINE('',#423,#422);
#425=DIRECTION('',(0.E0,0.E0,1.E0));
#426=VECTOR('',#425,3.5E-1);
#427=CARTESIAN_POINT('',(1.4E0,6.7E-1,-2.7E0));
#428=LINE('',#427,#426);
#429=DIRECTION('',(0.E0,1.E0,0.E0));
#430=VECTOR('',#429,1.5E-1);
#431=CARTESIAN_POINT('',(1.4E0,6.7E-1,-2.35E0));
#432=LINE('',#431,#430);
#433=DIRECTION('',(1.E0,0.E0,0.E0));
#434=VECTOR('',#433,5.E-2);
#435=CARTESIAN_POINT('',(1.4E0,8.2E-1,-9.E-1));
#436=LINE('',#435,#434);
#437=DIRECTION('',(0.E0,-1.E0,1.604730619537E-13));
#438=VECTOR('',#437,3.791304347829E-1);
#439=CARTESIAN_POINT('',(1.45E0,1.199130434783E0,-9.000000000001E-1));
#440=LINE('',#439,#438);
#441=DIRECTION('',(1.E0,0.E0,-2.464695114668E-13));
#442=VECTOR('',#441,5.E-2);
#443=CARTESIAN_POINT('',(1.4E0,1.199130434783E0,-9.E-1));
#444=LINE('',#443,#442);
#445=DIRECTION('',(0.E0,2.173399540922E-2,9.997637888239E-1));
#446=VECTOR('',#445,1.912748399856E0);
#447=CARTESIAN_POINT('',(1.2355E1,1.161309404785E0,-2.639767379872E0));
#448=LINE('',#447,#446);
#449=DIRECTION('',(-1.E0,0.E0,0.E0));
#450=VECTOR('',#449,1.9E-1);
#451=CARTESIAN_POINT('',(1.2545E1,1.161309404785E0,-2.639767379872E0));
#452=LINE('',#451,#450);
#453=DIRECTION('',(0.E0,2.173399540922E-2,9.997637888239E-1));
#454=VECTOR('',#453,1.912748399856E0);
#455=CARTESIAN_POINT('',(1.2545E1,1.161309404785E0,-2.639767379872E0));
#456=LINE('',#455,#454);
#457=DIRECTION('',(1.E0,0.E0,0.E0));
#458=VECTOR('',#457,1.9E-1);
#459=CARTESIAN_POINT('',(1.2355E1,1.202881069727E0,-7.274707925646E-1));
#460=LINE('',#459,#458);
#461=DIRECTION('',(0.E0,2.173399540922E-2,9.997637888239E-1));
#462=VECTOR('',#461,1.912748399856E0);
#463=CARTESIAN_POINT('',(1.1855E1,1.161309404785E0,-2.639767379872E0));
#464=LINE('',#463,#462);
#465=DIRECTION('',(-1.E0,0.E0,0.E0));
#466=VECTOR('',#465,1.9E-1);
#467=CARTESIAN_POINT('',(1.2045E1,1.161309404785E0,-2.639767379872E0));
#468=LINE('',#467,#466);
#469=DIRECTION('',(0.E0,2.173399540922E-2,9.997637888239E-1));
#470=VECTOR('',#469,1.912748399856E0);
#471=CARTESIAN_POINT('',(1.2045E1,1.161309404785E0,-2.639767379872E0));
#472=LINE('',#471,#470);
#473=DIRECTION('',(1.E0,0.E0,0.E0));
#474=VECTOR('',#473,1.9E-1);
#475=CARTESIAN_POINT('',(1.1855E1,1.202881069727E0,-7.274707925646E-1));
#476=LINE('',#475,#474);
#477=DIRECTION('',(0.E0,2.173399540922E-2,9.997637888239E-1));
#478=VECTOR('',#477,1.912748399856E0);
#479=CARTESIAN_POINT('',(1.1355E1,1.161309404785E0,-2.639767379872E0));
#480=LINE('',#479,#478);
#481=DIRECTION('',(-1.E0,0.E0,0.E0));
#482=VECTOR('',#481,1.9E-1);
#483=CARTESIAN_POINT('',(1.1545E1,1.161309404785E0,-2.639767379872E0));
#484=LINE('',#483,#482);
#485=DIRECTION('',(0.E0,2.173399540922E-2,9.997637888239E-1));
#486=VECTOR('',#485,1.912748399856E0);
#487=CARTESIAN_POINT('',(1.1545E1,1.161309404785E0,-2.639767379872E0));
#488=LINE('',#487,#486);
#489=DIRECTION('',(1.E0,0.E0,0.E0));
#490=VECTOR('',#489,1.9E-1);
#491=CARTESIAN_POINT('',(1.1355E1,1.202881069727E0,-7.274707925646E-1));
#492=LINE('',#491,#490);
#493=DIRECTION('',(0.E0,2.173399540922E-2,9.997637888239E-1));
#494=VECTOR('',#493,1.912748399856E0);
#495=CARTESIAN_POINT('',(1.0855E1,1.161309404785E0,-2.639767379872E0));
#496=LINE('',#495,#494);
#497=DIRECTION('',(-1.E0,0.E0,0.E0));
#498=VECTOR('',#497,1.9E-1);
#499=CARTESIAN_POINT('',(1.1045E1,1.161309404785E0,-2.639767379872E0));
#500=LINE('',#499,#498);
#501=DIRECTION('',(0.E0,2.173399540922E-2,9.997637888239E-1));
#502=VECTOR('',#501,1.912748399856E0);
#503=CARTESIAN_POINT('',(1.1045E1,1.161309404785E0,-2.639767379872E0));
#504=LINE('',#503,#502);
#505=DIRECTION('',(1.E0,0.E0,0.E0));
#506=VECTOR('',#505,1.9E-1);
#507=CARTESIAN_POINT('',(1.0855E1,1.202881069727E0,-7.274707925646E-1));
#508=LINE('',#507,#506);
#509=DIRECTION('',(0.E0,2.173399540922E-2,9.997637888239E-1));
#510=VECTOR('',#509,1.912748399856E0);
#511=CARTESIAN_POINT('',(1.0355E1,1.161309404785E0,-2.639767379872E0));
#512=LINE('',#511,#510);
#513=DIRECTION('',(-1.E0,0.E0,0.E0));
#514=VECTOR('',#513,1.9E-1);
#515=CARTESIAN_POINT('',(1.0545E1,1.161309404785E0,-2.639767379872E0));
#516=LINE('',#515,#514);
#517=DIRECTION('',(0.E0,2.173399540922E-2,9.997637888239E-1));
#518=VECTOR('',#517,1.912748399856E0);
#519=CARTESIAN_POINT('',(1.0545E1,1.161309404785E0,-2.639767379872E0));
#520=LINE('',#519,#518);
#521=DIRECTION('',(1.E0,0.E0,0.E0));
#522=VECTOR('',#521,1.9E-1);
#523=CARTESIAN_POINT('',(1.0355E1,1.202881069727E0,-7.274707925646E-1));
#524=LINE('',#523,#522);
#525=DIRECTION('',(0.E0,2.173399540922E-2,9.997637888239E-1));
#526=VECTOR('',#525,1.912748399856E0);
#527=CARTESIAN_POINT('',(9.855E0,1.161309404785E0,-2.639767379872E0));
#528=LINE('',#527,#526);
#529=DIRECTION('',(-1.E0,0.E0,0.E0));
#530=VECTOR('',#529,1.9E-1);
#531=CARTESIAN_POINT('',(1.0045E1,1.161309404785E0,-2.639767379872E0));
#532=LINE('',#531,#530);
#533=DIRECTION('',(0.E0,2.173399540922E-2,9.997637888239E-1));
#534=VECTOR('',#533,1.912748399856E0);
#535=CARTESIAN_POINT('',(1.0045E1,1.161309404785E0,-2.639767379872E0));
#536=LINE('',#535,#534);
#537=DIRECTION('',(1.E0,0.E0,0.E0));
#538=VECTOR('',#537,1.9E-1);
#539=CARTESIAN_POINT('',(9.855E0,1.202881069727E0,-7.274707925646E-1));
#540=LINE('',#539,#538);
#541=DIRECTION('',(0.E0,2.173399540922E-2,9.997637888239E-1));
#542=VECTOR('',#541,1.912748399856E0);
#543=CARTESIAN_POINT('',(9.355E0,1.161309404785E0,-2.639767379872E0));
#544=LINE('',#543,#542);
#545=DIRECTION('',(-1.E0,0.E0,0.E0));
#546=VECTOR('',#545,1.9E-1);
#547=CARTESIAN_POINT('',(9.545E0,1.161309404785E0,-2.639767379872E0));
#548=LINE('',#547,#546);
#549=DIRECTION('',(0.E0,2.173399540922E-2,9.997637888239E-1));
#550=VECTOR('',#549,1.912748399856E0);
#551=CARTESIAN_POINT('',(9.545E0,1.161309404785E0,-2.639767379872E0));
#552=LINE('',#551,#550);
#553=DIRECTION('',(1.E0,0.E0,0.E0));
#554=VECTOR('',#553,1.9E-1);
#555=CARTESIAN_POINT('',(9.355E0,1.202881069727E0,-7.274707925646E-1));
#556=LINE('',#555,#554);
#557=DIRECTION('',(0.E0,2.173399540922E-2,9.997637888239E-1));
#558=VECTOR('',#557,1.912748399856E0);
#559=CARTESIAN_POINT('',(8.855E0,1.161309404785E0,-2.639767379872E0));
#560=LINE('',#559,#558);
#561=DIRECTION('',(-1.E0,0.E0,0.E0));
#562=VECTOR('',#561,1.9E-1);
#563=CARTESIAN_POINT('',(9.045E0,1.161309404785E0,-2.639767379872E0));
#564=LINE('',#563,#562);
#565=DIRECTION('',(0.E0,2.173399540922E-2,9.997637888239E-1));
#566=VECTOR('',#565,1.912748399856E0);
#567=CARTESIAN_POINT('',(9.045E0,1.161309404785E0,-2.639767379872E0));
#568=LINE('',#567,#566);
#569=DIRECTION('',(1.E0,0.E0,0.E0));
#570=VECTOR('',#569,1.9E-1);
#571=CARTESIAN_POINT('',(8.855E0,1.202881069727E0,-7.274707925646E-1));
#572=LINE('',#571,#570);
#573=DIRECTION('',(0.E0,2.173399540922E-2,9.997637888239E-1));
#574=VECTOR('',#573,1.912748399856E0);
#575=CARTESIAN_POINT('',(8.355E0,1.161309404785E0,-2.639767379872E0));
#576=LINE('',#575,#574);
#577=DIRECTION('',(-1.E0,0.E0,0.E0));
#578=VECTOR('',#577,1.9E-1);
#579=CARTESIAN_POINT('',(8.545E0,1.161309404785E0,-2.639767379872E0));
#580=LINE('',#579,#578);
#581=DIRECTION('',(0.E0,2.173399540922E-2,9.997637888239E-1));
#582=VECTOR('',#581,1.912748399856E0);
#583=CARTESIAN_POINT('',(8.545E0,1.161309404785E0,-2.639767379872E0));
#584=LINE('',#583,#582);
#585=DIRECTION('',(1.E0,0.E0,0.E0));
#586=VECTOR('',#585,1.9E-1);
#587=CARTESIAN_POINT('',(8.355E0,1.202881069727E0,-7.274707925646E-1));
#588=LINE('',#587,#586);
#589=DIRECTION('',(0.E0,2.173399540922E-2,9.997637888239E-1));
#590=VECTOR('',#589,1.912748399856E0);
#591=CARTESIAN_POINT('',(7.855E0,1.161309404785E0,-2.639767379872E0));
#592=LINE('',#591,#590);
#593=DIRECTION('',(-1.E0,0.E0,0.E0));
#594=VECTOR('',#593,1.9E-1);
#595=CARTESIAN_POINT('',(8.045E0,1.161309404785E0,-2.639767379872E0));
#596=LINE('',#595,#594);
#597=DIRECTION('',(0.E0,2.173399540922E-2,9.997637888239E-1));
#598=VECTOR('',#597,1.912748399856E0);
#599=CARTESIAN_POINT('',(8.045E0,1.161309404785E0,-2.639767379872E0));
#600=LINE('',#599,#598);
#601=DIRECTION('',(1.E0,0.E0,0.E0));
#602=VECTOR('',#601,1.9E-1);
#603=CARTESIAN_POINT('',(7.855E0,1.202881069727E0,-7.274707925646E-1));
#604=LINE('',#603,#602);
#605=DIRECTION('',(0.E0,2.173399540922E-2,9.997637888239E-1));
#606=VECTOR('',#605,1.912748399856E0);
#607=CARTESIAN_POINT('',(7.355E0,1.161309404785E0,-2.639767379872E0));
#608=LINE('',#607,#606);
#609=DIRECTION('',(-1.E0,0.E0,0.E0));
#610=VECTOR('',#609,1.9E-1);
#611=CARTESIAN_POINT('',(7.545E0,1.161309404785E0,-2.639767379872E0));
#612=LINE('',#611,#610);
#613=DIRECTION('',(0.E0,2.173399540922E-2,9.997637888239E-1));
#614=VECTOR('',#613,1.912748399856E0);
#615=CARTESIAN_POINT('',(7.545E0,1.161309404785E0,-2.639767379872E0));
#616=LINE('',#615,#614);
#617=DIRECTION('',(1.E0,0.E0,0.E0));
#618=VECTOR('',#617,1.9E-1);
#619=CARTESIAN_POINT('',(7.355E0,1.202881069727E0,-7.274707925646E-1));
#620=LINE('',#619,#618);
#621=DIRECTION('',(0.E0,2.173399540922E-2,9.997637888239E-1));
#622=VECTOR('',#621,1.912748399856E0);
#623=CARTESIAN_POINT('',(6.855E0,1.161309404785E0,-2.639767379872E0));
#624=LINE('',#623,#622);
#625=DIRECTION('',(-1.E0,0.E0,0.E0));
#626=VECTOR('',#625,1.9E-1);
#627=CARTESIAN_POINT('',(7.045E0,1.161309404785E0,-2.639767379872E0));
#628=LINE('',#627,#626);
#629=DIRECTION('',(0.E0,2.173399540922E-2,9.997637888239E-1));
#630=VECTOR('',#629,1.912748399856E0);
#631=CARTESIAN_POINT('',(7.045E0,1.161309404785E0,-2.639767379872E0));
#632=LINE('',#631,#630);
#633=DIRECTION('',(1.E0,0.E0,0.E0));
#634=VECTOR('',#633,1.9E-1);
#635=CARTESIAN_POINT('',(6.855E0,1.202881069727E0,-7.274707925646E-1));
#636=LINE('',#635,#634);
#637=DIRECTION('',(0.E0,2.173399540922E-2,9.997637888239E-1));
#638=VECTOR('',#637,1.912748399856E0);
#639=CARTESIAN_POINT('',(6.355E0,1.161309404785E0,-2.639767379872E0));
#640=LINE('',#639,#638);
#641=DIRECTION('',(-1.E0,0.E0,0.E0));
#642=VECTOR('',#641,1.9E-1);
#643=CARTESIAN_POINT('',(6.545E0,1.161309404785E0,-2.639767379872E0));
#644=LINE('',#643,#642);
#645=DIRECTION('',(0.E0,2.173399540922E-2,9.997637888239E-1));
#646=VECTOR('',#645,1.912748399856E0);
#647=CARTESIAN_POINT('',(6.545E0,1.161309404785E0,-2.639767379872E0));
#648=LINE('',#647,#646);
#649=DIRECTION('',(1.E0,0.E0,0.E0));
#650=VECTOR('',#649,1.9E-1);
#651=CARTESIAN_POINT('',(6.355E0,1.202881069727E0,-7.274707925646E-1));
#652=LINE('',#651,#650);
#653=DIRECTION('',(0.E0,2.173399540922E-2,9.997637888239E-1));
#654=VECTOR('',#653,1.912748399856E0);
#655=CARTESIAN_POINT('',(5.855E0,1.161309404785E0,-2.639767379872E0));
#656=LINE('',#655,#654);
#657=DIRECTION('',(-1.E0,0.E0,0.E0));
#658=VECTOR('',#657,1.9E-1);
#659=CARTESIAN_POINT('',(6.045E0,1.161309404785E0,-2.639767379872E0));
#660=LINE('',#659,#658);
#661=DIRECTION('',(0.E0,2.173399540922E-2,9.997637888239E-1));
#662=VECTOR('',#661,1.912748399856E0);
#663=CARTESIAN_POINT('',(6.045E0,1.161309404785E0,-2.639767379872E0));
#664=LINE('',#663,#662);
#665=DIRECTION('',(1.E0,0.E0,0.E0));
#666=VECTOR('',#665,1.9E-1);
#667=CARTESIAN_POINT('',(5.855E0,1.202881069727E0,-7.274707925646E-1));
#668=LINE('',#667,#666);
#669=DIRECTION('',(0.E0,2.173399540922E-2,9.997637888239E-1));
#670=VECTOR('',#669,1.912748399856E0);
#671=CARTESIAN_POINT('',(5.355E0,1.161309404785E0,-2.639767379872E0));
#672=LINE('',#671,#670);
#673=DIRECTION('',(-1.E0,0.E0,0.E0));
#674=VECTOR('',#673,1.9E-1);
#675=CARTESIAN_POINT('',(5.545E0,1.161309404785E0,-2.639767379872E0));
#676=LINE('',#675,#674);
#677=DIRECTION('',(0.E0,2.173399540922E-2,9.997637888239E-1));
#678=VECTOR('',#677,1.912748399856E0);
#679=CARTESIAN_POINT('',(5.545E0,1.161309404785E0,-2.639767379872E0));
#680=LINE('',#679,#678);
#681=DIRECTION('',(1.E0,0.E0,0.E0));
#682=VECTOR('',#681,1.9E-1);
#683=CARTESIAN_POINT('',(5.355E0,1.202881069727E0,-7.274707925646E-1));
#684=LINE('',#683,#682);
#685=DIRECTION('',(0.E0,2.173399540922E-2,9.997637888239E-1));
#686=VECTOR('',#685,1.912748399856E0);
#687=CARTESIAN_POINT('',(4.855E0,1.161309404785E0,-2.639767379872E0));
#688=LINE('',#687,#686);
#689=DIRECTION('',(-1.E0,0.E0,0.E0));
#690=VECTOR('',#689,1.9E-1);
#691=CARTESIAN_POINT('',(5.045E0,1.161309404785E0,-2.639767379872E0));
#692=LINE('',#691,#690);
#693=DIRECTION('',(0.E0,2.173399540922E-2,9.997637888239E-1));
#694=VECTOR('',#693,1.912748399856E0);
#695=CARTESIAN_POINT('',(5.045E0,1.161309404785E0,-2.639767379872E0));
#696=LINE('',#695,#694);
#697=DIRECTION('',(1.E0,0.E0,0.E0));
#698=VECTOR('',#697,1.9E-1);
#699=CARTESIAN_POINT('',(4.855E0,1.202881069727E0,-7.274707925646E-1));
#700=LINE('',#699,#698);
#701=DIRECTION('',(0.E0,2.173399540922E-2,9.997637888239E-1));
#702=VECTOR('',#701,1.912748399856E0);
#703=CARTESIAN_POINT('',(4.355E0,1.161309404785E0,-2.639767379872E0));
#704=LINE('',#703,#702);
#705=DIRECTION('',(-1.E0,0.E0,0.E0));
#706=VECTOR('',#705,1.9E-1);
#707=CARTESIAN_POINT('',(4.545E0,1.161309404785E0,-2.639767379872E0));
#708=LINE('',#707,#706);
#709=DIRECTION('',(0.E0,2.173399540922E-2,9.997637888239E-1));
#710=VECTOR('',#709,1.912748399856E0);
#711=CARTESIAN_POINT('',(4.545E0,1.161309404785E0,-2.639767379872E0));
#712=LINE('',#711,#710);
#713=DIRECTION('',(1.E0,0.E0,0.E0));
#714=VECTOR('',#713,1.9E-1);
#715=CARTESIAN_POINT('',(4.355E0,1.202881069727E0,-7.274707925646E-1));
#716=LINE('',#715,#714);
#717=DIRECTION('',(0.E0,2.173399540922E-2,9.997637888239E-1));
#718=VECTOR('',#717,1.912748399856E0);
#719=CARTESIAN_POINT('',(3.855E0,1.161309404785E0,-2.639767379872E0));
#720=LINE('',#719,#718);
#721=DIRECTION('',(-1.E0,0.E0,0.E0));
#722=VECTOR('',#721,1.9E-1);
#723=CARTESIAN_POINT('',(4.045E0,1.161309404785E0,-2.639767379872E0));
#724=LINE('',#723,#722);
#725=DIRECTION('',(0.E0,2.173399540922E-2,9.997637888239E-1));
#726=VECTOR('',#725,1.912748399856E0);
#727=CARTESIAN_POINT('',(4.045E0,1.161309404785E0,-2.639767379872E0));
#728=LINE('',#727,#726);
#729=DIRECTION('',(1.E0,0.E0,0.E0));
#730=VECTOR('',#729,1.9E-1);
#731=CARTESIAN_POINT('',(3.855E0,1.202881069727E0,-7.274707925646E-1));
#732=LINE('',#731,#730);
#733=DIRECTION('',(0.E0,2.173399540922E-2,9.997637888239E-1));
#734=VECTOR('',#733,1.912748399856E0);
#735=CARTESIAN_POINT('',(3.355E0,1.161309404785E0,-2.639767379872E0));
#736=LINE('',#735,#734);
#737=DIRECTION('',(-1.E0,0.E0,0.E0));
#738=VECTOR('',#737,1.9E-1);
#739=CARTESIAN_POINT('',(3.545E0,1.161309404785E0,-2.639767379872E0));
#740=LINE('',#739,#738);
#741=DIRECTION('',(0.E0,2.173399540922E-2,9.997637888239E-1));
#742=VECTOR('',#741,1.912748399856E0);
#743=CARTESIAN_POINT('',(3.545E0,1.161309404785E0,-2.639767379872E0));
#744=LINE('',#743,#742);
#745=DIRECTION('',(1.E0,0.E0,0.E0));
#746=VECTOR('',#745,1.9E-1);
#747=CARTESIAN_POINT('',(3.355E0,1.202881069727E0,-7.274707925646E-1));
#748=LINE('',#747,#746);
#749=DIRECTION('',(0.E0,2.173399540922E-2,9.997637888239E-1));
#750=VECTOR('',#749,1.912748399856E0);
#751=CARTESIAN_POINT('',(2.855E0,1.161309404785E0,-2.639767379872E0));
#752=LINE('',#751,#750);
#753=DIRECTION('',(-1.E0,0.E0,0.E0));
#754=VECTOR('',#753,1.9E-1);
#755=CARTESIAN_POINT('',(3.045E0,1.161309404785E0,-2.639767379872E0));
#756=LINE('',#755,#754);
#757=DIRECTION('',(0.E0,2.173399540922E-2,9.997637888239E-1));
#758=VECTOR('',#757,1.912748399856E0);
#759=CARTESIAN_POINT('',(3.045E0,1.161309404785E0,-2.639767379872E0));
#760=LINE('',#759,#758);
#761=DIRECTION('',(1.E0,0.E0,0.E0));
#762=VECTOR('',#761,1.9E-1);
#763=CARTESIAN_POINT('',(2.855E0,1.202881069727E0,-7.274707925646E-1));
#764=LINE('',#763,#762);
#765=DIRECTION('',(0.E0,2.173399540922E-2,9.997637888239E-1));
#766=VECTOR('',#765,1.912748399856E0);
#767=CARTESIAN_POINT('',(2.355E0,1.161309404785E0,-2.639767379872E0));
#768=LINE('',#767,#766);
#769=DIRECTION('',(-1.E0,0.E0,0.E0));
#770=VECTOR('',#769,1.9E-1);
#771=CARTESIAN_POINT('',(2.545E0,1.161309404785E0,-2.639767379872E0));
#772=LINE('',#771,#770);
#773=DIRECTION('',(0.E0,2.173399540922E-2,9.997637888239E-1));
#774=VECTOR('',#773,1.912748399856E0);
#775=CARTESIAN_POINT('',(2.545E0,1.161309404785E0,-2.639767379872E0));
#776=LINE('',#775,#774);
#777=DIRECTION('',(1.E0,0.E0,0.E0));
#778=VECTOR('',#777,1.9E-1);
#779=CARTESIAN_POINT('',(2.355E0,1.202881069727E0,-7.274707925646E-1));
#780=LINE('',#779,#778);
#781=DIRECTION('',(0.E0,2.173399540922E-2,9.997637888239E-1));
#782=VECTOR('',#781,1.912748399856E0);
#783=CARTESIAN_POINT('',(1.855E0,1.161309404785E0,-2.639767379872E0));
#784=LINE('',#783,#782);
#785=DIRECTION('',(-1.E0,0.E0,0.E0));
#786=VECTOR('',#785,1.9E-1);
#787=CARTESIAN_POINT('',(2.045E0,1.161309404785E0,-2.639767379872E0));
#788=LINE('',#787,#786);
#789=DIRECTION('',(0.E0,2.173399540922E-2,9.997637888239E-1));
#790=VECTOR('',#789,1.912748399856E0);
#791=CARTESIAN_POINT('',(2.045E0,1.161309404785E0,-2.639767379872E0));
#792=LINE('',#791,#790);
#793=DIRECTION('',(1.E0,0.E0,0.E0));
#794=VECTOR('',#793,1.9E-1);
#795=CARTESIAN_POINT('',(1.855E0,1.202881069727E0,-7.274707925646E-1));
#796=LINE('',#795,#794);
#797=DIRECTION('',(-1.E0,0.E0,0.E0));
#798=VECTOR('',#797,1.16E1);
#799=CARTESIAN_POINT('',(1.3E1,6.7E-1,-2.7E0));
#800=LINE('',#799,#798);
#801=DIRECTION('',(0.E0,1.E0,0.E0));
#802=VECTOR('',#801,4.9E-1);
#803=CARTESIAN_POINT('',(1.4E0,6.7E-1,-2.7E0));
#804=LINE('',#803,#802);
#805=DIRECTION('',(1.E0,0.E0,0.E0));
#806=VECTOR('',#805,1.16E1);
#807=CARTESIAN_POINT('',(1.4E0,1.16E0,-2.7E0));
#808=LINE('',#807,#806);
#809=DIRECTION('',(0.E0,-1.E0,-2.430289541683E-13));
#810=VECTOR('',#809,6.171739130432E-1);
#811=CARTESIAN_POINT('',(1.45E0,1.82E0,-7.3E-1));
#812=LINE('',#811,#810);
#813=DIRECTION('',(0.E0,2.173399540858E-2,9.997637888239E-1));
#814=VECTOR('',#813,3.300779681049E-1);
#815=CARTESIAN_POINT('',(1.45E0,1.202826086957E0,-7.300000000002E-1));
#816=LINE('',#815,#814);
#817=DIRECTION('',(-1.E0,0.E0,0.E0));
#818=VECTOR('',#817,5.556738248E-2);
#819=CARTESIAN_POINT('',(1.635567382480E0,1.82E0,-2.29E0));
#820=LINE('',#819,#818);
#821=DIRECTION('',(0.E0,0.E0,1.E0));
#822=VECTOR('',#821,1.9E0);
#823=CARTESIAN_POINT('',(1.635567382480E0,1.82E0,-4.19E0));
#824=LINE('',#823,#822);
#825=DIRECTION('',(1.E0,0.E0,0.E0));
#826=VECTOR('',#825,5.556738248E-2);
#827=CARTESIAN_POINT('',(1.58E0,1.82E0,-4.19E0));
#828=LINE('',#827,#826);
#829=DIRECTION('',(-1.E0,0.E0,0.E0));
#830=VECTOR('',#829,5.556738248E-2);
#831=CARTESIAN_POINT('',(1.282E1,1.82E0,-4.19E0));
#832=LINE('',#831,#830);
#833=DIRECTION('',(0.E0,0.E0,1.E0));
#834=VECTOR('',#833,1.9E0);
#835=CARTESIAN_POINT('',(1.276443261752E1,1.82E0,-4.19E0));
#836=LINE('',#835,#834);
#837=DIRECTION('',(1.E0,0.E0,0.E0));
#838=VECTOR('',#837,5.556738248E-2);
#839=CARTESIAN_POINT('',(1.276443261752E1,1.82E0,-2.29E0));
#840=LINE('',#839,#838);
#841=DIRECTION('',(1.E0,-2.847395521980E-14,0.E0));
#842=VECTOR('',#841,1.7E0);
#843=CARTESIAN_POINT('',(1.295E1,1.82E0,-7.3E-1));
#844=LINE('',#843,#842);
#845=DIRECTION('',(0.E0,6.083413833563E-14,1.E0));
#846=VECTOR('',#845,7.3E-1);
#847=CARTESIAN_POINT('',(1.45E0,1.82E0,-7.3E-1));
#848=LINE('',#847,#846);
#849=DIRECTION('',(1.E0,2.847395521980E-14,0.E0));
#850=VECTOR('',#849,1.7E0);
#851=CARTESIAN_POINT('',(-2.5E-1,1.82E0,-7.3E-1));
#852=LINE('',#851,#850);
#853=DIRECTION('',(-1.E0,-1.324704680741E-13,0.E0));
#854=VECTOR('',#853,1.074432617520E0);
#855=CARTESIAN_POINT('',(1.58E0,1.67E0,-2.29E0));
#856=LINE('',#855,#854);
#857=DIRECTION('',(0.E0,0.E0,-1.E0));
#858=VECTOR('',#857,1.3E0);
#859=CARTESIAN_POINT('',(1.58E0,1.67E0,-2.29E0));
#860=LINE('',#859,#858);
#861=DIRECTION('',(0.E0,-1.E0,0.E0));
#862=VECTOR('',#861,1.5E-1);
#863=CARTESIAN_POINT('',(1.58E0,1.82E0,-2.29E0));
#864=LINE('',#863,#862);
#865=DIRECTION('',(0.E0,3.423187659261E-13,1.E0));
#866=VECTOR('',#865,2.4E-1);
#867=CARTESIAN_POINT('',(1.58E0,1.82E0,-2.29E0));
#868=LINE('',#867,#866);
#869=DIRECTION('',(0.E0,1.E0,0.E0));
#870=VECTOR('',#869,8.E-2);
#871=CARTESIAN_POINT('',(1.58E0,1.59E0,-3.59E0));
#872=LINE('',#871,#870);
#873=DIRECTION('',(0.E0,1.E0,0.E0));
#874=VECTOR('',#873,2.3E-1);
#875=CARTESIAN_POINT('',(1.58E0,1.59E0,-4.19E0));
#876=LINE('',#875,#874);
#877=DIRECTION('',(0.E0,1.E0,0.E0));
#878=VECTOR('',#877,2.300000000001E-1);
#879=CARTESIAN_POINT('',(1.58E0,1.59E0,-4.2E0));
#880=LINE('',#879,#878);
#881=DIRECTION('',(8.881784197002E-14,-4.130029651606E-12,1.E0));
#882=VECTOR('',#881,9.999999999999E-3);
#883=CARTESIAN_POINT('',(1.58E0,1.82E0,-4.2E0));
#884=LINE('',#883,#882);
#885=DIRECTION('',(-1.739543771142E-2,0.E0,-9.998486879257E-1));
#886=VECTOR('',#885,3.200484271911E-1);
#887=CARTESIAN_POINT('',(-8.944326175203E-1,1.67E0,-3.18E0));
#888=LINE('',#887,#886);
#889=DIRECTION('',(1.E0,0.E0,0.E0));
#890=VECTOR('',#889,1.444326175203E-1);
#891=CARTESIAN_POINT('',(1.435567382480E0,1.67E0,-3.59E0));
#892=LINE('',#891,#890);
#893=DIRECTION('',(-1.E0,0.E0,0.E0));
#894=VECTOR('',#893,1.444326175200E-1);
#895=CARTESIAN_POINT('',(1.58E0,1.59E0,-3.59E0));
#896=LINE('',#895,#894);
#897=DIRECTION('',(0.E0,3.604620209822E-14,-1.E0));
#898=VECTOR('',#897,1.54E0);
#899=CARTESIAN_POINT('',(1.58E0,1.59E0,-2.05E0));
#900=LINE('',#899,#898);
#901=DIRECTION('',(1.E0,-1.528831706041E-14,0.E0));
#902=VECTOR('',#901,1.83E0);
#903=CARTESIAN_POINT('',(-2.5E-1,1.59E0,-2.05E0));
#904=LINE('',#903,#902);
#905=DIRECTION('',(0.E0,-1.280629349335E-14,1.E0));
#906=VECTOR('',#905,2.15E0);
#907=CARTESIAN_POINT('',(-2.5E-1,1.59E0,-4.2E0));
#908=LINE('',#907,#906);
#909=DIRECTION('',(-1.E0,1.528831706041E-14,0.E0));
#910=VECTOR('',#909,1.83E0);
#911=CARTESIAN_POINT('',(1.58E0,1.59E0,-4.2E0));
#912=LINE('',#911,#910);
#913=DIRECTION('',(-2.220446049251E-14,-2.753353101071E-12,-1.E0));
#914=VECTOR('',#913,9.999999999999E-3);
#915=CARTESIAN_POINT('',(1.58E0,1.59E0,-4.19E0));
#916=LINE('',#915,#914);
#917=DIRECTION('',(-1.E0,0.E0,0.E0));
#918=VECTOR('',#917,1.444326175200E-1);
#919=CARTESIAN_POINT('',(1.58E0,1.59E0,-4.19E0));
#920=LINE('',#919,#918);
#921=DIRECTION('',(0.E0,0.E0,1.E0));
#922=VECTOR('',#921,6.E-1);
#923=CARTESIAN_POINT('',(1.435567382480E0,1.59E0,-4.19E0));
#924=LINE('',#923,#922);
#925=DIRECTION('',(-1.E0,-2.232579634219E-14,0.E0));
#926=VECTOR('',#925,1.83E0);
#927=CARTESIAN_POINT('',(1.58E0,1.82E0,-2.05E0));
#928=LINE('',#927,#926);
#929=DIRECTION('',(0.E0,-1.E0,0.E0));
#930=VECTOR('',#929,2.300000000001E-1);
#931=CARTESIAN_POINT('',(-2.5E-1,1.82E0,-2.05E0));
#932=LINE('',#931,#930);
#933=DIRECTION('',(0.E0,1.E0,0.E0));
#934=VECTOR('',#933,2.300000000001E-1);
#935=CARTESIAN_POINT('',(1.58E0,1.59E0,-2.05E0));
#936=LINE('',#935,#934);
#937=DIRECTION('',(0.E0,3.128810342125E-14,-1.E0));
#938=VECTOR('',#937,1.32E0);
#939=CARTESIAN_POINT('',(-2.5E-1,1.82E0,-7.3E-1));
#940=LINE('',#939,#938);
#941=DIRECTION('',(0.E0,1.E0,0.E0));
#942=VECTOR('',#941,1.82E0);
#943=CARTESIAN_POINT('',(-2.5E-1,0.E0,-7.3E-1));
#944=LINE('',#943,#942);
#945=DIRECTION('',(0.E0,0.E0,1.E0));
#946=VECTOR('',#945,1.32E0);
#947=CARTESIAN_POINT('',(-2.5E-1,0.E0,-2.05E0));
#948=LINE('',#947,#946);
#949=DIRECTION('',(0.E0,1.E0,0.E0));
#950=VECTOR('',#949,1.3E-1);
#951=CARTESIAN_POINT('',(-2.5E-1,0.E0,-2.05E0));
#952=LINE('',#951,#950);
#953=DIRECTION('',(-1.E0,0.E0,0.E0));
#954=VECTOR('',#953,1.83E0);
#955=CARTESIAN_POINT('',(1.58E0,0.E0,-2.05E0));
#956=LINE('',#955,#954);
#957=DIRECTION('',(-1.E0,0.E0,0.E0));
#958=VECTOR('',#957,8.944326175202E-1);
#959=CARTESIAN_POINT('',(1.58E0,1.3E-1,-2.29E0));
#960=LINE('',#959,#958);
#961=DIRECTION('',(0.E0,0.E0,1.E0));
#962=VECTOR('',#961,1.9E0);
#963=CARTESIAN_POINT('',(6.855673824798E-1,1.3E-1,-4.19E0));
#964=LINE('',#963,#962);
#965=DIRECTION('',(-1.E0,0.E0,0.E0));
#966=VECTOR('',#965,8.944326175202E-1);
#967=CARTESIAN_POINT('',(1.58E0,1.3E-1,-4.19E0));
#968=LINE('',#967,#966);
#969=DIRECTION('',(0.E0,0.E0,-1.E0));
#970=VECTOR('',#969,2.15E0);
#971=CARTESIAN_POINT('',(-2.5E-1,1.3E-1,-2.05E0));
#972=LINE('',#971,#970);
#973=DIRECTION('',(-1.E0,0.E0,0.E0));
#974=VECTOR('',#973,1.83E0);
#975=CARTESIAN_POINT('',(1.58E0,1.3E-1,-2.05E0));
#976=LINE('',#975,#974);
#977=DIRECTION('',(0.E0,-1.E0,0.E0));
#978=VECTOR('',#977,8.E-2);
#979=CARTESIAN_POINT('',(1.58E0,1.3E-1,-2.29E0));
#980=LINE('',#979,#978);
#981=DIRECTION('',(0.E0,0.E0,-1.E0));
#982=VECTOR('',#981,2.4E-1);
#983=CARTESIAN_POINT('',(1.58E0,1.3E-1,-2.05E0));
#984=LINE('',#983,#982);
#985=DIRECTION('',(0.E0,1.E0,0.E0));
#986=VECTOR('',#985,1.3E-1);
#987=CARTESIAN_POINT('',(1.58E0,0.E0,-2.05E0));
#988=LINE('',#987,#986);
#989=DIRECTION('',(0.E0,0.E0,1.E0));
#990=VECTOR('',#989,2.15E0);
#991=CARTESIAN_POINT('',(1.58E0,0.E0,-4.2E0));
#992=LINE('',#991,#990);
#993=DIRECTION('',(0.E0,-1.E0,0.E0));
#994=VECTOR('',#993,1.3E-1);
#995=CARTESIAN_POINT('',(1.58E0,1.3E-1,-4.2E0));
#996=LINE('',#995,#994);
#997=DIRECTION('',(-2.220446049251E-14,0.E0,-1.E0));
#998=VECTOR('',#997,9.999999999999E-3);
#999=CARTESIAN_POINT('',(1.58E0,1.3E-1,-4.19E0));
#1000=LINE('',#999,#998);
#1001=DIRECTION('',(0.E0,-1.E0,0.E0));
#1002=VECTOR('',#1001,8.E-2);
#1003=CARTESIAN_POINT('',(1.58E0,1.3E-1,-4.19E0));
#1004=LINE('',#1003,#1002);
#1005=DIRECTION('',(0.E0,0.E0,1.E0));
#1006=VECTOR('',#1005,1.9E0);
#1007=CARTESIAN_POINT('',(1.58E0,5.E-2,-4.19E0));
#1008=LINE('',#1007,#1006);
#1009=DIRECTION('',(0.E0,-1.E0,0.E0));
#1010=VECTOR('',#1009,1.37E0);
#1011=CARTESIAN_POINT('',(1.855E0,1.62E0,-4.2E0));
#1012=LINE('',#1011,#1010);
#1013=DIRECTION('',(1.E0,-1.541743671932E-13,0.E0));
#1014=VECTOR('',#1013,2.65E-1);
#1015=CARTESIAN_POINT('',(1.58E0,1.82E0,-4.2E0));
#1016=LINE('',#1015,#1014);
#1017=DIRECTION('',(0.E0,1.E0,0.E0));
#1018=VECTOR('',#1017,1.46E0);
#1019=CARTESIAN_POINT('',(-2.5E-1,1.3E-1,-4.2E0));
#1020=LINE('',#1019,#1018);
#1021=DIRECTION('',(-1.E0,0.E0,0.E0));
#1022=VECTOR('',#1021,1.83E0);
#1023=CARTESIAN_POINT('',(1.58E0,1.3E-1,-4.2E0));
#1024=LINE('',#1023,#1022);
#1025=DIRECTION('',(-1.E0,0.E0,0.E0));
#1026=VECTOR('',#1025,1.124E1);
#1027=CARTESIAN_POINT('',(1.282E1,0.E0,-4.2E0));
#1028=LINE('',#1027,#1026);
#1029=DIRECTION('',(-1.E0,0.E0,0.E0));
#1030=VECTOR('',#1029,1.83E0);
#1031=CARTESIAN_POINT('',(1.465E1,1.3E-1,-4.2E0));
#1032=LINE('',#1031,#1030);
#1033=DIRECTION('',(1.E0,1.558501755323E-13,0.E0));
#1034=VECTOR('',#1033,2.65E-1);
#1035=CARTESIAN_POINT('',(1.2555E1,1.82E0,-4.2E0));
#1036=LINE('',#1035,#1034);
#1037=DIRECTION('',(0.E0,-1.E0,0.E0));
#1038=VECTOR('',#1037,1.37E0);
#1039=CARTESIAN_POINT('',(1.2545E1,1.62E0,-4.2E0));
#1040=LINE('',#1039,#1038);
#1041=DIRECTION('',(-1.E0,0.E0,0.E0));
#1042=VECTOR('',#1041,1.9E-1);
#1043=CARTESIAN_POINT('',(1.2545E1,2.5E-1,-4.2E0));
#1044=LINE('',#1043,#1042);
#1045=DIRECTION('',(0.E0,-1.E0,0.E0));
#1046=VECTOR('',#1045,1.37E0);
#1047=CARTESIAN_POINT('',(1.2355E1,1.62E0,-4.2E0));
#1048=LINE('',#1047,#1046);
#1049=DIRECTION('',(1.E0,0.E0,0.E0));
#1050=VECTOR('',#1049,2.9E-1);
#1051=CARTESIAN_POINT('',(1.2055E1,1.82E0,-4.2E0));
#1052=LINE('',#1051,#1050);
#1053=DIRECTION('',(0.E0,-1.E0,0.E0));
#1054=VECTOR('',#1053,1.37E0);
#1055=CARTESIAN_POINT('',(1.2045E1,1.62E0,-4.2E0));
#1056=LINE('',#1055,#1054);
#1057=DIRECTION('',(-1.E0,0.E0,0.E0));
#1058=VECTOR('',#1057,1.9E-1);
#1059=CARTESIAN_POINT('',(1.2045E1,2.5E-1,-4.2E0));
#1060=LINE('',#1059,#1058);
#1061=DIRECTION('',(0.E0,-1.E0,0.E0));
#1062=VECTOR('',#1061,1.37E0);
#1063=CARTESIAN_POINT('',(1.1855E1,1.62E0,-4.2E0));
#1064=LINE('',#1063,#1062);
#1065=DIRECTION('',(1.E0,0.E0,0.E0));
#1066=VECTOR('',#1065,2.9E-1);
#1067=CARTESIAN_POINT('',(1.1555E1,1.82E0,-4.2E0));
#1068=LINE('',#1067,#1066);
#1069=DIRECTION('',(0.E0,-1.E0,0.E0));
#1070=VECTOR('',#1069,1.37E0);
#1071=CARTESIAN_POINT('',(1.1545E1,1.62E0,-4.2E0));
#1072=LINE('',#1071,#1070);
#1073=DIRECTION('',(-1.E0,0.E0,0.E0));
#1074=VECTOR('',#1073,1.9E-1);
#1075=CARTESIAN_POINT('',(1.1545E1,2.5E-1,-4.2E0));
#1076=LINE('',#1075,#1074);
#1077=DIRECTION('',(0.E0,-1.E0,0.E0));
#1078=VECTOR('',#1077,1.37E0);
#1079=CARTESIAN_POINT('',(1.1355E1,1.62E0,-4.2E0));
#1080=LINE('',#1079,#1078);
#1081=DIRECTION('',(1.E0,0.E0,0.E0));
#1082=VECTOR('',#1081,2.9E-1);
#1083=CARTESIAN_POINT('',(1.1055E1,1.82E0,-4.2E0));
#1084=LINE('',#1083,#1082);
#1085=DIRECTION('',(0.E0,-1.E0,0.E0));
#1086=VECTOR('',#1085,1.37E0);
#1087=CARTESIAN_POINT('',(1.1045E1,1.62E0,-4.2E0));
#1088=LINE('',#1087,#1086);
#1089=DIRECTION('',(-1.E0,0.E0,0.E0));
#1090=VECTOR('',#1089,1.9E-1);
#1091=CARTESIAN_POINT('',(1.1045E1,2.5E-1,-4.2E0));
#1092=LINE('',#1091,#1090);
#1093=DIRECTION('',(0.E0,-1.E0,0.E0));
#1094=VECTOR('',#1093,1.37E0);
#1095=CARTESIAN_POINT('',(1.0855E1,1.62E0,-4.2E0));
#1096=LINE('',#1095,#1094);
#1097=DIRECTION('',(1.E0,0.E0,0.E0));
#1098=VECTOR('',#1097,2.9E-1);
#1099=CARTESIAN_POINT('',(1.0555E1,1.82E0,-4.2E0));
#1100=LINE('',#1099,#1098);
#1101=DIRECTION('',(0.E0,-1.E0,0.E0));
#1102=VECTOR('',#1101,1.37E0);
#1103=CARTESIAN_POINT('',(1.0545E1,1.62E0,-4.2E0));
#1104=LINE('',#1103,#1102);
#1105=DIRECTION('',(-1.E0,0.E0,0.E0));
#1106=VECTOR('',#1105,1.9E-1);
#1107=CARTESIAN_POINT('',(1.0545E1,2.5E-1,-4.2E0));
#1108=LINE('',#1107,#1106);
#1109=DIRECTION('',(0.E0,-1.E0,0.E0));
#1110=VECTOR('',#1109,1.37E0);
#1111=CARTESIAN_POINT('',(1.0355E1,1.62E0,-4.2E0));
#1112=LINE('',#1111,#1110);
#1113=DIRECTION('',(1.E0,0.E0,0.E0));
#1114=VECTOR('',#1113,2.9E-1);
#1115=CARTESIAN_POINT('',(1.0055E1,1.82E0,-4.2E0));
#1116=LINE('',#1115,#1114);
#1117=DIRECTION('',(0.E0,-1.E0,0.E0));
#1118=VECTOR('',#1117,1.37E0);
#1119=CARTESIAN_POINT('',(1.0045E1,1.62E0,-4.2E0));
#1120=LINE('',#1119,#1118);
#1121=DIRECTION('',(-1.E0,0.E0,0.E0));
#1122=VECTOR('',#1121,1.9E-1);
#1123=CARTESIAN_POINT('',(1.0045E1,2.5E-1,-4.2E0));
#1124=LINE('',#1123,#1122);
#1125=DIRECTION('',(0.E0,-1.E0,0.E0));
#1126=VECTOR('',#1125,1.37E0);
#1127=CARTESIAN_POINT('',(9.855E0,1.62E0,-4.2E0));
#1128=LINE('',#1127,#1126);
#1129=DIRECTION('',(1.E0,0.E0,0.E0));
#1130=VECTOR('',#1129,2.9E-1);
#1131=CARTESIAN_POINT('',(9.555E0,1.82E0,-4.2E0));
#1132=LINE('',#1131,#1130);
#1133=DIRECTION('',(0.E0,-1.E0,0.E0));
#1134=VECTOR('',#1133,1.37E0);
#1135=CARTESIAN_POINT('',(9.545E0,1.62E0,-4.2E0));
#1136=LINE('',#1135,#1134);
#1137=DIRECTION('',(-1.E0,0.E0,0.E0));
#1138=VECTOR('',#1137,1.9E-1);
#1139=CARTESIAN_POINT('',(9.545E0,2.5E-1,-4.2E0));
#1140=LINE('',#1139,#1138);
#1141=DIRECTION('',(0.E0,-1.E0,0.E0));
#1142=VECTOR('',#1141,1.37E0);
#1143=CARTESIAN_POINT('',(9.355E0,1.62E0,-4.2E0));
#1144=LINE('',#1143,#1142);
#1145=DIRECTION('',(1.E0,0.E0,0.E0));
#1146=VECTOR('',#1145,2.9E-1);
#1147=CARTESIAN_POINT('',(9.055E0,1.82E0,-4.2E0));
#1148=LINE('',#1147,#1146);
#1149=DIRECTION('',(0.E0,-1.E0,0.E0));
#1150=VECTOR('',#1149,1.37E0);
#1151=CARTESIAN_POINT('',(9.045E0,1.62E0,-4.2E0));
#1152=LINE('',#1151,#1150);
#1153=DIRECTION('',(-1.E0,0.E0,0.E0));
#1154=VECTOR('',#1153,1.9E-1);
#1155=CARTESIAN_POINT('',(9.045E0,2.5E-1,-4.2E0));
#1156=LINE('',#1155,#1154);
#1157=DIRECTION('',(0.E0,-1.E0,0.E0));
#1158=VECTOR('',#1157,1.37E0);
#1159=CARTESIAN_POINT('',(8.855E0,1.62E0,-4.2E0));
#1160=LINE('',#1159,#1158);
#1161=DIRECTION('',(1.E0,0.E0,0.E0));
#1162=VECTOR('',#1161,2.9E-1);
#1163=CARTESIAN_POINT('',(8.555E0,1.82E0,-4.2E0));
#1164=LINE('',#1163,#1162);
#1165=DIRECTION('',(0.E0,-1.E0,0.E0));
#1166=VECTOR('',#1165,1.37E0);
#1167=CARTESIAN_POINT('',(8.545E0,1.62E0,-4.2E0));
#1168=LINE('',#1167,#1166);
#1169=DIRECTION('',(-1.E0,0.E0,0.E0));
#1170=VECTOR('',#1169,1.9E-1);
#1171=CARTESIAN_POINT('',(8.545E0,2.5E-1,-4.2E0));
#1172=LINE('',#1171,#1170);
#1173=DIRECTION('',(0.E0,-1.E0,0.E0));
#1174=VECTOR('',#1173,1.37E0);
#1175=CARTESIAN_POINT('',(8.355E0,1.62E0,-4.2E0));
#1176=LINE('',#1175,#1174);
#1177=DIRECTION('',(1.E0,0.E0,0.E0));
#1178=VECTOR('',#1177,2.9E-1);
#1179=CARTESIAN_POINT('',(8.055E0,1.82E0,-4.2E0));
#1180=LINE('',#1179,#1178);
#1181=DIRECTION('',(0.E0,-1.E0,0.E0));
#1182=VECTOR('',#1181,1.37E0);
#1183=CARTESIAN_POINT('',(8.045E0,1.62E0,-4.2E0));
#1184=LINE('',#1183,#1182);
#1185=DIRECTION('',(-1.E0,0.E0,0.E0));
#1186=VECTOR('',#1185,1.9E-1);
#1187=CARTESIAN_POINT('',(8.045E0,2.5E-1,-4.2E0));
#1188=LINE('',#1187,#1186);
#1189=DIRECTION('',(0.E0,-1.E0,0.E0));
#1190=VECTOR('',#1189,1.37E0);
#1191=CARTESIAN_POINT('',(7.855E0,1.62E0,-4.2E0));
#1192=LINE('',#1191,#1190);
#1193=DIRECTION('',(1.E0,0.E0,0.E0));
#1194=VECTOR('',#1193,2.9E-1);
#1195=CARTESIAN_POINT('',(7.555E0,1.82E0,-4.2E0));
#1196=LINE('',#1195,#1194);
#1197=DIRECTION('',(0.E0,-1.E0,0.E0));
#1198=VECTOR('',#1197,1.37E0);
#1199=CARTESIAN_POINT('',(7.545E0,1.62E0,-4.2E0));
#1200=LINE('',#1199,#1198);
#1201=DIRECTION('',(-1.E0,0.E0,0.E0));
#1202=VECTOR('',#1201,1.9E-1);
#1203=CARTESIAN_POINT('',(7.545E0,2.5E-1,-4.2E0));
#1204=LINE('',#1203,#1202);
#1205=DIRECTION('',(0.E0,-1.E0,0.E0));
#1206=VECTOR('',#1205,1.37E0);
#1207=CARTESIAN_POINT('',(7.355E0,1.62E0,-4.2E0));
#1208=LINE('',#1207,#1206);
#1209=DIRECTION('',(1.E0,0.E0,0.E0));
#1210=VECTOR('',#1209,2.9E-1);
#1211=CARTESIAN_POINT('',(7.055E0,1.82E0,-4.2E0));
#1212=LINE('',#1211,#1210);
#1213=DIRECTION('',(0.E0,-1.E0,0.E0));
#1214=VECTOR('',#1213,1.37E0);
#1215=CARTESIAN_POINT('',(7.045E0,1.62E0,-4.2E0));
#1216=LINE('',#1215,#1214);
#1217=DIRECTION('',(-1.E0,0.E0,0.E0));
#1218=VECTOR('',#1217,1.9E-1);
#1219=CARTESIAN_POINT('',(7.045E0,2.5E-1,-4.2E0));
#1220=LINE('',#1219,#1218);
#1221=DIRECTION('',(0.E0,-1.E0,0.E0));
#1222=VECTOR('',#1221,1.37E0);
#1223=CARTESIAN_POINT('',(6.855E0,1.62E0,-4.2E0));
#1224=LINE('',#1223,#1222);
#1225=DIRECTION('',(1.E0,0.E0,0.E0));
#1226=VECTOR('',#1225,2.9E-1);
#1227=CARTESIAN_POINT('',(6.555E0,1.82E0,-4.2E0));
#1228=LINE('',#1227,#1226);
#1229=DIRECTION('',(0.E0,-1.E0,0.E0));
#1230=VECTOR('',#1229,1.37E0);
#1231=CARTESIAN_POINT('',(6.545E0,1.62E0,-4.2E0));
#1232=LINE('',#1231,#1230);
#1233=DIRECTION('',(-1.E0,0.E0,0.E0));
#1234=VECTOR('',#1233,1.9E-1);
#1235=CARTESIAN_POINT('',(6.545E0,2.5E-1,-4.2E0));
#1236=LINE('',#1235,#1234);
#1237=DIRECTION('',(0.E0,-1.E0,0.E0));
#1238=VECTOR('',#1237,1.37E0);
#1239=CARTESIAN_POINT('',(6.355E0,1.62E0,-4.2E0));
#1240=LINE('',#1239,#1238);
#1241=DIRECTION('',(1.E0,0.E0,0.E0));
#1242=VECTOR('',#1241,2.9E-1);
#1243=CARTESIAN_POINT('',(6.055E0,1.82E0,-4.2E0));
#1244=LINE('',#1243,#1242);
#1245=DIRECTION('',(0.E0,-1.E0,0.E0));
#1246=VECTOR('',#1245,1.37E0);
#1247=CARTESIAN_POINT('',(6.045E0,1.62E0,-4.2E0));
#1248=LINE('',#1247,#1246);
#1249=DIRECTION('',(-1.E0,0.E0,0.E0));
#1250=VECTOR('',#1249,1.9E-1);
#1251=CARTESIAN_POINT('',(6.045E0,2.5E-1,-4.2E0));
#1252=LINE('',#1251,#1250);
#1253=DIRECTION('',(0.E0,-1.E0,0.E0));
#1254=VECTOR('',#1253,1.37E0);
#1255=CARTESIAN_POINT('',(5.855E0,1.62E0,-4.2E0));
#1256=LINE('',#1255,#1254);
#1257=DIRECTION('',(1.E0,0.E0,0.E0));
#1258=VECTOR('',#1257,2.9E-1);
#1259=CARTESIAN_POINT('',(5.555E0,1.82E0,-4.2E0));
#1260=LINE('',#1259,#1258);
#1261=DIRECTION('',(0.E0,-1.E0,0.E0));
#1262=VECTOR('',#1261,1.37E0);
#1263=CARTESIAN_POINT('',(5.545E0,1.62E0,-4.2E0));
#1264=LINE('',#1263,#1262);
#1265=DIRECTION('',(-1.E0,0.E0,0.E0));
#1266=VECTOR('',#1265,1.9E-1);
#1267=CARTESIAN_POINT('',(5.545E0,2.5E-1,-4.2E0));
#1268=LINE('',#1267,#1266);
#1269=DIRECTION('',(0.E0,-1.E0,0.E0));
#1270=VECTOR('',#1269,1.37E0);
#1271=CARTESIAN_POINT('',(5.355E0,1.62E0,-4.2E0));
#1272=LINE('',#1271,#1270);
#1273=DIRECTION('',(1.E0,0.E0,0.E0));
#1274=VECTOR('',#1273,2.9E-1);
#1275=CARTESIAN_POINT('',(5.055E0,1.82E0,-4.2E0));
#1276=LINE('',#1275,#1274);
#1277=DIRECTION('',(0.E0,-1.E0,0.E0));
#1278=VECTOR('',#1277,1.37E0);
#1279=CARTESIAN_POINT('',(5.045E0,1.62E0,-4.2E0));
#1280=LINE('',#1279,#1278);
#1281=DIRECTION('',(-1.E0,0.E0,0.E0));
#1282=VECTOR('',#1281,1.9E-1);
#1283=CARTESIAN_POINT('',(5.045E0,2.5E-1,-4.2E0));
#1284=LINE('',#1283,#1282);
#1285=DIRECTION('',(0.E0,-1.E0,0.E0));
#1286=VECTOR('',#1285,1.37E0);
#1287=CARTESIAN_POINT('',(4.855E0,1.62E0,-4.2E0));
#1288=LINE('',#1287,#1286);
#1289=DIRECTION('',(1.E0,0.E0,0.E0));
#1290=VECTOR('',#1289,2.9E-1);
#1291=CARTESIAN_POINT('',(4.555E0,1.82E0,-4.2E0));
#1292=LINE('',#1291,#1290);
#1293=DIRECTION('',(0.E0,-1.E0,0.E0));
#1294=VECTOR('',#1293,1.37E0);
#1295=CARTESIAN_POINT('',(4.545E0,1.62E0,-4.2E0));
#1296=LINE('',#1295,#1294);
#1297=DIRECTION('',(-1.E0,0.E0,0.E0));
#1298=VECTOR('',#1297,1.9E-1);
#1299=CARTESIAN_POINT('',(4.545E0,2.5E-1,-4.2E0));
#1300=LINE('',#1299,#1298);
#1301=DIRECTION('',(0.E0,-1.E0,0.E0));
#1302=VECTOR('',#1301,1.37E0);
#1303=CARTESIAN_POINT('',(4.355E0,1.62E0,-4.2E0));
#1304=LINE('',#1303,#1302);
#1305=DIRECTION('',(1.E0,0.E0,0.E0));
#1306=VECTOR('',#1305,2.9E-1);
#1307=CARTESIAN_POINT('',(4.055E0,1.82E0,-4.2E0));
#1308=LINE('',#1307,#1306);
#1309=DIRECTION('',(0.E0,-1.E0,0.E0));
#1310=VECTOR('',#1309,1.37E0);
#1311=CARTESIAN_POINT('',(4.045E0,1.62E0,-4.2E0));
#1312=LINE('',#1311,#1310);
#1313=DIRECTION('',(-1.E0,0.E0,0.E0));
#1314=VECTOR('',#1313,1.9E-1);
#1315=CARTESIAN_POINT('',(4.045E0,2.5E-1,-4.2E0));
#1316=LINE('',#1315,#1314);
#1317=DIRECTION('',(0.E0,-1.E0,0.E0));
#1318=VECTOR('',#1317,1.37E0);
#1319=CARTESIAN_POINT('',(3.855E0,1.62E0,-4.2E0));
#1320=LINE('',#1319,#1318);
#1321=DIRECTION('',(1.E0,0.E0,0.E0));
#1322=VECTOR('',#1321,2.9E-1);
#1323=CARTESIAN_POINT('',(3.555E0,1.82E0,-4.2E0));
#1324=LINE('',#1323,#1322);
#1325=DIRECTION('',(0.E0,-1.E0,0.E0));
#1326=VECTOR('',#1325,1.37E0);
#1327=CARTESIAN_POINT('',(3.545E0,1.62E0,-4.2E0));
#1328=LINE('',#1327,#1326);
#1329=DIRECTION('',(-1.E0,0.E0,0.E0));
#1330=VECTOR('',#1329,1.9E-1);
#1331=CARTESIAN_POINT('',(3.545E0,2.5E-1,-4.2E0));
#1332=LINE('',#1331,#1330);
#1333=DIRECTION('',(0.E0,-1.E0,0.E0));
#1334=VECTOR('',#1333,1.37E0);
#1335=CARTESIAN_POINT('',(3.355E0,1.62E0,-4.2E0));
#1336=LINE('',#1335,#1334);
#1337=DIRECTION('',(1.E0,0.E0,0.E0));
#1338=VECTOR('',#1337,2.9E-1);
#1339=CARTESIAN_POINT('',(3.055E0,1.82E0,-4.2E0));
#1340=LINE('',#1339,#1338);
#1341=DIRECTION('',(0.E0,-1.E0,0.E0));
#1342=VECTOR('',#1341,1.37E0);
#1343=CARTESIAN_POINT('',(3.045E0,1.62E0,-4.2E0));
#1344=LINE('',#1343,#1342);
#1345=DIRECTION('',(-1.E0,0.E0,0.E0));
#1346=VECTOR('',#1345,1.9E-1);
#1347=CARTESIAN_POINT('',(3.045E0,2.5E-1,-4.2E0));
#1348=LINE('',#1347,#1346);
#1349=DIRECTION('',(0.E0,-1.E0,0.E0));
#1350=VECTOR('',#1349,1.37E0);
#1351=CARTESIAN_POINT('',(2.855E0,1.62E0,-4.2E0));
#1352=LINE('',#1351,#1350);
#1353=DIRECTION('',(1.E0,0.E0,0.E0));
#1354=VECTOR('',#1353,2.9E-1);
#1355=CARTESIAN_POINT('',(2.555E0,1.82E0,-4.2E0));
#1356=LINE('',#1355,#1354);
#1357=DIRECTION('',(0.E0,-1.E0,0.E0));
#1358=VECTOR('',#1357,1.37E0);
#1359=CARTESIAN_POINT('',(2.545E0,1.62E0,-4.2E0));
#1360=LINE('',#1359,#1358);
#1361=DIRECTION('',(-1.E0,0.E0,0.E0));
#1362=VECTOR('',#1361,1.9E-1);
#1363=CARTESIAN_POINT('',(2.545E0,2.5E-1,-4.2E0));
#1364=LINE('',#1363,#1362);
#1365=DIRECTION('',(0.E0,-1.E0,0.E0));
#1366=VECTOR('',#1365,1.37E0);
#1367=CARTESIAN_POINT('',(2.355E0,1.62E0,-4.2E0));
#1368=LINE('',#1367,#1366);
#1369=DIRECTION('',(1.E0,0.E0,0.E0));
#1370=VECTOR('',#1369,2.9E-1);
#1371=CARTESIAN_POINT('',(2.055E0,1.82E0,-4.2E0));
#1372=LINE('',#1371,#1370);
#1373=DIRECTION('',(0.E0,-1.E0,0.E0));
#1374=VECTOR('',#1373,1.37E0);
#1375=CARTESIAN_POINT('',(2.045E0,1.62E0,-4.2E0));
#1376=LINE('',#1375,#1374);
#1377=DIRECTION('',(-1.E0,0.E0,0.E0));
#1378=VECTOR('',#1377,1.9E-1);
#1379=CARTESIAN_POINT('',(2.045E0,2.5E-1,-4.2E0));
#1380=LINE('',#1379,#1378);
#1381=CARTESIAN_POINT('',(1.855E0,1.349243459677E0,-9.893449050845E-1));
#1382=DIRECTION('',(1.E0,0.E0,0.E0));
#1383=DIRECTION('',(0.E0,-4.878746331671E-1,8.729137083996E-1));
#1384=AXIS2_PLACEMENT_3D('',#1381,#1382,#1383);
#1386=DIRECTION('',(2.005244363091E-14,-4.226182617383E-1,-9.063077870378E-1));
#1387=VECTOR('',#1386,2.214638864091E-2);
#1388=CARTESIAN_POINT('',(1.855E0,1.077351123566E0,-8.625594265622E-1));
#1389=LINE('',#1388,#1387);
#1390=DIRECTION('',(1.370417698451E-13,5.303311836799E-2,-9.985927540074E-1));
#1391=VECTOR('',#1390,1.759612716774E0);
#1392=CARTESIAN_POINT('',(1.855E0,1.067991655295E0,-8.826308710422E-1));
#1393=LINE('',#1392,#1391);
#1394=DIRECTION('',(-4.892311396753E-13,9.138115486203E-1,-4.061384660534E-1));
#1395=VECTOR('',#1394,4.924428900898E-1);
#1396=CARTESIAN_POINT('',(1.855E0,2.5E-1,-4.2E0));
#1397=LINE('',#1396,#1395);
#1398=CARTESIAN_POINT('',(1.855E0,1.548899653687E0,-4.5E0));
#1399=DIRECTION('',(-1.E0,0.E0,0.E0));
#1400=DIRECTION('',(0.E0,0.E0,1.E0));
#1401=AXIS2_PLACEMENT_3D('',#1398,#1399,#1400);
#1403=DIRECTION('',(0.E0,5.233595624304E-2,-9.986295347546E-1));
#1404=VECTOR('',#1403,4.057897163273E-1);
#1405=CARTESIAN_POINT('',(1.855E0,1.648762607162E0,-4.494766404376E0));
#1406=LINE('',#1405,#1404);
#1407=DIRECTION('',(0.E0,-5.233595624329E-2,9.986295347546E-1));
#1408=VECTOR('',#1407,7.162151435867E-1);
#1409=CARTESIAN_POINT('',(1.855E0,1.87E0,-4.9E0));
#1410=LINE('',#1409,#1408);
#1411=CARTESIAN_POINT('',(1.855E0,1.732653242109E0,-4.19E0));
#1412=DIRECTION('',(1.E0,0.E0,0.E0));
#1413=DIRECTION('',(0.E0,9.986295347546E-1,5.233595624288E-2));
#1414=AXIS2_PLACEMENT_3D('',#1411,#1412,#1413);
#1416=DIRECTION('',(-1.E0,0.E0,0.E0));
#1417=VECTOR('',#1416,1.900000000005E-1);
#1418=CARTESIAN_POINT('',(2.045E0,1.077351123566E0,-8.625594265622E-1));
#1419=LINE('',#1418,#1417);
#1420=DIRECTION('',(-1.433512435949E-13,5.303311836799E-2,-9.985927540074E-1));
#1421=VECTOR('',#1420,1.759612716774E0);
#1422=CARTESIAN_POINT('',(2.045E0,1.067991655295E0,-8.826308710422E-1));
#1423=LINE('',#1422,#1421);
#1424=DIRECTION('',(3.809964289873E-13,-4.226182617383E-1,-9.063077870378E-1));
#1425=VECTOR('',#1424,2.214638864091E-2);
#1426=CARTESIAN_POINT('',(2.045E0,1.077351123566E0,-8.625594265622E-1));
#1427=LINE('',#1426,#1425);
#1428=CARTESIAN_POINT('',(2.045E0,1.349243459677E0,-9.893449050845E-1));
#1429=DIRECTION('',(1.E0,0.E0,0.E0));
#1430=DIRECTION('',(0.E0,-4.878746331671E-1,8.729137083996E-1));
#1431=AXIS2_PLACEMENT_3D('',#1428,#1429,#1430);
#1433=CARTESIAN_POINT('',(2.045E0,1.732653242109E0,-4.19E0));
#1434=DIRECTION('',(1.E0,0.E0,0.E0));
#1435=DIRECTION('',(0.E0,9.986295347546E-1,5.233595624288E-2));
#1436=AXIS2_PLACEMENT_3D('',#1433,#1434,#1435);
#1438=DIRECTION('',(0.E0,-5.233595624329E-2,9.986295347546E-1));
#1439=VECTOR('',#1438,7.162151435867E-1);
#1440=CARTESIAN_POINT('',(2.045E0,1.87E0,-4.9E0));
#1441=LINE('',#1440,#1439);
#1442=DIRECTION('',(2.079326963610E-14,5.233595624304E-2,-9.986295347546E-1));
#1443=VECTOR('',#1442,4.057897163273E-1);
#1444=CARTESIAN_POINT('',(2.045E0,1.648762607162E0,-4.494766404376E0));
#1445=LINE('',#1444,#1443);
#1446=CARTESIAN_POINT('',(2.045E0,1.548899653687E0,-4.5E0));
#1447=DIRECTION('',(-1.E0,0.E0,0.E0));
#1448=DIRECTION('',(0.E0,0.E0,1.E0));
#1449=AXIS2_PLACEMENT_3D('',#1446,#1447,#1448);
#1451=DIRECTION('',(5.122272577615E-13,9.138115486203E-1,-4.061384660534E-1));
#1452=VECTOR('',#1451,4.924428900898E-1);
#1453=CARTESIAN_POINT('',(2.045E0,2.5E-1,-4.2E0));
#1454=LINE('',#1453,#1452);
#1455=DIRECTION('',(-1.E0,0.E0,0.E0));
#1456=VECTOR('',#1455,1.900000000005E-1);
#1457=CARTESIAN_POINT('',(2.045E0,1.067991655295E0,-8.826308710422E-1));
#1458=LINE('',#1457,#1456);
#1459=DIRECTION('',(0.E0,0.E0,1.E0));
#1460=VECTOR('',#1459,1.1E-1);
#1461=CARTESIAN_POINT('',(1.855E0,1.62E0,-4.2E0));
#1462=LINE('',#1461,#1460);
#1463=DIRECTION('',(1.E0,0.E0,0.E0));
#1464=VECTOR('',#1463,1.9E-1);
#1465=CARTESIAN_POINT('',(1.855E0,1.62E0,-4.09E0));
#1466=LINE('',#1465,#1464);
#1467=DIRECTION('',(0.E0,0.E0,1.E0));
#1468=VECTOR('',#1467,1.1E-1);
#1469=CARTESIAN_POINT('',(2.045E0,1.62E0,-4.2E0));
#1470=LINE('',#1469,#1468);
#1471=DIRECTION('',(-1.E0,0.E0,4.440892098501E-12));
#1472=VECTOR('',#1471,1.E-2);
#1473=CARTESIAN_POINT('',(2.055E0,1.62E0,-4.2E0));
#1474=LINE('',#1473,#1472);
#1475=DIRECTION('',(-1.E0,0.E0,-4.440892098501E-12));
#1476=VECTOR('',#1475,1.E-2);
#1477=CARTESIAN_POINT('',(1.855E0,1.62E0,-4.2E0));
#1478=LINE('',#1477,#1476);
#1479=DIRECTION('',(2.120844375413E-12,-1.E0,0.E0));
#1480=VECTOR('',#1479,1.126532421092E-1);
#1481=CARTESIAN_POINT('',(1.855E0,1.732653242109E0,-4.09E0));
#1482=LINE('',#1481,#1480);
#1483=DIRECTION('',(2.191801993921E-12,1.E0,0.E0));
#1484=VECTOR('',#1483,1.126532421092E-1);
#1485=CARTESIAN_POINT('',(2.045E0,1.62E0,-4.09E0));
#1486=LINE('',#1485,#1484);
#1487=DIRECTION('',(1.E0,0.E0,0.E0));
#1488=VECTOR('',#1487,1.900000000005E-1);
#1489=CARTESIAN_POINT('',(1.855E0,1.832516195584E0,-4.184766404376E0));
#1490=LINE('',#1489,#1488);
#1491=DIRECTION('',(-1.E0,0.E0,0.E0));
#1492=VECTOR('',#1491,1.900000000005E-1);
#1493=CARTESIAN_POINT('',(2.045E0,1.732653242109E0,-4.09E0));
#1494=LINE('',#1493,#1492);
#1495=DIRECTION('',(-1.E0,0.E0,0.E0));
#1496=VECTOR('',#1495,1.900000000005E-1);
#1497=CARTESIAN_POINT('',(2.045E0,1.87E0,-4.9E0));
#1498=LINE('',#1497,#1496);
#1499=DIRECTION('',(0.E0,1.E0,8.437694987149E-14));
#1500=VECTOR('',#1499,2.000000000001E-1);
#1501=CARTESIAN_POINT('',(1.855E0,1.67E0,-4.9E0));
#1502=LINE('',#1501,#1500);
#1503=DIRECTION('',(-1.E0,0.E0,0.E0));
#1504=VECTOR('',#1503,1.900000000005E-1);
#1505=CARTESIAN_POINT('',(2.045E0,1.67E0,-4.9E0));
#1506=LINE('',#1505,#1504);
#1507=DIRECTION('',(0.E0,-1.E0,-8.437694987149E-14));
#1508=VECTOR('',#1507,2.000000000001E-1);
#1509=CARTESIAN_POINT('',(2.045E0,1.87E0,-4.9E0));
#1510=LINE('',#1509,#1508);
#1511=DIRECTION('',(1.E0,0.E0,0.E0));
#1512=VECTOR('',#1511,1.900000000005E-1);
#1513=CARTESIAN_POINT('',(1.855E0,1.648762607162E0,-4.494766404376E0));
#1514=LINE('',#1513,#1512);
#1515=DIRECTION('',(-1.E0,0.E0,0.E0));
#1516=VECTOR('',#1515,1.900000000005E-1);
#1517=CARTESIAN_POINT('',(2.045E0,1.548899653687E0,-4.4E0));
#1518=LINE('',#1517,#1516);
#1519=DIRECTION('',(-1.E0,0.E0,0.E0));
#1520=VECTOR('',#1519,1.900000000005E-1);
#1521=CARTESIAN_POINT('',(2.045E0,7.E-1,-4.4E0));
#1522=LINE('',#1521,#1520);
#1523=DIRECTION('',(0.E0,-1.E0,1.851898273301E-13));
#1524=VECTOR('',#1523,8.488996536872E-1);
#1525=CARTESIAN_POINT('',(2.045E0,1.548899653687E0,-4.4E0));
#1526=LINE('',#1525,#1524);
#1527=DIRECTION('',(0.E0,1.E0,-1.851898273301E-13));
#1528=VECTOR('',#1527,8.488996536872E-1);
#1529=CARTESIAN_POINT('',(1.855E0,7.E-1,-4.4E0));
#1530=LINE('',#1529,#1528);
#1531=DIRECTION('',(0.E0,0.E0,-1.E0));
#1532=VECTOR('',#1531,7.000000000001E-1);
#1533=CARTESIAN_POINT('',(2.055E0,1.62E0,-3.5E0));
#1534=LINE('',#1533,#1532);
#1535=DIRECTION('',(0.E0,1.E0,2.264854970235E-13));
#1536=VECTOR('',#1535,2.E-1);
#1537=CARTESIAN_POINT('',(2.055E0,1.62E0,-4.2E0));
#1538=LINE('',#1537,#1536);
#1539=DIRECTION('',(0.E0,0.E0,1.E0));
#1540=VECTOR('',#1539,7.E-1);
#1541=CARTESIAN_POINT('',(2.055E0,1.82E0,-4.2E0));
#1542=LINE('',#1541,#1540);
#1543=DIRECTION('',(0.E0,-1.E0,1.554312234475E-13));
#1544=VECTOR('',#1543,2.E-1);
#1545=CARTESIAN_POINT('',(2.055E0,1.82E0,-3.5E0));
#1546=LINE('',#1545,#1544);
#1547=DIRECTION('',(1.E0,0.E0,0.E0));
#1548=VECTOR('',#1547,2.1E-1);
#1549=CARTESIAN_POINT('',(1.845E0,1.62E0,-3.5E0));
#1550=LINE('',#1549,#1548);
#1551=DIRECTION('',(-1.E0,0.E0,0.E0));
#1552=VECTOR('',#1551,2.1E-1);
#1553=CARTESIAN_POINT('',(2.055E0,1.82E0,-3.5E0));
#1554=LINE('',#1553,#1552);
#1555=DIRECTION('',(0.E0,0.E0,-1.E0));
#1556=VECTOR('',#1555,7.000000000001E-1);
#1557=CARTESIAN_POINT('',(1.845E0,1.62E0,-3.5E0));
#1558=LINE('',#1557,#1556);
#1559=DIRECTION('',(0.E0,-1.E0,1.554312234475E-13));
#1560=VECTOR('',#1559,2.E-1);
#1561=CARTESIAN_POINT('',(1.845E0,1.82E0,-3.5E0));
#1562=LINE('',#1561,#1560);
#1563=DIRECTION('',(0.E0,0.E0,1.E0));
#1564=VECTOR('',#1563,7.E-1);
#1565=CARTESIAN_POINT('',(1.845E0,1.82E0,-4.2E0));
#1566=LINE('',#1565,#1564);
#1567=DIRECTION('',(0.E0,1.E0,2.264854970235E-13));
#1568=VECTOR('',#1567,2.E-1);
#1569=CARTESIAN_POINT('',(1.845E0,1.62E0,-4.2E0));
#1570=LINE('',#1569,#1568);
#1571=DIRECTION('',(0.E0,-1.E0,0.E0));
#1572=VECTOR('',#1571,8.E-2);
#1573=CARTESIAN_POINT('',(1.282E1,1.3E-1,-4.19E0));
#1574=LINE('',#1573,#1572);
#1575=DIRECTION('',(5.329070518201E-13,0.E0,-1.E0));
#1576=VECTOR('',#1575,9.999999999999E-3);
#1577=CARTESIAN_POINT('',(1.282E1,1.3E-1,-4.19E0));
#1578=LINE('',#1577,#1576);
#1579=DIRECTION('',(4.099285014001E-14,-1.E0,0.E0));
#1580=VECTOR('',#1579,1.3E-1);
#1581=CARTESIAN_POINT('',(1.282E1,1.3E-1,-4.2E0));
#1582=LINE('',#1581,#1580);
#1583=DIRECTION('',(0.E0,0.E0,1.E0));
#1584=VECTOR('',#1583,2.15E0);
#1585=CARTESIAN_POINT('',(1.282E1,0.E0,-4.2E0));
#1586=LINE('',#1585,#1584);
#1587=DIRECTION('',(0.E0,0.E0,-1.E0));
#1588=VECTOR('',#1587,2.339477295673E-1);
#1589=CARTESIAN_POINT('',(1.282E1,1.3E-1,-2.05E0));
#1590=LINE('',#1589,#1588);
#1591=DIRECTION('',(0.E0,-1.E0,0.E0));
#1592=VECTOR('',#1591,8.E-2);
#1593=CARTESIAN_POINT('',(1.282E1,1.3E-1,-2.283947729567E0));
#1594=LINE('',#1593,#1592);
#1595=DIRECTION('',(0.E0,0.E0,1.E0));
#1596=VECTOR('',#1595,1.906052270433E0);
#1597=CARTESIAN_POINT('',(1.282E1,5.E-2,-4.19E0));
#1598=LINE('',#1597,#1596);
#1599=DIRECTION('',(7.993605777301E-13,-1.E0,-1.110223024625E-14));
#1600=VECTOR('',#1599,8.E-2);
#1601=CARTESIAN_POINT('',(1.296443261752E1,1.67E0,-4.19E0));
#1602=LINE('',#1601,#1600);
#1603=DIRECTION('',(-1.E0,6.815151296507E-14,0.E0));
#1604=VECTOR('',#1603,1.635567382480E0);
#1605=CARTESIAN_POINT('',(1.46E1,1.67E0,-4.19E0));
#1606=LINE('',#1605,#1604);
#1607=DIRECTION('',(0.E0,0.E0,1.E0));
#1608=VECTOR('',#1607,1.3E0);
#1609=CARTESIAN_POINT('',(1.282E1,1.67E0,-3.59E0));
#1610=LINE('',#1609,#1608);
#1611=DIRECTION('',(0.E0,1.E0,0.E0));
#1612=VECTOR('',#1611,8.E-2);
#1613=CARTESIAN_POINT('',(1.282E1,1.59E0,-3.59E0));
#1614=LINE('',#1613,#1612);
#1615=DIRECTION('',(0.E0,3.604620209822E-14,-1.E0));
#1616=VECTOR('',#1615,1.54E0);
#1617=CARTESIAN_POINT('',(1.282E1,1.59E0,-2.05E0));
#1618=LINE('',#1617,#1616);
#1619=DIRECTION('',(-2.316987181825E-14,-1.E0,0.E0));
#1620=VECTOR('',#1619,2.300000000001E-1);
#1621=CARTESIAN_POINT('',(1.282E1,1.82E0,-2.05E0));
#1622=LINE('',#1621,#1620);
#1623=DIRECTION('',(1.480297366167E-14,3.423187659261E-13,1.E0));
#1624=VECTOR('',#1623,2.4E-1);
#1625=CARTESIAN_POINT('',(1.282E1,1.82E0,-2.29E0));
#1626=LINE('',#1625,#1624);
#1627=DIRECTION('',(0.E0,-1.E0,0.E0));
#1628=VECTOR('',#1627,1.5E-1);
#1629=CARTESIAN_POINT('',(1.282E1,1.82E0,-2.29E0));
#1630=LINE('',#1629,#1628);
#1631=DIRECTION('',(0.E0,1.E0,0.E0));
#1632=VECTOR('',#1631,2.3E-1);
#1633=CARTESIAN_POINT('',(1.282E1,1.59E0,-4.19E0));
#1634=LINE('',#1633,#1632);
#1635=DIRECTION('',(-5.329070518201E-13,-4.130029651606E-12,1.E0));
#1636=VECTOR('',#1635,9.999999999999E-3);
#1637=CARTESIAN_POINT('',(1.282E1,1.82E0,-4.2E0));
#1638=LINE('',#1637,#1636);
#1639=DIRECTION('',(-1.544658121217E-14,1.E0,0.E0));
#1640=VECTOR('',#1639,2.300000000001E-1);
#1641=CARTESIAN_POINT('',(1.282E1,1.59E0,-4.2E0));
#1642=LINE('',#1641,#1640);
#1643=DIRECTION('',(3.552713678801E-13,-2.797762022056E-12,-1.E0));
#1644=VECTOR('',#1643,9.999999999999E-3);
#1645=CARTESIAN_POINT('',(1.282E1,1.59E0,-4.19E0));
#1646=LINE('',#1645,#1644);
#1647=DIRECTION('',(1.739543771272E-2,0.E0,-9.998486879257E-1));
#1648=VECTOR('',#1647,3.200484271912E-1);
#1649=CARTESIAN_POINT('',(1.529443261752E1,1.67E0,-3.18E0));
#1650=LINE('',#1649,#1648);
#1651=DIRECTION('',(0.E0,1.E0,0.E0));
#1652=VECTOR('',#1651,2.000000000005E-1);
#1653=CARTESIAN_POINT('',(1.389443261752E1,1.67E0,-2.29E0));
#1654=LINE('',#1653,#1652);
#1655=DIRECTION('',(1.E0,-2.070755210768E-13,0.E0));
#1656=VECTOR('',#1655,1.074432617520E0);
#1657=CARTESIAN_POINT('',(1.282E1,1.67E0,-2.29E0));
#1658=LINE('',#1657,#1656);
#1659=DIRECTION('',(2.344791028008E-12,-1.E0,1.350031197944E-12));
#1660=VECTOR('',#1659,5.E-2);
#1661=CARTESIAN_POINT('',(1.276443261752E1,1.87E0,-4.19E0));
#1662=LINE('',#1661,#1660);
#1663=DIRECTION('',(-2.522426711942E-12,1.E0,-2.664535259094E-14));
#1664=VECTOR('',#1663,5.000000000013E-2);
#1665=CARTESIAN_POINT('',(1.276443261752E1,1.82E0,-2.29E0));
#1666=LINE('',#1665,#1664);
#1667=DIRECTION('',(1.E0,1.131837986166E-13,0.E0));
#1668=VECTOR('',#1667,1.13E0);
#1669=CARTESIAN_POINT('',(1.276443261752E1,1.87E0,-2.29E0));
#1670=LINE('',#1669,#1668);
#1671=DIRECTION('',(0.E0,6.754830612982E-14,1.E0));
#1672=VECTOR('',#1671,1.9E0);
#1673=CARTESIAN_POINT('',(1.276443261752E1,1.87E0,-4.19E0));
#1674=LINE('',#1673,#1672);
#1675=DIRECTION('',(-1.E0,-7.004037415279E-14,-3.677422062599E-14));
#1676=VECTOR('',#1675,1.835567382480E0);
#1677=CARTESIAN_POINT('',(1.46E1,1.87E0,-4.19E0));
#1678=LINE('',#1677,#1676);
#1679=DIRECTION('',(2.612289469706E-13,-2.507797890918E-13,-1.E0));
#1680=VECTOR('',#1679,5.1E-1);
#1681=CARTESIAN_POINT('',(1.46E1,1.87E0,-3.68E0));
#1682=LINE('',#1681,#1680);
#1683=DIRECTION('',(-1.E0,0.E0,1.814421628816E-13));
#1684=VECTOR('',#1683,7.000000000001E-1);
#1685=CARTESIAN_POINT('',(1.53E1,1.87E0,-3.68E0));
#1686=LINE('',#1685,#1684);
#1687=DIRECTION('',(-7.105427357592E-13,0.E0,-1.E0));
#1688=VECTOR('',#1687,1.800000000002E-1);
#1689=CARTESIAN_POINT('',(1.53E1,1.87E0,-3.5E0));
#1690=LINE('',#1689,#1688);
#1691=DIRECTION('',(1.739543771272E-2,0.E0,-9.998486879257E-1));
#1692=VECTOR('',#1691,3.200484271912E-1);
#1693=CARTESIAN_POINT('',(1.529443261752E1,1.87E0,-3.18E0));
#1694=LINE('',#1693,#1692);
#1695=DIRECTION('',(-7.105427357592E-13,0.E0,-1.E0));
#1696=VECTOR('',#1695,1.800000000002E-1);
#1697=CARTESIAN_POINT('',(1.529443261752E1,1.87E0,-3.E0));
#1698=LINE('',#1697,#1696);
#1699=DIRECTION('',(1.E0,0.E0,7.961885119453E-14));
#1700=VECTOR('',#1699,1.4E0);
#1701=CARTESIAN_POINT('',(1.389443261752E1,1.87E0,-3.E0));
#1702=LINE('',#1701,#1700);
#1703=DIRECTION('',(0.E0,0.E0,-1.E0));
#1704=VECTOR('',#1703,7.1E-1);
#1705=CARTESIAN_POINT('',(1.389443261752E1,1.87E0,-2.29E0));
#1706=LINE('',#1705,#1704);
#1707=DIRECTION('',(2.577458943444E-13,2.185615522988E-13,-1.E0));
#1708=VECTOR('',#1707,5.1E-1);
#1709=CARTESIAN_POINT('',(1.46E1,1.67E0,-3.68E0));
#1710=LINE('',#1709,#1708);
#1711=DIRECTION('',(-2.664535259097E-14,1.E0,0.E0));
#1712=VECTOR('',#1711,2.000000000002E-1);
#1713=CARTESIAN_POINT('',(1.46E1,1.67E0,-4.19E0));
#1714=LINE('',#1713,#1712);
#1715=DIRECTION('',(-1.E0,0.E0,1.827109891954E-13));
#1716=VECTOR('',#1715,7.000000000001E-1);
#1717=CARTESIAN_POINT('',(1.53E1,1.67E0,-3.68E0));
#1718=LINE('',#1717,#1716);
#1719=DIRECTION('',(0.E0,1.E0,0.E0));
#1720=VECTOR('',#1719,2.000000000005E-1);
#1721=CARTESIAN_POINT('',(1.46E1,1.67E0,-3.68E0));
#1722=LINE('',#1721,#1720);
#1723=DIRECTION('',(0.E0,1.E0,0.E0));
#1724=VECTOR('',#1723,2.000000000005E-1);
#1725=CARTESIAN_POINT('',(1.53E1,1.67E0,-3.68E0));
#1726=LINE('',#1725,#1724);
#1727=DIRECTION('',(-7.105427357592E-13,0.E0,-1.E0));
#1728=VECTOR('',#1727,1.800000000002E-1);
#1729=CARTESIAN_POINT('',(1.53E1,1.67E0,-3.5E0));
#1730=LINE('',#1729,#1728);
#1731=DIRECTION('',(0.E0,1.E0,0.E0));
#1732=VECTOR('',#1731,2.000000000005E-1);
#1733=CARTESIAN_POINT('',(1.53E1,1.67E0,-3.5E0));
#1734=LINE('',#1733,#1732);
#1735=DIRECTION('',(0.E0,1.E0,0.E0));
#1736=VECTOR('',#1735,2.000000000005E-1);
#1737=CARTESIAN_POINT('',(1.529443261752E1,1.67E0,-3.18E0));
#1738=LINE('',#1737,#1736);
#1739=DIRECTION('',(-7.204113848670E-13,0.E0,-1.E0));
#1740=VECTOR('',#1739,1.800000000002E-1);
#1741=CARTESIAN_POINT('',(1.529443261752E1,1.67E0,-3.E0));
#1742=LINE('',#1741,#1740);
#1743=DIRECTION('',(1.E0,0.E0,7.961885119453E-14));
#1744=VECTOR('',#1743,1.4E0);
#1745=CARTESIAN_POINT('',(1.389443261752E1,1.67E0,-3.E0));
#1746=LINE('',#1745,#1744);
#1747=DIRECTION('',(0.E0,1.E0,0.E0));
#1748=VECTOR('',#1747,2.000000000005E-1);
#1749=CARTESIAN_POINT('',(1.529443261752E1,1.67E0,-3.E0));
#1750=LINE('',#1749,#1748);
#1751=DIRECTION('',(0.E0,0.E0,-1.E0));
#1752=VECTOR('',#1751,7.1E-1);
#1753=CARTESIAN_POINT('',(1.389443261752E1,1.67E0,-2.29E0));
#1754=LINE('',#1753,#1752);
#1755=DIRECTION('',(0.E0,1.E0,0.E0));
#1756=VECTOR('',#1755,2.000000000005E-1);
#1757=CARTESIAN_POINT('',(1.389443261752E1,1.67E0,-3.E0));
#1758=LINE('',#1757,#1756);
#1759=DIRECTION('',(1.424046066253E-12,0.E0,-1.E0));
#1760=VECTOR('',#1759,6.E-1);
#1761=CARTESIAN_POINT('',(1.296443261752E1,1.67E0,-3.59E0));
#1762=LINE('',#1761,#1760);
#1763=DIRECTION('',(0.E0,0.E0,1.E0));
#1764=VECTOR('',#1763,6.E-1);
#1765=CARTESIAN_POINT('',(1.296443261752E1,1.59E0,-4.19E0));
#1766=LINE('',#1765,#1764);
#1767=DIRECTION('',(1.E0,0.E0,0.E0));
#1768=VECTOR('',#1767,1.444326175200E-1);
#1769=CARTESIAN_POINT('',(1.282E1,1.59E0,-4.19E0));
#1770=LINE('',#1769,#1768);
#1771=DIRECTION('',(1.E0,1.528831706041E-14,0.E0));
#1772=VECTOR('',#1771,1.83E0);
#1773=CARTESIAN_POINT('',(1.282E1,1.59E0,-4.2E0));
#1774=LINE('',#1773,#1772);
#1775=DIRECTION('',(0.E0,-1.280629349335E-14,1.E0));
#1776=VECTOR('',#1775,2.15E0);
#1777=CARTESIAN_POINT('',(1.465E1,1.59E0,-4.2E0));
#1778=LINE('',#1777,#1776);
#1779=DIRECTION('',(-1.E0,-1.528831706041E-14,0.E0));
#1780=VECTOR('',#1779,1.83E0);
#1781=CARTESIAN_POINT('',(1.465E1,1.59E0,-2.05E0));
#1782=LINE('',#1781,#1780);
#1783=DIRECTION('',(1.E0,0.E0,0.E0));
#1784=VECTOR('',#1783,1.444326175200E-1);
#1785=CARTESIAN_POINT('',(1.282E1,1.59E0,-3.59E0));
#1786=LINE('',#1785,#1784);
#1787=DIRECTION('',(0.E0,1.E0,0.E0));
#1788=VECTOR('',#1787,1.46E0);
#1789=CARTESIAN_POINT('',(1.465E1,1.3E-1,-4.2E0));
#1790=LINE('',#1789,#1788);
#1791=DIRECTION('',(0.E0,0.E0,-1.E0));
#1792=VECTOR('',#1791,2.15E0);
#1793=CARTESIAN_POINT('',(1.465E1,1.3E-1,-2.05E0));
#1794=LINE('',#1793,#1792);
#1795=DIRECTION('',(-1.366428338E-14,1.E0,0.E0));
#1796=VECTOR('',#1795,1.3E-1);
#1797=CARTESIAN_POINT('',(1.465E1,0.E0,-2.05E0));
#1798=LINE('',#1797,#1796);
#1799=DIRECTION('',(0.E0,0.E0,-1.E0));
#1800=VECTOR('',#1799,1.32E0);
#1801=CARTESIAN_POINT('',(1.465E1,0.E0,-7.3E-1));
#1802=LINE('',#1801,#1800);
#1803=DIRECTION('',(0.E0,-1.E0,0.E0));
#1804=VECTOR('',#1803,1.82E0);
#1805=CARTESIAN_POINT('',(1.465E1,1.82E0,-7.3E-1));
#1806=LINE('',#1805,#1804);
#1807=DIRECTION('',(0.E0,-3.128810342125E-14,1.E0));
#1808=VECTOR('',#1807,1.32E0);
#1809=CARTESIAN_POINT('',(1.465E1,1.82E0,-2.05E0));
#1810=LINE('',#1809,#1808);
#1811=DIRECTION('',(1.E0,0.E0,0.E0));
#1812=VECTOR('',#1811,8.944326175200E-1);
#1813=CARTESIAN_POINT('',(1.282E1,1.3E-1,-4.19E0));
#1814=LINE('',#1813,#1812);
#1815=DIRECTION('',(0.E0,0.E0,1.E0));
#1816=VECTOR('',#1815,1.9E0);
#1817=CARTESIAN_POINT('',(1.371443261752E1,1.3E-1,-4.19E0));
#1818=LINE('',#1817,#1816);
#1819=DIRECTION('',(-1.E0,0.E0,0.E0));
#1820=VECTOR('',#1819,8.000000000045E-1);
#1821=CARTESIAN_POINT('',(1.371443261752E1,1.3E-1,-2.29E0));
#1822=LINE('',#1821,#1820);
#1823=DIRECTION('',(9.979524846467E-1,0.E0,-6.395966219073E-2));
#1824=VECTOR('',#1823,9.462636645362E-2);
#1825=CARTESIAN_POINT('',(1.282E1,1.3E-1,-2.283947729567E0));
#1826=LINE('',#1825,#1824);
#1827=DIRECTION('',(-1.287858708565E-12,1.E0,8.437694987151E-13));
#1828=VECTOR('',#1827,8.E-2);
#1829=CARTESIAN_POINT('',(1.371443261752E1,5.E-2,-4.19E0));
#1830=LINE('',#1829,#1828);
#1831=DIRECTION('',(5.516055448664E-14,0.E0,-1.E0));
#1832=VECTOR('',#1831,1.9E0);
#1833=CARTESIAN_POINT('',(1.371443261752E1,5.E-2,-2.29E0));
#1834=LINE('',#1833,#1832);
#1835=DIRECTION('',(-2.220446049250E-14,-1.E0,-2.220446049250E-14));
#1836=VECTOR('',#1835,8.E-2);
#1837=CARTESIAN_POINT('',(1.371443261752E1,1.3E-1,-2.29E0));
#1838=LINE('',#1837,#1836);
#1839=DIRECTION('',(-9.979524846468E-1,0.E0,6.395966218871E-2));
#1840=VECTOR('',#1839,9.462636645681E-2);
#1841=CARTESIAN_POINT('',(1.291443261752E1,5.E-2,-2.29E0));
#1842=LINE('',#1841,#1840);
#1843=DIRECTION('',(-1.E0,0.E0,-1.443289932010E-14));
#1844=VECTOR('',#1843,8.000000000013E-1);
#1845=CARTESIAN_POINT('',(1.371443261752E1,5.E-2,-2.29E0));
#1846=LINE('',#1845,#1844);
#1847=DIRECTION('',(1.E0,0.E0,-7.447557275159E-14));
#1848=VECTOR('',#1847,8.944326175201E-1);
#1849=CARTESIAN_POINT('',(1.282E1,5.E-2,-4.19E0));
#1850=LINE('',#1849,#1848);
#1851=DIRECTION('',(-3.992361996552E-11,1.E0,1.665334536938E-13));
#1852=VECTOR('',#1851,8.E-2);
#1853=CARTESIAN_POINT('',(1.291443261752E1,5.E-2,-2.29E0));
#1854=LINE('',#1853,#1852);
#1855=DIRECTION('',(-1.E0,0.E0,0.E0));
#1856=VECTOR('',#1855,1.83E0);
#1857=CARTESIAN_POINT('',(1.465E1,1.3E-1,-2.05E0));
#1858=LINE('',#1857,#1856);
#1859=DIRECTION('',(0.E0,-1.E0,0.E0));
#1860=VECTOR('',#1859,1.3E-1);
#1861=CARTESIAN_POINT('',(1.282E1,1.3E-1,-2.05E0));
#1862=LINE('',#1861,#1860);
#1863=DIRECTION('',(1.E0,0.E0,0.E0));
#1864=VECTOR('',#1863,1.83E0);
#1865=CARTESIAN_POINT('',(1.282E1,0.E0,-2.05E0));
#1866=LINE('',#1865,#1864);
#1867=DIRECTION('',(0.E0,-1.E0,0.E0));
#1868=VECTOR('',#1867,2.300000000001E-1);
#1869=CARTESIAN_POINT('',(1.465E1,1.82E0,-2.05E0));
#1870=LINE('',#1869,#1868);
#1871=DIRECTION('',(1.E0,-2.232579634219E-14,0.E0));
#1872=VECTOR('',#1871,1.83E0);
#1873=CARTESIAN_POINT('',(1.282E1,1.82E0,-2.05E0));
#1874=LINE('',#1873,#1872);
#1875=DIRECTION('',(-1.E0,0.E0,0.E0));
#1876=VECTOR('',#1875,1.444326175191E-1);
#1877=CARTESIAN_POINT('',(1.296443261752E1,1.67E0,-3.59E0));
#1878=LINE('',#1877,#1876);
#1879=DIRECTION('',(-1.147970607462E-11,1.E0,0.E0));
#1880=VECTOR('',#1879,8.E-2);
#1881=CARTESIAN_POINT('',(1.296443261752E1,1.59E0,-3.59E0));
#1882=LINE('',#1881,#1880);
#1883=DIRECTION('',(0.E0,1.E0,2.264854970235E-13));
#1884=VECTOR('',#1883,2.E-1);
#1885=CARTESIAN_POINT('',(1.2555E1,1.62E0,-4.2E0));
#1886=LINE('',#1885,#1884);
#1887=DIRECTION('',(0.E0,0.E0,1.E0));
#1888=VECTOR('',#1887,7.E-1);
#1889=CARTESIAN_POINT('',(1.2555E1,1.82E0,-4.2E0));
#1890=LINE('',#1889,#1888);
#1891=DIRECTION('',(0.E0,0.E0,1.E0));
#1892=VECTOR('',#1891,1.1E-1);
#1893=CARTESIAN_POINT('',(1.2355E1,1.62E0,-4.2E0));
#1894=LINE('',#1893,#1892);
#1895=DIRECTION('',(1.E0,0.E0,0.E0));
#1896=VECTOR('',#1895,1.9E-1);
#1897=CARTESIAN_POINT('',(1.2355E1,1.62E0,-4.09E0));
#1898=LINE('',#1897,#1896);
#1899=DIRECTION('',(0.E0,0.E0,1.E0));
#1900=VECTOR('',#1899,1.1E-1);
#1901=CARTESIAN_POINT('',(1.2545E1,1.62E0,-4.2E0));
#1902=LINE('',#1901,#1900);
#1903=DIRECTION('',(-1.E0,0.E0,4.440892098500E-12));
#1904=VECTOR('',#1903,1.E-2);
#1905=CARTESIAN_POINT('',(1.2555E1,1.62E0,-4.2E0));
#1906=LINE('',#1905,#1904);
#1907=DIRECTION('',(0.E0,0.E0,-1.E0));
#1908=VECTOR('',#1907,7.000000000001E-1);
#1909=CARTESIAN_POINT('',(1.2555E1,1.62E0,-3.5E0));
#1910=LINE('',#1909,#1908);
#1911=DIRECTION('',(-1.E0,0.E0,-4.440892098500E-12));
#1912=VECTOR('',#1911,1.E-2);
#1913=CARTESIAN_POINT('',(1.2355E1,1.62E0,-4.2E0));
#1914=LINE('',#1913,#1912);
#1915=CARTESIAN_POINT('',(1.2355E1,1.349243459677E0,-9.893449050845E-1));
#1916=DIRECTION('',(1.E0,0.E0,0.E0));
#1917=DIRECTION('',(0.E0,-4.878746331671E-1,8.729137083996E-1));
#1918=AXIS2_PLACEMENT_3D('',#1915,#1916,#1917);
#1920=DIRECTION('',(0.E0,-4.226182617383E-1,-9.063077870378E-1));
#1921=VECTOR('',#1920,2.214638864091E-2);
#1922=CARTESIAN_POINT('',(1.2355E1,1.077351123566E0,-8.625594265622E-1));
#1923=LINE('',#1922,#1921);
#1924=DIRECTION('',(-2.210839601921E-13,5.303311836799E-2,-9.985927540074E-1));
#1925=VECTOR('',#1924,1.759612716774E0);
#1926=CARTESIAN_POINT('',(1.2355E1,1.067991655295E0,-8.826308710422E-1));
#1927=LINE('',#1926,#1925);
#1928=DIRECTION('',(7.899842918997E-13,9.138115486203E-1,-4.061384660534E-1));
#1929=VECTOR('',#1928,4.924428900898E-1);
#1930=CARTESIAN_POINT('',(1.2355E1,2.5E-1,-4.2E0));
#1931=LINE('',#1930,#1929);
#1932=CARTESIAN_POINT('',(1.2355E1,1.548899653687E0,-4.5E0));
#1933=DIRECTION('',(-1.E0,0.E0,0.E0));
#1934=DIRECTION('',(0.E0,0.E0,1.E0));
#1935=AXIS2_PLACEMENT_3D('',#1932,#1933,#1934);
#1937=DIRECTION('',(0.E0,5.233595624304E-2,-9.986295347546E-1));
#1938=VECTOR('',#1937,4.057897163273E-1);
#1939=CARTESIAN_POINT('',(1.2355E1,1.648762607162E0,-4.494766404376E0));
#1940=LINE('',#1939,#1938);
#1941=DIRECTION('',(0.E0,-5.233595624329E-2,9.986295347546E-1));
#1942=VECTOR('',#1941,7.162151435867E-1);
#1943=CARTESIAN_POINT('',(1.2355E1,1.87E0,-4.9E0));
#1944=LINE('',#1943,#1942);
#1945=CARTESIAN_POINT('',(1.2355E1,1.732653242109E0,-4.19E0));
#1946=DIRECTION('',(1.E0,0.E0,0.E0));
#1947=DIRECTION('',(0.E0,9.986295347546E-1,5.233595624288E-2));
#1948=AXIS2_PLACEMENT_3D('',#1945,#1946,#1947);
#1950=DIRECTION('',(-1.E0,0.E0,0.E0));
#1951=VECTOR('',#1950,1.899999999992E-1);
#1952=CARTESIAN_POINT('',(1.2545E1,1.077351123566E0,-8.625594265622E-1));
#1953=LINE('',#1952,#1951);
#1954=DIRECTION('',(2.140173495923E-13,5.303311836799E-2,-9.985927540074E-1));
#1955=VECTOR('',#1954,1.759612716774E0);
#1956=CARTESIAN_POINT('',(1.2545E1,1.067991655295E0,-8.826308710422E-1));
#1957=LINE('',#1956,#1955);
#1958=DIRECTION('',(4.010488726182E-13,-4.226182617383E-1,-9.063077870378E-1));
#1959=VECTOR('',#1958,2.214638864091E-2);
#1960=CARTESIAN_POINT('',(1.2545E1,1.077351123566E0,-8.625594265622E-1));
#1961=LINE('',#1960,#1959);
#1962=CARTESIAN_POINT('',(1.2545E1,1.349243459677E0,-9.893449050845E-1));
#1963=DIRECTION('',(1.E0,0.E0,0.E0));
#1964=DIRECTION('',(0.E0,-4.878746331671E-1,8.729137083996E-1));
#1965=AXIS2_PLACEMENT_3D('',#1962,#1963,#1964);
#1967=CARTESIAN_POINT('',(1.2545E1,1.732653242109E0,-4.19E0));
#1968=DIRECTION('',(1.E0,0.E0,0.E0));
#1969=DIRECTION('',(0.E0,9.986295347546E-1,5.233595624288E-2));
#1970=AXIS2_PLACEMENT_3D('',#1967,#1968,#1969);
#1972=DIRECTION('',(0.E0,-5.233595624329E-2,9.986295347546E-1));
#1973=VECTOR('',#1972,7.162151435867E-1);
#1974=CARTESIAN_POINT('',(1.2545E1,1.87E0,-4.9E0));
#1975=LINE('',#1974,#1973);
#1976=DIRECTION('',(2.188765224853E-14,5.233595624304E-2,-9.986295347546E-1));
#1977=VECTOR('',#1976,4.057897163273E-1);
#1978=CARTESIAN_POINT('',(1.2545E1,1.648762607162E0,-4.494766404376E0));
#1979=LINE('',#1978,#1977);
#1980=CARTESIAN_POINT('',(1.2545E1,1.548899653687E0,-4.5E0));
#1981=DIRECTION('',(-1.E0,0.E0,0.E0));
#1982=DIRECTION('',(0.E0,0.E0,1.E0));
#1983=AXIS2_PLACEMENT_3D('',#1980,#1981,#1982);
#1985=DIRECTION('',(-7.647336524326E-13,9.138115486203E-1,-4.061384660534E-1));
#1986=VECTOR('',#1985,4.924428900898E-1);
#1987=CARTESIAN_POINT('',(1.2545E1,2.5E-1,-4.2E0));
#1988=LINE('',#1987,#1986);
#1989=DIRECTION('',(-1.E0,0.E0,0.E0));
#1990=VECTOR('',#1989,1.899999999992E-1);
#1991=CARTESIAN_POINT('',(1.2545E1,1.067991655295E0,-8.826308710422E-1));
#1992=LINE('',#1991,#1990);
#1993=DIRECTION('',(-3.469039127070E-12,-1.E0,0.E0));
#1994=VECTOR('',#1993,1.126532421092E-1);
#1995=CARTESIAN_POINT('',(1.2355E1,1.732653242109E0,-4.09E0));
#1996=LINE('',#1995,#1994);
#1997=DIRECTION('',(-3.374428969059E-12,1.E0,0.E0));
#1998=VECTOR('',#1997,1.126532421092E-1);
#1999=CARTESIAN_POINT('',(1.2545E1,1.62E0,-4.09E0));
#2000=LINE('',#1999,#1998);
#2001=DIRECTION('',(1.E0,0.E0,0.E0));
#2002=VECTOR('',#2001,1.899999999992E-1);
#2003=CARTESIAN_POINT('',(1.2355E1,1.832516195584E0,-4.184766404376E0));
#2004=LINE('',#2003,#2002);
#2005=DIRECTION('',(-1.E0,0.E0,0.E0));
#2006=VECTOR('',#2005,1.899999999992E-1);
#2007=CARTESIAN_POINT('',(1.2545E1,1.732653242109E0,-4.09E0));
#2008=LINE('',#2007,#2006);
#2009=DIRECTION('',(-1.E0,0.E0,0.E0));
#2010=VECTOR('',#2009,1.899999999992E-1);
#2011=CARTESIAN_POINT('',(1.2545E1,1.87E0,-4.9E0));
#2012=LINE('',#2011,#2010);
#2013=DIRECTION('',(0.E0,1.E0,8.437694987149E-14));
#2014=VECTOR('',#2013,2.000000000001E-1);
#2015=CARTESIAN_POINT('',(1.2355E1,1.67E0,-4.9E0));
#2016=LINE('',#2015,#2014);
#2017=DIRECTION('',(-1.E0,0.E0,0.E0));
#2018=VECTOR('',#2017,1.899999999992E-1);
#2019=CARTESIAN_POINT('',(1.2545E1,1.67E0,-4.9E0));
#2020=LINE('',#2019,#2018);
#2021=DIRECTION('',(0.E0,-1.E0,-8.437694987149E-14));
#2022=VECTOR('',#2021,2.000000000001E-1);
#2023=CARTESIAN_POINT('',(1.2545E1,1.87E0,-4.9E0));
#2024=LINE('',#2023,#2022);
#2025=DIRECTION('',(1.E0,0.E0,0.E0));
#2026=VECTOR('',#2025,1.899999999992E-1);
#2027=CARTESIAN_POINT('',(1.2355E1,1.648762607162E0,-4.494766404376E0));
#2028=LINE('',#2027,#2026);
#2029=DIRECTION('',(-1.E0,0.E0,0.E0));
#2030=VECTOR('',#2029,1.899999999992E-1);
#2031=CARTESIAN_POINT('',(1.2545E1,1.548899653687E0,-4.4E0));
#2032=LINE('',#2031,#2030);
#2033=DIRECTION('',(-1.E0,0.E0,0.E0));
#2034=VECTOR('',#2033,1.899999999992E-1);
#2035=CARTESIAN_POINT('',(1.2545E1,7.E-1,-4.4E0));
#2036=LINE('',#2035,#2034);
#2037=DIRECTION('',(1.046270210905E-14,-1.E0,1.851898273301E-13));
#2038=VECTOR('',#2037,8.488996536872E-1);
#2039=CARTESIAN_POINT('',(1.2545E1,1.548899653687E0,-4.4E0));
#2040=LINE('',#2039,#2038);
#2041=DIRECTION('',(0.E0,1.E0,-1.851898273301E-13));
#2042=VECTOR('',#2041,8.488996536872E-1);
#2043=CARTESIAN_POINT('',(1.2355E1,7.E-1,-4.4E0));
#2044=LINE('',#2043,#2042);
#2045=DIRECTION('',(1.E0,0.E0,0.E0));
#2046=VECTOR('',#2045,2.1E-1);
#2047=CARTESIAN_POINT('',(1.2345E1,1.62E0,-3.5E0));
#2048=LINE('',#2047,#2046);
#2049=DIRECTION('',(1.776356839400E-14,1.E0,-1.554312234475E-13));
#2050=VECTOR('',#2049,2.E-1);
#2051=CARTESIAN_POINT('',(1.2555E1,1.62E0,-3.5E0));
#2052=LINE('',#2051,#2050);
#2053=DIRECTION('',(-1.E0,0.E0,0.E0));
#2054=VECTOR('',#2053,2.1E-1);
#2055=CARTESIAN_POINT('',(1.2555E1,1.82E0,-3.5E0));
#2056=LINE('',#2055,#2054);
#2057=DIRECTION('',(0.E0,-1.E0,1.554312234475E-13));
#2058=VECTOR('',#2057,2.E-1);
#2059=CARTESIAN_POINT('',(1.2345E1,1.82E0,-3.5E0));
#2060=LINE('',#2059,#2058);
#2061=DIRECTION('',(0.E0,0.E0,-1.E0));
#2062=VECTOR('',#2061,7.000000000001E-1);
#2063=CARTESIAN_POINT('',(1.2345E1,1.62E0,-3.5E0));
#2064=LINE('',#2063,#2062);
#2065=DIRECTION('',(0.E0,0.E0,1.E0));
#2066=VECTOR('',#2065,7.E-1);
#2067=CARTESIAN_POINT('',(1.2345E1,1.82E0,-4.2E0));
#2068=LINE('',#2067,#2066);
#2069=DIRECTION('',(0.E0,1.E0,2.264854970235E-13));
#2070=VECTOR('',#2069,2.E-1);
#2071=CARTESIAN_POINT('',(1.2345E1,1.62E0,-4.2E0));
#2072=LINE('',#2071,#2070);
#2073=DIRECTION('',(0.E0,0.E0,-1.E0));
#2074=VECTOR('',#2073,7.000000000001E-1);
#2075=CARTESIAN_POINT('',(1.2055E1,1.62E0,-3.5E0));
#2076=LINE('',#2075,#2074);
#2077=DIRECTION('',(0.E0,1.E0,2.264854970235E-13));
#2078=VECTOR('',#2077,2.E-1);
#2079=CARTESIAN_POINT('',(1.2055E1,1.62E0,-4.2E0));
#2080=LINE('',#2079,#2078);
#2081=DIRECTION('',(0.E0,0.E0,1.E0));
#2082=VECTOR('',#2081,7.E-1);
#2083=CARTESIAN_POINT('',(1.2055E1,1.82E0,-4.2E0));
#2084=LINE('',#2083,#2082);
#2085=DIRECTION('',(0.E0,-1.E0,1.554312234475E-13));
#2086=VECTOR('',#2085,2.E-1);
#2087=CARTESIAN_POINT('',(1.2055E1,1.82E0,-3.5E0));
#2088=LINE('',#2087,#2086);
#2089=DIRECTION('',(0.E0,0.E0,1.E0));
#2090=VECTOR('',#2089,1.1E-1);
#2091=CARTESIAN_POINT('',(1.1855E1,1.62E0,-4.2E0));
#2092=LINE('',#2091,#2090);
#2093=DIRECTION('',(1.E0,0.E0,0.E0));
#2094=VECTOR('',#2093,1.9E-1);
#2095=CARTESIAN_POINT('',(1.1855E1,1.62E0,-4.09E0));
#2096=LINE('',#2095,#2094);
#2097=DIRECTION('',(0.E0,0.E0,1.E0));
#2098=VECTOR('',#2097,1.1E-1);
#2099=CARTESIAN_POINT('',(1.2045E1,1.62E0,-4.2E0));
#2100=LINE('',#2099,#2098);
#2101=DIRECTION('',(-1.E0,0.E0,4.440892098500E-12));
#2102=VECTOR('',#2101,1.E-2);
#2103=CARTESIAN_POINT('',(1.2055E1,1.62E0,-4.2E0));
#2104=LINE('',#2103,#2102);
#2105=DIRECTION('',(-1.E0,0.E0,-4.440892098500E-12));
#2106=VECTOR('',#2105,1.E-2);
#2107=CARTESIAN_POINT('',(1.1855E1,1.62E0,-4.2E0));
#2108=LINE('',#2107,#2106);
#2109=CARTESIAN_POINT('',(1.1855E1,1.349243459677E0,-9.893449050845E-1));
#2110=DIRECTION('',(1.E0,0.E0,0.E0));
#2111=DIRECTION('',(0.E0,-4.878746331671E-1,8.729137083996E-1));
#2112=AXIS2_PLACEMENT_3D('',#2109,#2110,#2111);
#2114=DIRECTION('',(0.E0,-4.226182617383E-1,-9.063077870378E-1));
#2115=VECTOR('',#2114,2.214638864091E-2);
#2116=CARTESIAN_POINT('',(1.1855E1,1.077351123566E0,-8.625594265622E-1));
#2117=LINE('',#2116,#2115);
#2118=DIRECTION('',(-2.210839601921E-13,5.303311836799E-2,-9.985927540074E-1));
#2119=VECTOR('',#2118,1.759612716774E0);
#2120=CARTESIAN_POINT('',(1.1855E1,1.067991655295E0,-8.826308710422E-1));
#2121=LINE('',#2120,#2119);
#2122=DIRECTION('',(7.899842918997E-13,9.138115486203E-1,-4.061384660534E-1));
#2123=VECTOR('',#2122,4.924428900898E-1);
#2124=CARTESIAN_POINT('',(1.1855E1,2.5E-1,-4.2E0));
#2125=LINE('',#2124,#2123);
#2126=CARTESIAN_POINT('',(1.1855E1,1.548899653687E0,-4.5E0));
#2127=DIRECTION('',(-1.E0,0.E0,0.E0));
#2128=DIRECTION('',(0.E0,0.E0,1.E0));
#2129=AXIS2_PLACEMENT_3D('',#2126,#2127,#2128);
#2131=DIRECTION('',(0.E0,5.233595624304E-2,-9.986295347546E-1));
#2132=VECTOR('',#2131,4.057897163273E-1);
#2133=CARTESIAN_POINT('',(1.1855E1,1.648762607162E0,-4.494766404376E0));
#2134=LINE('',#2133,#2132);
#2135=DIRECTION('',(0.E0,-5.233595624329E-2,9.986295347546E-1));
#2136=VECTOR('',#2135,7.162151435867E-1);
#2137=CARTESIAN_POINT('',(1.1855E1,1.87E0,-4.9E0));
#2138=LINE('',#2137,#2136);
#2139=CARTESIAN_POINT('',(1.1855E1,1.732653242109E0,-4.19E0));
#2140=DIRECTION('',(1.E0,0.E0,0.E0));
#2141=DIRECTION('',(0.E0,9.986295347546E-1,5.233595624288E-2));
#2142=AXIS2_PLACEMENT_3D('',#2139,#2140,#2141);
#2144=DIRECTION('',(-1.E0,0.E0,0.E0));
#2145=VECTOR('',#2144,1.899999999992E-1);
#2146=CARTESIAN_POINT('',(1.2045E1,1.077351123566E0,-8.625594265622E-1));
#2147=LINE('',#2146,#2145);
#2148=DIRECTION('',(2.140173495923E-13,5.303311836799E-2,-9.985927540074E-1));
#2149=VECTOR('',#2148,1.759612716774E0);
#2150=CARTESIAN_POINT('',(1.2045E1,1.067991655295E0,-8.826308710422E-1));
#2151=LINE('',#2150,#2149);
#2152=DIRECTION('',(4.010488726182E-13,-4.226182617383E-1,-9.063077870378E-1));
#2153=VECTOR('',#2152,2.214638864091E-2);
#2154=CARTESIAN_POINT('',(1.2045E1,1.077351123566E0,-8.625594265622E-1));
#2155=LINE('',#2154,#2153);
#2156=CARTESIAN_POINT('',(1.2045E1,1.349243459677E0,-9.893449050845E-1));
#2157=DIRECTION('',(1.E0,0.E0,0.E0));
#2158=DIRECTION('',(0.E0,-4.878746331671E-1,8.729137083996E-1));
#2159=AXIS2_PLACEMENT_3D('',#2156,#2157,#2158);
#2161=CARTESIAN_POINT('',(1.2045E1,1.732653242109E0,-4.19E0));
#2162=DIRECTION('',(1.E0,0.E0,0.E0));
#2163=DIRECTION('',(0.E0,9.986295347546E-1,5.233595624288E-2));
#2164=AXIS2_PLACEMENT_3D('',#2161,#2162,#2163);
#2166=DIRECTION('',(0.E0,-5.233595624329E-2,9.986295347546E-1));
#2167=VECTOR('',#2166,7.162151435867E-1);
#2168=CARTESIAN_POINT('',(1.2045E1,1.87E0,-4.9E0));
#2169=LINE('',#2168,#2167);
#2170=DIRECTION('',(2.188765224853E-14,5.233595624304E-2,-9.986295347546E-1));
#2171=VECTOR('',#2170,4.057897163273E-1);
#2172=CARTESIAN_POINT('',(1.2045E1,1.648762607162E0,-4.494766404376E0));
#2173=LINE('',#2172,#2171);
#2174=CARTESIAN_POINT('',(1.2045E1,1.548899653687E0,-4.5E0));
#2175=DIRECTION('',(-1.E0,0.E0,0.E0));
#2176=DIRECTION('',(0.E0,0.E0,1.E0));
#2177=AXIS2_PLACEMENT_3D('',#2174,#2175,#2176);
#2179=DIRECTION('',(-7.647336524326E-13,9.138115486203E-1,-4.061384660534E-1));
#2180=VECTOR('',#2179,4.924428900898E-1);
#2181=CARTESIAN_POINT('',(1.2045E1,2.5E-1,-4.2E0));
#2182=LINE('',#2181,#2180);
#2183=DIRECTION('',(-1.E0,0.E0,0.E0));
#2184=VECTOR('',#2183,1.899999999992E-1);
#2185=CARTESIAN_POINT('',(1.2045E1,1.067991655295E0,-8.826308710422E-1));
#2186=LINE('',#2185,#2184);
#2187=DIRECTION('',(-3.469039127070E-12,-1.E0,0.E0));
#2188=VECTOR('',#2187,1.126532421092E-1);
#2189=CARTESIAN_POINT('',(1.1855E1,1.732653242109E0,-4.09E0));
#2190=LINE('',#2189,#2188);
#2191=DIRECTION('',(-3.374428969059E-12,1.E0,0.E0));
#2192=VECTOR('',#2191,1.126532421092E-1);
#2193=CARTESIAN_POINT('',(1.2045E1,1.62E0,-4.09E0));
#2194=LINE('',#2193,#2192);
#2195=DIRECTION('',(1.E0,0.E0,0.E0));
#2196=VECTOR('',#2195,1.899999999992E-1);
#2197=CARTESIAN_POINT('',(1.1855E1,1.832516195584E0,-4.184766404376E0));
#2198=LINE('',#2197,#2196);
#2199=DIRECTION('',(-1.E0,0.E0,0.E0));
#2200=VECTOR('',#2199,1.899999999992E-1);
#2201=CARTESIAN_POINT('',(1.2045E1,1.732653242109E0,-4.09E0));
#2202=LINE('',#2201,#2200);
#2203=DIRECTION('',(-1.E0,0.E0,0.E0));
#2204=VECTOR('',#2203,1.899999999992E-1);
#2205=CARTESIAN_POINT('',(1.2045E1,1.87E0,-4.9E0));
#2206=LINE('',#2205,#2204);
#2207=DIRECTION('',(0.E0,1.E0,8.437694987149E-14));
#2208=VECTOR('',#2207,2.000000000001E-1);
#2209=CARTESIAN_POINT('',(1.1855E1,1.67E0,-4.9E0));
#2210=LINE('',#2209,#2208);
#2211=DIRECTION('',(-1.E0,0.E0,0.E0));
#2212=VECTOR('',#2211,1.899999999992E-1);
#2213=CARTESIAN_POINT('',(1.2045E1,1.67E0,-4.9E0));
#2214=LINE('',#2213,#2212);
#2215=DIRECTION('',(0.E0,-1.E0,-8.437694987149E-14));
#2216=VECTOR('',#2215,2.000000000001E-1);
#2217=CARTESIAN_POINT('',(1.2045E1,1.87E0,-4.9E0));
#2218=LINE('',#2217,#2216);
#2219=DIRECTION('',(1.E0,0.E0,0.E0));
#2220=VECTOR('',#2219,1.899999999992E-1);
#2221=CARTESIAN_POINT('',(1.1855E1,1.648762607162E0,-4.494766404376E0));
#2222=LINE('',#2221,#2220);
#2223=DIRECTION('',(-1.E0,0.E0,0.E0));
#2224=VECTOR('',#2223,1.899999999992E-1);
#2225=CARTESIAN_POINT('',(1.2045E1,1.548899653687E0,-4.4E0));
#2226=LINE('',#2225,#2224);
#2227=DIRECTION('',(-1.E0,0.E0,0.E0));
#2228=VECTOR('',#2227,1.899999999992E-1);
#2229=CARTESIAN_POINT('',(1.2045E1,7.E-1,-4.4E0));
#2230=LINE('',#2229,#2228);
#2231=DIRECTION('',(1.046270210905E-14,-1.E0,1.851898273301E-13));
#2232=VECTOR('',#2231,8.488996536872E-1);
#2233=CARTESIAN_POINT('',(1.2045E1,1.548899653687E0,-4.4E0));
#2234=LINE('',#2233,#2232);
#2235=DIRECTION('',(0.E0,1.E0,-1.851898273301E-13));
#2236=VECTOR('',#2235,8.488996536872E-1);
#2237=CARTESIAN_POINT('',(1.1855E1,7.E-1,-4.4E0));
#2238=LINE('',#2237,#2236);
#2239=DIRECTION('',(-1.E0,0.E0,0.E0));
#2240=VECTOR('',#2239,2.1E-1);
#2241=CARTESIAN_POINT('',(1.2055E1,1.82E0,-3.5E0));
#2242=LINE('',#2241,#2240);
#2243=DIRECTION('',(0.E0,-1.E0,1.554312234475E-13));
#2244=VECTOR('',#2243,2.E-1);
#2245=CARTESIAN_POINT('',(1.1845E1,1.82E0,-3.5E0));
#2246=LINE('',#2245,#2244);
#2247=DIRECTION('',(1.E0,0.E0,0.E0));
#2248=VECTOR('',#2247,2.1E-1);
#2249=CARTESIAN_POINT('',(1.1845E1,1.62E0,-3.5E0));
#2250=LINE('',#2249,#2248);
#2251=DIRECTION('',(0.E0,0.E0,-1.E0));
#2252=VECTOR('',#2251,7.000000000001E-1);
#2253=CARTESIAN_POINT('',(1.1845E1,1.62E0,-3.5E0));
#2254=LINE('',#2253,#2252);
#2255=DIRECTION('',(0.E0,0.E0,1.E0));
#2256=VECTOR('',#2255,7.E-1);
#2257=CARTESIAN_POINT('',(1.1845E1,1.82E0,-4.2E0));
#2258=LINE('',#2257,#2256);
#2259=DIRECTION('',(0.E0,1.E0,2.264854970235E-13));
#2260=VECTOR('',#2259,2.E-1);
#2261=CARTESIAN_POINT('',(1.1845E1,1.62E0,-4.2E0));
#2262=LINE('',#2261,#2260);
#2263=DIRECTION('',(0.E0,0.E0,-1.E0));
#2264=VECTOR('',#2263,7.000000000001E-1);
#2265=CARTESIAN_POINT('',(1.1555E1,1.62E0,-3.5E0));
#2266=LINE('',#2265,#2264);
#2267=DIRECTION('',(0.E0,1.E0,2.220446049250E-13));
#2268=VECTOR('',#2267,2.E-1);
#2269=CARTESIAN_POINT('',(1.1555E1,1.62E0,-4.2E0));
#2270=LINE('',#2269,#2268);
#2271=DIRECTION('',(0.E0,0.E0,1.E0));
#2272=VECTOR('',#2271,7.E-1);
#2273=CARTESIAN_POINT('',(1.1555E1,1.82E0,-4.2E0));
#2274=LINE('',#2273,#2272);
#2275=DIRECTION('',(0.E0,-1.E0,1.554312234475E-13));
#2276=VECTOR('',#2275,2.E-1);
#2277=CARTESIAN_POINT('',(1.1555E1,1.82E0,-3.5E0));
#2278=LINE('',#2277,#2276);
#2279=DIRECTION('',(0.E0,0.E0,1.E0));
#2280=VECTOR('',#2279,1.1E-1);
#2281=CARTESIAN_POINT('',(1.1355E1,1.62E0,-4.2E0));
#2282=LINE('',#2281,#2280);
#2283=DIRECTION('',(1.E0,0.E0,0.E0));
#2284=VECTOR('',#2283,1.9E-1);
#2285=CARTESIAN_POINT('',(1.1355E1,1.62E0,-4.09E0));
#2286=LINE('',#2285,#2284);
#2287=DIRECTION('',(0.E0,0.E0,1.E0));
#2288=VECTOR('',#2287,1.1E-1);
#2289=CARTESIAN_POINT('',(1.1545E1,1.62E0,-4.2E0));
#2290=LINE('',#2289,#2288);
#2291=DIRECTION('',(-1.E0,0.E0,4.440892098500E-12));
#2292=VECTOR('',#2291,1.E-2);
#2293=CARTESIAN_POINT('',(1.1555E1,1.62E0,-4.2E0));
#2294=LINE('',#2293,#2292);
#2295=DIRECTION('',(-1.E0,0.E0,-4.440892098500E-12));
#2296=VECTOR('',#2295,1.E-2);
#2297=CARTESIAN_POINT('',(1.1355E1,1.62E0,-4.2E0));
#2298=LINE('',#2297,#2296);
#2299=CARTESIAN_POINT('',(1.1355E1,1.349243459677E0,-9.893449050845E-1));
#2300=DIRECTION('',(1.E0,0.E0,0.E0));
#2301=DIRECTION('',(0.E0,-4.878746331671E-1,8.729137083996E-1));
#2302=AXIS2_PLACEMENT_3D('',#2299,#2300,#2301);
#2304=DIRECTION('',(0.E0,-4.226182617383E-1,-9.063077870378E-1));
#2305=VECTOR('',#2304,2.214638864091E-2);
#2306=CARTESIAN_POINT('',(1.1355E1,1.077351123566E0,-8.625594265622E-1));
#2307=LINE('',#2306,#2305);
#2308=DIRECTION('',(-2.210839601921E-13,5.303311836799E-2,-9.985927540074E-1));
#2309=VECTOR('',#2308,1.759612716774E0);
#2310=CARTESIAN_POINT('',(1.1355E1,1.067991655295E0,-8.826308710422E-1));
#2311=LINE('',#2310,#2309);
#2312=DIRECTION('',(7.899842918997E-13,9.138115486203E-1,-4.061384660534E-1));
#2313=VECTOR('',#2312,4.924428900898E-1);
#2314=CARTESIAN_POINT('',(1.1355E1,2.5E-1,-4.2E0));
#2315=LINE('',#2314,#2313);
#2316=CARTESIAN_POINT('',(1.1355E1,1.548899653687E0,-4.5E0));
#2317=DIRECTION('',(-1.E0,0.E0,0.E0));
#2318=DIRECTION('',(0.E0,0.E0,1.E0));
#2319=AXIS2_PLACEMENT_3D('',#2316,#2317,#2318);
#2321=DIRECTION('',(0.E0,5.233595624304E-2,-9.986295347546E-1));
#2322=VECTOR('',#2321,4.057897163273E-1);
#2323=CARTESIAN_POINT('',(1.1355E1,1.648762607162E0,-4.494766404376E0));
#2324=LINE('',#2323,#2322);
#2325=DIRECTION('',(0.E0,-5.233595624329E-2,9.986295347546E-1));
#2326=VECTOR('',#2325,7.162151435867E-1);
#2327=CARTESIAN_POINT('',(1.1355E1,1.87E0,-4.9E0));
#2328=LINE('',#2327,#2326);
#2329=CARTESIAN_POINT('',(1.1355E1,1.732653242109E0,-4.19E0));
#2330=DIRECTION('',(1.E0,0.E0,0.E0));
#2331=DIRECTION('',(0.E0,9.986295347546E-1,5.233595624288E-2));
#2332=AXIS2_PLACEMENT_3D('',#2329,#2330,#2331);
#2334=DIRECTION('',(-1.E0,0.E0,0.E0));
#2335=VECTOR('',#2334,1.899999999992E-1);
#2336=CARTESIAN_POINT('',(1.1545E1,1.077351123566E0,-8.625594265622E-1));
#2337=LINE('',#2336,#2335);
#2338=DIRECTION('',(2.140173495923E-13,5.303311836799E-2,-9.985927540074E-1));
#2339=VECTOR('',#2338,1.759612716774E0);
#2340=CARTESIAN_POINT('',(1.1545E1,1.067991655295E0,-8.826308710422E-1));
#2341=LINE('',#2340,#2339);
#2342=DIRECTION('',(4.010488726182E-13,-4.226182617383E-1,-9.063077870378E-1));
#2343=VECTOR('',#2342,2.214638864091E-2);
#2344=CARTESIAN_POINT('',(1.1545E1,1.077351123566E0,-8.625594265622E-1));
#2345=LINE('',#2344,#2343);
#2346=CARTESIAN_POINT('',(1.1545E1,1.349243459677E0,-9.893449050845E-1));
#2347=DIRECTION('',(1.E0,0.E0,0.E0));
#2348=DIRECTION('',(0.E0,-4.878746331671E-1,8.729137083996E-1));
#2349=AXIS2_PLACEMENT_3D('',#2346,#2347,#2348);
#2351=CARTESIAN_POINT('',(1.1545E1,1.732653242109E0,-4.19E0));
#2352=DIRECTION('',(1.E0,0.E0,0.E0));
#2353=DIRECTION('',(0.E0,9.986295347546E-1,5.233595624288E-2));
#2354=AXIS2_PLACEMENT_3D('',#2351,#2352,#2353);
#2356=DIRECTION('',(0.E0,-5.233595624329E-2,9.986295347546E-1));
#2357=VECTOR('',#2356,7.162151435867E-1);
#2358=CARTESIAN_POINT('',(1.1545E1,1.87E0,-4.9E0));
#2359=LINE('',#2358,#2357);
#2360=DIRECTION('',(2.188765224853E-14,5.233595624304E-2,-9.986295347546E-1));
#2361=VECTOR('',#2360,4.057897163273E-1);
#2362=CARTESIAN_POINT('',(1.1545E1,1.648762607162E0,-4.494766404376E0));
#2363=LINE('',#2362,#2361);
#2364=CARTESIAN_POINT('',(1.1545E1,1.548899653687E0,-4.5E0));
#2365=DIRECTION('',(-1.E0,0.E0,0.E0));
#2366=DIRECTION('',(0.E0,0.E0,1.E0));
#2367=AXIS2_PLACEMENT_3D('',#2364,#2365,#2366);
#2369=DIRECTION('',(-7.647336524326E-13,9.138115486203E-1,-4.061384660534E-1));
#2370=VECTOR('',#2369,4.924428900898E-1);
#2371=CARTESIAN_POINT('',(1.1545E1,2.5E-1,-4.2E0));
#2372=LINE('',#2371,#2370);
#2373=DIRECTION('',(-1.E0,0.E0,0.E0));
#2374=VECTOR('',#2373,1.899999999992E-1);
#2375=CARTESIAN_POINT('',(1.1545E1,1.067991655295E0,-8.826308710422E-1));
#2376=LINE('',#2375,#2374);
#2377=DIRECTION('',(-3.469039127070E-12,-1.E0,0.E0));
#2378=VECTOR('',#2377,1.126532421092E-1);
#2379=CARTESIAN_POINT('',(1.1355E1,1.732653242109E0,-4.09E0));
#2380=LINE('',#2379,#2378);
#2381=DIRECTION('',(-3.374428969059E-12,1.E0,0.E0));
#2382=VECTOR('',#2381,1.126532421092E-1);
#2383=CARTESIAN_POINT('',(1.1545E1,1.62E0,-4.09E0));
#2384=LINE('',#2383,#2382);
#2385=DIRECTION('',(1.E0,0.E0,0.E0));
#2386=VECTOR('',#2385,1.899999999992E-1);
#2387=CARTESIAN_POINT('',(1.1355E1,1.832516195584E0,-4.184766404376E0));
#2388=LINE('',#2387,#2386);
#2389=DIRECTION('',(-1.E0,0.E0,0.E0));
#2390=VECTOR('',#2389,1.899999999992E-1);
#2391=CARTESIAN_POINT('',(1.1545E1,1.732653242109E0,-4.09E0));
#2392=LINE('',#2391,#2390);
#2393=DIRECTION('',(-1.E0,0.E0,0.E0));
#2394=VECTOR('',#2393,1.899999999992E-1);
#2395=CARTESIAN_POINT('',(1.1545E1,1.87E0,-4.9E0));
#2396=LINE('',#2395,#2394);
#2397=DIRECTION('',(0.E0,1.E0,8.437694987149E-14));
#2398=VECTOR('',#2397,2.000000000001E-1);
#2399=CARTESIAN_POINT('',(1.1355E1,1.67E0,-4.9E0));
#2400=LINE('',#2399,#2398);
#2401=DIRECTION('',(-1.E0,0.E0,0.E0));
#2402=VECTOR('',#2401,1.899999999992E-1);
#2403=CARTESIAN_POINT('',(1.1545E1,1.67E0,-4.9E0));
#2404=LINE('',#2403,#2402);
#2405=DIRECTION('',(0.E0,-1.E0,-8.437694987149E-14));
#2406=VECTOR('',#2405,2.000000000001E-1);
#2407=CARTESIAN_POINT('',(1.1545E1,1.87E0,-4.9E0));
#2408=LINE('',#2407,#2406);
#2409=DIRECTION('',(1.E0,0.E0,0.E0));
#2410=VECTOR('',#2409,1.899999999992E-1);
#2411=CARTESIAN_POINT('',(1.1355E1,1.648762607162E0,-4.494766404376E0));
#2412=LINE('',#2411,#2410);
#2413=DIRECTION('',(-1.E0,0.E0,0.E0));
#2414=VECTOR('',#2413,1.899999999992E-1);
#2415=CARTESIAN_POINT('',(1.1545E1,1.548899653687E0,-4.4E0));
#2416=LINE('',#2415,#2414);
#2417=DIRECTION('',(-1.E0,0.E0,0.E0));
#2418=VECTOR('',#2417,1.899999999992E-1);
#2419=CARTESIAN_POINT('',(1.1545E1,7.E-1,-4.4E0));
#2420=LINE('',#2419,#2418);
#2421=DIRECTION('',(1.046270210905E-14,-1.E0,1.851898273301E-13));
#2422=VECTOR('',#2421,8.488996536872E-1);
#2423=CARTESIAN_POINT('',(1.1545E1,1.548899653687E0,-4.4E0));
#2424=LINE('',#2423,#2422);
#2425=DIRECTION('',(0.E0,1.E0,-1.851898273301E-13));
#2426=VECTOR('',#2425,8.488996536872E-1);
#2427=CARTESIAN_POINT('',(1.1355E1,7.E-1,-4.4E0));
#2428=LINE('',#2427,#2426);
#2429=DIRECTION('',(1.E0,0.E0,0.E0));
#2430=VECTOR('',#2429,2.1E-1);
#2431=CARTESIAN_POINT('',(1.1345E1,1.62E0,-3.5E0));
#2432=LINE('',#2431,#2430);
#2433=DIRECTION('',(-1.E0,0.E0,0.E0));
#2434=VECTOR('',#2433,2.1E-1);
#2435=CARTESIAN_POINT('',(1.1555E1,1.82E0,-3.5E0));
#2436=LINE('',#2435,#2434);
#2437=DIRECTION('',(0.E0,0.E0,-1.E0));
#2438=VECTOR('',#2437,7.000000000001E-1);
#2439=CARTESIAN_POINT('',(1.1345E1,1.62E0,-3.5E0));
#2440=LINE('',#2439,#2438);
#2441=DIRECTION('',(0.E0,-1.E0,1.554312234475E-13));
#2442=VECTOR('',#2441,2.E-1);
#2443=CARTESIAN_POINT('',(1.1345E1,1.82E0,-3.5E0));
#2444=LINE('',#2443,#2442);
#2445=DIRECTION('',(0.E0,0.E0,1.E0));
#2446=VECTOR('',#2445,7.E-1);
#2447=CARTESIAN_POINT('',(1.1345E1,1.82E0,-4.2E0));
#2448=LINE('',#2447,#2446);
#2449=DIRECTION('',(0.E0,1.E0,2.264854970235E-13));
#2450=VECTOR('',#2449,2.E-1);
#2451=CARTESIAN_POINT('',(1.1345E1,1.62E0,-4.2E0));
#2452=LINE('',#2451,#2450);
#2453=DIRECTION('',(0.E0,0.E0,-1.E0));
#2454=VECTOR('',#2453,7.000000000001E-1);
#2455=CARTESIAN_POINT('',(1.1055E1,1.62E0,-3.5E0));
#2456=LINE('',#2455,#2454);
#2457=DIRECTION('',(0.E0,1.E0,2.264854970235E-13));
#2458=VECTOR('',#2457,2.E-1);
#2459=CARTESIAN_POINT('',(1.1055E1,1.62E0,-4.2E0));
#2460=LINE('',#2459,#2458);
#2461=DIRECTION('',(0.E0,0.E0,1.E0));
#2462=VECTOR('',#2461,7.E-1);
#2463=CARTESIAN_POINT('',(1.1055E1,1.82E0,-4.2E0));
#2464=LINE('',#2463,#2462);
#2465=DIRECTION('',(0.E0,-1.E0,1.554312234475E-13));
#2466=VECTOR('',#2465,2.E-1);
#2467=CARTESIAN_POINT('',(1.1055E1,1.82E0,-3.5E0));
#2468=LINE('',#2467,#2466);
#2469=DIRECTION('',(0.E0,0.E0,1.E0));
#2470=VECTOR('',#2469,1.1E-1);
#2471=CARTESIAN_POINT('',(1.0855E1,1.62E0,-4.2E0));
#2472=LINE('',#2471,#2470);
#2473=DIRECTION('',(1.E0,0.E0,0.E0));
#2474=VECTOR('',#2473,1.9E-1);
#2475=CARTESIAN_POINT('',(1.0855E1,1.62E0,-4.09E0));
#2476=LINE('',#2475,#2474);
#2477=DIRECTION('',(0.E0,0.E0,1.E0));
#2478=VECTOR('',#2477,1.1E-1);
#2479=CARTESIAN_POINT('',(1.1045E1,1.62E0,-4.2E0));
#2480=LINE('',#2479,#2478);
#2481=DIRECTION('',(-1.E0,0.E0,4.440892098500E-12));
#2482=VECTOR('',#2481,1.E-2);
#2483=CARTESIAN_POINT('',(1.1055E1,1.62E0,-4.2E0));
#2484=LINE('',#2483,#2482);
#2485=DIRECTION('',(-1.E0,0.E0,-4.440892098501E-12));
#2486=VECTOR('',#2485,1.E-2);
#2487=CARTESIAN_POINT('',(1.0855E1,1.62E0,-4.2E0));
#2488=LINE('',#2487,#2486);
#2489=CARTESIAN_POINT('',(1.0855E1,1.349243459677E0,-9.893449050845E-1));
#2490=DIRECTION('',(1.E0,0.E0,0.E0));
#2491=DIRECTION('',(0.E0,-4.878746331671E-1,8.729137083996E-1));
#2492=AXIS2_PLACEMENT_3D('',#2489,#2490,#2491);
#2494=DIRECTION('',(0.E0,-4.226182617383E-1,-9.063077870378E-1));
#2495=VECTOR('',#2494,2.214638864091E-2);
#2496=CARTESIAN_POINT('',(1.0855E1,1.077351123566E0,-8.625594265622E-1));
#2497=LINE('',#2496,#2495);
#2498=DIRECTION('',(-2.210839601921E-13,5.303311836799E-2,-9.985927540074E-1));
#2499=VECTOR('',#2498,1.759612716774E0);
#2500=CARTESIAN_POINT('',(1.0855E1,1.067991655295E0,-8.826308710422E-1));
#2501=LINE('',#2500,#2499);
#2502=DIRECTION('',(7.899842918997E-13,9.138115486203E-1,-4.061384660534E-1));
#2503=VECTOR('',#2502,4.924428900898E-1);
#2504=CARTESIAN_POINT('',(1.0855E1,2.5E-1,-4.2E0));
#2505=LINE('',#2504,#2503);
#2506=CARTESIAN_POINT('',(1.0855E1,1.548899653687E0,-4.5E0));
#2507=DIRECTION('',(-1.E0,0.E0,0.E0));
#2508=DIRECTION('',(0.E0,0.E0,1.E0));
#2509=AXIS2_PLACEMENT_3D('',#2506,#2507,#2508);
#2511=DIRECTION('',(0.E0,5.233595624304E-2,-9.986295347546E-1));
#2512=VECTOR('',#2511,4.057897163273E-1);
#2513=CARTESIAN_POINT('',(1.0855E1,1.648762607162E0,-4.494766404376E0));
#2514=LINE('',#2513,#2512);
#2515=DIRECTION('',(0.E0,-5.233595624329E-2,9.986295347546E-1));
#2516=VECTOR('',#2515,7.162151435867E-1);
#2517=CARTESIAN_POINT('',(1.0855E1,1.87E0,-4.9E0));
#2518=LINE('',#2517,#2516);
#2519=CARTESIAN_POINT('',(1.0855E1,1.732653242109E0,-4.19E0));
#2520=DIRECTION('',(1.E0,0.E0,0.E0));
#2521=DIRECTION('',(0.E0,9.986295347546E-1,5.233595624288E-2));
#2522=AXIS2_PLACEMENT_3D('',#2519,#2520,#2521);
#2524=DIRECTION('',(-1.E0,0.E0,0.E0));
#2525=VECTOR('',#2524,1.899999999992E-1);
#2526=CARTESIAN_POINT('',(1.1045E1,1.077351123566E0,-8.625594265622E-1));
#2527=LINE('',#2526,#2525);
#2528=DIRECTION('',(2.140173495923E-13,5.303311836799E-2,-9.985927540074E-1));
#2529=VECTOR('',#2528,1.759612716774E0);
#2530=CARTESIAN_POINT('',(1.1045E1,1.067991655295E0,-8.826308710422E-1));
#2531=LINE('',#2530,#2529);
#2532=DIRECTION('',(4.010488726182E-13,-4.226182617383E-1,-9.063077870378E-1));
#2533=VECTOR('',#2532,2.214638864091E-2);
#2534=CARTESIAN_POINT('',(1.1045E1,1.077351123566E0,-8.625594265622E-1));
#2535=LINE('',#2534,#2533);
#2536=CARTESIAN_POINT('',(1.1045E1,1.349243459677E0,-9.893449050845E-1));
#2537=DIRECTION('',(1.E0,0.E0,0.E0));
#2538=DIRECTION('',(0.E0,-4.878746331671E-1,8.729137083996E-1));
#2539=AXIS2_PLACEMENT_3D('',#2536,#2537,#2538);
#2541=CARTESIAN_POINT('',(1.1045E1,1.732653242109E0,-4.19E0));
#2542=DIRECTION('',(1.E0,0.E0,0.E0));
#2543=DIRECTION('',(0.E0,9.986295347546E-1,5.233595624288E-2));
#2544=AXIS2_PLACEMENT_3D('',#2541,#2542,#2543);
#2546=DIRECTION('',(0.E0,-5.233595624329E-2,9.986295347546E-1));
#2547=VECTOR('',#2546,7.162151435867E-1);
#2548=CARTESIAN_POINT('',(1.1045E1,1.87E0,-4.9E0));
#2549=LINE('',#2548,#2547);
#2550=DIRECTION('',(2.188765224853E-14,5.233595624304E-2,-9.986295347546E-1));
#2551=VECTOR('',#2550,4.057897163273E-1);
#2552=CARTESIAN_POINT('',(1.1045E1,1.648762607162E0,-4.494766404376E0));
#2553=LINE('',#2552,#2551);
#2554=CARTESIAN_POINT('',(1.1045E1,1.548899653687E0,-4.5E0));
#2555=DIRECTION('',(-1.E0,0.E0,0.E0));
#2556=DIRECTION('',(0.E0,0.E0,1.E0));
#2557=AXIS2_PLACEMENT_3D('',#2554,#2555,#2556);
#2559=DIRECTION('',(-7.647336524326E-13,9.138115486203E-1,-4.061384660534E-1));
#2560=VECTOR('',#2559,4.924428900898E-1);
#2561=CARTESIAN_POINT('',(1.1045E1,2.5E-1,-4.2E0));
#2562=LINE('',#2561,#2560);
#2563=DIRECTION('',(-1.E0,0.E0,0.E0));
#2564=VECTOR('',#2563,1.899999999992E-1);
#2565=CARTESIAN_POINT('',(1.1045E1,1.067991655295E0,-8.826308710422E-1));
#2566=LINE('',#2565,#2564);
#2567=DIRECTION('',(-3.469039127070E-12,-1.E0,0.E0));
#2568=VECTOR('',#2567,1.126532421092E-1);
#2569=CARTESIAN_POINT('',(1.0855E1,1.732653242109E0,-4.09E0));
#2570=LINE('',#2569,#2568);
#2571=DIRECTION('',(-3.374428969059E-12,1.E0,0.E0));
#2572=VECTOR('',#2571,1.126532421092E-1);
#2573=CARTESIAN_POINT('',(1.1045E1,1.62E0,-4.09E0));
#2574=LINE('',#2573,#2572);
#2575=DIRECTION('',(1.E0,0.E0,0.E0));
#2576=VECTOR('',#2575,1.899999999992E-1);
#2577=CARTESIAN_POINT('',(1.0855E1,1.832516195584E0,-4.184766404376E0));
#2578=LINE('',#2577,#2576);
#2579=DIRECTION('',(-1.E0,0.E0,0.E0));
#2580=VECTOR('',#2579,1.899999999992E-1);
#2581=CARTESIAN_POINT('',(1.1045E1,1.732653242109E0,-4.09E0));
#2582=LINE('',#2581,#2580);
#2583=DIRECTION('',(-1.E0,0.E0,0.E0));
#2584=VECTOR('',#2583,1.899999999992E-1);
#2585=CARTESIAN_POINT('',(1.1045E1,1.87E0,-4.9E0));
#2586=LINE('',#2585,#2584);
#2587=DIRECTION('',(0.E0,1.E0,8.437694987149E-14));
#2588=VECTOR('',#2587,2.000000000001E-1);
#2589=CARTESIAN_POINT('',(1.0855E1,1.67E0,-4.9E0));
#2590=LINE('',#2589,#2588);
#2591=DIRECTION('',(-1.E0,0.E0,0.E0));
#2592=VECTOR('',#2591,1.899999999992E-1);
#2593=CARTESIAN_POINT('',(1.1045E1,1.67E0,-4.9E0));
#2594=LINE('',#2593,#2592);
#2595=DIRECTION('',(0.E0,-1.E0,-8.437694987149E-14));
#2596=VECTOR('',#2595,2.000000000001E-1);
#2597=CARTESIAN_POINT('',(1.1045E1,1.87E0,-4.9E0));
#2598=LINE('',#2597,#2596);
#2599=DIRECTION('',(1.E0,0.E0,0.E0));
#2600=VECTOR('',#2599,1.899999999992E-1);
#2601=CARTESIAN_POINT('',(1.0855E1,1.648762607162E0,-4.494766404376E0));
#2602=LINE('',#2601,#2600);
#2603=DIRECTION('',(-1.E0,0.E0,0.E0));
#2604=VECTOR('',#2603,1.899999999992E-1);
#2605=CARTESIAN_POINT('',(1.1045E1,1.548899653687E0,-4.4E0));
#2606=LINE('',#2605,#2604);
#2607=DIRECTION('',(-1.E0,0.E0,0.E0));
#2608=VECTOR('',#2607,1.899999999992E-1);
#2609=CARTESIAN_POINT('',(1.1045E1,7.E-1,-4.4E0));
#2610=LINE('',#2609,#2608);
#2611=DIRECTION('',(1.046270210905E-14,-1.E0,1.851898273301E-13));
#2612=VECTOR('',#2611,8.488996536872E-1);
#2613=CARTESIAN_POINT('',(1.1045E1,1.548899653687E0,-4.4E0));
#2614=LINE('',#2613,#2612);
#2615=DIRECTION('',(0.E0,1.E0,-1.851898273301E-13));
#2616=VECTOR('',#2615,8.488996536872E-1);
#2617=CARTESIAN_POINT('',(1.0855E1,7.E-1,-4.4E0));
#2618=LINE('',#2617,#2616);
#2619=DIRECTION('',(1.E0,0.E0,0.E0));
#2620=VECTOR('',#2619,2.1E-1);
#2621=CARTESIAN_POINT('',(1.0845E1,1.62E0,-3.5E0));
#2622=LINE('',#2621,#2620);
#2623=DIRECTION('',(-1.E0,0.E0,0.E0));
#2624=VECTOR('',#2623,2.1E-1);
#2625=CARTESIAN_POINT('',(1.1055E1,1.82E0,-3.5E0));
#2626=LINE('',#2625,#2624);
#2627=DIRECTION('',(0.E0,0.E0,-1.E0));
#2628=VECTOR('',#2627,7.000000000001E-1);
#2629=CARTESIAN_POINT('',(1.0845E1,1.62E0,-3.5E0));
#2630=LINE('',#2629,#2628);
#2631=DIRECTION('',(0.E0,-1.E0,1.554312234475E-13));
#2632=VECTOR('',#2631,2.E-1);
#2633=CARTESIAN_POINT('',(1.0845E1,1.82E0,-3.5E0));
#2634=LINE('',#2633,#2632);
#2635=DIRECTION('',(0.E0,0.E0,1.E0));
#2636=VECTOR('',#2635,7.E-1);
#2637=CARTESIAN_POINT('',(1.0845E1,1.82E0,-4.2E0));
#2638=LINE('',#2637,#2636);
#2639=DIRECTION('',(0.E0,1.E0,2.264854970235E-13));
#2640=VECTOR('',#2639,2.E-1);
#2641=CARTESIAN_POINT('',(1.0845E1,1.62E0,-4.2E0));
#2642=LINE('',#2641,#2640);
#2643=DIRECTION('',(0.E0,0.E0,-1.E0));
#2644=VECTOR('',#2643,7.000000000001E-1);
#2645=CARTESIAN_POINT('',(1.0555E1,1.62E0,-3.5E0));
#2646=LINE('',#2645,#2644);
#2647=DIRECTION('',(0.E0,1.E0,2.264854970235E-13));
#2648=VECTOR('',#2647,2.E-1);
#2649=CARTESIAN_POINT('',(1.0555E1,1.62E0,-4.2E0));
#2650=LINE('',#2649,#2648);
#2651=DIRECTION('',(0.E0,0.E0,1.E0));
#2652=VECTOR('',#2651,7.E-1);
#2653=CARTESIAN_POINT('',(1.0555E1,1.82E0,-4.2E0));
#2654=LINE('',#2653,#2652);
#2655=DIRECTION('',(0.E0,-1.E0,1.554312234475E-13));
#2656=VECTOR('',#2655,2.E-1);
#2657=CARTESIAN_POINT('',(1.0555E1,1.82E0,-3.5E0));
#2658=LINE('',#2657,#2656);
#2659=DIRECTION('',(0.E0,0.E0,1.E0));
#2660=VECTOR('',#2659,1.1E-1);
#2661=CARTESIAN_POINT('',(1.0355E1,1.62E0,-4.2E0));
#2662=LINE('',#2661,#2660);
#2663=DIRECTION('',(1.E0,0.E0,0.E0));
#2664=VECTOR('',#2663,1.9E-1);
#2665=CARTESIAN_POINT('',(1.0355E1,1.62E0,-4.09E0));
#2666=LINE('',#2665,#2664);
#2667=DIRECTION('',(0.E0,0.E0,1.E0));
#2668=VECTOR('',#2667,1.1E-1);
#2669=CARTESIAN_POINT('',(1.0545E1,1.62E0,-4.2E0));
#2670=LINE('',#2669,#2668);
#2671=DIRECTION('',(-1.E0,0.E0,4.440892098501E-12));
#2672=VECTOR('',#2671,1.E-2);
#2673=CARTESIAN_POINT('',(1.0555E1,1.62E0,-4.2E0));
#2674=LINE('',#2673,#2672);
#2675=DIRECTION('',(-1.E0,0.E0,-4.440892098501E-12));
#2676=VECTOR('',#2675,1.E-2);
#2677=CARTESIAN_POINT('',(1.0355E1,1.62E0,-4.2E0));
#2678=LINE('',#2677,#2676);
#2679=CARTESIAN_POINT('',(1.0355E1,1.349243459677E0,-9.893449050845E-1));
#2680=DIRECTION('',(1.E0,0.E0,0.E0));
#2681=DIRECTION('',(0.E0,-4.878746331671E-1,8.729137083996E-1));
#2682=AXIS2_PLACEMENT_3D('',#2679,#2680,#2681);
#2684=DIRECTION('',(0.E0,-4.226182617383E-1,-9.063077870378E-1));
#2685=VECTOR('',#2684,2.214638864091E-2);
#2686=CARTESIAN_POINT('',(1.0355E1,1.077351123566E0,-8.625594265622E-1));
#2687=LINE('',#2686,#2685);
#2688=DIRECTION('',(-2.210839601921E-13,5.303311836799E-2,-9.985927540074E-1));
#2689=VECTOR('',#2688,1.759612716774E0);
#2690=CARTESIAN_POINT('',(1.0355E1,1.067991655295E0,-8.826308710422E-1));
#2691=LINE('',#2690,#2689);
#2692=DIRECTION('',(7.899842918997E-13,9.138115486203E-1,-4.061384660534E-1));
#2693=VECTOR('',#2692,4.924428900898E-1);
#2694=CARTESIAN_POINT('',(1.0355E1,2.5E-1,-4.2E0));
#2695=LINE('',#2694,#2693);
#2696=CARTESIAN_POINT('',(1.0355E1,1.548899653687E0,-4.5E0));
#2697=DIRECTION('',(-1.E0,0.E0,0.E0));
#2698=DIRECTION('',(0.E0,0.E0,1.E0));
#2699=AXIS2_PLACEMENT_3D('',#2696,#2697,#2698);
#2701=DIRECTION('',(0.E0,5.233595624304E-2,-9.986295347546E-1));
#2702=VECTOR('',#2701,4.057897163273E-1);
#2703=CARTESIAN_POINT('',(1.0355E1,1.648762607162E0,-4.494766404376E0));
#2704=LINE('',#2703,#2702);
#2705=DIRECTION('',(0.E0,-5.233595624329E-2,9.986295347546E-1));
#2706=VECTOR('',#2705,7.162151435867E-1);
#2707=CARTESIAN_POINT('',(1.0355E1,1.87E0,-4.9E0));
#2708=LINE('',#2707,#2706);
#2709=CARTESIAN_POINT('',(1.0355E1,1.732653242109E0,-4.19E0));
#2710=DIRECTION('',(1.E0,0.E0,0.E0));
#2711=DIRECTION('',(0.E0,9.986295347546E-1,5.233595624288E-2));
#2712=AXIS2_PLACEMENT_3D('',#2709,#2710,#2711);
#2714=DIRECTION('',(-1.E0,0.E0,0.E0));
#2715=VECTOR('',#2714,1.899999999992E-1);
#2716=CARTESIAN_POINT('',(1.0545E1,1.077351123566E0,-8.625594265622E-1));
#2717=LINE('',#2716,#2715);
#2718=DIRECTION('',(2.150268653923E-13,5.303311836799E-2,-9.985927540074E-1));
#2719=VECTOR('',#2718,1.759612716774E0);
#2720=CARTESIAN_POINT('',(1.0545E1,1.067991655295E0,-8.826308710422E-1));
#2721=LINE('',#2720,#2719);
#2722=DIRECTION('',(4.010488726182E-13,-4.226182617383E-1,-9.063077870378E-1));
#2723=VECTOR('',#2722,2.214638864091E-2);
#2724=CARTESIAN_POINT('',(1.0545E1,1.077351123566E0,-8.625594265622E-1));
#2725=LINE('',#2724,#2723);
#2726=CARTESIAN_POINT('',(1.0545E1,1.349243459677E0,-9.893449050845E-1));
#2727=DIRECTION('',(1.E0,0.E0,0.E0));
#2728=DIRECTION('',(0.E0,-4.878746331671E-1,8.729137083996E-1));
#2729=AXIS2_PLACEMENT_3D('',#2726,#2727,#2728);
#2731=CARTESIAN_POINT('',(1.0545E1,1.732653242109E0,-4.19E0));
#2732=DIRECTION('',(1.E0,0.E0,0.E0));
#2733=DIRECTION('',(0.E0,9.986295347546E-1,5.233595624288E-2));
#2734=AXIS2_PLACEMENT_3D('',#2731,#2732,#2733);
#2736=DIRECTION('',(0.E0,-5.233595624329E-2,9.986295347546E-1));
#2737=VECTOR('',#2736,7.162151435867E-1);
#2738=CARTESIAN_POINT('',(1.0545E1,1.87E0,-4.9E0));
#2739=LINE('',#2738,#2737);
#2740=DIRECTION('',(2.188765224853E-14,5.233595624304E-2,-9.986295347546E-1));
#2741=VECTOR('',#2740,4.057897163273E-1);
#2742=CARTESIAN_POINT('',(1.0545E1,1.648762607162E0,-4.494766404376E0));
#2743=LINE('',#2742,#2741);
#2744=CARTESIAN_POINT('',(1.0545E1,1.548899653687E0,-4.5E0));
#2745=DIRECTION('',(-1.E0,0.E0,0.E0));
#2746=DIRECTION('',(0.E0,0.E0,1.E0));
#2747=AXIS2_PLACEMENT_3D('',#2744,#2745,#2746);
#2749=DIRECTION('',(-7.683408866422E-13,9.138115486203E-1,-4.061384660534E-1));
#2750=VECTOR('',#2749,4.924428900898E-1);
#2751=CARTESIAN_POINT('',(1.0545E1,2.5E-1,-4.2E0));
#2752=LINE('',#2751,#2750);
#2753=DIRECTION('',(-1.E0,0.E0,0.E0));
#2754=VECTOR('',#2753,1.899999999992E-1);
#2755=CARTESIAN_POINT('',(1.0545E1,1.067991655295E0,-8.826308710422E-1));
#2756=LINE('',#2755,#2754);
#2757=DIRECTION('',(-3.484807486738E-12,-1.E0,0.E0));
#2758=VECTOR('',#2757,1.126532421092E-1);
#2759=CARTESIAN_POINT('',(1.0355E1,1.732653242109E0,-4.09E0));
#2760=LINE('',#2759,#2758);
#2761=DIRECTION('',(-3.390197328727E-12,1.E0,0.E0));
#2762=VECTOR('',#2761,1.126532421092E-1);
#2763=CARTESIAN_POINT('',(1.0545E1,1.62E0,-4.09E0));
#2764=LINE('',#2763,#2762);
#2765=DIRECTION('',(1.E0,0.E0,0.E0));
#2766=VECTOR('',#2765,1.899999999992E-1);
#2767=CARTESIAN_POINT('',(1.0355E1,1.832516195584E0,-4.184766404376E0));
#2768=LINE('',#2767,#2766);
#2769=DIRECTION('',(-1.E0,0.E0,0.E0));
#2770=VECTOR('',#2769,1.899999999992E-1);
#2771=CARTESIAN_POINT('',(1.0545E1,1.732653242109E0,-4.09E0));
#2772=LINE('',#2771,#2770);
#2773=DIRECTION('',(-1.E0,0.E0,0.E0));
#2774=VECTOR('',#2773,1.899999999992E-1);
#2775=CARTESIAN_POINT('',(1.0545E1,1.87E0,-4.9E0));
#2776=LINE('',#2775,#2774);
#2777=DIRECTION('',(0.E0,1.E0,8.437694987149E-14));
#2778=VECTOR('',#2777,2.000000000001E-1);
#2779=CARTESIAN_POINT('',(1.0355E1,1.67E0,-4.9E0));
#2780=LINE('',#2779,#2778);
#2781=DIRECTION('',(-1.E0,0.E0,0.E0));
#2782=VECTOR('',#2781,1.899999999992E-1);
#2783=CARTESIAN_POINT('',(1.0545E1,1.67E0,-4.9E0));
#2784=LINE('',#2783,#2782);
#2785=DIRECTION('',(0.E0,-1.E0,-8.437694987149E-14));
#2786=VECTOR('',#2785,2.000000000001E-1);
#2787=CARTESIAN_POINT('',(1.0545E1,1.87E0,-4.9E0));
#2788=LINE('',#2787,#2786);
#2789=DIRECTION('',(1.E0,0.E0,0.E0));
#2790=VECTOR('',#2789,1.899999999992E-1);
#2791=CARTESIAN_POINT('',(1.0355E1,1.648762607162E0,-4.494766404376E0));
#2792=LINE('',#2791,#2790);
#2793=DIRECTION('',(-1.E0,0.E0,0.E0));
#2794=VECTOR('',#2793,1.899999999992E-1);
#2795=CARTESIAN_POINT('',(1.0545E1,1.548899653687E0,-4.4E0));
#2796=LINE('',#2795,#2794);
#2797=DIRECTION('',(-1.E0,0.E0,0.E0));
#2798=VECTOR('',#2797,1.899999999992E-1);
#2799=CARTESIAN_POINT('',(1.0545E1,7.E-1,-4.4E0));
#2800=LINE('',#2799,#2798);
#2801=DIRECTION('',(1.046270210905E-14,-1.E0,1.851898273301E-13));
#2802=VECTOR('',#2801,8.488996536872E-1);
#2803=CARTESIAN_POINT('',(1.0545E1,1.548899653687E0,-4.4E0));
#2804=LINE('',#2803,#2802);
#2805=DIRECTION('',(0.E0,1.E0,-1.851898273301E-13));
#2806=VECTOR('',#2805,8.488996536872E-1);
#2807=CARTESIAN_POINT('',(1.0355E1,7.E-1,-4.4E0));
#2808=LINE('',#2807,#2806);
#2809=DIRECTION('',(1.E0,0.E0,0.E0));
#2810=VECTOR('',#2809,2.1E-1);
#2811=CARTESIAN_POINT('',(1.0345E1,1.62E0,-3.5E0));
#2812=LINE('',#2811,#2810);
#2813=DIRECTION('',(-1.E0,0.E0,0.E0));
#2814=VECTOR('',#2813,2.1E-1);
#2815=CARTESIAN_POINT('',(1.0555E1,1.82E0,-3.5E0));
#2816=LINE('',#2815,#2814);
#2817=DIRECTION('',(0.E0,0.E0,-1.E0));
#2818=VECTOR('',#2817,7.000000000001E-1);
#2819=CARTESIAN_POINT('',(1.0345E1,1.62E0,-3.5E0));
#2820=LINE('',#2819,#2818);
#2821=DIRECTION('',(0.E0,-1.E0,1.554312234475E-13));
#2822=VECTOR('',#2821,2.E-1);
#2823=CARTESIAN_POINT('',(1.0345E1,1.82E0,-3.5E0));
#2824=LINE('',#2823,#2822);
#2825=DIRECTION('',(0.E0,0.E0,1.E0));
#2826=VECTOR('',#2825,7.E-1);
#2827=CARTESIAN_POINT('',(1.0345E1,1.82E0,-4.2E0));
#2828=LINE('',#2827,#2826);
#2829=DIRECTION('',(0.E0,1.E0,2.264854970235E-13));
#2830=VECTOR('',#2829,2.E-1);
#2831=CARTESIAN_POINT('',(1.0345E1,1.62E0,-4.2E0));
#2832=LINE('',#2831,#2830);
#2833=DIRECTION('',(0.E0,0.E0,-1.E0));
#2834=VECTOR('',#2833,7.000000000001E-1);
#2835=CARTESIAN_POINT('',(1.0055E1,1.62E0,-3.5E0));
#2836=LINE('',#2835,#2834);
#2837=DIRECTION('',(0.E0,1.E0,2.264854970235E-13));
#2838=VECTOR('',#2837,2.E-1);
#2839=CARTESIAN_POINT('',(1.0055E1,1.62E0,-4.2E0));
#2840=LINE('',#2839,#2838);
#2841=DIRECTION('',(0.E0,0.E0,1.E0));
#2842=VECTOR('',#2841,7.E-1);
#2843=CARTESIAN_POINT('',(1.0055E1,1.82E0,-4.2E0));
#2844=LINE('',#2843,#2842);
#2845=DIRECTION('',(0.E0,-1.E0,1.554312234475E-13));
#2846=VECTOR('',#2845,2.E-1);
#2847=CARTESIAN_POINT('',(1.0055E1,1.82E0,-3.5E0));
#2848=LINE('',#2847,#2846);
#2849=DIRECTION('',(0.E0,0.E0,1.E0));
#2850=VECTOR('',#2849,1.1E-1);
#2851=CARTESIAN_POINT('',(9.855E0,1.62E0,-4.2E0));
#2852=LINE('',#2851,#2850);
#2853=DIRECTION('',(1.E0,0.E0,0.E0));
#2854=VECTOR('',#2853,1.9E-1);
#2855=CARTESIAN_POINT('',(9.855E0,1.62E0,-4.09E0));
#2856=LINE('',#2855,#2854);
#2857=DIRECTION('',(0.E0,0.E0,1.E0));
#2858=VECTOR('',#2857,1.1E-1);
#2859=CARTESIAN_POINT('',(1.0045E1,1.62E0,-4.2E0));
#2860=LINE('',#2859,#2858);
#2861=DIRECTION('',(-1.E0,0.E0,4.440892098501E-12));
#2862=VECTOR('',#2861,1.E-2);
#2863=CARTESIAN_POINT('',(1.0055E1,1.62E0,-4.2E0));
#2864=LINE('',#2863,#2862);
#2865=DIRECTION('',(-1.E0,0.E0,-4.440892098500E-12));
#2866=VECTOR('',#2865,1.E-2);
#2867=CARTESIAN_POINT('',(9.855E0,1.62E0,-4.2E0));
#2868=LINE('',#2867,#2866);
#2869=CARTESIAN_POINT('',(9.855E0,1.349243459677E0,-9.893449050845E-1));
#2870=DIRECTION('',(1.E0,0.E0,0.E0));
#2871=DIRECTION('',(0.E0,-4.878746331671E-1,8.729137083996E-1));
#2872=AXIS2_PLACEMENT_3D('',#2869,#2870,#2871);
#2874=DIRECTION('',(0.E0,-4.226182617383E-1,-9.063077870378E-1));
#2875=VECTOR('',#2874,2.214638864091E-2);
#2876=CARTESIAN_POINT('',(9.855E0,1.077351123566E0,-8.625594265622E-1));
#2877=LINE('',#2876,#2875);
#2878=DIRECTION('',(1.473893067947E-13,5.303311836799E-2,-9.985927540074E-1));
#2879=VECTOR('',#2878,1.759612716774E0);
#2880=CARTESIAN_POINT('',(9.855E0,1.067991655295E0,-8.826308710422E-1));
#2881=LINE('',#2880,#2879);
#2882=DIRECTION('',(-5.266561945998E-13,9.138115486203E-1,-4.061384660534E-1));
#2883=VECTOR('',#2882,4.924428900898E-1);
#2884=CARTESIAN_POINT('',(9.855E0,2.5E-1,-4.2E0));
#2885=LINE('',#2884,#2883);
#2886=CARTESIAN_POINT('',(9.855E0,1.548899653687E0,-4.5E0));
#2887=DIRECTION('',(-1.E0,0.E0,0.E0));
#2888=DIRECTION('',(0.E0,0.E0,1.E0));
#2889=AXIS2_PLACEMENT_3D('',#2886,#2887,#2888);
#2891=DIRECTION('',(0.E0,5.233595624304E-2,-9.986295347546E-1));
#2892=VECTOR('',#2891,4.057897163273E-1);
#2893=CARTESIAN_POINT('',(9.855E0,1.648762607162E0,-4.494766404376E0));
#2894=LINE('',#2893,#2892);
#2895=DIRECTION('',(0.E0,-5.233595624329E-2,9.986295347546E-1));
#2896=VECTOR('',#2895,7.162151435867E-1);
#2897=CARTESIAN_POINT('',(9.855E0,1.87E0,-4.9E0));
#2898=LINE('',#2897,#2896);
#2899=CARTESIAN_POINT('',(9.855E0,1.732653242109E0,-4.19E0));
#2900=DIRECTION('',(1.E0,0.E0,0.E0));
#2901=DIRECTION('',(0.E0,9.986295347546E-1,5.233595624288E-2));
#2902=AXIS2_PLACEMENT_3D('',#2899,#2900,#2901);
#2904=DIRECTION('',(-1.E0,0.E0,0.E0));
#2905=VECTOR('',#2904,1.899999999999E-1);
#2906=CARTESIAN_POINT('',(1.0045E1,1.077351123566E0,-8.625594265622E-1));
#2907=LINE('',#2906,#2905);
#2908=DIRECTION('',(2.251220233919E-13,5.303311836799E-2,-9.985927540074E-1));
#2909=VECTOR('',#2908,1.759612716774E0);
#2910=CARTESIAN_POINT('',(1.0045E1,1.067991655295E0,-8.826308710422E-1));
#2911=LINE('',#2910,#2909);
#2912=DIRECTION('',(3.208390980945E-13,-4.226182617383E-1,-9.063077870378E-1));
#2913=VECTOR('',#2912,2.214638864091E-2);
#2914=CARTESIAN_POINT('',(1.0045E1,1.077351123566E0,-8.625594265622E-1));
#2915=LINE('',#2914,#2913);
#2916=CARTESIAN_POINT('',(1.0045E1,1.349243459677E0,-9.893449050845E-1));
#2917=DIRECTION('',(1.E0,0.E0,0.E0));
#2918=DIRECTION('',(0.E0,-4.878746331671E-1,8.729137083996E-1));
#2919=AXIS2_PLACEMENT_3D('',#2916,#2917,#2918);
#2921=CARTESIAN_POINT('',(1.0045E1,1.732653242109E0,-4.19E0));
#2922=DIRECTION('',(1.E0,0.E0,0.E0));
#2923=DIRECTION('',(0.E0,9.986295347546E-1,5.233595624288E-2));
#2924=AXIS2_PLACEMENT_3D('',#2921,#2922,#2923);
#2926=DIRECTION('',(0.E0,-5.233595624329E-2,9.986295347546E-1));
#2927=VECTOR('',#2926,7.162151435867E-1);
#2928=CARTESIAN_POINT('',(1.0045E1,1.87E0,-4.9E0));
#2929=LINE('',#2928,#2927);
#2930=DIRECTION('',(1.751012179882E-14,5.233595624304E-2,-9.986295347546E-1));
#2931=VECTOR('',#2930,4.057897163273E-1);
#2932=CARTESIAN_POINT('',(1.0045E1,1.648762607162E0,-4.494766404376E0));
#2933=LINE('',#2932,#2931);
#2934=CARTESIAN_POINT('',(1.0045E1,1.548899653687E0,-4.5E0));
#2935=DIRECTION('',(-1.E0,0.E0,0.E0));
#2936=DIRECTION('',(0.E0,0.E0,1.E0));
#2937=AXIS2_PLACEMENT_3D('',#2934,#2935,#2936);
#2939=DIRECTION('',(-8.044132287381E-13,9.138115486203E-1,-4.061384660534E-1));
#2940=VECTOR('',#2939,4.924428900898E-1);
#2941=CARTESIAN_POINT('',(1.0045E1,2.5E-1,-4.2E0));
#2942=LINE('',#2941,#2940);
#2943=DIRECTION('',(-1.E0,0.E0,0.E0));
#2944=VECTOR('',#2943,1.899999999999E-1);
#2945=CARTESIAN_POINT('',(1.0045E1,1.067991655295E0,-8.826308710422E-1));
#2946=LINE('',#2945,#2944);
#2947=DIRECTION('',(2.286412151932E-12,-1.E0,0.E0));
#2948=VECTOR('',#2947,1.126532421092E-1);
#2949=CARTESIAN_POINT('',(9.855E0,1.732653242109E0,-4.09E0));
#2950=LINE('',#2949,#2948);
#2951=DIRECTION('',(-3.563649285081E-12,1.E0,0.E0));
#2952=VECTOR('',#2951,1.126532421092E-1);
#2953=CARTESIAN_POINT('',(1.0045E1,1.62E0,-4.09E0));
#2954=LINE('',#2953,#2952);
#2955=DIRECTION('',(1.E0,0.E0,0.E0));
#2956=VECTOR('',#2955,1.899999999999E-1);
#2957=CARTESIAN_POINT('',(9.855E0,1.832516195584E0,-4.184766404376E0));
#2958=LINE('',#2957,#2956);
#2959=DIRECTION('',(-1.E0,0.E0,0.E0));
#2960=VECTOR('',#2959,1.899999999999E-1);
#2961=CARTESIAN_POINT('',(1.0045E1,1.732653242109E0,-4.09E0));
#2962=LINE('',#2961,#2960);
#2963=DIRECTION('',(-1.E0,0.E0,0.E0));
#2964=VECTOR('',#2963,1.899999999999E-1);
#2965=CARTESIAN_POINT('',(1.0045E1,1.87E0,-4.9E0));
#2966=LINE('',#2965,#2964);
#2967=DIRECTION('',(0.E0,1.E0,8.437694987149E-14));
#2968=VECTOR('',#2967,2.000000000001E-1);
#2969=CARTESIAN_POINT('',(9.855E0,1.67E0,-4.9E0));
#2970=LINE('',#2969,#2968);
#2971=DIRECTION('',(-1.E0,0.E0,0.E0));
#2972=VECTOR('',#2971,1.899999999999E-1);
#2973=CARTESIAN_POINT('',(1.0045E1,1.67E0,-4.9E0));
#2974=LINE('',#2973,#2972);
#2975=DIRECTION('',(0.E0,-1.E0,-8.437694987149E-14));
#2976=VECTOR('',#2975,2.000000000001E-1);
#2977=CARTESIAN_POINT('',(1.0045E1,1.87E0,-4.9E0));
#2978=LINE('',#2977,#2976);
#2979=DIRECTION('',(1.E0,0.E0,0.E0));
#2980=VECTOR('',#2979,1.899999999999E-1);
#2981=CARTESIAN_POINT('',(9.855E0,1.648762607162E0,-4.494766404376E0));
#2982=LINE('',#2981,#2980);
#2983=DIRECTION('',(-1.E0,0.E0,0.E0));
#2984=VECTOR('',#2983,1.899999999999E-1);
#2985=CARTESIAN_POINT('',(1.0045E1,1.548899653687E0,-4.4E0));
#2986=LINE('',#2985,#2984);
#2987=DIRECTION('',(-1.E0,0.E0,0.E0));
#2988=VECTOR('',#2987,1.899999999999E-1);
#2989=CARTESIAN_POINT('',(1.0045E1,7.E-1,-4.4E0));
#2990=LINE('',#2989,#2988);
#2991=DIRECTION('',(0.E0,-1.E0,1.851898273301E-13));
#2992=VECTOR('',#2991,8.488996536872E-1);
#2993=CARTESIAN_POINT('',(1.0045E1,1.548899653687E0,-4.4E0));
#2994=LINE('',#2993,#2992);
#2995=DIRECTION('',(0.E0,1.E0,-1.851898273301E-13));
#2996=VECTOR('',#2995,8.488996536872E-1);
#2997=CARTESIAN_POINT('',(9.855E0,7.E-1,-4.4E0));
#2998=LINE('',#2997,#2996);
#2999=DIRECTION('',(1.E0,0.E0,0.E0));
#3000=VECTOR('',#2999,2.1E-1);
#3001=CARTESIAN_POINT('',(9.845E0,1.62E0,-3.5E0));
#3002=LINE('',#3001,#3000);
#3003=DIRECTION('',(-1.E0,0.E0,0.E0));
#3004=VECTOR('',#3003,2.1E-1);
#3005=CARTESIAN_POINT('',(1.0055E1,1.82E0,-3.5E0));
#3006=LINE('',#3005,#3004);
#3007=DIRECTION('',(0.E0,0.E0,-1.E0));
#3008=VECTOR('',#3007,7.000000000001E-1);
#3009=CARTESIAN_POINT('',(9.845E0,1.62E0,-3.5E0));
#3010=LINE('',#3009,#3008);
#3011=DIRECTION('',(0.E0,-1.E0,1.554312234475E-13));
#3012=VECTOR('',#3011,2.E-1);
#3013=CARTESIAN_POINT('',(9.845E0,1.82E0,-3.5E0));
#3014=LINE('',#3013,#3012);
#3015=DIRECTION('',(0.E0,0.E0,1.E0));
#3016=VECTOR('',#3015,7.E-1);
#3017=CARTESIAN_POINT('',(9.845E0,1.82E0,-4.2E0));
#3018=LINE('',#3017,#3016);
#3019=DIRECTION('',(0.E0,1.E0,2.264854970235E-13));
#3020=VECTOR('',#3019,2.E-1);
#3021=CARTESIAN_POINT('',(9.845E0,1.62E0,-4.2E0));
#3022=LINE('',#3021,#3020);
#3023=DIRECTION('',(0.E0,0.E0,-1.E0));
#3024=VECTOR('',#3023,7.000000000001E-1);
#3025=CARTESIAN_POINT('',(9.555E0,1.62E0,-3.5E0));
#3026=LINE('',#3025,#3024);
#3027=DIRECTION('',(0.E0,1.E0,2.264854970235E-13));
#3028=VECTOR('',#3027,2.E-1);
#3029=CARTESIAN_POINT('',(9.555E0,1.62E0,-4.2E0));
#3030=LINE('',#3029,#3028);
#3031=DIRECTION('',(0.E0,0.E0,1.E0));
#3032=VECTOR('',#3031,7.E-1);
#3033=CARTESIAN_POINT('',(9.555E0,1.82E0,-4.2E0));
#3034=LINE('',#3033,#3032);
#3035=DIRECTION('',(0.E0,-1.E0,1.554312234475E-13));
#3036=VECTOR('',#3035,2.E-1);
#3037=CARTESIAN_POINT('',(9.555E0,1.82E0,-3.5E0));
#3038=LINE('',#3037,#3036);
#3039=DIRECTION('',(0.E0,0.E0,1.E0));
#3040=VECTOR('',#3039,1.1E-1);
#3041=CARTESIAN_POINT('',(9.355E0,1.62E0,-4.2E0));
#3042=LINE('',#3041,#3040);
#3043=DIRECTION('',(1.E0,0.E0,0.E0));
#3044=VECTOR('',#3043,1.9E-1);
#3045=CARTESIAN_POINT('',(9.355E0,1.62E0,-4.09E0));
#3046=LINE('',#3045,#3044);
#3047=DIRECTION('',(0.E0,0.E0,1.E0));
#3048=VECTOR('',#3047,1.1E-1);
#3049=CARTESIAN_POINT('',(9.545E0,1.62E0,-4.2E0));
#3050=LINE('',#3049,#3048);
#3051=DIRECTION('',(-1.E0,0.E0,4.440892098501E-12));
#3052=VECTOR('',#3051,1.E-2);
#3053=CARTESIAN_POINT('',(9.555E0,1.62E0,-4.2E0));
#3054=LINE('',#3053,#3052);
#3055=DIRECTION('',(-1.E0,0.E0,-4.440892098500E-12));
#3056=VECTOR('',#3055,1.E-2);
#3057=CARTESIAN_POINT('',(9.355E0,1.62E0,-4.2E0));
#3058=LINE('',#3057,#3056);
#3059=CARTESIAN_POINT('',(9.355E0,1.349243459677E0,-9.893449050845E-1));
#3060=DIRECTION('',(1.E0,0.E0,0.E0));
#3061=DIRECTION('',(0.E0,-4.878746331671E-1,8.729137083996E-1));
#3062=AXIS2_PLACEMENT_3D('',#3059,#3060,#3061);
#3064=DIRECTION('',(0.E0,-4.226182617383E-1,-9.063077870378E-1));
#3065=VECTOR('',#3064,2.214638864091E-2);
#3066=CARTESIAN_POINT('',(9.355E0,1.077351123566E0,-8.625594265622E-1));
#3067=LINE('',#3066,#3065);
#3068=DIRECTION('',(1.383036645950E-13,5.303311836799E-2,-9.985927540074E-1));
#3069=VECTOR('',#3068,1.759612716774E0);
#3070=CARTESIAN_POINT('',(9.355E0,1.067991655295E0,-8.826308710422E-1));
#3071=LINE('',#3070,#3069);
#3072=DIRECTION('',(-4.941910867135E-13,9.138115486203E-1,-4.061384660534E-1));
#3073=VECTOR('',#3072,4.924428900898E-1);
#3074=CARTESIAN_POINT('',(9.355E0,2.5E-1,-4.2E0));
#3075=LINE('',#3074,#3073);
#3076=CARTESIAN_POINT('',(9.355E0,1.548899653687E0,-4.5E0));
#3077=DIRECTION('',(-1.E0,0.E0,0.E0));
#3078=DIRECTION('',(0.E0,0.E0,1.E0));
#3079=AXIS2_PLACEMENT_3D('',#3076,#3077,#3078);
#3081=DIRECTION('',(0.E0,5.233595624304E-2,-9.986295347546E-1));
#3082=VECTOR('',#3081,4.057897163273E-1);
#3083=CARTESIAN_POINT('',(9.355E0,1.648762607162E0,-4.494766404376E0));
#3084=LINE('',#3083,#3082);
#3085=DIRECTION('',(0.E0,-5.233595624329E-2,9.986295347546E-1));
#3086=VECTOR('',#3085,7.162151435867E-1);
#3087=CARTESIAN_POINT('',(9.355E0,1.87E0,-4.9E0));
#3088=LINE('',#3087,#3086);
#3089=CARTESIAN_POINT('',(9.355E0,1.732653242109E0,-4.19E0));
#3090=DIRECTION('',(1.E0,0.E0,0.E0));
#3091=DIRECTION('',(0.E0,9.986295347546E-1,5.233595624288E-2));
#3092=AXIS2_PLACEMENT_3D('',#3089,#3090,#3091);
#3094=DIRECTION('',(-1.E0,0.E0,0.E0));
#3095=VECTOR('',#3094,1.900000000005E-1);
#3096=CARTESIAN_POINT('',(9.545E0,1.077351123566E0,-8.625594265622E-1));
#3097=LINE('',#3096,#3095);
#3098=DIRECTION('',(-1.433512435949E-13,5.303311836799E-2,-9.985927540074E-1));
#3099=VECTOR('',#3098,1.759612716774E0);
#3100=CARTESIAN_POINT('',(9.545E0,1.067991655295E0,-8.826308710422E-1));
#3101=LINE('',#3100,#3099);
#3102=DIRECTION('',(3.208390980945E-13,-4.226182617383E-1,-9.063077870378E-1));
#3103=VECTOR('',#3102,2.214638864091E-2);
#3104=CARTESIAN_POINT('',(9.545E0,1.077351123566E0,-8.625594265622E-1));
#3105=LINE('',#3104,#3103);
#3106=CARTESIAN_POINT('',(9.545E0,1.349243459677E0,-9.893449050845E-1));
#3107=DIRECTION('',(1.E0,0.E0,0.E0));
#3108=DIRECTION('',(0.E0,-4.878746331671E-1,8.729137083996E-1));
#3109=AXIS2_PLACEMENT_3D('',#3106,#3107,#3108);
#3111=CARTESIAN_POINT('',(9.545E0,1.732653242109E0,-4.19E0));
#3112=DIRECTION('',(1.E0,0.E0,0.E0));
#3113=DIRECTION('',(0.E0,9.986295347546E-1,5.233595624288E-2));
#3114=AXIS2_PLACEMENT_3D('',#3111,#3112,#3113);
#3116=DIRECTION('',(0.E0,-5.233595624329E-2,9.986295347546E-1));
#3117=VECTOR('',#3116,7.162151435867E-1);
#3118=CARTESIAN_POINT('',(9.545E0,1.87E0,-4.9E0));
#3119=LINE('',#3118,#3117);
#3120=DIRECTION('',(1.751012179882E-14,5.233595624304E-2,-9.986295347546E-1));
#3121=VECTOR('',#3120,4.057897163273E-1);
#3122=CARTESIAN_POINT('',(9.545E0,1.648762607162E0,-4.494766404376E0));
#3123=LINE('',#3122,#3121);
#3124=CARTESIAN_POINT('',(9.545E0,1.548899653687E0,-4.5E0));
#3125=DIRECTION('',(-1.E0,0.E0,0.E0));
#3126=DIRECTION('',(0.E0,0.E0,1.E0));
#3127=AXIS2_PLACEMENT_3D('',#3124,#3125,#3126);
#3129=DIRECTION('',(5.122272577615E-13,9.138115486203E-1,-4.061384660534E-1));
#3130=VECTOR('',#3129,4.924428900898E-1);
#3131=CARTESIAN_POINT('',(9.545E0,2.5E-1,-4.2E0));
#3132=LINE('',#3131,#3130);
#3133=DIRECTION('',(-1.E0,0.E0,0.E0));
#3134=VECTOR('',#3133,1.900000000005E-1);
#3135=CARTESIAN_POINT('',(9.545E0,1.067991655295E0,-8.826308710422E-1));
#3136=LINE('',#3135,#3134);
#3137=DIRECTION('',(2.112960195579E-12,-1.E0,0.E0));
#3138=VECTOR('',#3137,1.126532421092E-1);
#3139=CARTESIAN_POINT('',(9.355E0,1.732653242109E0,-4.09E0));
#3140=LINE('',#3139,#3138);
#3141=DIRECTION('',(2.191801993921E-12,1.E0,0.E0));
#3142=VECTOR('',#3141,1.126532421092E-1);
#3143=CARTESIAN_POINT('',(9.545E0,1.62E0,-4.09E0));
#3144=LINE('',#3143,#3142);
#3145=DIRECTION('',(1.E0,0.E0,0.E0));
#3146=VECTOR('',#3145,1.900000000005E-1);
#3147=CARTESIAN_POINT('',(9.355E0,1.832516195584E0,-4.184766404376E0));
#3148=LINE('',#3147,#3146);
#3149=DIRECTION('',(-1.E0,0.E0,0.E0));
#3150=VECTOR('',#3149,1.900000000005E-1);
#3151=CARTESIAN_POINT('',(9.545E0,1.732653242109E0,-4.09E0));
#3152=LINE('',#3151,#3150);
#3153=DIRECTION('',(-1.E0,0.E0,0.E0));
#3154=VECTOR('',#3153,1.900000000005E-1);
#3155=CARTESIAN_POINT('',(9.545E0,1.87E0,-4.9E0));
#3156=LINE('',#3155,#3154);
#3157=DIRECTION('',(0.E0,1.E0,8.437694987149E-14));
#3158=VECTOR('',#3157,2.000000000001E-1);
#3159=CARTESIAN_POINT('',(9.355E0,1.67E0,-4.9E0));
#3160=LINE('',#3159,#3158);
#3161=DIRECTION('',(-1.E0,0.E0,0.E0));
#3162=VECTOR('',#3161,1.900000000005E-1);
#3163=CARTESIAN_POINT('',(9.545E0,1.67E0,-4.9E0));
#3164=LINE('',#3163,#3162);
#3165=DIRECTION('',(0.E0,-1.E0,-8.437694987149E-14));
#3166=VECTOR('',#3165,2.000000000001E-1);
#3167=CARTESIAN_POINT('',(9.545E0,1.87E0,-4.9E0));
#3168=LINE('',#3167,#3166);
#3169=DIRECTION('',(1.E0,0.E0,0.E0));
#3170=VECTOR('',#3169,1.900000000005E-1);
#3171=CARTESIAN_POINT('',(9.355E0,1.648762607162E0,-4.494766404376E0));
#3172=LINE('',#3171,#3170);
#3173=DIRECTION('',(-1.E0,0.E0,0.E0));
#3174=VECTOR('',#3173,1.900000000005E-1);
#3175=CARTESIAN_POINT('',(9.545E0,1.548899653687E0,-4.4E0));
#3176=LINE('',#3175,#3174);
#3177=DIRECTION('',(-1.E0,0.E0,0.E0));
#3178=VECTOR('',#3177,1.900000000005E-1);
#3179=CARTESIAN_POINT('',(9.545E0,7.E-1,-4.4E0));
#3180=LINE('',#3179,#3178);
#3181=DIRECTION('',(0.E0,-1.E0,1.851898273301E-13));
#3182=VECTOR('',#3181,8.488996536872E-1);
#3183=CARTESIAN_POINT('',(9.545E0,1.548899653687E0,-4.4E0));
#3184=LINE('',#3183,#3182);
#3185=DIRECTION('',(0.E0,1.E0,-1.851898273301E-13));
#3186=VECTOR('',#3185,8.488996536872E-1);
#3187=CARTESIAN_POINT('',(9.355E0,7.E-1,-4.4E0));
#3188=LINE('',#3187,#3186);
#3189=DIRECTION('',(1.E0,0.E0,0.E0));
#3190=VECTOR('',#3189,2.1E-1);
#3191=CARTESIAN_POINT('',(9.345E0,1.62E0,-3.5E0));
#3192=LINE('',#3191,#3190);
#3193=DIRECTION('',(-1.E0,0.E0,0.E0));
#3194=VECTOR('',#3193,2.1E-1);
#3195=CARTESIAN_POINT('',(9.555E0,1.82E0,-3.5E0));
#3196=LINE('',#3195,#3194);
#3197=DIRECTION('',(0.E0,0.E0,-1.E0));
#3198=VECTOR('',#3197,7.000000000001E-1);
#3199=CARTESIAN_POINT('',(9.345E0,1.62E0,-3.5E0));
#3200=LINE('',#3199,#3198);
#3201=DIRECTION('',(0.E0,-1.E0,1.554312234475E-13));
#3202=VECTOR('',#3201,2.E-1);
#3203=CARTESIAN_POINT('',(9.345E0,1.82E0,-3.5E0));
#3204=LINE('',#3203,#3202);
#3205=DIRECTION('',(0.E0,0.E0,1.E0));
#3206=VECTOR('',#3205,7.E-1);
#3207=CARTESIAN_POINT('',(9.345E0,1.82E0,-4.2E0));
#3208=LINE('',#3207,#3206);
#3209=DIRECTION('',(0.E0,1.E0,2.264854970235E-13));
#3210=VECTOR('',#3209,2.E-1);
#3211=CARTESIAN_POINT('',(9.345E0,1.62E0,-4.2E0));
#3212=LINE('',#3211,#3210);
#3213=DIRECTION('',(0.E0,0.E0,-1.E0));
#3214=VECTOR('',#3213,7.000000000001E-1);
#3215=CARTESIAN_POINT('',(9.055E0,1.62E0,-3.5E0));
#3216=LINE('',#3215,#3214);
#3217=DIRECTION('',(0.E0,1.E0,2.264854970235E-13));
#3218=VECTOR('',#3217,2.E-1);
#3219=CARTESIAN_POINT('',(9.055E0,1.62E0,-4.2E0));
#3220=LINE('',#3219,#3218);
#3221=DIRECTION('',(0.E0,0.E0,1.E0));
#3222=VECTOR('',#3221,7.E-1);
#3223=CARTESIAN_POINT('',(9.055E0,1.82E0,-4.2E0));
#3224=LINE('',#3223,#3222);
#3225=DIRECTION('',(0.E0,-1.E0,1.554312234475E-13));
#3226=VECTOR('',#3225,2.E-1);
#3227=CARTESIAN_POINT('',(9.055E0,1.82E0,-3.5E0));
#3228=LINE('',#3227,#3226);
#3229=DIRECTION('',(0.E0,0.E0,1.E0));
#3230=VECTOR('',#3229,1.1E-1);
#3231=CARTESIAN_POINT('',(8.855E0,1.62E0,-4.2E0));
#3232=LINE('',#3231,#3230);
#3233=DIRECTION('',(1.E0,0.E0,0.E0));
#3234=VECTOR('',#3233,1.9E-1);
#3235=CARTESIAN_POINT('',(8.855E0,1.62E0,-4.09E0));
#3236=LINE('',#3235,#3234);
#3237=DIRECTION('',(0.E0,0.E0,1.E0));
#3238=VECTOR('',#3237,1.1E-1);
#3239=CARTESIAN_POINT('',(9.045E0,1.62E0,-4.2E0));
#3240=LINE('',#3239,#3238);
#3241=DIRECTION('',(-1.E0,0.E0,4.529709940471E-12));
#3242=VECTOR('',#3241,1.E-2);
#3243=CARTESIAN_POINT('',(9.055E0,1.62E0,-4.2E0));
#3244=LINE('',#3243,#3242);
#3245=DIRECTION('',(-1.E0,0.E0,-4.440892098500E-12));
#3246=VECTOR('',#3245,1.E-2);
#3247=CARTESIAN_POINT('',(8.855E0,1.62E0,-4.2E0));
#3248=LINE('',#3247,#3246);
#3249=CARTESIAN_POINT('',(8.855E0,1.349243459677E0,-9.893449050845E-1));
#3250=DIRECTION('',(1.E0,0.E0,0.E0));
#3251=DIRECTION('',(0.E0,-4.878746331671E-1,8.729137083996E-1));
#3252=AXIS2_PLACEMENT_3D('',#3249,#3250,#3251);
#3254=DIRECTION('',(0.E0,-4.226182617383E-1,-9.063077870378E-1));
#3255=VECTOR('',#3254,2.214638864091E-2);
#3256=CARTESIAN_POINT('',(8.855E0,1.077351123566E0,-8.625594265622E-1));
#3257=LINE('',#3256,#3255);
#3258=DIRECTION('',(1.383036645950E-13,5.303311836799E-2,-9.985927540074E-1));
#3259=VECTOR('',#3258,1.759612716774E0);
#3260=CARTESIAN_POINT('',(8.855E0,1.067991655295E0,-8.826308710422E-1));
#3261=LINE('',#3260,#3259);
#3262=DIRECTION('',(-4.941910867135E-13,9.138115486203E-1,-4.061384660534E-1));
#3263=VECTOR('',#3262,4.924428900898E-1);
#3264=CARTESIAN_POINT('',(8.855E0,2.5E-1,-4.2E0));
#3265=LINE('',#3264,#3263);
#3266=CARTESIAN_POINT('',(8.855E0,1.548899653687E0,-4.5E0));
#3267=DIRECTION('',(-1.E0,0.E0,0.E0));
#3268=DIRECTION('',(0.E0,0.E0,1.E0));
#3269=AXIS2_PLACEMENT_3D('',#3266,#3267,#3268);
#3271=DIRECTION('',(0.E0,5.233595624304E-2,-9.986295347546E-1));
#3272=VECTOR('',#3271,4.057897163273E-1);
#3273=CARTESIAN_POINT('',(8.855E0,1.648762607162E0,-4.494766404376E0));
#3274=LINE('',#3273,#3272);
#3275=DIRECTION('',(0.E0,-5.233595624329E-2,9.986295347546E-1));
#3276=VECTOR('',#3275,7.162151435867E-1);
#3277=CARTESIAN_POINT('',(8.855E0,1.87E0,-4.9E0));
#3278=LINE('',#3277,#3276);
#3279=CARTESIAN_POINT('',(8.855E0,1.732653242109E0,-4.19E0));
#3280=DIRECTION('',(1.E0,0.E0,0.E0));
#3281=DIRECTION('',(0.E0,9.986295347546E-1,5.233595624288E-2));
#3282=AXIS2_PLACEMENT_3D('',#3279,#3280,#3281);
#3284=DIRECTION('',(-1.E0,0.E0,0.E0));
#3285=VECTOR('',#3284,1.900000000005E-1);
#3286=CARTESIAN_POINT('',(9.045E0,1.077351123566E0,-8.625594265622E-1));
#3287=LINE('',#3286,#3285);
#3288=DIRECTION('',(-1.433512435949E-13,5.303311836799E-2,-9.985927540074E-1));
#3289=VECTOR('',#3288,1.759612716774E0);
#3290=CARTESIAN_POINT('',(9.045E0,1.067991655295E0,-8.826308710422E-1));
#3291=LINE('',#3290,#3289);
#3292=DIRECTION('',(3.208390980945E-13,-4.226182617383E-1,-9.063077870378E-1));
#3293=VECTOR('',#3292,2.214638864091E-2);
#3294=CARTESIAN_POINT('',(9.045E0,1.077351123566E0,-8.625594265622E-1));
#3295=LINE('',#3294,#3293);
#3296=CARTESIAN_POINT('',(9.045E0,1.349243459677E0,-9.893449050845E-1));
#3297=DIRECTION('',(1.E0,0.E0,0.E0));
#3298=DIRECTION('',(0.E0,-4.878746331671E-1,8.729137083996E-1));
#3299=AXIS2_PLACEMENT_3D('',#3296,#3297,#3298);
#3301=CARTESIAN_POINT('',(9.045E0,1.732653242109E0,-4.19E0));
#3302=DIRECTION('',(1.E0,0.E0,0.E0));
#3303=DIRECTION('',(0.E0,9.986295347546E-1,5.233595624288E-2));
#3304=AXIS2_PLACEMENT_3D('',#3301,#3302,#3303);
#3306=DIRECTION('',(0.E0,-5.233595624329E-2,9.986295347546E-1));
#3307=VECTOR('',#3306,7.162151435867E-1);
#3308=CARTESIAN_POINT('',(9.045E0,1.87E0,-4.9E0));
#3309=LINE('',#3308,#3307);
#3310=DIRECTION('',(1.751012179882E-14,5.233595624304E-2,-9.986295347546E-1));
#3311=VECTOR('',#3310,4.057897163273E-1);
#3312=CARTESIAN_POINT('',(9.045E0,1.648762607162E0,-4.494766404376E0));
#3313=LINE('',#3312,#3311);
#3314=CARTESIAN_POINT('',(9.045E0,1.548899653687E0,-4.5E0));
#3315=DIRECTION('',(-1.E0,0.E0,0.E0));
#3316=DIRECTION('',(0.E0,0.E0,1.E0));
#3317=AXIS2_PLACEMENT_3D('',#3314,#3315,#3316);
#3319=DIRECTION('',(5.122272577615E-13,9.138115486203E-1,-4.061384660534E-1));
#3320=VECTOR('',#3319,4.924428900898E-1);
#3321=CARTESIAN_POINT('',(9.045E0,2.5E-1,-4.2E0));
#3322=LINE('',#3321,#3320);
#3323=DIRECTION('',(-1.E0,0.E0,0.E0));
#3324=VECTOR('',#3323,1.900000000005E-1);
#3325=CARTESIAN_POINT('',(9.045E0,1.067991655295E0,-8.826308710422E-1));
#3326=LINE('',#3325,#3324);
#3327=DIRECTION('',(2.112960195579E-12,-1.E0,0.E0));
#3328=VECTOR('',#3327,1.126532421092E-1);
#3329=CARTESIAN_POINT('',(8.855E0,1.732653242109E0,-4.09E0));
#3330=LINE('',#3329,#3328);
#3331=DIRECTION('',(2.191801993921E-12,1.E0,0.E0));
#3332=VECTOR('',#3331,1.126532421092E-1);
#3333=CARTESIAN_POINT('',(9.045E0,1.62E0,-4.09E0));
#3334=LINE('',#3333,#3332);
#3335=DIRECTION('',(1.E0,0.E0,0.E0));
#3336=VECTOR('',#3335,1.900000000005E-1);
#3337=CARTESIAN_POINT('',(8.855E0,1.832516195584E0,-4.184766404376E0));
#3338=LINE('',#3337,#3336);
#3339=DIRECTION('',(-1.E0,0.E0,0.E0));
#3340=VECTOR('',#3339,1.900000000005E-1);
#3341=CARTESIAN_POINT('',(9.045E0,1.732653242109E0,-4.09E0));
#3342=LINE('',#3341,#3340);
#3343=DIRECTION('',(-1.E0,0.E0,0.E0));
#3344=VECTOR('',#3343,1.900000000005E-1);
#3345=CARTESIAN_POINT('',(9.045E0,1.87E0,-4.9E0));
#3346=LINE('',#3345,#3344);
#3347=DIRECTION('',(0.E0,1.E0,8.437694987149E-14));
#3348=VECTOR('',#3347,2.000000000001E-1);
#3349=CARTESIAN_POINT('',(8.855E0,1.67E0,-4.9E0));
#3350=LINE('',#3349,#3348);
#3351=DIRECTION('',(-1.E0,0.E0,0.E0));
#3352=VECTOR('',#3351,1.900000000005E-1);
#3353=CARTESIAN_POINT('',(9.045E0,1.67E0,-4.9E0));
#3354=LINE('',#3353,#3352);
#3355=DIRECTION('',(0.E0,-1.E0,-8.437694987149E-14));
#3356=VECTOR('',#3355,2.000000000001E-1);
#3357=CARTESIAN_POINT('',(9.045E0,1.87E0,-4.9E0));
#3358=LINE('',#3357,#3356);
#3359=DIRECTION('',(1.E0,0.E0,0.E0));
#3360=VECTOR('',#3359,1.900000000005E-1);
#3361=CARTESIAN_POINT('',(8.855E0,1.648762607162E0,-4.494766404376E0));
#3362=LINE('',#3361,#3360);
#3363=DIRECTION('',(-1.E0,0.E0,0.E0));
#3364=VECTOR('',#3363,1.900000000005E-1);
#3365=CARTESIAN_POINT('',(9.045E0,1.548899653687E0,-4.4E0));
#3366=LINE('',#3365,#3364);
#3367=DIRECTION('',(-1.E0,0.E0,0.E0));
#3368=VECTOR('',#3367,1.900000000005E-1);
#3369=CARTESIAN_POINT('',(9.045E0,7.E-1,-4.4E0));
#3370=LINE('',#3369,#3368);
#3371=DIRECTION('',(1.046270210905E-14,-1.E0,1.851898273301E-13));
#3372=VECTOR('',#3371,8.488996536872E-1);
#3373=CARTESIAN_POINT('',(9.045E0,1.548899653687E0,-4.4E0));
#3374=LINE('',#3373,#3372);
#3375=DIRECTION('',(0.E0,1.E0,-1.851898273301E-13));
#3376=VECTOR('',#3375,8.488996536872E-1);
#3377=CARTESIAN_POINT('',(8.855E0,7.E-1,-4.4E0));
#3378=LINE('',#3377,#3376);
#3379=DIRECTION('',(1.E0,0.E0,0.E0));
#3380=VECTOR('',#3379,2.1E-1);
#3381=CARTESIAN_POINT('',(8.845E0,1.62E0,-3.5E0));
#3382=LINE('',#3381,#3380);
#3383=DIRECTION('',(-1.E0,0.E0,0.E0));
#3384=VECTOR('',#3383,2.1E-1);
#3385=CARTESIAN_POINT('',(9.055E0,1.82E0,-3.5E0));
#3386=LINE('',#3385,#3384);
#3387=DIRECTION('',(0.E0,0.E0,-1.E0));
#3388=VECTOR('',#3387,7.000000000001E-1);
#3389=CARTESIAN_POINT('',(8.845E0,1.62E0,-3.5E0));
#3390=LINE('',#3389,#3388);
#3391=DIRECTION('',(0.E0,-1.E0,1.554312234475E-13));
#3392=VECTOR('',#3391,2.E-1);
#3393=CARTESIAN_POINT('',(8.845E0,1.82E0,-3.5E0));
#3394=LINE('',#3393,#3392);
#3395=DIRECTION('',(0.E0,0.E0,1.E0));
#3396=VECTOR('',#3395,7.E-1);
#3397=CARTESIAN_POINT('',(8.845E0,1.82E0,-4.2E0));
#3398=LINE('',#3397,#3396);
#3399=DIRECTION('',(0.E0,1.E0,2.264854970235E-13));
#3400=VECTOR('',#3399,2.E-1);
#3401=CARTESIAN_POINT('',(8.845E0,1.62E0,-4.2E0));
#3402=LINE('',#3401,#3400);
#3403=DIRECTION('',(0.E0,0.E0,-1.E0));
#3404=VECTOR('',#3403,7.000000000001E-1);
#3405=CARTESIAN_POINT('',(8.555E0,1.62E0,-3.5E0));
#3406=LINE('',#3405,#3404);
#3407=DIRECTION('',(0.E0,1.E0,2.220446049250E-13));
#3408=VECTOR('',#3407,2.E-1);
#3409=CARTESIAN_POINT('',(8.555E0,1.62E0,-4.2E0));
#3410=LINE('',#3409,#3408);
#3411=DIRECTION('',(0.E0,0.E0,1.E0));
#3412=VECTOR('',#3411,7.E-1);
#3413=CARTESIAN_POINT('',(8.555E0,1.82E0,-4.2E0));
#3414=LINE('',#3413,#3412);
#3415=DIRECTION('',(0.E0,-1.E0,1.554312234475E-13));
#3416=VECTOR('',#3415,2.E-1);
#3417=CARTESIAN_POINT('',(8.555E0,1.82E0,-3.5E0));
#3418=LINE('',#3417,#3416);
#3419=DIRECTION('',(0.E0,0.E0,1.E0));
#3420=VECTOR('',#3419,1.1E-1);
#3421=CARTESIAN_POINT('',(8.355E0,1.62E0,-4.2E0));
#3422=LINE('',#3421,#3420);
#3423=DIRECTION('',(1.E0,0.E0,0.E0));
#3424=VECTOR('',#3423,1.9E-1);
#3425=CARTESIAN_POINT('',(8.355E0,1.62E0,-4.09E0));
#3426=LINE('',#3425,#3424);
#3427=DIRECTION('',(0.E0,0.E0,1.E0));
#3428=VECTOR('',#3427,1.1E-1);
#3429=CARTESIAN_POINT('',(8.545E0,1.62E0,-4.2E0));
#3430=LINE('',#3429,#3428);
#3431=DIRECTION('',(-1.E0,0.E0,4.440892098501E-12));
#3432=VECTOR('',#3431,1.E-2);
#3433=CARTESIAN_POINT('',(8.555E0,1.62E0,-4.2E0));
#3434=LINE('',#3433,#3432);
#3435=DIRECTION('',(-1.E0,0.E0,-4.440892098500E-12));
#3436=VECTOR('',#3435,1.E-2);
#3437=CARTESIAN_POINT('',(8.355E0,1.62E0,-4.2E0));
#3438=LINE('',#3437,#3436);
#3439=CARTESIAN_POINT('',(8.355E0,1.349243459677E0,-9.893449050845E-1));
#3440=DIRECTION('',(1.E0,0.E0,0.E0));
#3441=DIRECTION('',(0.E0,-4.878746331671E-1,8.729137083996E-1));
#3442=AXIS2_PLACEMENT_3D('',#3439,#3440,#3441);
#3444=DIRECTION('',(0.E0,-4.226182617383E-1,-9.063077870378E-1));
#3445=VECTOR('',#3444,2.214638864091E-2);
#3446=CARTESIAN_POINT('',(8.355E0,1.077351123566E0,-8.625594265622E-1));
#3447=LINE('',#3446,#3445);
#3448=DIRECTION('',(1.383036645950E-13,5.303311836799E-2,-9.985927540074E-1));
#3449=VECTOR('',#3448,1.759612716774E0);
#3450=CARTESIAN_POINT('',(8.355E0,1.067991655295E0,-8.826308710422E-1));
#3451=LINE('',#3450,#3449);
#3452=DIRECTION('',(-4.941910867135E-13,9.138115486203E-1,-4.061384660534E-1));
#3453=VECTOR('',#3452,4.924428900898E-1);
#3454=CARTESIAN_POINT('',(8.355E0,2.5E-1,-4.2E0));
#3455=LINE('',#3454,#3453);
#3456=CARTESIAN_POINT('',(8.355E0,1.548899653687E0,-4.5E0));
#3457=DIRECTION('',(-1.E0,0.E0,0.E0));
#3458=DIRECTION('',(0.E0,0.E0,1.E0));
#3459=AXIS2_PLACEMENT_3D('',#3456,#3457,#3458);
#3461=DIRECTION('',(0.E0,5.233595624304E-2,-9.986295347546E-1));
#3462=VECTOR('',#3461,4.057897163273E-1);
#3463=CARTESIAN_POINT('',(8.355E0,1.648762607162E0,-4.494766404376E0));
#3464=LINE('',#3463,#3462);
#3465=DIRECTION('',(0.E0,-5.233595624329E-2,9.986295347546E-1));
#3466=VECTOR('',#3465,7.162151435867E-1);
#3467=CARTESIAN_POINT('',(8.355E0,1.87E0,-4.9E0));
#3468=LINE('',#3467,#3466);
#3469=CARTESIAN_POINT('',(8.355E0,1.732653242109E0,-4.19E0));
#3470=DIRECTION('',(1.E0,0.E0,0.E0));
#3471=DIRECTION('',(0.E0,9.986295347546E-1,5.233595624288E-2));
#3472=AXIS2_PLACEMENT_3D('',#3469,#3470,#3471);
#3474=DIRECTION('',(-1.E0,0.E0,0.E0));
#3475=VECTOR('',#3474,1.900000000005E-1);
#3476=CARTESIAN_POINT('',(8.545E0,1.077351123566E0,-8.625594265622E-1));
#3477=LINE('',#3476,#3475);
#3478=DIRECTION('',(-1.433512435949E-13,5.303311836799E-2,-9.985927540074E-1));
#3479=VECTOR('',#3478,1.759612716774E0);
#3480=CARTESIAN_POINT('',(8.545E0,1.067991655295E0,-8.826308710422E-1));
#3481=LINE('',#3480,#3479);
#3482=DIRECTION('',(3.208390980945E-13,-4.226182617383E-1,-9.063077870378E-1));
#3483=VECTOR('',#3482,2.214638864091E-2);
#3484=CARTESIAN_POINT('',(8.545E0,1.077351123566E0,-8.625594265622E-1));
#3485=LINE('',#3484,#3483);
#3486=CARTESIAN_POINT('',(8.545E0,1.349243459677E0,-9.893449050845E-1));
#3487=DIRECTION('',(1.E0,0.E0,0.E0));
#3488=DIRECTION('',(0.E0,-4.878746331671E-1,8.729137083996E-1));
#3489=AXIS2_PLACEMENT_3D('',#3486,#3487,#3488);
#3491=CARTESIAN_POINT('',(8.545E0,1.732653242109E0,-4.19E0));
#3492=DIRECTION('',(1.E0,0.E0,0.E0));
#3493=DIRECTION('',(0.E0,9.986295347546E-1,5.233595624288E-2));
#3494=AXIS2_PLACEMENT_3D('',#3491,#3492,#3493);
#3496=DIRECTION('',(0.E0,-5.233595624329E-2,9.986295347546E-1));
#3497=VECTOR('',#3496,7.162151435867E-1);
#3498=CARTESIAN_POINT('',(8.545E0,1.87E0,-4.9E0));
#3499=LINE('',#3498,#3497);
#3500=DIRECTION('',(1.751012179882E-14,5.233595624304E-2,-9.986295347546E-1));
#3501=VECTOR('',#3500,4.057897163273E-1);
#3502=CARTESIAN_POINT('',(8.545E0,1.648762607162E0,-4.494766404376E0));
#3503=LINE('',#3502,#3501);
#3504=CARTESIAN_POINT('',(8.545E0,1.548899653687E0,-4.5E0));
#3505=DIRECTION('',(-1.E0,0.E0,0.E0));
#3506=DIRECTION('',(0.E0,0.E0,1.E0));
#3507=AXIS2_PLACEMENT_3D('',#3504,#3505,#3506);
#3509=DIRECTION('',(5.122272577615E-13,9.138115486203E-1,-4.061384660534E-1));
#3510=VECTOR('',#3509,4.924428900898E-1);
#3511=CARTESIAN_POINT('',(8.545E0,2.5E-1,-4.2E0));
#3512=LINE('',#3511,#3510);
#3513=DIRECTION('',(-1.E0,0.E0,0.E0));
#3514=VECTOR('',#3513,1.900000000005E-1);
#3515=CARTESIAN_POINT('',(8.545E0,1.067991655295E0,-8.826308710422E-1));
#3516=LINE('',#3515,#3514);
#3517=DIRECTION('',(2.112960195579E-12,-1.E0,0.E0));
#3518=VECTOR('',#3517,1.126532421092E-1);
#3519=CARTESIAN_POINT('',(8.355E0,1.732653242109E0,-4.09E0));
#3520=LINE('',#3519,#3518);
#3521=DIRECTION('',(2.191801993921E-12,1.E0,0.E0));
#3522=VECTOR('',#3521,1.126532421092E-1);
#3523=CARTESIAN_POINT('',(8.545E0,1.62E0,-4.09E0));
#3524=LINE('',#3523,#3522);
#3525=DIRECTION('',(1.E0,0.E0,0.E0));
#3526=VECTOR('',#3525,1.900000000005E-1);
#3527=CARTESIAN_POINT('',(8.355E0,1.832516195584E0,-4.184766404376E0));
#3528=LINE('',#3527,#3526);
#3529=DIRECTION('',(-1.E0,0.E0,0.E0));
#3530=VECTOR('',#3529,1.900000000005E-1);
#3531=CARTESIAN_POINT('',(8.545E0,1.732653242109E0,-4.09E0));
#3532=LINE('',#3531,#3530);
#3533=DIRECTION('',(-1.E0,0.E0,0.E0));
#3534=VECTOR('',#3533,1.900000000005E-1);
#3535=CARTESIAN_POINT('',(8.545E0,1.87E0,-4.9E0));
#3536=LINE('',#3535,#3534);
#3537=DIRECTION('',(0.E0,1.E0,8.437694987149E-14));
#3538=VECTOR('',#3537,2.000000000001E-1);
#3539=CARTESIAN_POINT('',(8.355E0,1.67E0,-4.9E0));
#3540=LINE('',#3539,#3538);
#3541=DIRECTION('',(-1.E0,0.E0,0.E0));
#3542=VECTOR('',#3541,1.900000000005E-1);
#3543=CARTESIAN_POINT('',(8.545E0,1.67E0,-4.9E0));
#3544=LINE('',#3543,#3542);
#3545=DIRECTION('',(0.E0,-1.E0,-8.437694987149E-14));
#3546=VECTOR('',#3545,2.000000000001E-1);
#3547=CARTESIAN_POINT('',(8.545E0,1.87E0,-4.9E0));
#3548=LINE('',#3547,#3546);
#3549=DIRECTION('',(1.E0,0.E0,0.E0));
#3550=VECTOR('',#3549,1.900000000005E-1);
#3551=CARTESIAN_POINT('',(8.355E0,1.648762607162E0,-4.494766404376E0));
#3552=LINE('',#3551,#3550);
#3553=DIRECTION('',(-1.E0,0.E0,0.E0));
#3554=VECTOR('',#3553,1.900000000005E-1);
#3555=CARTESIAN_POINT('',(8.545E0,1.548899653687E0,-4.4E0));
#3556=LINE('',#3555,#3554);
#3557=DIRECTION('',(-1.E0,0.E0,0.E0));
#3558=VECTOR('',#3557,1.900000000005E-1);
#3559=CARTESIAN_POINT('',(8.545E0,7.E-1,-4.4E0));
#3560=LINE('',#3559,#3558);
#3561=DIRECTION('',(0.E0,-1.E0,1.851898273301E-13));
#3562=VECTOR('',#3561,8.488996536872E-1);
#3563=CARTESIAN_POINT('',(8.545E0,1.548899653687E0,-4.4E0));
#3564=LINE('',#3563,#3562);
#3565=DIRECTION('',(0.E0,1.E0,-1.851898273301E-13));
#3566=VECTOR('',#3565,8.488996536872E-1);
#3567=CARTESIAN_POINT('',(8.355E0,7.E-1,-4.4E0));
#3568=LINE('',#3567,#3566);
#3569=DIRECTION('',(1.E0,0.E0,0.E0));
#3570=VECTOR('',#3569,2.1E-1);
#3571=CARTESIAN_POINT('',(8.345E0,1.62E0,-3.5E0));
#3572=LINE('',#3571,#3570);
#3573=DIRECTION('',(-1.E0,0.E0,0.E0));
#3574=VECTOR('',#3573,2.1E-1);
#3575=CARTESIAN_POINT('',(8.555E0,1.82E0,-3.5E0));
#3576=LINE('',#3575,#3574);
#3577=DIRECTION('',(0.E0,0.E0,-1.E0));
#3578=VECTOR('',#3577,7.000000000001E-1);
#3579=CARTESIAN_POINT('',(8.345E0,1.62E0,-3.5E0));
#3580=LINE('',#3579,#3578);
#3581=DIRECTION('',(0.E0,-1.E0,1.554312234475E-13));
#3582=VECTOR('',#3581,2.E-1);
#3583=CARTESIAN_POINT('',(8.345E0,1.82E0,-3.5E0));
#3584=LINE('',#3583,#3582);
#3585=DIRECTION('',(0.E0,0.E0,1.E0));
#3586=VECTOR('',#3585,7.E-1);
#3587=CARTESIAN_POINT('',(8.345E0,1.82E0,-4.2E0));
#3588=LINE('',#3587,#3586);
#3589=DIRECTION('',(0.E0,1.E0,2.264854970235E-13));
#3590=VECTOR('',#3589,2.E-1);
#3591=CARTESIAN_POINT('',(8.345E0,1.62E0,-4.2E0));
#3592=LINE('',#3591,#3590);
#3593=DIRECTION('',(0.E0,0.E0,-1.E0));
#3594=VECTOR('',#3593,7.000000000001E-1);
#3595=CARTESIAN_POINT('',(8.055E0,1.62E0,-3.5E0));
#3596=LINE('',#3595,#3594);
#3597=DIRECTION('',(0.E0,1.E0,2.264854970235E-13));
#3598=VECTOR('',#3597,2.E-1);
#3599=CARTESIAN_POINT('',(8.055E0,1.62E0,-4.2E0));
#3600=LINE('',#3599,#3598);
#3601=DIRECTION('',(0.E0,0.E0,1.E0));
#3602=VECTOR('',#3601,7.E-1);
#3603=CARTESIAN_POINT('',(8.055E0,1.82E0,-4.2E0));
#3604=LINE('',#3603,#3602);
#3605=DIRECTION('',(0.E0,-1.E0,1.554312234475E-13));
#3606=VECTOR('',#3605,2.E-1);
#3607=CARTESIAN_POINT('',(8.055E0,1.82E0,-3.5E0));
#3608=LINE('',#3607,#3606);
#3609=DIRECTION('',(0.E0,0.E0,1.E0));
#3610=VECTOR('',#3609,1.1E-1);
#3611=CARTESIAN_POINT('',(7.855E0,1.62E0,-4.2E0));
#3612=LINE('',#3611,#3610);
#3613=DIRECTION('',(1.E0,0.E0,0.E0));
#3614=VECTOR('',#3613,1.9E-1);
#3615=CARTESIAN_POINT('',(7.855E0,1.62E0,-4.09E0));
#3616=LINE('',#3615,#3614);
#3617=DIRECTION('',(0.E0,0.E0,1.E0));
#3618=VECTOR('',#3617,1.1E-1);
#3619=CARTESIAN_POINT('',(8.045E0,1.62E0,-4.2E0));
#3620=LINE('',#3619,#3618);
#3621=DIRECTION('',(-1.E0,0.E0,4.440892098501E-12));
#3622=VECTOR('',#3621,1.E-2);
#3623=CARTESIAN_POINT('',(8.055E0,1.62E0,-4.2E0));
#3624=LINE('',#3623,#3622);
#3625=DIRECTION('',(-1.E0,0.E0,-4.440892098500E-12));
#3626=VECTOR('',#3625,1.E-2);
#3627=CARTESIAN_POINT('',(7.855E0,1.62E0,-4.2E0));
#3628=LINE('',#3627,#3626);
#3629=CARTESIAN_POINT('',(7.855E0,1.349243459677E0,-9.893449050845E-1));
#3630=DIRECTION('',(1.E0,0.E0,0.E0));
#3631=DIRECTION('',(0.E0,-4.878746331671E-1,8.729137083996E-1));
#3632=AXIS2_PLACEMENT_3D('',#3629,#3630,#3631);
#3634=DIRECTION('',(0.E0,-4.226182617383E-1,-9.063077870378E-1));
#3635=VECTOR('',#3634,2.214638864091E-2);
#3636=CARTESIAN_POINT('',(7.855E0,1.077351123566E0,-8.625594265622E-1));
#3637=LINE('',#3636,#3635);
#3638=DIRECTION('',(1.388084224950E-13,5.303311836799E-2,-9.985927540074E-1));
#3639=VECTOR('',#3638,1.759612716774E0);
#3640=CARTESIAN_POINT('',(7.855E0,1.067991655295E0,-8.826308710422E-1));
#3641=LINE('',#3640,#3639);
#3642=DIRECTION('',(-4.959947038183E-13,9.138115486203E-1,-4.061384660534E-1));
#3643=VECTOR('',#3642,4.924428900898E-1);
#3644=CARTESIAN_POINT('',(7.855E0,2.5E-1,-4.2E0));
#3645=LINE('',#3644,#3643);
#3646=CARTESIAN_POINT('',(7.855E0,1.548899653687E0,-4.5E0));
#3647=DIRECTION('',(-1.E0,0.E0,0.E0));
#3648=DIRECTION('',(0.E0,0.E0,1.E0));
#3649=AXIS2_PLACEMENT_3D('',#3646,#3647,#3648);
#3651=DIRECTION('',(0.E0,5.233595624304E-2,-9.986295347546E-1));
#3652=VECTOR('',#3651,4.057897163273E-1);
#3653=CARTESIAN_POINT('',(7.855E0,1.648762607162E0,-4.494766404376E0));
#3654=LINE('',#3653,#3652);
#3655=DIRECTION('',(0.E0,-5.233595624329E-2,9.986295347546E-1));
#3656=VECTOR('',#3655,7.162151435867E-1);
#3657=CARTESIAN_POINT('',(7.855E0,1.87E0,-4.9E0));
#3658=LINE('',#3657,#3656);
#3659=CARTESIAN_POINT('',(7.855E0,1.732653242109E0,-4.19E0));
#3660=DIRECTION('',(1.E0,0.E0,0.E0));
#3661=DIRECTION('',(0.E0,9.986295347546E-1,5.233595624288E-2));
#3662=AXIS2_PLACEMENT_3D('',#3659,#3660,#3661);
#3664=DIRECTION('',(-1.E0,0.E0,0.E0));
#3665=VECTOR('',#3664,1.900000000005E-1);
#3666=CARTESIAN_POINT('',(8.045E0,1.077351123566E0,-8.625594265622E-1));
#3667=LINE('',#3666,#3665);
#3668=DIRECTION('',(-1.433512435949E-13,5.303311836799E-2,-9.985927540074E-1));
#3669=VECTOR('',#3668,1.759612716774E0);
#3670=CARTESIAN_POINT('',(8.045E0,1.067991655295E0,-8.826308710422E-1));
#3671=LINE('',#3670,#3669);
#3672=DIRECTION('',(3.208390980945E-13,-4.226182617383E-1,-9.063077870378E-1));
#3673=VECTOR('',#3672,2.214638864091E-2);
#3674=CARTESIAN_POINT('',(8.045E0,1.077351123566E0,-8.625594265622E-1));
#3675=LINE('',#3674,#3673);
#3676=CARTESIAN_POINT('',(8.045E0,1.349243459677E0,-9.893449050845E-1));
#3677=DIRECTION('',(1.E0,0.E0,0.E0));
#3678=DIRECTION('',(0.E0,-4.878746331671E-1,8.729137083996E-1));
#3679=AXIS2_PLACEMENT_3D('',#3676,#3677,#3678);
#3681=CARTESIAN_POINT('',(8.045E0,1.732653242109E0,-4.19E0));
#3682=DIRECTION('',(1.E0,0.E0,0.E0));
#3683=DIRECTION('',(0.E0,9.986295347546E-1,5.233595624288E-2));
#3684=AXIS2_PLACEMENT_3D('',#3681,#3682,#3683);
#3686=DIRECTION('',(0.E0,-5.233595624329E-2,9.986295347546E-1));
#3687=VECTOR('',#3686,7.162151435867E-1);
#3688=CARTESIAN_POINT('',(8.045E0,1.87E0,-4.9E0));
#3689=LINE('',#3688,#3687);
#3690=DIRECTION('',(1.751012179882E-14,5.233595624304E-2,-9.986295347546E-1));
#3691=VECTOR('',#3690,4.057897163273E-1);
#3692=CARTESIAN_POINT('',(8.045E0,1.648762607162E0,-4.494766404376E0));
#3693=LINE('',#3692,#3691);
#3694=CARTESIAN_POINT('',(8.045E0,1.548899653687E0,-4.5E0));
#3695=DIRECTION('',(-1.E0,0.E0,0.E0));
#3696=DIRECTION('',(0.E0,0.E0,1.E0));
#3697=AXIS2_PLACEMENT_3D('',#3694,#3695,#3696);
#3699=DIRECTION('',(5.122272577615E-13,9.138115486203E-1,-4.061384660534E-1));
#3700=VECTOR('',#3699,4.924428900898E-1);
#3701=CARTESIAN_POINT('',(8.045E0,2.5E-1,-4.2E0));
#3702=LINE('',#3701,#3700);
#3703=DIRECTION('',(-1.E0,0.E0,0.E0));
#3704=VECTOR('',#3703,1.900000000005E-1);
#3705=CARTESIAN_POINT('',(8.045E0,1.067991655295E0,-8.826308710422E-1));
#3706=LINE('',#3705,#3704);
#3707=DIRECTION('',(2.120844375413E-12,-1.E0,0.E0));
#3708=VECTOR('',#3707,1.126532421092E-1);
#3709=CARTESIAN_POINT('',(7.855E0,1.732653242109E0,-4.09E0));
#3710=LINE('',#3709,#3708);
#3711=DIRECTION('',(2.191801993921E-12,1.E0,0.E0));
#3712=VECTOR('',#3711,1.126532421092E-1);
#3713=CARTESIAN_POINT('',(8.045E0,1.62E0,-4.09E0));
#3714=LINE('',#3713,#3712);
#3715=DIRECTION('',(1.E0,0.E0,0.E0));
#3716=VECTOR('',#3715,1.900000000005E-1);
#3717=CARTESIAN_POINT('',(7.855E0,1.832516195584E0,-4.184766404376E0));
#3718=LINE('',#3717,#3716);
#3719=DIRECTION('',(-1.E0,0.E0,0.E0));
#3720=VECTOR('',#3719,1.900000000005E-1);
#3721=CARTESIAN_POINT('',(8.045E0,1.732653242109E0,-4.09E0));
#3722=LINE('',#3721,#3720);
#3723=DIRECTION('',(-1.E0,0.E0,0.E0));
#3724=VECTOR('',#3723,1.900000000005E-1);
#3725=CARTESIAN_POINT('',(8.045E0,1.87E0,-4.9E0));
#3726=LINE('',#3725,#3724);
#3727=DIRECTION('',(0.E0,1.E0,8.437694987149E-14));
#3728=VECTOR('',#3727,2.000000000001E-1);
#3729=CARTESIAN_POINT('',(7.855E0,1.67E0,-4.9E0));
#3730=LINE('',#3729,#3728);
#3731=DIRECTION('',(-1.E0,0.E0,0.E0));
#3732=VECTOR('',#3731,1.900000000005E-1);
#3733=CARTESIAN_POINT('',(8.045E0,1.67E0,-4.9E0));
#3734=LINE('',#3733,#3732);
#3735=DIRECTION('',(0.E0,-1.E0,-8.437694987149E-14));
#3736=VECTOR('',#3735,2.000000000001E-1);
#3737=CARTESIAN_POINT('',(8.045E0,1.87E0,-4.9E0));
#3738=LINE('',#3737,#3736);
#3739=DIRECTION('',(1.E0,0.E0,0.E0));
#3740=VECTOR('',#3739,1.900000000005E-1);
#3741=CARTESIAN_POINT('',(7.855E0,1.648762607162E0,-4.494766404376E0));
#3742=LINE('',#3741,#3740);
#3743=DIRECTION('',(-1.E0,0.E0,0.E0));
#3744=VECTOR('',#3743,1.900000000005E-1);
#3745=CARTESIAN_POINT('',(8.045E0,1.548899653687E0,-4.4E0));
#3746=LINE('',#3745,#3744);
#3747=DIRECTION('',(-1.E0,0.E0,0.E0));
#3748=VECTOR('',#3747,1.900000000005E-1);
#3749=CARTESIAN_POINT('',(8.045E0,7.E-1,-4.4E0));
#3750=LINE('',#3749,#3748);
#3751=DIRECTION('',(0.E0,-1.E0,1.851898273301E-13));
#3752=VECTOR('',#3751,8.488996536872E-1);
#3753=CARTESIAN_POINT('',(8.045E0,1.548899653687E0,-4.4E0));
#3754=LINE('',#3753,#3752);
#3755=DIRECTION('',(0.E0,1.E0,-1.851898273301E-13));
#3756=VECTOR('',#3755,8.488996536872E-1);
#3757=CARTESIAN_POINT('',(7.855E0,7.E-1,-4.4E0));
#3758=LINE('',#3757,#3756);
#3759=DIRECTION('',(1.E0,0.E0,0.E0));
#3760=VECTOR('',#3759,2.1E-1);
#3761=CARTESIAN_POINT('',(7.845E0,1.62E0,-3.5E0));
#3762=LINE('',#3761,#3760);
#3763=DIRECTION('',(-1.E0,0.E0,0.E0));
#3764=VECTOR('',#3763,2.1E-1);
#3765=CARTESIAN_POINT('',(8.055E0,1.82E0,-3.5E0));
#3766=LINE('',#3765,#3764);
#3767=DIRECTION('',(0.E0,0.E0,-1.E0));
#3768=VECTOR('',#3767,7.000000000001E-1);
#3769=CARTESIAN_POINT('',(7.845E0,1.62E0,-3.5E0));
#3770=LINE('',#3769,#3768);
#3771=DIRECTION('',(0.E0,-1.E0,1.554312234475E-13));
#3772=VECTOR('',#3771,2.E-1);
#3773=CARTESIAN_POINT('',(7.845E0,1.82E0,-3.5E0));
#3774=LINE('',#3773,#3772);
#3775=DIRECTION('',(0.E0,0.E0,1.E0));
#3776=VECTOR('',#3775,7.E-1);
#3777=CARTESIAN_POINT('',(7.845E0,1.82E0,-4.2E0));
#3778=LINE('',#3777,#3776);
#3779=DIRECTION('',(0.E0,1.E0,2.264854970235E-13));
#3780=VECTOR('',#3779,2.E-1);
#3781=CARTESIAN_POINT('',(7.845E0,1.62E0,-4.2E0));
#3782=LINE('',#3781,#3780);
#3783=DIRECTION('',(0.E0,0.E0,-1.E0));
#3784=VECTOR('',#3783,7.000000000001E-1);
#3785=CARTESIAN_POINT('',(7.555E0,1.62E0,-3.5E0));
#3786=LINE('',#3785,#3784);
#3787=DIRECTION('',(0.E0,1.E0,2.264854970235E-13));
#3788=VECTOR('',#3787,2.E-1);
#3789=CARTESIAN_POINT('',(7.555E0,1.62E0,-4.2E0));
#3790=LINE('',#3789,#3788);
#3791=DIRECTION('',(0.E0,0.E0,1.E0));
#3792=VECTOR('',#3791,7.E-1);
#3793=CARTESIAN_POINT('',(7.555E0,1.82E0,-4.2E0));
#3794=LINE('',#3793,#3792);
#3795=DIRECTION('',(0.E0,-1.E0,1.554312234475E-13));
#3796=VECTOR('',#3795,2.E-1);
#3797=CARTESIAN_POINT('',(7.555E0,1.82E0,-3.5E0));
#3798=LINE('',#3797,#3796);
#3799=DIRECTION('',(0.E0,0.E0,1.E0));
#3800=VECTOR('',#3799,1.1E-1);
#3801=CARTESIAN_POINT('',(7.355E0,1.62E0,-4.2E0));
#3802=LINE('',#3801,#3800);
#3803=DIRECTION('',(1.E0,0.E0,0.E0));
#3804=VECTOR('',#3803,1.9E-1);
#3805=CARTESIAN_POINT('',(7.355E0,1.62E0,-4.09E0));
#3806=LINE('',#3805,#3804);
#3807=DIRECTION('',(0.E0,0.E0,1.E0));
#3808=VECTOR('',#3807,1.1E-1);
#3809=CARTESIAN_POINT('',(7.545E0,1.62E0,-4.2E0));
#3810=LINE('',#3809,#3808);
#3811=DIRECTION('',(-1.E0,0.E0,4.440892098501E-12));
#3812=VECTOR('',#3811,1.E-2);
#3813=CARTESIAN_POINT('',(7.555E0,1.62E0,-4.2E0));
#3814=LINE('',#3813,#3812);
#3815=DIRECTION('',(-1.E0,0.E0,-4.440892098500E-12));
#3816=VECTOR('',#3815,1.E-2);
#3817=CARTESIAN_POINT('',(7.355E0,1.62E0,-4.2E0));
#3818=LINE('',#3817,#3816);
#3819=CARTESIAN_POINT('',(7.355E0,1.349243459677E0,-9.893449050845E-1));
#3820=DIRECTION('',(1.E0,0.E0,0.E0));
#3821=DIRECTION('',(0.E0,-4.878746331671E-1,8.729137083996E-1));
#3822=AXIS2_PLACEMENT_3D('',#3819,#3820,#3821);
#3824=DIRECTION('',(0.E0,-4.226182617383E-1,-9.063077870378E-1));
#3825=VECTOR('',#3824,2.214638864091E-2);
#3826=CARTESIAN_POINT('',(7.355E0,1.077351123566E0,-8.625594265622E-1));
#3827=LINE('',#3826,#3825);
#3828=DIRECTION('',(1.388084224950E-13,5.303311836799E-2,-9.985927540074E-1));
#3829=VECTOR('',#3828,1.759612716774E0);
#3830=CARTESIAN_POINT('',(7.355E0,1.067991655295E0,-8.826308710422E-1));
#3831=LINE('',#3830,#3829);
#3832=DIRECTION('',(-4.959947038183E-13,9.138115486203E-1,-4.061384660534E-1));
#3833=VECTOR('',#3832,4.924428900898E-1);
#3834=CARTESIAN_POINT('',(7.355E0,2.5E-1,-4.2E0));
#3835=LINE('',#3834,#3833);
#3836=CARTESIAN_POINT('',(7.355E0,1.548899653687E0,-4.5E0));
#3837=DIRECTION('',(-1.E0,0.E0,0.E0));
#3838=DIRECTION('',(0.E0,0.E0,1.E0));
#3839=AXIS2_PLACEMENT_3D('',#3836,#3837,#3838);
#3841=DIRECTION('',(0.E0,5.233595624304E-2,-9.986295347546E-1));
#3842=VECTOR('',#3841,4.057897163273E-1);
#3843=CARTESIAN_POINT('',(7.355E0,1.648762607162E0,-4.494766404376E0));
#3844=LINE('',#3843,#3842);
#3845=DIRECTION('',(0.E0,-5.233595624329E-2,9.986295347546E-1));
#3846=VECTOR('',#3845,7.162151435867E-1);
#3847=CARTESIAN_POINT('',(7.355E0,1.87E0,-4.9E0));
#3848=LINE('',#3847,#3846);
#3849=CARTESIAN_POINT('',(7.355E0,1.732653242109E0,-4.19E0));
#3850=DIRECTION('',(1.E0,0.E0,0.E0));
#3851=DIRECTION('',(0.E0,9.986295347546E-1,5.233595624288E-2));
#3852=AXIS2_PLACEMENT_3D('',#3849,#3850,#3851);
#3854=DIRECTION('',(-1.E0,0.E0,0.E0));
#3855=VECTOR('',#3854,1.900000000005E-1);
#3856=CARTESIAN_POINT('',(7.545E0,1.077351123566E0,-8.625594265622E-1));
#3857=LINE('',#3856,#3855);
#3858=DIRECTION('',(-1.428464856949E-13,5.303311836799E-2,-9.985927540074E-1));
#3859=VECTOR('',#3858,1.759612716774E0);
#3860=CARTESIAN_POINT('',(7.545E0,1.067991655295E0,-8.826308710422E-1));
#3861=LINE('',#3860,#3859);
#3862=DIRECTION('',(3.609439853563E-13,-4.226182617383E-1,-9.063077870378E-1));
#3863=VECTOR('',#3862,2.214638864091E-2);
#3864=CARTESIAN_POINT('',(7.545E0,1.077351123566E0,-8.625594265622E-1));
#3865=LINE('',#3864,#3863);
#3866=CARTESIAN_POINT('',(7.545E0,1.349243459677E0,-9.893449050845E-1));
#3867=DIRECTION('',(1.E0,0.E0,0.E0));
#3868=DIRECTION('',(0.E0,-4.878746331671E-1,8.729137083996E-1));
#3869=AXIS2_PLACEMENT_3D('',#3866,#3867,#3868);
#3871=CARTESIAN_POINT('',(7.545E0,1.732653242109E0,-4.19E0));
#3872=DIRECTION('',(1.E0,0.E0,0.E0));
#3873=DIRECTION('',(0.E0,9.986295347546E-1,5.233595624288E-2));
#3874=AXIS2_PLACEMENT_3D('',#3871,#3872,#3873);
#3876=DIRECTION('',(0.E0,-5.233595624329E-2,9.986295347546E-1));
#3877=VECTOR('',#3876,7.162151435867E-1);
#3878=CARTESIAN_POINT('',(7.545E0,1.87E0,-4.9E0));
#3879=LINE('',#3878,#3877);
#3880=DIRECTION('',(1.969888702368E-14,5.233595624304E-2,-9.986295347546E-1));
#3881=VECTOR('',#3880,4.057897163273E-1);
#3882=CARTESIAN_POINT('',(7.545E0,1.648762607162E0,-4.494766404376E0));
#3883=LINE('',#3882,#3881);
#3884=CARTESIAN_POINT('',(7.545E0,1.548899653687E0,-4.5E0));
#3885=DIRECTION('',(-1.E0,0.E0,0.E0));
#3886=DIRECTION('',(0.E0,0.E0,1.E0));
#3887=AXIS2_PLACEMENT_3D('',#3884,#3885,#3886);
#3889=DIRECTION('',(5.122272577615E-13,9.138115486203E-1,-4.061384660534E-1));
#3890=VECTOR('',#3889,4.924428900898E-1);
#3891=CARTESIAN_POINT('',(7.545E0,2.5E-1,-4.2E0));
#3892=LINE('',#3891,#3890);
#3893=DIRECTION('',(-1.E0,0.E0,0.E0));
#3894=VECTOR('',#3893,1.900000000005E-1);
#3895=CARTESIAN_POINT('',(7.545E0,1.067991655295E0,-8.826308710422E-1));
#3896=LINE('',#3895,#3894);
#3897=DIRECTION('',(2.120844375413E-12,-1.E0,0.E0));
#3898=VECTOR('',#3897,1.126532421092E-1);
#3899=CARTESIAN_POINT('',(7.355E0,1.732653242109E0,-4.09E0));
#3900=LINE('',#3899,#3898);
#3901=DIRECTION('',(2.191801993921E-12,1.E0,0.E0));
#3902=VECTOR('',#3901,1.126532421092E-1);
#3903=CARTESIAN_POINT('',(7.545E0,1.62E0,-4.09E0));
#3904=LINE('',#3903,#3902);
#3905=DIRECTION('',(1.E0,0.E0,0.E0));
#3906=VECTOR('',#3905,1.900000000005E-1);
#3907=CARTESIAN_POINT('',(7.355E0,1.832516195584E0,-4.184766404376E0));
#3908=LINE('',#3907,#3906);
#3909=DIRECTION('',(-1.E0,0.E0,0.E0));
#3910=VECTOR('',#3909,1.900000000005E-1);
#3911=CARTESIAN_POINT('',(7.545E0,1.732653242109E0,-4.09E0));
#3912=LINE('',#3911,#3910);
#3913=DIRECTION('',(-1.E0,0.E0,0.E0));
#3914=VECTOR('',#3913,1.900000000005E-1);
#3915=CARTESIAN_POINT('',(7.545E0,1.87E0,-4.9E0));
#3916=LINE('',#3915,#3914);
#3917=DIRECTION('',(0.E0,1.E0,8.437694987149E-14));
#3918=VECTOR('',#3917,2.000000000001E-1);
#3919=CARTESIAN_POINT('',(7.355E0,1.67E0,-4.9E0));
#3920=LINE('',#3919,#3918);
#3921=DIRECTION('',(-1.E0,0.E0,0.E0));
#3922=VECTOR('',#3921,1.900000000005E-1);
#3923=CARTESIAN_POINT('',(7.545E0,1.67E0,-4.9E0));
#3924=LINE('',#3923,#3922);
#3925=DIRECTION('',(0.E0,-1.E0,-8.437694987149E-14));
#3926=VECTOR('',#3925,2.000000000001E-1);
#3927=CARTESIAN_POINT('',(7.545E0,1.87E0,-4.9E0));
#3928=LINE('',#3927,#3926);
#3929=DIRECTION('',(1.E0,0.E0,0.E0));
#3930=VECTOR('',#3929,1.900000000005E-1);
#3931=CARTESIAN_POINT('',(7.355E0,1.648762607162E0,-4.494766404376E0));
#3932=LINE('',#3931,#3930);
#3933=DIRECTION('',(-1.E0,0.E0,0.E0));
#3934=VECTOR('',#3933,1.900000000005E-1);
#3935=CARTESIAN_POINT('',(7.545E0,1.548899653687E0,-4.4E0));
#3936=LINE('',#3935,#3934);
#3937=DIRECTION('',(-1.E0,0.E0,0.E0));
#3938=VECTOR('',#3937,1.900000000005E-1);
#3939=CARTESIAN_POINT('',(7.545E0,7.E-1,-4.4E0));
#3940=LINE('',#3939,#3938);
#3941=DIRECTION('',(0.E0,-1.E0,1.851898273301E-13));
#3942=VECTOR('',#3941,8.488996536872E-1);
#3943=CARTESIAN_POINT('',(7.545E0,1.548899653687E0,-4.4E0));
#3944=LINE('',#3943,#3942);
#3945=DIRECTION('',(0.E0,1.E0,-1.851898273301E-13));
#3946=VECTOR('',#3945,8.488996536872E-1);
#3947=CARTESIAN_POINT('',(7.355E0,7.E-1,-4.4E0));
#3948=LINE('',#3947,#3946);
#3949=DIRECTION('',(1.E0,0.E0,0.E0));
#3950=VECTOR('',#3949,2.1E-1);
#3951=CARTESIAN_POINT('',(7.345E0,1.62E0,-3.5E0));
#3952=LINE('',#3951,#3950);
#3953=DIRECTION('',(-1.E0,0.E0,0.E0));
#3954=VECTOR('',#3953,2.1E-1);
#3955=CARTESIAN_POINT('',(7.555E0,1.82E0,-3.5E0));
#3956=LINE('',#3955,#3954);
#3957=DIRECTION('',(0.E0,0.E0,-1.E0));
#3958=VECTOR('',#3957,7.000000000001E-1);
#3959=CARTESIAN_POINT('',(7.345E0,1.62E0,-3.5E0));
#3960=LINE('',#3959,#3958);
#3961=DIRECTION('',(0.E0,-1.E0,1.554312234475E-13));
#3962=VECTOR('',#3961,2.E-1);
#3963=CARTESIAN_POINT('',(7.345E0,1.82E0,-3.5E0));
#3964=LINE('',#3963,#3962);
#3965=DIRECTION('',(0.E0,0.E0,1.E0));
#3966=VECTOR('',#3965,7.E-1);
#3967=CARTESIAN_POINT('',(7.345E0,1.82E0,-4.2E0));
#3968=LINE('',#3967,#3966);
#3969=DIRECTION('',(0.E0,1.E0,2.264854970235E-13));
#3970=VECTOR('',#3969,2.E-1);
#3971=CARTESIAN_POINT('',(7.345E0,1.62E0,-4.2E0));
#3972=LINE('',#3971,#3970);
#3973=DIRECTION('',(0.E0,0.E0,-1.E0));
#3974=VECTOR('',#3973,7.000000000001E-1);
#3975=CARTESIAN_POINT('',(7.055E0,1.62E0,-3.5E0));
#3976=LINE('',#3975,#3974);
#3977=DIRECTION('',(0.E0,1.E0,2.264854970235E-13));
#3978=VECTOR('',#3977,2.E-1);
#3979=CARTESIAN_POINT('',(7.055E0,1.62E0,-4.2E0));
#3980=LINE('',#3979,#3978);
#3981=DIRECTION('',(0.E0,0.E0,1.E0));
#3982=VECTOR('',#3981,7.E-1);
#3983=CARTESIAN_POINT('',(7.055E0,1.82E0,-4.2E0));
#3984=LINE('',#3983,#3982);
#3985=DIRECTION('',(0.E0,-1.E0,1.554312234475E-13));
#3986=VECTOR('',#3985,2.E-1);
#3987=CARTESIAN_POINT('',(7.055E0,1.82E0,-3.5E0));
#3988=LINE('',#3987,#3986);
#3989=DIRECTION('',(0.E0,0.E0,1.E0));
#3990=VECTOR('',#3989,1.1E-1);
#3991=CARTESIAN_POINT('',(6.855E0,1.62E0,-4.2E0));
#3992=LINE('',#3991,#3990);
#3993=DIRECTION('',(1.E0,0.E0,0.E0));
#3994=VECTOR('',#3993,1.9E-1);
#3995=CARTESIAN_POINT('',(6.855E0,1.62E0,-4.09E0));
#3996=LINE('',#3995,#3994);
#3997=DIRECTION('',(0.E0,0.E0,1.E0));
#3998=VECTOR('',#3997,1.1E-1);
#3999=CARTESIAN_POINT('',(7.045E0,1.62E0,-4.2E0));
#4000=LINE('',#3999,#3998);
#4001=DIRECTION('',(-1.E0,0.E0,4.440892098501E-12));
#4002=VECTOR('',#4001,1.E-2);
#4003=CARTESIAN_POINT('',(7.055E0,1.62E0,-4.2E0));
#4004=LINE('',#4003,#4002);
#4005=DIRECTION('',(-1.E0,0.E0,-4.440892098500E-12));
#4006=VECTOR('',#4005,1.E-2);
#4007=CARTESIAN_POINT('',(6.855E0,1.62E0,-4.2E0));
#4008=LINE('',#4007,#4006);
#4009=CARTESIAN_POINT('',(6.855E0,1.349243459677E0,-9.893449050845E-1));
#4010=DIRECTION('',(1.E0,0.E0,0.E0));
#4011=DIRECTION('',(0.E0,-4.878746331671E-1,8.729137083996E-1));
#4012=AXIS2_PLACEMENT_3D('',#4009,#4010,#4011);
#4014=DIRECTION('',(0.E0,-4.226182617383E-1,-9.063077870378E-1));
#4015=VECTOR('',#4014,2.214638864091E-2);
#4016=CARTESIAN_POINT('',(6.855E0,1.077351123566E0,-8.625594265622E-1));
#4017=LINE('',#4016,#4015);
#4018=DIRECTION('',(1.388084224950E-13,5.303311836799E-2,-9.985927540074E-1));
#4019=VECTOR('',#4018,1.759612716774E0);
#4020=CARTESIAN_POINT('',(6.855E0,1.067991655295E0,-8.826308710422E-1));
#4021=LINE('',#4020,#4019);
#4022=DIRECTION('',(-4.959947038183E-13,9.138115486203E-1,-4.061384660534E-1));
#4023=VECTOR('',#4022,4.924428900898E-1);
#4024=CARTESIAN_POINT('',(6.855E0,2.5E-1,-4.2E0));
#4025=LINE('',#4024,#4023);
#4026=CARTESIAN_POINT('',(6.855E0,1.548899653687E0,-4.5E0));
#4027=DIRECTION('',(-1.E0,0.E0,0.E0));
#4028=DIRECTION('',(0.E0,0.E0,1.E0));
#4029=AXIS2_PLACEMENT_3D('',#4026,#4027,#4028);
#4031=DIRECTION('',(0.E0,5.233595624304E-2,-9.986295347546E-1));
#4032=VECTOR('',#4031,4.057897163273E-1);
#4033=CARTESIAN_POINT('',(6.855E0,1.648762607162E0,-4.494766404376E0));
#4034=LINE('',#4033,#4032);
#4035=DIRECTION('',(0.E0,-5.233595624329E-2,9.986295347546E-1));
#4036=VECTOR('',#4035,7.162151435867E-1);
#4037=CARTESIAN_POINT('',(6.855E0,1.87E0,-4.9E0));
#4038=LINE('',#4037,#4036);
#4039=CARTESIAN_POINT('',(6.855E0,1.732653242109E0,-4.19E0));
#4040=DIRECTION('',(1.E0,0.E0,0.E0));
#4041=DIRECTION('',(0.E0,9.986295347546E-1,5.233595624288E-2));
#4042=AXIS2_PLACEMENT_3D('',#4039,#4040,#4041);
#4044=DIRECTION('',(-1.E0,0.E0,0.E0));
#4045=VECTOR('',#4044,1.900000000005E-1);
#4046=CARTESIAN_POINT('',(7.045E0,1.077351123566E0,-8.625594265622E-1));
#4047=LINE('',#4046,#4045);
#4048=DIRECTION('',(-1.428464856949E-13,5.303311836799E-2,-9.985927540074E-1));
#4049=VECTOR('',#4048,1.759612716774E0);
#4050=CARTESIAN_POINT('',(7.045E0,1.067991655295E0,-8.826308710422E-1));
#4051=LINE('',#4050,#4049);
#4052=DIRECTION('',(3.609439853563E-13,-4.226182617383E-1,-9.063077870378E-1));
#4053=VECTOR('',#4052,2.214638864091E-2);
#4054=CARTESIAN_POINT('',(7.045E0,1.077351123566E0,-8.625594265622E-1));
#4055=LINE('',#4054,#4053);
#4056=CARTESIAN_POINT('',(7.045E0,1.349243459677E0,-9.893449050845E-1));
#4057=DIRECTION('',(1.E0,0.E0,0.E0));
#4058=DIRECTION('',(0.E0,-4.878746331671E-1,8.729137083996E-1));
#4059=AXIS2_PLACEMENT_3D('',#4056,#4057,#4058);
#4061=CARTESIAN_POINT('',(7.045E0,1.732653242109E0,-4.19E0));
#4062=DIRECTION('',(1.E0,0.E0,0.E0));
#4063=DIRECTION('',(0.E0,9.986295347546E-1,5.233595624288E-2));
#4064=AXIS2_PLACEMENT_3D('',#4061,#4062,#4063);
#4066=DIRECTION('',(0.E0,-5.233595624329E-2,9.986295347546E-1));
#4067=VECTOR('',#4066,7.162151435867E-1);
#4068=CARTESIAN_POINT('',(7.045E0,1.87E0,-4.9E0));
#4069=LINE('',#4068,#4067);
#4070=DIRECTION('',(1.969888702368E-14,5.233595624304E-2,-9.986295347546E-1));
#4071=VECTOR('',#4070,4.057897163273E-1);
#4072=CARTESIAN_POINT('',(7.045E0,1.648762607162E0,-4.494766404376E0));
#4073=LINE('',#4072,#4071);
#4074=CARTESIAN_POINT('',(7.045E0,1.548899653687E0,-4.5E0));
#4075=DIRECTION('',(-1.E0,0.E0,0.E0));
#4076=DIRECTION('',(0.E0,0.E0,1.E0));
#4077=AXIS2_PLACEMENT_3D('',#4074,#4075,#4076);
#4079=DIRECTION('',(5.122272577615E-13,9.138115486203E-1,-4.061384660534E-1));
#4080=VECTOR('',#4079,4.924428900898E-1);
#4081=CARTESIAN_POINT('',(7.045E0,2.5E-1,-4.2E0));
#4082=LINE('',#4081,#4080);
#4083=DIRECTION('',(-1.E0,0.E0,0.E0));
#4084=VECTOR('',#4083,1.900000000005E-1);
#4085=CARTESIAN_POINT('',(7.045E0,1.067991655295E0,-8.826308710422E-1));
#4086=LINE('',#4085,#4084);
#4087=DIRECTION('',(2.120844375413E-12,-1.E0,0.E0));
#4088=VECTOR('',#4087,1.126532421092E-1);
#4089=CARTESIAN_POINT('',(6.855E0,1.732653242109E0,-4.09E0));
#4090=LINE('',#4089,#4088);
#4091=DIRECTION('',(2.191801993921E-12,1.E0,0.E0));
#4092=VECTOR('',#4091,1.126532421092E-1);
#4093=CARTESIAN_POINT('',(7.045E0,1.62E0,-4.09E0));
#4094=LINE('',#4093,#4092);
#4095=DIRECTION('',(1.E0,0.E0,0.E0));
#4096=VECTOR('',#4095,1.900000000005E-1);
#4097=CARTESIAN_POINT('',(6.855E0,1.832516195584E0,-4.184766404376E0));
#4098=LINE('',#4097,#4096);
#4099=DIRECTION('',(-1.E0,0.E0,0.E0));
#4100=VECTOR('',#4099,1.900000000005E-1);
#4101=CARTESIAN_POINT('',(7.045E0,1.732653242109E0,-4.09E0));
#4102=LINE('',#4101,#4100);
#4103=DIRECTION('',(-1.E0,0.E0,0.E0));
#4104=VECTOR('',#4103,1.900000000005E-1);
#4105=CARTESIAN_POINT('',(7.045E0,1.87E0,-4.9E0));
#4106=LINE('',#4105,#4104);
#4107=DIRECTION('',(0.E0,1.E0,8.437694987149E-14));
#4108=VECTOR('',#4107,2.000000000001E-1);
#4109=CARTESIAN_POINT('',(6.855E0,1.67E0,-4.9E0));
#4110=LINE('',#4109,#4108);
#4111=DIRECTION('',(-1.E0,0.E0,0.E0));
#4112=VECTOR('',#4111,1.900000000005E-1);
#4113=CARTESIAN_POINT('',(7.045E0,1.67E0,-4.9E0));
#4114=LINE('',#4113,#4112);
#4115=DIRECTION('',(0.E0,-1.E0,-8.437694987149E-14));
#4116=VECTOR('',#4115,2.000000000001E-1);
#4117=CARTESIAN_POINT('',(7.045E0,1.87E0,-4.9E0));
#4118=LINE('',#4117,#4116);
#4119=DIRECTION('',(1.E0,0.E0,0.E0));
#4120=VECTOR('',#4119,1.900000000005E-1);
#4121=CARTESIAN_POINT('',(6.855E0,1.648762607162E0,-4.494766404376E0));
#4122=LINE('',#4121,#4120);
#4123=DIRECTION('',(-1.E0,0.E0,0.E0));
#4124=VECTOR('',#4123,1.900000000005E-1);
#4125=CARTESIAN_POINT('',(7.045E0,1.548899653687E0,-4.4E0));
#4126=LINE('',#4125,#4124);
#4127=DIRECTION('',(-1.E0,0.E0,0.E0));
#4128=VECTOR('',#4127,1.900000000005E-1);
#4129=CARTESIAN_POINT('',(7.045E0,7.E-1,-4.4E0));
#4130=LINE('',#4129,#4128);
#4131=DIRECTION('',(0.E0,-1.E0,1.851898273301E-13));
#4132=VECTOR('',#4131,8.488996536872E-1);
#4133=CARTESIAN_POINT('',(7.045E0,1.548899653687E0,-4.4E0));
#4134=LINE('',#4133,#4132);
#4135=DIRECTION('',(0.E0,1.E0,-1.851898273301E-13));
#4136=VECTOR('',#4135,8.488996536872E-1);
#4137=CARTESIAN_POINT('',(6.855E0,7.E-1,-4.4E0));
#4138=LINE('',#4137,#4136);
#4139=DIRECTION('',(1.E0,0.E0,0.E0));
#4140=VECTOR('',#4139,2.1E-1);
#4141=CARTESIAN_POINT('',(6.845E0,1.62E0,-3.5E0));
#4142=LINE('',#4141,#4140);
#4143=DIRECTION('',(-1.E0,0.E0,0.E0));
#4144=VECTOR('',#4143,2.1E-1);
#4145=CARTESIAN_POINT('',(7.055E0,1.82E0,-3.5E0));
#4146=LINE('',#4145,#4144);
#4147=DIRECTION('',(0.E0,0.E0,-1.E0));
#4148=VECTOR('',#4147,7.000000000001E-1);
#4149=CARTESIAN_POINT('',(6.845E0,1.62E0,-3.5E0));
#4150=LINE('',#4149,#4148);
#4151=DIRECTION('',(0.E0,-1.E0,1.554312234475E-13));
#4152=VECTOR('',#4151,2.E-1);
#4153=CARTESIAN_POINT('',(6.845E0,1.82E0,-3.5E0));
#4154=LINE('',#4153,#4152);
#4155=DIRECTION('',(0.E0,0.E0,1.E0));
#4156=VECTOR('',#4155,7.E-1);
#4157=CARTESIAN_POINT('',(6.845E0,1.82E0,-4.2E0));
#4158=LINE('',#4157,#4156);
#4159=DIRECTION('',(1.776356839400E-14,1.E0,2.264854970235E-13));
#4160=VECTOR('',#4159,2.E-1);
#4161=CARTESIAN_POINT('',(6.845E0,1.62E0,-4.2E0));
#4162=LINE('',#4161,#4160);
#4163=DIRECTION('',(0.E0,0.E0,-1.E0));
#4164=VECTOR('',#4163,7.000000000001E-1);
#4165=CARTESIAN_POINT('',(6.555E0,1.62E0,-3.5E0));
#4166=LINE('',#4165,#4164);
#4167=DIRECTION('',(0.E0,1.E0,2.264854970235E-13));
#4168=VECTOR('',#4167,2.E-1);
#4169=CARTESIAN_POINT('',(6.555E0,1.62E0,-4.2E0));
#4170=LINE('',#4169,#4168);
#4171=DIRECTION('',(0.E0,0.E0,1.E0));
#4172=VECTOR('',#4171,7.E-1);
#4173=CARTESIAN_POINT('',(6.555E0,1.82E0,-4.2E0));
#4174=LINE('',#4173,#4172);
#4175=DIRECTION('',(0.E0,-1.E0,1.554312234475E-13));
#4176=VECTOR('',#4175,2.E-1);
#4177=CARTESIAN_POINT('',(6.555E0,1.82E0,-3.5E0));
#4178=LINE('',#4177,#4176);
#4179=DIRECTION('',(0.E0,0.E0,1.E0));
#4180=VECTOR('',#4179,1.1E-1);
#4181=CARTESIAN_POINT('',(6.355E0,1.62E0,-4.2E0));
#4182=LINE('',#4181,#4180);
#4183=DIRECTION('',(1.E0,0.E0,0.E0));
#4184=VECTOR('',#4183,1.9E-1);
#4185=CARTESIAN_POINT('',(6.355E0,1.62E0,-4.09E0));
#4186=LINE('',#4185,#4184);
#4187=DIRECTION('',(0.E0,0.E0,1.E0));
#4188=VECTOR('',#4187,1.1E-1);
#4189=CARTESIAN_POINT('',(6.545E0,1.62E0,-4.2E0));
#4190=LINE('',#4189,#4188);
#4191=DIRECTION('',(-1.E0,0.E0,4.440892098501E-12));
#4192=VECTOR('',#4191,1.E-2);
#4193=CARTESIAN_POINT('',(6.555E0,1.62E0,-4.2E0));
#4194=LINE('',#4193,#4192);
#4195=DIRECTION('',(-1.E0,0.E0,-4.440892098500E-12));
#4196=VECTOR('',#4195,1.E-2);
#4197=CARTESIAN_POINT('',(6.355E0,1.62E0,-4.2E0));
#4198=LINE('',#4197,#4196);
#4199=CARTESIAN_POINT('',(6.355E0,1.349243459677E0,-9.893449050845E-1));
#4200=DIRECTION('',(1.E0,0.E0,0.E0));
#4201=DIRECTION('',(0.E0,-4.878746331671E-1,8.729137083996E-1));
#4202=AXIS2_PLACEMENT_3D('',#4199,#4200,#4201);
#4204=DIRECTION('',(0.E0,-4.226182617383E-1,-9.063077870378E-1));
#4205=VECTOR('',#4204,2.214638864091E-2);
#4206=CARTESIAN_POINT('',(6.355E0,1.077351123566E0,-8.625594265622E-1));
#4207=LINE('',#4206,#4205);
#4208=DIRECTION('',(1.372941487951E-13,5.303311836799E-2,-9.985927540074E-1));
#4209=VECTOR('',#4208,1.759612716774E0);
#4210=CARTESIAN_POINT('',(6.355E0,1.067991655295E0,-8.826308710422E-1));
#4211=LINE('',#4210,#4209);
#4212=DIRECTION('',(-4.905838525039E-13,9.138115486203E-1,-4.061384660534E-1));
#4213=VECTOR('',#4212,4.924428900898E-1);
#4214=CARTESIAN_POINT('',(6.355E0,2.5E-1,-4.2E0));
#4215=LINE('',#4214,#4213);
#4216=CARTESIAN_POINT('',(6.355E0,1.548899653687E0,-4.5E0));
#4217=DIRECTION('',(-1.E0,0.E0,0.E0));
#4218=DIRECTION('',(0.E0,0.E0,1.E0));
#4219=AXIS2_PLACEMENT_3D('',#4216,#4217,#4218);
#4221=DIRECTION('',(0.E0,5.233595624304E-2,-9.986295347546E-1));
#4222=VECTOR('',#4221,4.057897163273E-1);
#4223=CARTESIAN_POINT('',(6.355E0,1.648762607162E0,-4.494766404376E0));
#4224=LINE('',#4223,#4222);
#4225=DIRECTION('',(0.E0,-5.233595624329E-2,9.986295347546E-1));
#4226=VECTOR('',#4225,7.162151435867E-1);
#4227=CARTESIAN_POINT('',(6.355E0,1.87E0,-4.9E0));
#4228=LINE('',#4227,#4226);
#4229=CARTESIAN_POINT('',(6.355E0,1.732653242109E0,-4.19E0));
#4230=DIRECTION('',(1.E0,0.E0,0.E0));
#4231=DIRECTION('',(0.E0,9.986295347546E-1,5.233595624288E-2));
#4232=AXIS2_PLACEMENT_3D('',#4229,#4230,#4231);
#4234=DIRECTION('',(-1.E0,0.E0,0.E0));
#4235=VECTOR('',#4234,1.900000000005E-1);
#4236=CARTESIAN_POINT('',(6.545E0,1.077351123566E0,-8.625594265622E-1));
#4237=LINE('',#4236,#4235);
#4238=DIRECTION('',(-1.428464856949E-13,5.303311836799E-2,-9.985927540074E-1));
#4239=VECTOR('',#4238,1.759612716774E0);
#4240=CARTESIAN_POINT('',(6.545E0,1.067991655295E0,-8.826308710422E-1));
#4241=LINE('',#4240,#4239);
#4242=DIRECTION('',(3.609439853563E-13,-4.226182617383E-1,-9.063077870378E-1));
#4243=VECTOR('',#4242,2.214638864091E-2);
#4244=CARTESIAN_POINT('',(6.545E0,1.077351123566E0,-8.625594265622E-1));
#4245=LINE('',#4244,#4243);
#4246=CARTESIAN_POINT('',(6.545E0,1.349243459677E0,-9.893449050845E-1));
#4247=DIRECTION('',(1.E0,0.E0,0.E0));
#4248=DIRECTION('',(0.E0,-4.878746331671E-1,8.729137083996E-1));
#4249=AXIS2_PLACEMENT_3D('',#4246,#4247,#4248);
#4251=CARTESIAN_POINT('',(6.545E0,1.732653242109E0,-4.19E0));
#4252=DIRECTION('',(1.E0,0.E0,0.E0));
#4253=DIRECTION('',(0.E0,9.986295347546E-1,5.233595624288E-2));
#4254=AXIS2_PLACEMENT_3D('',#4251,#4252,#4253);
#4256=DIRECTION('',(0.E0,-5.233595624329E-2,9.986295347546E-1));
#4257=VECTOR('',#4256,7.162151435867E-1);
#4258=CARTESIAN_POINT('',(6.545E0,1.87E0,-4.9E0));
#4259=LINE('',#4258,#4257);
#4260=DIRECTION('',(1.969888702368E-14,5.233595624304E-2,-9.986295347546E-1));
#4261=VECTOR('',#4260,4.057897163273E-1);
#4262=CARTESIAN_POINT('',(6.545E0,1.648762607162E0,-4.494766404376E0));
#4263=LINE('',#4262,#4261);
#4264=CARTESIAN_POINT('',(6.545E0,1.548899653687E0,-4.5E0));
#4265=DIRECTION('',(-1.E0,0.E0,0.E0));
#4266=DIRECTION('',(0.E0,0.E0,1.E0));
#4267=AXIS2_PLACEMENT_3D('',#4264,#4265,#4266);
#4269=DIRECTION('',(5.122272577615E-13,9.138115486203E-1,-4.061384660534E-1));
#4270=VECTOR('',#4269,4.924428900898E-1);
#4271=CARTESIAN_POINT('',(6.545E0,2.5E-1,-4.2E0));
#4272=LINE('',#4271,#4270);
#4273=DIRECTION('',(-1.E0,0.E0,0.E0));
#4274=VECTOR('',#4273,1.900000000005E-1);
#4275=CARTESIAN_POINT('',(6.545E0,1.067991655295E0,-8.826308710422E-1));
#4276=LINE('',#4275,#4274);
#4277=DIRECTION('',(2.128728555247E-12,-1.E0,0.E0));
#4278=VECTOR('',#4277,1.126532421092E-1);
#4279=CARTESIAN_POINT('',(6.355E0,1.732653242109E0,-4.09E0));
#4280=LINE('',#4279,#4278);
#4281=DIRECTION('',(2.191801993921E-12,1.E0,0.E0));
#4282=VECTOR('',#4281,1.126532421092E-1);
#4283=CARTESIAN_POINT('',(6.545E0,1.62E0,-4.09E0));
#4284=LINE('',#4283,#4282);
#4285=DIRECTION('',(1.E0,0.E0,0.E0));
#4286=VECTOR('',#4285,1.900000000005E-1);
#4287=CARTESIAN_POINT('',(6.355E0,1.832516195584E0,-4.184766404376E0));
#4288=LINE('',#4287,#4286);
#4289=DIRECTION('',(-1.E0,0.E0,0.E0));
#4290=VECTOR('',#4289,1.900000000005E-1);
#4291=CARTESIAN_POINT('',(6.545E0,1.732653242109E0,-4.09E0));
#4292=LINE('',#4291,#4290);
#4293=DIRECTION('',(-1.E0,0.E0,0.E0));
#4294=VECTOR('',#4293,1.900000000005E-1);
#4295=CARTESIAN_POINT('',(6.545E0,1.87E0,-4.9E0));
#4296=LINE('',#4295,#4294);
#4297=DIRECTION('',(0.E0,1.E0,8.437694987149E-14));
#4298=VECTOR('',#4297,2.000000000001E-1);
#4299=CARTESIAN_POINT('',(6.355E0,1.67E0,-4.9E0));
#4300=LINE('',#4299,#4298);
#4301=DIRECTION('',(-1.E0,0.E0,0.E0));
#4302=VECTOR('',#4301,1.900000000005E-1);
#4303=CARTESIAN_POINT('',(6.545E0,1.67E0,-4.9E0));
#4304=LINE('',#4303,#4302);
#4305=DIRECTION('',(0.E0,-1.E0,-8.437694987149E-14));
#4306=VECTOR('',#4305,2.000000000001E-1);
#4307=CARTESIAN_POINT('',(6.545E0,1.87E0,-4.9E0));
#4308=LINE('',#4307,#4306);
#4309=DIRECTION('',(1.E0,0.E0,0.E0));
#4310=VECTOR('',#4309,1.900000000005E-1);
#4311=CARTESIAN_POINT('',(6.355E0,1.648762607162E0,-4.494766404376E0));
#4312=LINE('',#4311,#4310);
#4313=DIRECTION('',(-1.E0,0.E0,0.E0));
#4314=VECTOR('',#4313,1.900000000005E-1);
#4315=CARTESIAN_POINT('',(6.545E0,1.548899653687E0,-4.4E0));
#4316=LINE('',#4315,#4314);
#4317=DIRECTION('',(-1.E0,0.E0,0.E0));
#4318=VECTOR('',#4317,1.900000000005E-1);
#4319=CARTESIAN_POINT('',(6.545E0,7.E-1,-4.4E0));
#4320=LINE('',#4319,#4318);
#4321=DIRECTION('',(0.E0,-1.E0,1.851898273301E-13));
#4322=VECTOR('',#4321,8.488996536872E-1);
#4323=CARTESIAN_POINT('',(6.545E0,1.548899653687E0,-4.4E0));
#4324=LINE('',#4323,#4322);
#4325=DIRECTION('',(0.E0,1.E0,-1.851898273301E-13));
#4326=VECTOR('',#4325,8.488996536872E-1);
#4327=CARTESIAN_POINT('',(6.355E0,7.E-1,-4.4E0));
#4328=LINE('',#4327,#4326);
#4329=DIRECTION('',(1.E0,0.E0,0.E0));
#4330=VECTOR('',#4329,2.1E-1);
#4331=CARTESIAN_POINT('',(6.345E0,1.62E0,-3.5E0));
#4332=LINE('',#4331,#4330);
#4333=DIRECTION('',(-1.E0,0.E0,0.E0));
#4334=VECTOR('',#4333,2.1E-1);
#4335=CARTESIAN_POINT('',(6.555E0,1.82E0,-3.5E0));
#4336=LINE('',#4335,#4334);
#4337=DIRECTION('',(0.E0,0.E0,-1.E0));
#4338=VECTOR('',#4337,7.000000000001E-1);
#4339=CARTESIAN_POINT('',(6.345E0,1.62E0,-3.5E0));
#4340=LINE('',#4339,#4338);
#4341=DIRECTION('',(0.E0,-1.E0,1.554312234475E-13));
#4342=VECTOR('',#4341,2.E-1);
#4343=CARTESIAN_POINT('',(6.345E0,1.82E0,-3.5E0));
#4344=LINE('',#4343,#4342);
#4345=DIRECTION('',(0.E0,0.E0,1.E0));
#4346=VECTOR('',#4345,7.E-1);
#4347=CARTESIAN_POINT('',(6.345E0,1.82E0,-4.2E0));
#4348=LINE('',#4347,#4346);
#4349=DIRECTION('',(0.E0,1.E0,2.264854970235E-13));
#4350=VECTOR('',#4349,2.E-1);
#4351=CARTESIAN_POINT('',(6.345E0,1.62E0,-4.2E0));
#4352=LINE('',#4351,#4350);
#4353=DIRECTION('',(0.E0,0.E0,-1.E0));
#4354=VECTOR('',#4353,7.000000000001E-1);
#4355=CARTESIAN_POINT('',(6.055E0,1.62E0,-3.5E0));
#4356=LINE('',#4355,#4354);
#4357=DIRECTION('',(0.E0,1.E0,2.264854970235E-13));
#4358=VECTOR('',#4357,2.E-1);
#4359=CARTESIAN_POINT('',(6.055E0,1.62E0,-4.2E0));
#4360=LINE('',#4359,#4358);
#4361=DIRECTION('',(0.E0,0.E0,1.E0));
#4362=VECTOR('',#4361,7.E-1);
#4363=CARTESIAN_POINT('',(6.055E0,1.82E0,-4.2E0));
#4364=LINE('',#4363,#4362);
#4365=DIRECTION('',(0.E0,-1.E0,1.554312234475E-13));
#4366=VECTOR('',#4365,2.E-1);
#4367=CARTESIAN_POINT('',(6.055E0,1.82E0,-3.5E0));
#4368=LINE('',#4367,#4366);
#4369=DIRECTION('',(0.E0,0.E0,1.E0));
#4370=VECTOR('',#4369,1.1E-1);
#4371=CARTESIAN_POINT('',(5.855E0,1.62E0,-4.2E0));
#4372=LINE('',#4371,#4370);
#4373=DIRECTION('',(1.E0,0.E0,0.E0));
#4374=VECTOR('',#4373,1.9E-1);
#4375=CARTESIAN_POINT('',(5.855E0,1.62E0,-4.09E0));
#4376=LINE('',#4375,#4374);
#4377=DIRECTION('',(0.E0,0.E0,1.E0));
#4378=VECTOR('',#4377,1.1E-1);
#4379=CARTESIAN_POINT('',(6.045E0,1.62E0,-4.2E0));
#4380=LINE('',#4379,#4378);
#4381=DIRECTION('',(-1.E0,0.E0,4.440892098501E-12));
#4382=VECTOR('',#4381,1.E-2);
#4383=CARTESIAN_POINT('',(6.055E0,1.62E0,-4.2E0));
#4384=LINE('',#4383,#4382);
#4385=DIRECTION('',(-1.E0,0.E0,-4.440892098500E-12));
#4386=VECTOR('',#4385,1.E-2);
#4387=CARTESIAN_POINT('',(5.855E0,1.62E0,-4.2E0));
#4388=LINE('',#4387,#4386);
#4389=CARTESIAN_POINT('',(5.855E0,1.349243459677E0,-9.893449050845E-1));
#4390=DIRECTION('',(1.E0,0.E0,0.E0));
#4391=DIRECTION('',(0.E0,-4.878746331671E-1,8.729137083996E-1));
#4392=AXIS2_PLACEMENT_3D('',#4389,#4390,#4391);
#4394=DIRECTION('',(0.E0,-4.226182617383E-1,-9.063077870378E-1));
#4395=VECTOR('',#4394,2.214638864091E-2);
#4396=CARTESIAN_POINT('',(5.855E0,1.077351123566E0,-8.625594265622E-1));
#4397=LINE('',#4396,#4395);
#4398=DIRECTION('',(1.372941487951E-13,5.303311836799E-2,-9.985927540074E-1));
#4399=VECTOR('',#4398,1.759612716774E0);
#4400=CARTESIAN_POINT('',(5.855E0,1.067991655295E0,-8.826308710422E-1));
#4401=LINE('',#4400,#4399);
#4402=DIRECTION('',(-4.905838525039E-13,9.138115486203E-1,-4.061384660534E-1));
#4403=VECTOR('',#4402,4.924428900898E-1);
#4404=CARTESIAN_POINT('',(5.855E0,2.5E-1,-4.2E0));
#4405=LINE('',#4404,#4403);
#4406=CARTESIAN_POINT('',(5.855E0,1.548899653687E0,-4.5E0));
#4407=DIRECTION('',(-1.E0,0.E0,0.E0));
#4408=DIRECTION('',(0.E0,0.E0,1.E0));
#4409=AXIS2_PLACEMENT_3D('',#4406,#4407,#4408);
#4411=DIRECTION('',(0.E0,5.233595624304E-2,-9.986295347546E-1));
#4412=VECTOR('',#4411,4.057897163273E-1);
#4413=CARTESIAN_POINT('',(5.855E0,1.648762607162E0,-4.494766404376E0));
#4414=LINE('',#4413,#4412);
#4415=DIRECTION('',(0.E0,-5.233595624329E-2,9.986295347546E-1));
#4416=VECTOR('',#4415,7.162151435867E-1);
#4417=CARTESIAN_POINT('',(5.855E0,1.87E0,-4.9E0));
#4418=LINE('',#4417,#4416);
#4419=CARTESIAN_POINT('',(5.855E0,1.732653242109E0,-4.19E0));
#4420=DIRECTION('',(1.E0,0.E0,0.E0));
#4421=DIRECTION('',(0.E0,9.986295347546E-1,5.233595624288E-2));
#4422=AXIS2_PLACEMENT_3D('',#4419,#4420,#4421);
#4424=DIRECTION('',(-1.E0,0.E0,0.E0));
#4425=VECTOR('',#4424,1.900000000005E-1);
#4426=CARTESIAN_POINT('',(6.045E0,1.077351123566E0,-8.625594265622E-1));
#4427=LINE('',#4426,#4425);
#4428=DIRECTION('',(-1.433512435949E-13,5.303311836799E-2,-9.985927540074E-1));
#4429=VECTOR('',#4428,1.759612716774E0);
#4430=CARTESIAN_POINT('',(6.045E0,1.067991655295E0,-8.826308710422E-1));
#4431=LINE('',#4430,#4429);
#4432=DIRECTION('',(4.010488726182E-13,-4.226182617383E-1,-9.063077870378E-1));
#4433=VECTOR('',#4432,2.214638864091E-2);
#4434=CARTESIAN_POINT('',(6.045E0,1.077351123566E0,-8.625594265622E-1));
#4435=LINE('',#4434,#4433);
#4436=CARTESIAN_POINT('',(6.045E0,1.349243459677E0,-9.893449050845E-1));
#4437=DIRECTION('',(1.E0,0.E0,0.E0));
#4438=DIRECTION('',(0.E0,-4.878746331671E-1,8.729137083996E-1));
#4439=AXIS2_PLACEMENT_3D('',#4436,#4437,#4438);
#4441=CARTESIAN_POINT('',(6.045E0,1.732653242109E0,-4.19E0));
#4442=DIRECTION('',(1.E0,0.E0,0.E0));
#4443=DIRECTION('',(0.E0,9.986295347546E-1,5.233595624288E-2));
#4444=AXIS2_PLACEMENT_3D('',#4441,#4442,#4443);
#4446=DIRECTION('',(0.E0,-5.233595624329E-2,9.986295347546E-1));
#4447=VECTOR('',#4446,7.162151435867E-1);
#4448=CARTESIAN_POINT('',(6.045E0,1.87E0,-4.9E0));
#4449=LINE('',#4448,#4447);
#4450=DIRECTION('',(2.188765224853E-14,5.233595624304E-2,-9.986295347546E-1));
#4451=VECTOR('',#4450,4.057897163273E-1);
#4452=CARTESIAN_POINT('',(6.045E0,1.648762607162E0,-4.494766404376E0));
#4453=LINE('',#4452,#4451);
#4454=CARTESIAN_POINT('',(6.045E0,1.548899653687E0,-4.5E0));
#4455=DIRECTION('',(-1.E0,0.E0,0.E0));
#4456=DIRECTION('',(0.E0,0.E0,1.E0));
#4457=AXIS2_PLACEMENT_3D('',#4454,#4455,#4456);
#4459=DIRECTION('',(5.122272577615E-13,9.138115486203E-1,-4.061384660534E-1));
#4460=VECTOR('',#4459,4.924428900898E-1);
#4461=CARTESIAN_POINT('',(6.045E0,2.5E-1,-4.2E0));
#4462=LINE('',#4461,#4460);
#4463=DIRECTION('',(-1.E0,0.E0,0.E0));
#4464=VECTOR('',#4463,1.900000000005E-1);
#4465=CARTESIAN_POINT('',(6.045E0,1.067991655295E0,-8.826308710422E-1));
#4466=LINE('',#4465,#4464);
#4467=DIRECTION('',(2.128728555247E-12,-1.E0,0.E0));
#4468=VECTOR('',#4467,1.126532421092E-1);
#4469=CARTESIAN_POINT('',(5.855E0,1.732653242109E0,-4.09E0));
#4470=LINE('',#4469,#4468);
#4471=DIRECTION('',(2.176033634253E-12,1.E0,0.E0));
#4472=VECTOR('',#4471,1.126532421092E-1);
#4473=CARTESIAN_POINT('',(6.045E0,1.62E0,-4.09E0));
#4474=LINE('',#4473,#4472);
#4475=DIRECTION('',(1.E0,0.E0,0.E0));
#4476=VECTOR('',#4475,1.900000000005E-1);
#4477=CARTESIAN_POINT('',(5.855E0,1.832516195584E0,-4.184766404376E0));
#4478=LINE('',#4477,#4476);
#4479=DIRECTION('',(-1.E0,0.E0,0.E0));
#4480=VECTOR('',#4479,1.900000000005E-1);
#4481=CARTESIAN_POINT('',(6.045E0,1.732653242109E0,-4.09E0));
#4482=LINE('',#4481,#4480);
#4483=DIRECTION('',(-1.E0,0.E0,0.E0));
#4484=VECTOR('',#4483,1.900000000005E-1);
#4485=CARTESIAN_POINT('',(6.045E0,1.87E0,-4.9E0));
#4486=LINE('',#4485,#4484);
#4487=DIRECTION('',(0.E0,1.E0,8.437694987149E-14));
#4488=VECTOR('',#4487,2.000000000001E-1);
#4489=CARTESIAN_POINT('',(5.855E0,1.67E0,-4.9E0));
#4490=LINE('',#4489,#4488);
#4491=DIRECTION('',(-1.E0,0.E0,0.E0));
#4492=VECTOR('',#4491,1.900000000005E-1);
#4493=CARTESIAN_POINT('',(6.045E0,1.67E0,-4.9E0));
#4494=LINE('',#4493,#4492);
#4495=DIRECTION('',(0.E0,-1.E0,-8.437694987149E-14));
#4496=VECTOR('',#4495,2.000000000001E-1);
#4497=CARTESIAN_POINT('',(6.045E0,1.87E0,-4.9E0));
#4498=LINE('',#4497,#4496);
#4499=DIRECTION('',(1.E0,0.E0,0.E0));
#4500=VECTOR('',#4499,1.900000000005E-1);
#4501=CARTESIAN_POINT('',(5.855E0,1.648762607162E0,-4.494766404376E0));
#4502=LINE('',#4501,#4500);
#4503=DIRECTION('',(-1.E0,0.E0,0.E0));
#4504=VECTOR('',#4503,1.900000000005E-1);
#4505=CARTESIAN_POINT('',(6.045E0,1.548899653687E0,-4.4E0));
#4506=LINE('',#4505,#4504);
#4507=DIRECTION('',(-1.E0,0.E0,0.E0));
#4508=VECTOR('',#4507,1.900000000005E-1);
#4509=CARTESIAN_POINT('',(6.045E0,7.E-1,-4.4E0));
#4510=LINE('',#4509,#4508);
#4511=DIRECTION('',(1.046270210905E-14,-1.E0,1.851898273301E-13));
#4512=VECTOR('',#4511,8.488996536872E-1);
#4513=CARTESIAN_POINT('',(6.045E0,1.548899653687E0,-4.4E0));
#4514=LINE('',#4513,#4512);
#4515=DIRECTION('',(0.E0,1.E0,-1.851898273301E-13));
#4516=VECTOR('',#4515,8.488996536872E-1);
#4517=CARTESIAN_POINT('',(5.855E0,7.E-1,-4.4E0));
#4518=LINE('',#4517,#4516);
#4519=DIRECTION('',(1.E0,0.E0,0.E0));
#4520=VECTOR('',#4519,2.1E-1);
#4521=CARTESIAN_POINT('',(5.845E0,1.62E0,-3.5E0));
#4522=LINE('',#4521,#4520);
#4523=DIRECTION('',(-1.E0,0.E0,0.E0));
#4524=VECTOR('',#4523,2.1E-1);
#4525=CARTESIAN_POINT('',(6.055E0,1.82E0,-3.5E0));
#4526=LINE('',#4525,#4524);
#4527=DIRECTION('',(0.E0,0.E0,-1.E0));
#4528=VECTOR('',#4527,7.000000000001E-1);
#4529=CARTESIAN_POINT('',(5.845E0,1.62E0,-3.5E0));
#4530=LINE('',#4529,#4528);
#4531=DIRECTION('',(0.E0,-1.E0,1.554312234475E-13));
#4532=VECTOR('',#4531,2.E-1);
#4533=CARTESIAN_POINT('',(5.845E0,1.82E0,-3.5E0));
#4534=LINE('',#4533,#4532);
#4535=DIRECTION('',(0.E0,0.E0,1.E0));
#4536=VECTOR('',#4535,7.E-1);
#4537=CARTESIAN_POINT('',(5.845E0,1.82E0,-4.2E0));
#4538=LINE('',#4537,#4536);
#4539=DIRECTION('',(0.E0,1.E0,2.264854970235E-13));
#4540=VECTOR('',#4539,2.E-1);
#4541=CARTESIAN_POINT('',(5.845E0,1.62E0,-4.2E0));
#4542=LINE('',#4541,#4540);
#4543=DIRECTION('',(0.E0,0.E0,-1.E0));
#4544=VECTOR('',#4543,7.000000000001E-1);
#4545=CARTESIAN_POINT('',(5.555E0,1.62E0,-3.5E0));
#4546=LINE('',#4545,#4544);
#4547=DIRECTION('',(0.E0,1.E0,2.264854970235E-13));
#4548=VECTOR('',#4547,2.E-1);
#4549=CARTESIAN_POINT('',(5.555E0,1.62E0,-4.2E0));
#4550=LINE('',#4549,#4548);
#4551=DIRECTION('',(0.E0,0.E0,1.E0));
#4552=VECTOR('',#4551,7.E-1);
#4553=CARTESIAN_POINT('',(5.555E0,1.82E0,-4.2E0));
#4554=LINE('',#4553,#4552);
#4555=DIRECTION('',(0.E0,-1.E0,1.554312234475E-13));
#4556=VECTOR('',#4555,2.E-1);
#4557=CARTESIAN_POINT('',(5.555E0,1.82E0,-3.5E0));
#4558=LINE('',#4557,#4556);
#4559=DIRECTION('',(0.E0,0.E0,1.E0));
#4560=VECTOR('',#4559,1.1E-1);
#4561=CARTESIAN_POINT('',(5.355E0,1.62E0,-4.2E0));
#4562=LINE('',#4561,#4560);
#4563=DIRECTION('',(1.E0,0.E0,0.E0));
#4564=VECTOR('',#4563,1.9E-1);
#4565=CARTESIAN_POINT('',(5.355E0,1.62E0,-4.09E0));
#4566=LINE('',#4565,#4564);
#4567=DIRECTION('',(0.E0,0.E0,1.E0));
#4568=VECTOR('',#4567,1.1E-1);
#4569=CARTESIAN_POINT('',(5.545E0,1.62E0,-4.2E0));
#4570=LINE('',#4569,#4568);
#4571=DIRECTION('',(-1.E0,0.E0,4.440892098501E-12));
#4572=VECTOR('',#4571,1.E-2);
#4573=CARTESIAN_POINT('',(5.555E0,1.62E0,-4.2E0));
#4574=LINE('',#4573,#4572);
#4575=DIRECTION('',(-1.E0,0.E0,-4.440892098500E-12));
#4576=VECTOR('',#4575,1.E-2);
#4577=CARTESIAN_POINT('',(5.355E0,1.62E0,-4.2E0));
#4578=LINE('',#4577,#4576);
#4579=CARTESIAN_POINT('',(5.355E0,1.349243459677E0,-9.893449050845E-1));
#4580=DIRECTION('',(1.E0,0.E0,0.E0));
#4581=DIRECTION('',(0.E0,-4.878746331671E-1,8.729137083996E-1));
#4582=AXIS2_PLACEMENT_3D('',#4579,#4580,#4581);
#4584=DIRECTION('',(0.E0,-4.226182617383E-1,-9.063077870378E-1));
#4585=VECTOR('',#4584,2.214638864091E-2);
#4586=CARTESIAN_POINT('',(5.355E0,1.077351123566E0,-8.625594265622E-1));
#4587=LINE('',#4586,#4585);
#4588=DIRECTION('',(1.372941487951E-13,5.303311836799E-2,-9.985927540074E-1));
#4589=VECTOR('',#4588,1.759612716774E0);
#4590=CARTESIAN_POINT('',(5.355E0,1.067991655295E0,-8.826308710422E-1));
#4591=LINE('',#4590,#4589);
#4592=DIRECTION('',(-4.905838525039E-13,9.138115486203E-1,-4.061384660534E-1));
#4593=VECTOR('',#4592,4.924428900898E-1);
#4594=CARTESIAN_POINT('',(5.355E0,2.5E-1,-4.2E0));
#4595=LINE('',#4594,#4593);
#4596=CARTESIAN_POINT('',(5.355E0,1.548899653687E0,-4.5E0));
#4597=DIRECTION('',(-1.E0,0.E0,0.E0));
#4598=DIRECTION('',(0.E0,0.E0,1.E0));
#4599=AXIS2_PLACEMENT_3D('',#4596,#4597,#4598);
#4601=DIRECTION('',(0.E0,5.233595624304E-2,-9.986295347546E-1));
#4602=VECTOR('',#4601,4.057897163273E-1);
#4603=CARTESIAN_POINT('',(5.355E0,1.648762607162E0,-4.494766404376E0));
#4604=LINE('',#4603,#4602);
#4605=DIRECTION('',(0.E0,-5.233595624329E-2,9.986295347546E-1));
#4606=VECTOR('',#4605,7.162151435867E-1);
#4607=CARTESIAN_POINT('',(5.355E0,1.87E0,-4.9E0));
#4608=LINE('',#4607,#4606);
#4609=CARTESIAN_POINT('',(5.355E0,1.732653242109E0,-4.19E0));
#4610=DIRECTION('',(1.E0,0.E0,0.E0));
#4611=DIRECTION('',(0.E0,9.986295347546E-1,5.233595624288E-2));
#4612=AXIS2_PLACEMENT_3D('',#4609,#4610,#4611);
#4614=DIRECTION('',(-1.E0,0.E0,0.E0));
#4615=VECTOR('',#4614,1.900000000005E-1);
#4616=CARTESIAN_POINT('',(5.545E0,1.077351123566E0,-8.625594265622E-1));
#4617=LINE('',#4616,#4615);
#4618=DIRECTION('',(-1.433512435949E-13,5.303311836799E-2,-9.985927540074E-1));
#4619=VECTOR('',#4618,1.759612716774E0);
#4620=CARTESIAN_POINT('',(5.545E0,1.067991655295E0,-8.826308710422E-1));
#4621=LINE('',#4620,#4619);
#4622=DIRECTION('',(4.010488726182E-13,-4.226182617383E-1,-9.063077870378E-1));
#4623=VECTOR('',#4622,2.214638864091E-2);
#4624=CARTESIAN_POINT('',(5.545E0,1.077351123566E0,-8.625594265622E-1));
#4625=LINE('',#4624,#4623);
#4626=CARTESIAN_POINT('',(5.545E0,1.349243459677E0,-9.893449050845E-1));
#4627=DIRECTION('',(1.E0,0.E0,0.E0));
#4628=DIRECTION('',(0.E0,-4.878746331671E-1,8.729137083996E-1));
#4629=AXIS2_PLACEMENT_3D('',#4626,#4627,#4628);
#4631=CARTESIAN_POINT('',(5.545E0,1.732653242109E0,-4.19E0));
#4632=DIRECTION('',(1.E0,0.E0,0.E0));
#4633=DIRECTION('',(0.E0,9.986295347546E-1,5.233595624288E-2));
#4634=AXIS2_PLACEMENT_3D('',#4631,#4632,#4633);
#4636=DIRECTION('',(0.E0,-5.233595624329E-2,9.986295347546E-1));
#4637=VECTOR('',#4636,7.162151435867E-1);
#4638=CARTESIAN_POINT('',(5.545E0,1.87E0,-4.9E0));
#4639=LINE('',#4638,#4637);
#4640=DIRECTION('',(2.188765224853E-14,5.233595624304E-2,-9.986295347546E-1));
#4641=VECTOR('',#4640,4.057897163273E-1);
#4642=CARTESIAN_POINT('',(5.545E0,1.648762607162E0,-4.494766404376E0));
#4643=LINE('',#4642,#4641);
#4644=CARTESIAN_POINT('',(5.545E0,1.548899653687E0,-4.5E0));
#4645=DIRECTION('',(-1.E0,0.E0,0.E0));
#4646=DIRECTION('',(0.E0,0.E0,1.E0));
#4647=AXIS2_PLACEMENT_3D('',#4644,#4645,#4646);
#4649=DIRECTION('',(5.122272577615E-13,9.138115486203E-1,-4.061384660534E-1));
#4650=VECTOR('',#4649,4.924428900898E-1);
#4651=CARTESIAN_POINT('',(5.545E0,2.5E-1,-4.2E0));
#4652=LINE('',#4651,#4650);
#4653=DIRECTION('',(-1.E0,0.E0,0.E0));
#4654=VECTOR('',#4653,1.900000000005E-1);
#4655=CARTESIAN_POINT('',(5.545E0,1.067991655295E0,-8.826308710422E-1));
#4656=LINE('',#4655,#4654);
#4657=DIRECTION('',(2.128728555247E-12,-1.E0,0.E0));
#4658=VECTOR('',#4657,1.126532421092E-1);
#4659=CARTESIAN_POINT('',(5.355E0,1.732653242109E0,-4.09E0));
#4660=LINE('',#4659,#4658);
#4661=DIRECTION('',(2.176033634253E-12,1.E0,0.E0));
#4662=VECTOR('',#4661,1.126532421092E-1);
#4663=CARTESIAN_POINT('',(5.545E0,1.62E0,-4.09E0));
#4664=LINE('',#4663,#4662);
#4665=DIRECTION('',(1.E0,0.E0,0.E0));
#4666=VECTOR('',#4665,1.900000000005E-1);
#4667=CARTESIAN_POINT('',(5.355E0,1.832516195584E0,-4.184766404376E0));
#4668=LINE('',#4667,#4666);
#4669=DIRECTION('',(-1.E0,0.E0,0.E0));
#4670=VECTOR('',#4669,1.900000000005E-1);
#4671=CARTESIAN_POINT('',(5.545E0,1.732653242109E0,-4.09E0));
#4672=LINE('',#4671,#4670);
#4673=DIRECTION('',(-1.E0,0.E0,0.E0));
#4674=VECTOR('',#4673,1.900000000005E-1);
#4675=CARTESIAN_POINT('',(5.545E0,1.87E0,-4.9E0));
#4676=LINE('',#4675,#4674);
#4677=DIRECTION('',(0.E0,1.E0,8.437694987149E-14));
#4678=VECTOR('',#4677,2.000000000001E-1);
#4679=CARTESIAN_POINT('',(5.355E0,1.67E0,-4.9E0));
#4680=LINE('',#4679,#4678);
#4681=DIRECTION('',(-1.E0,0.E0,0.E0));
#4682=VECTOR('',#4681,1.900000000005E-1);
#4683=CARTESIAN_POINT('',(5.545E0,1.67E0,-4.9E0));
#4684=LINE('',#4683,#4682);
#4685=DIRECTION('',(0.E0,-1.E0,-8.437694987149E-14));
#4686=VECTOR('',#4685,2.000000000001E-1);
#4687=CARTESIAN_POINT('',(5.545E0,1.87E0,-4.9E0));
#4688=LINE('',#4687,#4686);
#4689=DIRECTION('',(1.E0,0.E0,0.E0));
#4690=VECTOR('',#4689,1.900000000005E-1);
#4691=CARTESIAN_POINT('',(5.355E0,1.648762607162E0,-4.494766404376E0));
#4692=LINE('',#4691,#4690);
#4693=DIRECTION('',(-1.E0,0.E0,0.E0));
#4694=VECTOR('',#4693,1.900000000005E-1);
#4695=CARTESIAN_POINT('',(5.545E0,1.548899653687E0,-4.4E0));
#4696=LINE('',#4695,#4694);
#4697=DIRECTION('',(-1.E0,0.E0,0.E0));
#4698=VECTOR('',#4697,1.900000000005E-1);
#4699=CARTESIAN_POINT('',(5.545E0,7.E-1,-4.4E0));
#4700=LINE('',#4699,#4698);
#4701=DIRECTION('',(1.046270210905E-14,-1.E0,1.851898273301E-13));
#4702=VECTOR('',#4701,8.488996536872E-1);
#4703=CARTESIAN_POINT('',(5.545E0,1.548899653687E0,-4.4E0));
#4704=LINE('',#4703,#4702);
#4705=DIRECTION('',(0.E0,1.E0,-1.851898273301E-13));
#4706=VECTOR('',#4705,8.488996536872E-1);
#4707=CARTESIAN_POINT('',(5.355E0,7.E-1,-4.4E0));
#4708=LINE('',#4707,#4706);
#4709=DIRECTION('',(1.E0,0.E0,0.E0));
#4710=VECTOR('',#4709,2.1E-1);
#4711=CARTESIAN_POINT('',(5.345E0,1.62E0,-3.5E0));
#4712=LINE('',#4711,#4710);
#4713=DIRECTION('',(-1.E0,0.E0,0.E0));
#4714=VECTOR('',#4713,2.1E-1);
#4715=CARTESIAN_POINT('',(5.555E0,1.82E0,-3.5E0));
#4716=LINE('',#4715,#4714);
#4717=DIRECTION('',(0.E0,0.E0,-1.E0));
#4718=VECTOR('',#4717,7.000000000001E-1);
#4719=CARTESIAN_POINT('',(5.345E0,1.62E0,-3.5E0));
#4720=LINE('',#4719,#4718);
#4721=DIRECTION('',(0.E0,-1.E0,1.554312234475E-13));
#4722=VECTOR('',#4721,2.E-1);
#4723=CARTESIAN_POINT('',(5.345E0,1.82E0,-3.5E0));
#4724=LINE('',#4723,#4722);
#4725=DIRECTION('',(0.E0,0.E0,1.E0));
#4726=VECTOR('',#4725,7.E-1);
#4727=CARTESIAN_POINT('',(5.345E0,1.82E0,-4.2E0));
#4728=LINE('',#4727,#4726);
#4729=DIRECTION('',(0.E0,1.E0,2.264854970235E-13));
#4730=VECTOR('',#4729,2.E-1);
#4731=CARTESIAN_POINT('',(5.345E0,1.62E0,-4.2E0));
#4732=LINE('',#4731,#4730);
#4733=DIRECTION('',(0.E0,0.E0,-1.E0));
#4734=VECTOR('',#4733,7.000000000001E-1);
#4735=CARTESIAN_POINT('',(5.055E0,1.62E0,-3.5E0));
#4736=LINE('',#4735,#4734);
#4737=DIRECTION('',(0.E0,1.E0,2.264854970235E-13));
#4738=VECTOR('',#4737,2.E-1);
#4739=CARTESIAN_POINT('',(5.055E0,1.62E0,-4.2E0));
#4740=LINE('',#4739,#4738);
#4741=DIRECTION('',(0.E0,0.E0,1.E0));
#4742=VECTOR('',#4741,7.E-1);
#4743=CARTESIAN_POINT('',(5.055E0,1.82E0,-4.2E0));
#4744=LINE('',#4743,#4742);
#4745=DIRECTION('',(0.E0,-1.E0,1.554312234475E-13));
#4746=VECTOR('',#4745,2.E-1);
#4747=CARTESIAN_POINT('',(5.055E0,1.82E0,-3.5E0));
#4748=LINE('',#4747,#4746);
#4749=DIRECTION('',(0.E0,0.E0,1.E0));
#4750=VECTOR('',#4749,1.1E-1);
#4751=CARTESIAN_POINT('',(4.855E0,1.62E0,-4.2E0));
#4752=LINE('',#4751,#4750);
#4753=DIRECTION('',(1.E0,0.E0,0.E0));
#4754=VECTOR('',#4753,1.9E-1);
#4755=CARTESIAN_POINT('',(4.855E0,1.62E0,-4.09E0));
#4756=LINE('',#4755,#4754);
#4757=DIRECTION('',(0.E0,0.E0,1.E0));
#4758=VECTOR('',#4757,1.1E-1);
#4759=CARTESIAN_POINT('',(5.045E0,1.62E0,-4.2E0));
#4760=LINE('',#4759,#4758);
#4761=DIRECTION('',(-1.E0,0.E0,4.440892098501E-12));
#4762=VECTOR('',#4761,1.E-2);
#4763=CARTESIAN_POINT('',(5.055E0,1.62E0,-4.2E0));
#4764=LINE('',#4763,#4762);
#4765=DIRECTION('',(-1.E0,0.E0,-4.440892098500E-12));
#4766=VECTOR('',#4765,1.E-2);
#4767=CARTESIAN_POINT('',(4.855E0,1.62E0,-4.2E0));
#4768=LINE('',#4767,#4766);
#4769=CARTESIAN_POINT('',(4.855E0,1.349243459677E0,-9.893449050845E-1));
#4770=DIRECTION('',(1.E0,0.E0,0.E0));
#4771=DIRECTION('',(0.E0,-4.878746331671E-1,8.729137083996E-1));
#4772=AXIS2_PLACEMENT_3D('',#4769,#4770,#4771);
#4774=DIRECTION('',(0.E0,-4.226182617383E-1,-9.063077870378E-1));
#4775=VECTOR('',#4774,2.214638864091E-2);
#4776=CARTESIAN_POINT('',(4.855E0,1.077351123566E0,-8.625594265622E-1));
#4777=LINE('',#4776,#4775);
#4778=DIRECTION('',(1.372941487951E-13,5.303311836799E-2,-9.985927540074E-1));
#4779=VECTOR('',#4778,1.759612716774E0);
#4780=CARTESIAN_POINT('',(4.855E0,1.067991655295E0,-8.826308710422E-1));
#4781=LINE('',#4780,#4779);
#4782=DIRECTION('',(-4.905838525039E-13,9.138115486203E-1,-4.061384660534E-1));
#4783=VECTOR('',#4782,4.924428900898E-1);
#4784=CARTESIAN_POINT('',(4.855E0,2.5E-1,-4.2E0));
#4785=LINE('',#4784,#4783);
#4786=CARTESIAN_POINT('',(4.855E0,1.548899653687E0,-4.5E0));
#4787=DIRECTION('',(-1.E0,0.E0,0.E0));
#4788=DIRECTION('',(0.E0,0.E0,1.E0));
#4789=AXIS2_PLACEMENT_3D('',#4786,#4787,#4788);
#4791=DIRECTION('',(0.E0,5.233595624304E-2,-9.986295347546E-1));
#4792=VECTOR('',#4791,4.057897163273E-1);
#4793=CARTESIAN_POINT('',(4.855E0,1.648762607162E0,-4.494766404376E0));
#4794=LINE('',#4793,#4792);
#4795=DIRECTION('',(0.E0,-5.233595624329E-2,9.986295347546E-1));
#4796=VECTOR('',#4795,7.162151435867E-1);
#4797=CARTESIAN_POINT('',(4.855E0,1.87E0,-4.9E0));
#4798=LINE('',#4797,#4796);
#4799=CARTESIAN_POINT('',(4.855E0,1.732653242109E0,-4.19E0));
#4800=DIRECTION('',(1.E0,0.E0,0.E0));
#4801=DIRECTION('',(0.E0,9.986295347546E-1,5.233595624288E-2));
#4802=AXIS2_PLACEMENT_3D('',#4799,#4800,#4801);
#4804=DIRECTION('',(-1.E0,0.E0,0.E0));
#4805=VECTOR('',#4804,1.900000000005E-1);
#4806=CARTESIAN_POINT('',(5.045E0,1.077351123566E0,-8.625594265622E-1));
#4807=LINE('',#4806,#4805);
#4808=DIRECTION('',(-1.433512435949E-13,5.303311836799E-2,-9.985927540074E-1));
#4809=VECTOR('',#4808,1.759612716774E0);
#4810=CARTESIAN_POINT('',(5.045E0,1.067991655295E0,-8.826308710422E-1));
#4811=LINE('',#4810,#4809);
#4812=DIRECTION('',(4.010488726182E-13,-4.226182617383E-1,-9.063077870378E-1));
#4813=VECTOR('',#4812,2.214638864091E-2);
#4814=CARTESIAN_POINT('',(5.045E0,1.077351123566E0,-8.625594265622E-1));
#4815=LINE('',#4814,#4813);
#4816=CARTESIAN_POINT('',(5.045E0,1.349243459677E0,-9.893449050845E-1));
#4817=DIRECTION('',(1.E0,0.E0,0.E0));
#4818=DIRECTION('',(0.E0,-4.878746331671E-1,8.729137083996E-1));
#4819=AXIS2_PLACEMENT_3D('',#4816,#4817,#4818);
#4821=CARTESIAN_POINT('',(5.045E0,1.732653242109E0,-4.19E0));
#4822=DIRECTION('',(1.E0,0.E0,0.E0));
#4823=DIRECTION('',(0.E0,9.986295347546E-1,5.233595624288E-2));
#4824=AXIS2_PLACEMENT_3D('',#4821,#4822,#4823);
#4826=DIRECTION('',(0.E0,-5.233595624329E-2,9.986295347546E-1));
#4827=VECTOR('',#4826,7.162151435867E-1);
#4828=CARTESIAN_POINT('',(5.045E0,1.87E0,-4.9E0));
#4829=LINE('',#4828,#4827);
#4830=DIRECTION('',(2.188765224853E-14,5.233595624304E-2,-9.986295347546E-1));
#4831=VECTOR('',#4830,4.057897163273E-1);
#4832=CARTESIAN_POINT('',(5.045E0,1.648762607162E0,-4.494766404376E0));
#4833=LINE('',#4832,#4831);
#4834=CARTESIAN_POINT('',(5.045E0,1.548899653687E0,-4.5E0));
#4835=DIRECTION('',(-1.E0,0.E0,0.E0));
#4836=DIRECTION('',(0.E0,0.E0,1.E0));
#4837=AXIS2_PLACEMENT_3D('',#4834,#4835,#4836);
#4839=DIRECTION('',(5.122272577615E-13,9.138115486203E-1,-4.061384660534E-1));
#4840=VECTOR('',#4839,4.924428900898E-1);
#4841=CARTESIAN_POINT('',(5.045E0,2.5E-1,-4.2E0));
#4842=LINE('',#4841,#4840);
#4843=DIRECTION('',(-1.E0,0.E0,0.E0));
#4844=VECTOR('',#4843,1.900000000005E-1);
#4845=CARTESIAN_POINT('',(5.045E0,1.067991655295E0,-8.826308710422E-1));
#4846=LINE('',#4845,#4844);
#4847=DIRECTION('',(2.128728555247E-12,-1.E0,0.E0));
#4848=VECTOR('',#4847,1.126532421092E-1);
#4849=CARTESIAN_POINT('',(4.855E0,1.732653242109E0,-4.09E0));
#4850=LINE('',#4849,#4848);
#4851=DIRECTION('',(2.183917814087E-12,1.E0,0.E0));
#4852=VECTOR('',#4851,1.126532421092E-1);
#4853=CARTESIAN_POINT('',(5.045E0,1.62E0,-4.09E0));
#4854=LINE('',#4853,#4852);
#4855=DIRECTION('',(1.E0,0.E0,0.E0));
#4856=VECTOR('',#4855,1.900000000005E-1);
#4857=CARTESIAN_POINT('',(4.855E0,1.832516195584E0,-4.184766404376E0));
#4858=LINE('',#4857,#4856);
#4859=DIRECTION('',(-1.E0,0.E0,0.E0));
#4860=VECTOR('',#4859,1.900000000005E-1);
#4861=CARTESIAN_POINT('',(5.045E0,1.732653242109E0,-4.09E0));
#4862=LINE('',#4861,#4860);
#4863=DIRECTION('',(-1.E0,0.E0,0.E0));
#4864=VECTOR('',#4863,1.900000000005E-1);
#4865=CARTESIAN_POINT('',(5.045E0,1.87E0,-4.9E0));
#4866=LINE('',#4865,#4864);
#4867=DIRECTION('',(0.E0,1.E0,8.437694987149E-14));
#4868=VECTOR('',#4867,2.000000000001E-1);
#4869=CARTESIAN_POINT('',(4.855E0,1.67E0,-4.9E0));
#4870=LINE('',#4869,#4868);
#4871=DIRECTION('',(-1.E0,0.E0,0.E0));
#4872=VECTOR('',#4871,1.900000000005E-1);
#4873=CARTESIAN_POINT('',(5.045E0,1.67E0,-4.9E0));
#4874=LINE('',#4873,#4872);
#4875=DIRECTION('',(0.E0,-1.E0,-8.437694987149E-14));
#4876=VECTOR('',#4875,2.000000000001E-1);
#4877=CARTESIAN_POINT('',(5.045E0,1.87E0,-4.9E0));
#4878=LINE('',#4877,#4876);
#4879=DIRECTION('',(1.E0,0.E0,0.E0));
#4880=VECTOR('',#4879,1.900000000005E-1);
#4881=CARTESIAN_POINT('',(4.855E0,1.648762607162E0,-4.494766404376E0));
#4882=LINE('',#4881,#4880);
#4883=DIRECTION('',(-1.E0,0.E0,0.E0));
#4884=VECTOR('',#4883,1.900000000005E-1);
#4885=CARTESIAN_POINT('',(5.045E0,1.548899653687E0,-4.4E0));
#4886=LINE('',#4885,#4884);
#4887=DIRECTION('',(-1.E0,0.E0,0.E0));
#4888=VECTOR('',#4887,1.900000000005E-1);
#4889=CARTESIAN_POINT('',(5.045E0,7.E-1,-4.4E0));
#4890=LINE('',#4889,#4888);
#4891=DIRECTION('',(1.046270210905E-14,-1.E0,1.851898273301E-13));
#4892=VECTOR('',#4891,8.488996536872E-1);
#4893=CARTESIAN_POINT('',(5.045E0,1.548899653687E0,-4.4E0));
#4894=LINE('',#4893,#4892);
#4895=DIRECTION('',(0.E0,1.E0,-1.851898273301E-13));
#4896=VECTOR('',#4895,8.488996536872E-1);
#4897=CARTESIAN_POINT('',(4.855E0,7.E-1,-4.4E0));
#4898=LINE('',#4897,#4896);
#4899=DIRECTION('',(1.E0,0.E0,0.E0));
#4900=VECTOR('',#4899,2.1E-1);
#4901=CARTESIAN_POINT('',(4.845E0,1.62E0,-3.5E0));
#4902=LINE('',#4901,#4900);
#4903=DIRECTION('',(-1.E0,0.E0,0.E0));
#4904=VECTOR('',#4903,2.1E-1);
#4905=CARTESIAN_POINT('',(5.055E0,1.82E0,-3.5E0));
#4906=LINE('',#4905,#4904);
#4907=DIRECTION('',(0.E0,0.E0,-1.E0));
#4908=VECTOR('',#4907,7.000000000001E-1);
#4909=CARTESIAN_POINT('',(4.845E0,1.62E0,-3.5E0));
#4910=LINE('',#4909,#4908);
#4911=DIRECTION('',(0.E0,-1.E0,1.554312234475E-13));
#4912=VECTOR('',#4911,2.E-1);
#4913=CARTESIAN_POINT('',(4.845E0,1.82E0,-3.5E0));
#4914=LINE('',#4913,#4912);
#4915=DIRECTION('',(0.E0,0.E0,1.E0));
#4916=VECTOR('',#4915,7.E-1);
#4917=CARTESIAN_POINT('',(4.845E0,1.82E0,-4.2E0));
#4918=LINE('',#4917,#4916);
#4919=DIRECTION('',(0.E0,1.E0,2.264854970235E-13));
#4920=VECTOR('',#4919,2.E-1);
#4921=CARTESIAN_POINT('',(4.845E0,1.62E0,-4.2E0));
#4922=LINE('',#4921,#4920);
#4923=DIRECTION('',(0.E0,0.E0,-1.E0));
#4924=VECTOR('',#4923,7.000000000001E-1);
#4925=CARTESIAN_POINT('',(4.555E0,1.62E0,-3.5E0));
#4926=LINE('',#4925,#4924);
#4927=DIRECTION('',(0.E0,1.E0,2.264854970235E-13));
#4928=VECTOR('',#4927,2.E-1);
#4929=CARTESIAN_POINT('',(4.555E0,1.62E0,-4.2E0));
#4930=LINE('',#4929,#4928);
#4931=DIRECTION('',(0.E0,0.E0,1.E0));
#4932=VECTOR('',#4931,7.E-1);
#4933=CARTESIAN_POINT('',(4.555E0,1.82E0,-4.2E0));
#4934=LINE('',#4933,#4932);
#4935=DIRECTION('',(0.E0,-1.E0,1.554312234475E-13));
#4936=VECTOR('',#4935,2.E-1);
#4937=CARTESIAN_POINT('',(4.555E0,1.82E0,-3.5E0));
#4938=LINE('',#4937,#4936);
#4939=DIRECTION('',(0.E0,0.E0,1.E0));
#4940=VECTOR('',#4939,1.1E-1);
#4941=CARTESIAN_POINT('',(4.355E0,1.62E0,-4.2E0));
#4942=LINE('',#4941,#4940);
#4943=DIRECTION('',(1.E0,0.E0,0.E0));
#4944=VECTOR('',#4943,1.9E-1);
#4945=CARTESIAN_POINT('',(4.355E0,1.62E0,-4.09E0));
#4946=LINE('',#4945,#4944);
#4947=DIRECTION('',(0.E0,0.E0,1.E0));
#4948=VECTOR('',#4947,1.1E-1);
#4949=CARTESIAN_POINT('',(4.545E0,1.62E0,-4.2E0));
#4950=LINE('',#4949,#4948);
#4951=DIRECTION('',(-1.E0,0.E0,4.440892098501E-12));
#4952=VECTOR('',#4951,1.E-2);
#4953=CARTESIAN_POINT('',(4.555E0,1.62E0,-4.2E0));
#4954=LINE('',#4953,#4952);
#4955=DIRECTION('',(-1.E0,0.E0,-4.440892098500E-12));
#4956=VECTOR('',#4955,1.E-2);
#4957=CARTESIAN_POINT('',(4.355E0,1.62E0,-4.2E0));
#4958=LINE('',#4957,#4956);
#4959=CARTESIAN_POINT('',(4.355E0,1.349243459677E0,-9.893449050845E-1));
#4960=DIRECTION('',(1.E0,0.E0,0.E0));
#4961=DIRECTION('',(0.E0,-4.878746331671E-1,8.729137083996E-1));
#4962=AXIS2_PLACEMENT_3D('',#4959,#4960,#4961);
#4964=DIRECTION('',(0.E0,-4.226182617383E-1,-9.063077870378E-1));
#4965=VECTOR('',#4964,2.214638864091E-2);
#4966=CARTESIAN_POINT('',(4.355E0,1.077351123566E0,-8.625594265622E-1));
#4967=LINE('',#4966,#4965);
#4968=DIRECTION('',(1.372941487951E-13,5.303311836799E-2,-9.985927540074E-1));
#4969=VECTOR('',#4968,1.759612716774E0);
#4970=CARTESIAN_POINT('',(4.355E0,1.067991655295E0,-8.826308710422E-1));
#4971=LINE('',#4970,#4969);
#4972=DIRECTION('',(-4.905838525039E-13,9.138115486203E-1,-4.061384660534E-1));
#4973=VECTOR('',#4972,4.924428900898E-1);
#4974=CARTESIAN_POINT('',(4.355E0,2.5E-1,-4.2E0));
#4975=LINE('',#4974,#4973);
#4976=CARTESIAN_POINT('',(4.355E0,1.548899653687E0,-4.5E0));
#4977=DIRECTION('',(-1.E0,0.E0,0.E0));
#4978=DIRECTION('',(0.E0,0.E0,1.E0));
#4979=AXIS2_PLACEMENT_3D('',#4976,#4977,#4978);
#4981=DIRECTION('',(0.E0,5.233595624304E-2,-9.986295347546E-1));
#4982=VECTOR('',#4981,4.057897163273E-1);
#4983=CARTESIAN_POINT('',(4.355E0,1.648762607162E0,-4.494766404376E0));
#4984=LINE('',#4983,#4982);
#4985=DIRECTION('',(0.E0,-5.233595624329E-2,9.986295347546E-1));
#4986=VECTOR('',#4985,7.162151435867E-1);
#4987=CARTESIAN_POINT('',(4.355E0,1.87E0,-4.9E0));
#4988=LINE('',#4987,#4986);
#4989=CARTESIAN_POINT('',(4.355E0,1.732653242109E0,-4.19E0));
#4990=DIRECTION('',(1.E0,0.E0,0.E0));
#4991=DIRECTION('',(0.E0,9.986295347546E-1,5.233595624288E-2));
#4992=AXIS2_PLACEMENT_3D('',#4989,#4990,#4991);
#4994=DIRECTION('',(-1.E0,0.E0,0.E0));
#4995=VECTOR('',#4994,1.900000000005E-1);
#4996=CARTESIAN_POINT('',(4.545E0,1.077351123566E0,-8.625594265622E-1));
#4997=LINE('',#4996,#4995);
#4998=DIRECTION('',(-1.433512435949E-13,5.303311836799E-2,-9.985927540074E-1));
#4999=VECTOR('',#4998,1.759612716774E0);
#5000=CARTESIAN_POINT('',(4.545E0,1.067991655295E0,-8.826308710422E-1));
#5001=LINE('',#5000,#4999);
#5002=DIRECTION('',(4.010488726182E-13,-4.226182617383E-1,-9.063077870378E-1));
#5003=VECTOR('',#5002,2.214638864091E-2);
#5004=CARTESIAN_POINT('',(4.545E0,1.077351123566E0,-8.625594265622E-1));
#5005=LINE('',#5004,#5003);
#5006=CARTESIAN_POINT('',(4.545E0,1.349243459677E0,-9.893449050845E-1));
#5007=DIRECTION('',(1.E0,0.E0,0.E0));
#5008=DIRECTION('',(0.E0,-4.878746331671E-1,8.729137083996E-1));
#5009=AXIS2_PLACEMENT_3D('',#5006,#5007,#5008);
#5011=CARTESIAN_POINT('',(4.545E0,1.732653242109E0,-4.19E0));
#5012=DIRECTION('',(1.E0,0.E0,0.E0));
#5013=DIRECTION('',(0.E0,9.986295347546E-1,5.233595624288E-2));
#5014=AXIS2_PLACEMENT_3D('',#5011,#5012,#5013);
#5016=DIRECTION('',(0.E0,-5.233595624329E-2,9.986295347546E-1));
#5017=VECTOR('',#5016,7.162151435867E-1);
#5018=CARTESIAN_POINT('',(4.545E0,1.87E0,-4.9E0));
#5019=LINE('',#5018,#5017);
#5020=DIRECTION('',(2.188765224853E-14,5.233595624304E-2,-9.986295347546E-1));
#5021=VECTOR('',#5020,4.057897163273E-1);
#5022=CARTESIAN_POINT('',(4.545E0,1.648762607162E0,-4.494766404376E0));
#5023=LINE('',#5022,#5021);
#5024=CARTESIAN_POINT('',(4.545E0,1.548899653687E0,-4.5E0));
#5025=DIRECTION('',(-1.E0,0.E0,0.E0));
#5026=DIRECTION('',(0.E0,0.E0,1.E0));
#5027=AXIS2_PLACEMENT_3D('',#5024,#5025,#5026);
#5029=DIRECTION('',(5.122272577615E-13,9.138115486203E-1,-4.061384660534E-1));
#5030=VECTOR('',#5029,4.924428900898E-1);
#5031=CARTESIAN_POINT('',(4.545E0,2.5E-1,-4.2E0));
#5032=LINE('',#5031,#5030);
#5033=DIRECTION('',(-1.E0,0.E0,0.E0));
#5034=VECTOR('',#5033,1.900000000005E-1);
#5035=CARTESIAN_POINT('',(4.545E0,1.067991655295E0,-8.826308710422E-1));
#5036=LINE('',#5035,#5034);
#5037=DIRECTION('',(2.128728555247E-12,-1.E0,0.E0));
#5038=VECTOR('',#5037,1.126532421092E-1);
#5039=CARTESIAN_POINT('',(4.355E0,1.732653242109E0,-4.09E0));
#5040=LINE('',#5039,#5038);
#5041=DIRECTION('',(2.183917814087E-12,1.E0,0.E0));
#5042=VECTOR('',#5041,1.126532421092E-1);
#5043=CARTESIAN_POINT('',(4.545E0,1.62E0,-4.09E0));
#5044=LINE('',#5043,#5042);
#5045=DIRECTION('',(1.E0,0.E0,0.E0));
#5046=VECTOR('',#5045,1.900000000005E-1);
#5047=CARTESIAN_POINT('',(4.355E0,1.832516195584E0,-4.184766404376E0));
#5048=LINE('',#5047,#5046);
#5049=DIRECTION('',(-1.E0,0.E0,0.E0));
#5050=VECTOR('',#5049,1.900000000005E-1);
#5051=CARTESIAN_POINT('',(4.545E0,1.732653242109E0,-4.09E0));
#5052=LINE('',#5051,#5050);
#5053=DIRECTION('',(-1.E0,0.E0,0.E0));
#5054=VECTOR('',#5053,1.900000000005E-1);
#5055=CARTESIAN_POINT('',(4.545E0,1.87E0,-4.9E0));
#5056=LINE('',#5055,#5054);
#5057=DIRECTION('',(0.E0,1.E0,8.437694987149E-14));
#5058=VECTOR('',#5057,2.000000000001E-1);
#5059=CARTESIAN_POINT('',(4.355E0,1.67E0,-4.9E0));
#5060=LINE('',#5059,#5058);
#5061=DIRECTION('',(-1.E0,0.E0,0.E0));
#5062=VECTOR('',#5061,1.900000000005E-1);
#5063=CARTESIAN_POINT('',(4.545E0,1.67E0,-4.9E0));
#5064=LINE('',#5063,#5062);
#5065=DIRECTION('',(0.E0,-1.E0,-8.437694987149E-14));
#5066=VECTOR('',#5065,2.000000000001E-1);
#5067=CARTESIAN_POINT('',(4.545E0,1.87E0,-4.9E0));
#5068=LINE('',#5067,#5066);
#5069=DIRECTION('',(1.E0,0.E0,0.E0));
#5070=VECTOR('',#5069,1.900000000005E-1);
#5071=CARTESIAN_POINT('',(4.355E0,1.648762607162E0,-4.494766404376E0));
#5072=LINE('',#5071,#5070);
#5073=DIRECTION('',(-1.E0,0.E0,0.E0));
#5074=VECTOR('',#5073,1.900000000005E-1);
#5075=CARTESIAN_POINT('',(4.545E0,1.548899653687E0,-4.4E0));
#5076=LINE('',#5075,#5074);
#5077=DIRECTION('',(-1.E0,0.E0,0.E0));
#5078=VECTOR('',#5077,1.900000000005E-1);
#5079=CARTESIAN_POINT('',(4.545E0,7.E-1,-4.4E0));
#5080=LINE('',#5079,#5078);
#5081=DIRECTION('',(1.046270210905E-14,-1.E0,1.851898273301E-13));
#5082=VECTOR('',#5081,8.488996536872E-1);
#5083=CARTESIAN_POINT('',(4.545E0,1.548899653687E0,-4.4E0));
#5084=LINE('',#5083,#5082);
#5085=DIRECTION('',(0.E0,1.E0,-1.851898273301E-13));
#5086=VECTOR('',#5085,8.488996536872E-1);
#5087=CARTESIAN_POINT('',(4.355E0,7.E-1,-4.4E0));
#5088=LINE('',#5087,#5086);
#5089=DIRECTION('',(1.E0,0.E0,0.E0));
#5090=VECTOR('',#5089,2.1E-1);
#5091=CARTESIAN_POINT('',(4.345E0,1.62E0,-3.5E0));
#5092=LINE('',#5091,#5090);
#5093=DIRECTION('',(-1.E0,0.E0,0.E0));
#5094=VECTOR('',#5093,2.1E-1);
#5095=CARTESIAN_POINT('',(4.555E0,1.82E0,-3.5E0));
#5096=LINE('',#5095,#5094);
#5097=DIRECTION('',(0.E0,0.E0,-1.E0));
#5098=VECTOR('',#5097,7.000000000001E-1);
#5099=CARTESIAN_POINT('',(4.345E0,1.62E0,-3.5E0));
#5100=LINE('',#5099,#5098);
#5101=DIRECTION('',(0.E0,-1.E0,1.554312234475E-13));
#5102=VECTOR('',#5101,2.E-1);
#5103=CARTESIAN_POINT('',(4.345E0,1.82E0,-3.5E0));
#5104=LINE('',#5103,#5102);
#5105=DIRECTION('',(0.E0,0.E0,1.E0));
#5106=VECTOR('',#5105,7.E-1);
#5107=CARTESIAN_POINT('',(4.345E0,1.82E0,-4.2E0));
#5108=LINE('',#5107,#5106);
#5109=DIRECTION('',(0.E0,1.E0,2.264854970235E-13));
#5110=VECTOR('',#5109,2.E-1);
#5111=CARTESIAN_POINT('',(4.345E0,1.62E0,-4.2E0));
#5112=LINE('',#5111,#5110);
#5113=DIRECTION('',(0.E0,0.E0,-1.E0));
#5114=VECTOR('',#5113,7.000000000001E-1);
#5115=CARTESIAN_POINT('',(4.055E0,1.62E0,-3.5E0));
#5116=LINE('',#5115,#5114);
#5117=DIRECTION('',(0.E0,1.E0,2.264854970235E-13));
#5118=VECTOR('',#5117,2.E-1);
#5119=CARTESIAN_POINT('',(4.055E0,1.62E0,-4.2E0));
#5120=LINE('',#5119,#5118);
#5121=DIRECTION('',(0.E0,0.E0,1.E0));
#5122=VECTOR('',#5121,7.E-1);
#5123=CARTESIAN_POINT('',(4.055E0,1.82E0,-4.2E0));
#5124=LINE('',#5123,#5122);
#5125=DIRECTION('',(0.E0,-1.E0,1.554312234475E-13));
#5126=VECTOR('',#5125,2.E-1);
#5127=CARTESIAN_POINT('',(4.055E0,1.82E0,-3.5E0));
#5128=LINE('',#5127,#5126);
#5129=DIRECTION('',(0.E0,0.E0,1.E0));
#5130=VECTOR('',#5129,1.1E-1);
#5131=CARTESIAN_POINT('',(3.855E0,1.62E0,-4.2E0));
#5132=LINE('',#5131,#5130);
#5133=DIRECTION('',(1.E0,0.E0,0.E0));
#5134=VECTOR('',#5133,1.9E-1);
#5135=CARTESIAN_POINT('',(3.855E0,1.62E0,-4.09E0));
#5136=LINE('',#5135,#5134);
#5137=DIRECTION('',(0.E0,0.E0,1.E0));
#5138=VECTOR('',#5137,1.1E-1);
#5139=CARTESIAN_POINT('',(4.045E0,1.62E0,-4.2E0));
#5140=LINE('',#5139,#5138);
#5141=DIRECTION('',(-1.E0,0.E0,4.440892098501E-12));
#5142=VECTOR('',#5141,1.E-2);
#5143=CARTESIAN_POINT('',(4.055E0,1.62E0,-4.2E0));
#5144=LINE('',#5143,#5142);
#5145=DIRECTION('',(-1.E0,0.E0,-4.440892098501E-12));
#5146=VECTOR('',#5145,1.E-2);
#5147=CARTESIAN_POINT('',(3.855E0,1.62E0,-4.2E0));
#5148=LINE('',#5147,#5146);
#5149=CARTESIAN_POINT('',(3.855E0,1.349243459677E0,-9.893449050845E-1));
#5150=DIRECTION('',(1.E0,0.E0,0.E0));
#5151=DIRECTION('',(0.E0,-4.878746331671E-1,8.729137083996E-1));
#5152=AXIS2_PLACEMENT_3D('',#5149,#5150,#5151);
#5154=DIRECTION('',(0.E0,-4.226182617383E-1,-9.063077870378E-1));
#5155=VECTOR('',#5154,2.214638864091E-2);
#5156=CARTESIAN_POINT('',(3.855E0,1.077351123566E0,-8.625594265622E-1));
#5157=LINE('',#5156,#5155);
#5158=DIRECTION('',(1.367893908951E-13,5.303311836799E-2,-9.985927540074E-1));
#5159=VECTOR('',#5158,1.759612716774E0);
#5160=CARTESIAN_POINT('',(3.855E0,1.067991655295E0,-8.826308710422E-1));
#5161=LINE('',#5160,#5159);
#5162=DIRECTION('',(-4.887802353992E-13,9.138115486203E-1,-4.061384660534E-1));
#5163=VECTOR('',#5162,4.924428900898E-1);
#5164=CARTESIAN_POINT('',(3.855E0,2.5E-1,-4.2E0));
#5165=LINE('',#5164,#5163);
#5166=CARTESIAN_POINT('',(3.855E0,1.548899653687E0,-4.5E0));
#5167=DIRECTION('',(-1.E0,0.E0,0.E0));
#5168=DIRECTION('',(0.E0,0.E0,1.E0));
#5169=AXIS2_PLACEMENT_3D('',#5166,#5167,#5168);
#5171=DIRECTION('',(0.E0,5.233595624304E-2,-9.986295347546E-1));
#5172=VECTOR('',#5171,4.057897163273E-1);
#5173=CARTESIAN_POINT('',(3.855E0,1.648762607162E0,-4.494766404376E0));
#5174=LINE('',#5173,#5172);
#5175=DIRECTION('',(0.E0,-5.233595624329E-2,9.986295347546E-1));
#5176=VECTOR('',#5175,7.162151435867E-1);
#5177=CARTESIAN_POINT('',(3.855E0,1.87E0,-4.9E0));
#5178=LINE('',#5177,#5176);
#5179=CARTESIAN_POINT('',(3.855E0,1.732653242109E0,-4.19E0));
#5180=DIRECTION('',(1.E0,0.E0,0.E0));
#5181=DIRECTION('',(0.E0,9.986295347546E-1,5.233595624288E-2));
#5182=AXIS2_PLACEMENT_3D('',#5179,#5180,#5181);
#5184=DIRECTION('',(-1.E0,0.E0,0.E0));
#5185=VECTOR('',#5184,1.900000000005E-1);
#5186=CARTESIAN_POINT('',(4.045E0,1.077351123566E0,-8.625594265622E-1));
#5187=LINE('',#5186,#5185);
#5188=DIRECTION('',(-1.433512435949E-13,5.303311836799E-2,-9.985927540074E-1));
#5189=VECTOR('',#5188,1.759612716774E0);
#5190=CARTESIAN_POINT('',(4.045E0,1.067991655295E0,-8.826308710422E-1));
#5191=LINE('',#5190,#5189);
#5192=DIRECTION('',(4.010488726182E-13,-4.226182617383E-1,-9.063077870378E-1));
#5193=VECTOR('',#5192,2.214638864091E-2);
#5194=CARTESIAN_POINT('',(4.045E0,1.077351123566E0,-8.625594265622E-1));
#5195=LINE('',#5194,#5193);
#5196=CARTESIAN_POINT('',(4.045E0,1.349243459677E0,-9.893449050845E-1));
#5197=DIRECTION('',(1.E0,0.E0,0.E0));
#5198=DIRECTION('',(0.E0,-4.878746331671E-1,8.729137083996E-1));
#5199=AXIS2_PLACEMENT_3D('',#5196,#5197,#5198);
#5201=CARTESIAN_POINT('',(4.045E0,1.732653242109E0,-4.19E0));
#5202=DIRECTION('',(1.E0,0.E0,0.E0));
#5203=DIRECTION('',(0.E0,9.986295347546E-1,5.233595624288E-2));
#5204=AXIS2_PLACEMENT_3D('',#5201,#5202,#5203);
#5206=DIRECTION('',(0.E0,-5.233595624329E-2,9.986295347546E-1));
#5207=VECTOR('',#5206,7.162151435867E-1);
#5208=CARTESIAN_POINT('',(4.045E0,1.87E0,-4.9E0));
#5209=LINE('',#5208,#5207);
#5210=DIRECTION('',(2.188765224853E-14,5.233595624304E-2,-9.986295347546E-1));
#5211=VECTOR('',#5210,4.057897163273E-1);
#5212=CARTESIAN_POINT('',(4.045E0,1.648762607162E0,-4.494766404376E0));
#5213=LINE('',#5212,#5211);
#5214=CARTESIAN_POINT('',(4.045E0,1.548899653687E0,-4.5E0));
#5215=DIRECTION('',(-1.E0,0.E0,0.E0));
#5216=DIRECTION('',(0.E0,0.E0,1.E0));
#5217=AXIS2_PLACEMENT_3D('',#5214,#5215,#5216);
#5219=DIRECTION('',(5.122272577615E-13,9.138115486203E-1,-4.061384660534E-1));
#5220=VECTOR('',#5219,4.924428900898E-1);
#5221=CARTESIAN_POINT('',(4.045E0,2.5E-1,-4.2E0));
#5222=LINE('',#5221,#5220);
#5223=DIRECTION('',(-1.E0,0.E0,0.E0));
#5224=VECTOR('',#5223,1.900000000005E-1);
#5225=CARTESIAN_POINT('',(4.045E0,1.067991655295E0,-8.826308710422E-1));
#5226=LINE('',#5225,#5224);
#5227=DIRECTION('',(2.116902285496E-12,-1.E0,0.E0));
#5228=VECTOR('',#5227,1.126532421092E-1);
#5229=CARTESIAN_POINT('',(3.855E0,1.732653242109E0,-4.09E0));
#5230=LINE('',#5229,#5228);
#5231=DIRECTION('',(2.183917814087E-12,1.E0,0.E0));
#5232=VECTOR('',#5231,1.126532421092E-1);
#5233=CARTESIAN_POINT('',(4.045E0,1.62E0,-4.09E0));
#5234=LINE('',#5233,#5232);
#5235=DIRECTION('',(1.E0,0.E0,0.E0));
#5236=VECTOR('',#5235,1.900000000005E-1);
#5237=CARTESIAN_POINT('',(3.855E0,1.832516195584E0,-4.184766404376E0));
#5238=LINE('',#5237,#5236);
#5239=DIRECTION('',(-1.E0,0.E0,0.E0));
#5240=VECTOR('',#5239,1.900000000005E-1);
#5241=CARTESIAN_POINT('',(4.045E0,1.732653242109E0,-4.09E0));
#5242=LINE('',#5241,#5240);
#5243=DIRECTION('',(-1.E0,0.E0,0.E0));
#5244=VECTOR('',#5243,1.900000000005E-1);
#5245=CARTESIAN_POINT('',(4.045E0,1.87E0,-4.9E0));
#5246=LINE('',#5245,#5244);
#5247=DIRECTION('',(0.E0,1.E0,8.437694987149E-14));
#5248=VECTOR('',#5247,2.000000000001E-1);
#5249=CARTESIAN_POINT('',(3.855E0,1.67E0,-4.9E0));
#5250=LINE('',#5249,#5248);
#5251=DIRECTION('',(-1.E0,0.E0,0.E0));
#5252=VECTOR('',#5251,1.900000000005E-1);
#5253=CARTESIAN_POINT('',(4.045E0,1.67E0,-4.9E0));
#5254=LINE('',#5253,#5252);
#5255=DIRECTION('',(0.E0,-1.E0,-8.437694987149E-14));
#5256=VECTOR('',#5255,2.000000000001E-1);
#5257=CARTESIAN_POINT('',(4.045E0,1.87E0,-4.9E0));
#5258=LINE('',#5257,#5256);
#5259=DIRECTION('',(1.E0,0.E0,0.E0));
#5260=VECTOR('',#5259,1.900000000005E-1);
#5261=CARTESIAN_POINT('',(3.855E0,1.648762607162E0,-4.494766404376E0));
#5262=LINE('',#5261,#5260);
#5263=DIRECTION('',(-1.E0,0.E0,0.E0));
#5264=VECTOR('',#5263,1.900000000005E-1);
#5265=CARTESIAN_POINT('',(4.045E0,1.548899653687E0,-4.4E0));
#5266=LINE('',#5265,#5264);
#5267=DIRECTION('',(-1.E0,0.E0,0.E0));
#5268=VECTOR('',#5267,1.900000000005E-1);
#5269=CARTESIAN_POINT('',(4.045E0,7.E-1,-4.4E0));
#5270=LINE('',#5269,#5268);
#5271=DIRECTION('',(1.046270210905E-14,-1.E0,1.851898273301E-13));
#5272=VECTOR('',#5271,8.488996536872E-1);
#5273=CARTESIAN_POINT('',(4.045E0,1.548899653687E0,-4.4E0));
#5274=LINE('',#5273,#5272);
#5275=DIRECTION('',(0.E0,1.E0,-1.851898273301E-13));
#5276=VECTOR('',#5275,8.488996536872E-1);
#5277=CARTESIAN_POINT('',(3.855E0,7.E-1,-4.4E0));
#5278=LINE('',#5277,#5276);
#5279=DIRECTION('',(1.E0,0.E0,0.E0));
#5280=VECTOR('',#5279,2.1E-1);
#5281=CARTESIAN_POINT('',(3.845E0,1.62E0,-3.5E0));
#5282=LINE('',#5281,#5280);
#5283=DIRECTION('',(-1.E0,0.E0,0.E0));
#5284=VECTOR('',#5283,2.1E-1);
#5285=CARTESIAN_POINT('',(4.055E0,1.82E0,-3.5E0));
#5286=LINE('',#5285,#5284);
#5287=DIRECTION('',(0.E0,0.E0,-1.E0));
#5288=VECTOR('',#5287,7.000000000001E-1);
#5289=CARTESIAN_POINT('',(3.845E0,1.62E0,-3.5E0));
#5290=LINE('',#5289,#5288);
#5291=DIRECTION('',(0.E0,-1.E0,1.554312234475E-13));
#5292=VECTOR('',#5291,2.E-1);
#5293=CARTESIAN_POINT('',(3.845E0,1.82E0,-3.5E0));
#5294=LINE('',#5293,#5292);
#5295=DIRECTION('',(0.E0,0.E0,1.E0));
#5296=VECTOR('',#5295,7.E-1);
#5297=CARTESIAN_POINT('',(3.845E0,1.82E0,-4.2E0));
#5298=LINE('',#5297,#5296);
#5299=DIRECTION('',(0.E0,1.E0,2.264854970235E-13));
#5300=VECTOR('',#5299,2.E-1);
#5301=CARTESIAN_POINT('',(3.845E0,1.62E0,-4.2E0));
#5302=LINE('',#5301,#5300);
#5303=DIRECTION('',(0.E0,0.E0,-1.E0));
#5304=VECTOR('',#5303,7.000000000001E-1);
#5305=CARTESIAN_POINT('',(3.555E0,1.62E0,-3.5E0));
#5306=LINE('',#5305,#5304);
#5307=DIRECTION('',(0.E0,1.E0,2.264854970235E-13));
#5308=VECTOR('',#5307,2.E-1);
#5309=CARTESIAN_POINT('',(3.555E0,1.62E0,-4.2E0));
#5310=LINE('',#5309,#5308);
#5311=DIRECTION('',(0.E0,0.E0,1.E0));
#5312=VECTOR('',#5311,7.E-1);
#5313=CARTESIAN_POINT('',(3.555E0,1.82E0,-4.2E0));
#5314=LINE('',#5313,#5312);
#5315=DIRECTION('',(0.E0,-1.E0,1.554312234475E-13));
#5316=VECTOR('',#5315,2.E-1);
#5317=CARTESIAN_POINT('',(3.555E0,1.82E0,-3.5E0));
#5318=LINE('',#5317,#5316);
#5319=DIRECTION('',(0.E0,0.E0,1.E0));
#5320=VECTOR('',#5319,1.1E-1);
#5321=CARTESIAN_POINT('',(3.355E0,1.62E0,-4.2E0));
#5322=LINE('',#5321,#5320);
#5323=DIRECTION('',(1.E0,0.E0,0.E0));
#5324=VECTOR('',#5323,1.9E-1);
#5325=CARTESIAN_POINT('',(3.355E0,1.62E0,-4.09E0));
#5326=LINE('',#5325,#5324);
#5327=DIRECTION('',(0.E0,0.E0,1.E0));
#5328=VECTOR('',#5327,1.1E-1);
#5329=CARTESIAN_POINT('',(3.545E0,1.62E0,-4.2E0));
#5330=LINE('',#5329,#5328);
#5331=DIRECTION('',(-1.E0,0.E0,4.440892098501E-12));
#5332=VECTOR('',#5331,9.999999999999E-3);
#5333=CARTESIAN_POINT('',(3.555E0,1.62E0,-4.2E0));
#5334=LINE('',#5333,#5332);
#5335=DIRECTION('',(-1.E0,0.E0,-4.440892098501E-12));
#5336=VECTOR('',#5335,1.E-2);
#5337=CARTESIAN_POINT('',(3.355E0,1.62E0,-4.2E0));
#5338=LINE('',#5337,#5336);
#5339=CARTESIAN_POINT('',(3.355E0,1.349243459677E0,-9.893449050845E-1));
#5340=DIRECTION('',(1.E0,0.E0,0.E0));
#5341=DIRECTION('',(0.E0,-4.878746331671E-1,8.729137083996E-1));
#5342=AXIS2_PLACEMENT_3D('',#5339,#5340,#5341);
#5344=DIRECTION('',(0.E0,-4.226182617383E-1,-9.063077870378E-1));
#5345=VECTOR('',#5344,2.214638864091E-2);
#5346=CARTESIAN_POINT('',(3.355E0,1.077351123566E0,-8.625594265622E-1));
#5347=LINE('',#5346,#5345);
#5348=DIRECTION('',(1.367893908951E-13,5.303311836799E-2,-9.985927540074E-1));
#5349=VECTOR('',#5348,1.759612716774E0);
#5350=CARTESIAN_POINT('',(3.355E0,1.067991655295E0,-8.826308710422E-1));
#5351=LINE('',#5350,#5349);
#5352=DIRECTION('',(-4.887802353992E-13,9.138115486203E-1,-4.061384660534E-1));
#5353=VECTOR('',#5352,4.924428900898E-1);
#5354=CARTESIAN_POINT('',(3.355E0,2.5E-1,-4.2E0));
#5355=LINE('',#5354,#5353);
#5356=CARTESIAN_POINT('',(3.355E0,1.548899653687E0,-4.5E0));
#5357=DIRECTION('',(-1.E0,0.E0,0.E0));
#5358=DIRECTION('',(0.E0,0.E0,1.E0));
#5359=AXIS2_PLACEMENT_3D('',#5356,#5357,#5358);
#5361=DIRECTION('',(0.E0,5.233595624304E-2,-9.986295347546E-1));
#5362=VECTOR('',#5361,4.057897163273E-1);
#5363=CARTESIAN_POINT('',(3.355E0,1.648762607162E0,-4.494766404376E0));
#5364=LINE('',#5363,#5362);
#5365=DIRECTION('',(0.E0,-5.233595624329E-2,9.986295347546E-1));
#5366=VECTOR('',#5365,7.162151435867E-1);
#5367=CARTESIAN_POINT('',(3.355E0,1.87E0,-4.9E0));
#5368=LINE('',#5367,#5366);
#5369=CARTESIAN_POINT('',(3.355E0,1.732653242109E0,-4.19E0));
#5370=DIRECTION('',(1.E0,0.E0,0.E0));
#5371=DIRECTION('',(0.E0,9.986295347546E-1,5.233595624288E-2));
#5372=AXIS2_PLACEMENT_3D('',#5369,#5370,#5371);
#5374=DIRECTION('',(-1.E0,0.E0,0.E0));
#5375=VECTOR('',#5374,1.900000000005E-1);
#5376=CARTESIAN_POINT('',(3.545E0,1.077351123566E0,-8.625594265622E-1));
#5377=LINE('',#5376,#5375);
#5378=DIRECTION('',(-1.430988646449E-13,5.303311836799E-2,-9.985927540074E-1));
#5379=VECTOR('',#5378,1.759612716774E0);
#5380=CARTESIAN_POINT('',(3.545E0,1.067991655295E0,-8.826308710422E-1));
#5381=LINE('',#5380,#5379);
#5382=DIRECTION('',(4.010488726182E-13,-4.226182617383E-1,-9.063077870378E-1));
#5383=VECTOR('',#5382,2.214638864091E-2);
#5384=CARTESIAN_POINT('',(3.545E0,1.077351123566E0,-8.625594265622E-1));
#5385=LINE('',#5384,#5383);
#5386=CARTESIAN_POINT('',(3.545E0,1.349243459677E0,-9.893449050845E-1));
#5387=DIRECTION('',(1.E0,0.E0,0.E0));
#5388=DIRECTION('',(0.E0,-4.878746331671E-1,8.729137083996E-1));
#5389=AXIS2_PLACEMENT_3D('',#5386,#5387,#5388);
#5391=CARTESIAN_POINT('',(3.545E0,1.732653242109E0,-4.19E0));
#5392=DIRECTION('',(1.E0,0.E0,0.E0));
#5393=DIRECTION('',(0.E0,9.986295347546E-1,5.233595624288E-2));
#5394=AXIS2_PLACEMENT_3D('',#5391,#5392,#5393);
#5396=DIRECTION('',(0.E0,-5.233595624329E-2,9.986295347546E-1));
#5397=VECTOR('',#5396,7.162151435867E-1);
#5398=CARTESIAN_POINT('',(3.545E0,1.87E0,-4.9E0));
#5399=LINE('',#5398,#5397);
#5400=DIRECTION('',(2.188765224853E-14,5.233595624304E-2,-9.986295347546E-1));
#5401=VECTOR('',#5400,4.057897163273E-1);
#5402=CARTESIAN_POINT('',(3.545E0,1.648762607162E0,-4.494766404376E0));
#5403=LINE('',#5402,#5401);
#5404=CARTESIAN_POINT('',(3.545E0,1.548899653687E0,-4.5E0));
#5405=DIRECTION('',(-1.E0,0.E0,0.E0));
#5406=DIRECTION('',(0.E0,0.E0,1.E0));
#5407=AXIS2_PLACEMENT_3D('',#5404,#5405,#5406);
#5409=DIRECTION('',(5.122272577615E-13,9.138115486203E-1,-4.061384660534E-1));
#5410=VECTOR('',#5409,4.924428900898E-1);
#5411=CARTESIAN_POINT('',(3.545E0,2.5E-1,-4.2E0));
#5412=LINE('',#5411,#5410);
#5413=DIRECTION('',(-1.E0,0.E0,0.E0));
#5414=VECTOR('',#5413,1.900000000005E-1);
#5415=CARTESIAN_POINT('',(3.545E0,1.067991655295E0,-8.826308710422E-1));
#5416=LINE('',#5415,#5414);
#5417=DIRECTION('',(2.116902285496E-12,-1.E0,0.E0));
#5418=VECTOR('',#5417,1.126532421092E-1);
#5419=CARTESIAN_POINT('',(3.355E0,1.732653242109E0,-4.09E0));
#5420=LINE('',#5419,#5418);
#5421=DIRECTION('',(2.187859904004E-12,1.E0,0.E0));
#5422=VECTOR('',#5421,1.126532421092E-1);
#5423=CARTESIAN_POINT('',(3.545E0,1.62E0,-4.09E0));
#5424=LINE('',#5423,#5422);
#5425=DIRECTION('',(1.E0,0.E0,0.E0));
#5426=VECTOR('',#5425,1.900000000005E-1);
#5427=CARTESIAN_POINT('',(3.355E0,1.832516195584E0,-4.184766404376E0));
#5428=LINE('',#5427,#5426);
#5429=DIRECTION('',(-1.E0,0.E0,0.E0));
#5430=VECTOR('',#5429,1.900000000005E-1);
#5431=CARTESIAN_POINT('',(3.545E0,1.732653242109E0,-4.09E0));
#5432=LINE('',#5431,#5430);
#5433=DIRECTION('',(-1.E0,0.E0,0.E0));
#5434=VECTOR('',#5433,1.900000000005E-1);
#5435=CARTESIAN_POINT('',(3.545E0,1.87E0,-4.9E0));
#5436=LINE('',#5435,#5434);
#5437=DIRECTION('',(0.E0,1.E0,8.437694987149E-14));
#5438=VECTOR('',#5437,2.000000000001E-1);
#5439=CARTESIAN_POINT('',(3.355E0,1.67E0,-4.9E0));
#5440=LINE('',#5439,#5438);
#5441=DIRECTION('',(-1.E0,0.E0,0.E0));
#5442=VECTOR('',#5441,1.900000000005E-1);
#5443=CARTESIAN_POINT('',(3.545E0,1.67E0,-4.9E0));
#5444=LINE('',#5443,#5442);
#5445=DIRECTION('',(0.E0,-1.E0,-8.437694987149E-14));
#5446=VECTOR('',#5445,2.000000000001E-1);
#5447=CARTESIAN_POINT('',(3.545E0,1.87E0,-4.9E0));
#5448=LINE('',#5447,#5446);
#5449=DIRECTION('',(1.E0,0.E0,0.E0));
#5450=VECTOR('',#5449,1.900000000005E-1);
#5451=CARTESIAN_POINT('',(3.355E0,1.648762607162E0,-4.494766404376E0));
#5452=LINE('',#5451,#5450);
#5453=DIRECTION('',(-1.E0,0.E0,0.E0));
#5454=VECTOR('',#5453,1.900000000005E-1);
#5455=CARTESIAN_POINT('',(3.545E0,1.548899653687E0,-4.4E0));
#5456=LINE('',#5455,#5454);
#5457=DIRECTION('',(-1.E0,0.E0,0.E0));
#5458=VECTOR('',#5457,1.900000000005E-1);
#5459=CARTESIAN_POINT('',(3.545E0,7.E-1,-4.4E0));
#5460=LINE('',#5459,#5458);
#5461=DIRECTION('',(0.E0,-1.E0,1.851898273301E-13));
#5462=VECTOR('',#5461,8.488996536872E-1);
#5463=CARTESIAN_POINT('',(3.545E0,1.548899653687E0,-4.4E0));
#5464=LINE('',#5463,#5462);
#5465=DIRECTION('',(0.E0,1.E0,-1.851898273301E-13));
#5466=VECTOR('',#5465,8.488996536872E-1);
#5467=CARTESIAN_POINT('',(3.355E0,7.E-1,-4.4E0));
#5468=LINE('',#5467,#5466);
#5469=DIRECTION('',(1.E0,0.E0,0.E0));
#5470=VECTOR('',#5469,2.1E-1);
#5471=CARTESIAN_POINT('',(3.345E0,1.62E0,-3.5E0));
#5472=LINE('',#5471,#5470);
#5473=DIRECTION('',(-1.E0,0.E0,0.E0));
#5474=VECTOR('',#5473,2.1E-1);
#5475=CARTESIAN_POINT('',(3.555E0,1.82E0,-3.5E0));
#5476=LINE('',#5475,#5474);
#5477=DIRECTION('',(0.E0,0.E0,-1.E0));
#5478=VECTOR('',#5477,7.000000000001E-1);
#5479=CARTESIAN_POINT('',(3.345E0,1.62E0,-3.5E0));
#5480=LINE('',#5479,#5478);
#5481=DIRECTION('',(0.E0,-1.E0,1.554312234475E-13));
#5482=VECTOR('',#5481,2.E-1);
#5483=CARTESIAN_POINT('',(3.345E0,1.82E0,-3.5E0));
#5484=LINE('',#5483,#5482);
#5485=DIRECTION('',(0.E0,0.E0,1.E0));
#5486=VECTOR('',#5485,7.E-1);
#5487=CARTESIAN_POINT('',(3.345E0,1.82E0,-4.2E0));
#5488=LINE('',#5487,#5486);
#5489=DIRECTION('',(0.E0,1.E0,2.264854970235E-13));
#5490=VECTOR('',#5489,2.E-1);
#5491=CARTESIAN_POINT('',(3.345E0,1.62E0,-4.2E0));
#5492=LINE('',#5491,#5490);
#5493=DIRECTION('',(0.E0,0.E0,-1.E0));
#5494=VECTOR('',#5493,7.000000000001E-1);
#5495=CARTESIAN_POINT('',(3.055E0,1.62E0,-3.5E0));
#5496=LINE('',#5495,#5494);
#5497=DIRECTION('',(0.E0,1.E0,2.264854970235E-13));
#5498=VECTOR('',#5497,2.E-1);
#5499=CARTESIAN_POINT('',(3.055E0,1.62E0,-4.2E0));
#5500=LINE('',#5499,#5498);
#5501=DIRECTION('',(0.E0,0.E0,1.E0));
#5502=VECTOR('',#5501,7.E-1);
#5503=CARTESIAN_POINT('',(3.055E0,1.82E0,-4.2E0));
#5504=LINE('',#5503,#5502);
#5505=DIRECTION('',(0.E0,-1.E0,1.554312234475E-13));
#5506=VECTOR('',#5505,2.E-1);
#5507=CARTESIAN_POINT('',(3.055E0,1.82E0,-3.5E0));
#5508=LINE('',#5507,#5506);
#5509=DIRECTION('',(0.E0,0.E0,1.E0));
#5510=VECTOR('',#5509,1.1E-1);
#5511=CARTESIAN_POINT('',(2.855E0,1.62E0,-4.2E0));
#5512=LINE('',#5511,#5510);
#5513=DIRECTION('',(1.E0,0.E0,0.E0));
#5514=VECTOR('',#5513,1.9E-1);
#5515=CARTESIAN_POINT('',(2.855E0,1.62E0,-4.09E0));
#5516=LINE('',#5515,#5514);
#5517=DIRECTION('',(0.E0,0.E0,1.E0));
#5518=VECTOR('',#5517,1.1E-1);
#5519=CARTESIAN_POINT('',(3.045E0,1.62E0,-4.2E0));
#5520=LINE('',#5519,#5518);
#5521=DIRECTION('',(-1.E0,0.E0,4.440892098501E-12));
#5522=VECTOR('',#5521,1.E-2);
#5523=CARTESIAN_POINT('',(3.055E0,1.62E0,-4.2E0));
#5524=LINE('',#5523,#5522);
#5525=DIRECTION('',(-1.E0,0.E0,-4.440892098501E-12));
#5526=VECTOR('',#5525,1.E-2);
#5527=CARTESIAN_POINT('',(2.855E0,1.62E0,-4.2E0));
#5528=LINE('',#5527,#5526);
#5529=CARTESIAN_POINT('',(2.855E0,1.349243459677E0,-9.893449050845E-1));
#5530=DIRECTION('',(1.E0,0.E0,0.E0));
#5531=DIRECTION('',(0.E0,-4.878746331671E-1,8.729137083996E-1));
#5532=AXIS2_PLACEMENT_3D('',#5529,#5530,#5531);
#5534=DIRECTION('',(0.E0,-4.226182617383E-1,-9.063077870378E-1));
#5535=VECTOR('',#5534,2.214638864091E-2);
#5536=CARTESIAN_POINT('',(2.855E0,1.077351123566E0,-8.625594265622E-1));
#5537=LINE('',#5536,#5535);
#5538=DIRECTION('',(1.372941487951E-13,5.303311836799E-2,-9.985927540074E-1));
#5539=VECTOR('',#5538,1.759612716774E0);
#5540=CARTESIAN_POINT('',(2.855E0,1.067991655295E0,-8.826308710422E-1));
#5541=LINE('',#5540,#5539);
#5542=DIRECTION('',(-4.887802353992E-13,9.138115486203E-1,-4.061384660534E-1));
#5543=VECTOR('',#5542,4.924428900898E-1);
#5544=CARTESIAN_POINT('',(2.855E0,2.5E-1,-4.2E0));
#5545=LINE('',#5544,#5543);
#5546=CARTESIAN_POINT('',(2.855E0,1.548899653687E0,-4.5E0));
#5547=DIRECTION('',(-1.E0,0.E0,0.E0));
#5548=DIRECTION('',(0.E0,0.E0,1.E0));
#5549=AXIS2_PLACEMENT_3D('',#5546,#5547,#5548);
#5551=DIRECTION('',(0.E0,5.233595624304E-2,-9.986295347546E-1));
#5552=VECTOR('',#5551,4.057897163273E-1);
#5553=CARTESIAN_POINT('',(2.855E0,1.648762607162E0,-4.494766404376E0));
#5554=LINE('',#5553,#5552);
#5555=DIRECTION('',(0.E0,-5.233595624329E-2,9.986295347546E-1));
#5556=VECTOR('',#5555,7.162151435867E-1);
#5557=CARTESIAN_POINT('',(2.855E0,1.87E0,-4.9E0));
#5558=LINE('',#5557,#5556);
#5559=CARTESIAN_POINT('',(2.855E0,1.732653242109E0,-4.19E0));
#5560=DIRECTION('',(1.E0,0.E0,0.E0));
#5561=DIRECTION('',(0.E0,9.986295347546E-1,5.233595624288E-2));
#5562=AXIS2_PLACEMENT_3D('',#5559,#5560,#5561);
#5564=DIRECTION('',(-1.E0,0.E0,0.E0));
#5565=VECTOR('',#5564,1.900000000005E-1);
#5566=CARTESIAN_POINT('',(3.045E0,1.077351123566E0,-8.625594265622E-1));
#5567=LINE('',#5566,#5565);
#5568=DIRECTION('',(-1.433512435949E-13,5.303311836799E-2,-9.985927540074E-1));
#5569=VECTOR('',#5568,1.759612716774E0);
#5570=CARTESIAN_POINT('',(3.045E0,1.067991655295E0,-8.826308710422E-1));
#5571=LINE('',#5570,#5569);
#5572=DIRECTION('',(3.809964289873E-13,-4.226182617383E-1,-9.063077870378E-1));
#5573=VECTOR('',#5572,2.214638864091E-2);
#5574=CARTESIAN_POINT('',(3.045E0,1.077351123566E0,-8.625594265622E-1));
#5575=LINE('',#5574,#5573);
#5576=CARTESIAN_POINT('',(3.045E0,1.349243459677E0,-9.893449050845E-1));
#5577=DIRECTION('',(1.E0,0.E0,0.E0));
#5578=DIRECTION('',(0.E0,-4.878746331671E-1,8.729137083996E-1));
#5579=AXIS2_PLACEMENT_3D('',#5576,#5577,#5578);
#5581=CARTESIAN_POINT('',(3.045E0,1.732653242109E0,-4.19E0));
#5582=DIRECTION('',(1.E0,0.E0,0.E0));
#5583=DIRECTION('',(0.E0,9.986295347546E-1,5.233595624288E-2));
#5584=AXIS2_PLACEMENT_3D('',#5581,#5582,#5583);
#5586=DIRECTION('',(0.E0,-5.233595624329E-2,9.986295347546E-1));
#5587=VECTOR('',#5586,7.162151435867E-1);
#5588=CARTESIAN_POINT('',(3.045E0,1.87E0,-4.9E0));
#5589=LINE('',#5588,#5587);
#5590=DIRECTION('',(2.079326963610E-14,5.233595624304E-2,-9.986295347546E-1));
#5591=VECTOR('',#5590,4.057897163273E-1);
#5592=CARTESIAN_POINT('',(3.045E0,1.648762607162E0,-4.494766404376E0));
#5593=LINE('',#5592,#5591);
#5594=CARTESIAN_POINT('',(3.045E0,1.548899653687E0,-4.5E0));
#5595=DIRECTION('',(-1.E0,0.E0,0.E0));
#5596=DIRECTION('',(0.E0,0.E0,1.E0));
#5597=AXIS2_PLACEMENT_3D('',#5594,#5595,#5596);
#5599=DIRECTION('',(5.131290663139E-13,9.138115486203E-1,-4.061384660534E-1));
#5600=VECTOR('',#5599,4.924428900898E-1);
#5601=CARTESIAN_POINT('',(3.045E0,2.5E-1,-4.2E0));
#5602=LINE('',#5601,#5600);
#5603=DIRECTION('',(-1.E0,0.E0,0.E0));
#5604=VECTOR('',#5603,1.900000000005E-1);
#5605=CARTESIAN_POINT('',(3.045E0,1.067991655295E0,-8.826308710422E-1));
#5606=LINE('',#5605,#5604);
#5607=DIRECTION('',(2.116902285496E-12,-1.E0,0.E0));
#5608=VECTOR('',#5607,1.126532421092E-1);
#5609=CARTESIAN_POINT('',(2.855E0,1.732653242109E0,-4.09E0));
#5610=LINE('',#5609,#5608);
#5611=DIRECTION('',(2.191801993921E-12,1.E0,0.E0));
#5612=VECTOR('',#5611,1.126532421092E-1);
#5613=CARTESIAN_POINT('',(3.045E0,1.62E0,-4.09E0));
#5614=LINE('',#5613,#5612);
#5615=DIRECTION('',(1.E0,0.E0,0.E0));
#5616=VECTOR('',#5615,1.900000000005E-1);
#5617=CARTESIAN_POINT('',(2.855E0,1.832516195584E0,-4.184766404376E0));
#5618=LINE('',#5617,#5616);
#5619=DIRECTION('',(-1.E0,0.E0,0.E0));
#5620=VECTOR('',#5619,1.900000000005E-1);
#5621=CARTESIAN_POINT('',(3.045E0,1.732653242109E0,-4.09E0));
#5622=LINE('',#5621,#5620);
#5623=DIRECTION('',(-1.E0,0.E0,0.E0));
#5624=VECTOR('',#5623,1.900000000005E-1);
#5625=CARTESIAN_POINT('',(3.045E0,1.87E0,-4.9E0));
#5626=LINE('',#5625,#5624);
#5627=DIRECTION('',(0.E0,1.E0,8.437694987149E-14));
#5628=VECTOR('',#5627,2.000000000001E-1);
#5629=CARTESIAN_POINT('',(2.855E0,1.67E0,-4.9E0));
#5630=LINE('',#5629,#5628);
#5631=DIRECTION('',(-1.E0,0.E0,0.E0));
#5632=VECTOR('',#5631,1.900000000005E-1);
#5633=CARTESIAN_POINT('',(3.045E0,1.67E0,-4.9E0));
#5634=LINE('',#5633,#5632);
#5635=DIRECTION('',(0.E0,-1.E0,-8.437694987149E-14));
#5636=VECTOR('',#5635,2.000000000001E-1);
#5637=CARTESIAN_POINT('',(3.045E0,1.87E0,-4.9E0));
#5638=LINE('',#5637,#5636);
#5639=DIRECTION('',(1.E0,0.E0,0.E0));
#5640=VECTOR('',#5639,1.900000000005E-1);
#5641=CARTESIAN_POINT('',(2.855E0,1.648762607162E0,-4.494766404376E0));
#5642=LINE('',#5641,#5640);
#5643=DIRECTION('',(-1.E0,0.E0,0.E0));
#5644=VECTOR('',#5643,1.900000000005E-1);
#5645=CARTESIAN_POINT('',(3.045E0,1.548899653687E0,-4.4E0));
#5646=LINE('',#5645,#5644);
#5647=DIRECTION('',(-1.E0,0.E0,0.E0));
#5648=VECTOR('',#5647,1.900000000005E-1);
#5649=CARTESIAN_POINT('',(3.045E0,7.E-1,-4.4E0));
#5650=LINE('',#5649,#5648);
#5651=DIRECTION('',(0.E0,-1.E0,1.851898273301E-13));
#5652=VECTOR('',#5651,8.488996536872E-1);
#5653=CARTESIAN_POINT('',(3.045E0,1.548899653687E0,-4.4E0));
#5654=LINE('',#5653,#5652);
#5655=DIRECTION('',(0.E0,1.E0,-1.851898273301E-13));
#5656=VECTOR('',#5655,8.488996536872E-1);
#5657=CARTESIAN_POINT('',(2.855E0,7.E-1,-4.4E0));
#5658=LINE('',#5657,#5656);
#5659=DIRECTION('',(1.E0,0.E0,0.E0));
#5660=VECTOR('',#5659,2.1E-1);
#5661=CARTESIAN_POINT('',(2.845E0,1.62E0,-3.5E0));
#5662=LINE('',#5661,#5660);
#5663=DIRECTION('',(-1.E0,0.E0,0.E0));
#5664=VECTOR('',#5663,2.1E-1);
#5665=CARTESIAN_POINT('',(3.055E0,1.82E0,-3.5E0));
#5666=LINE('',#5665,#5664);
#5667=DIRECTION('',(0.E0,0.E0,-1.E0));
#5668=VECTOR('',#5667,7.000000000001E-1);
#5669=CARTESIAN_POINT('',(2.845E0,1.62E0,-3.5E0));
#5670=LINE('',#5669,#5668);
#5671=DIRECTION('',(0.E0,-1.E0,1.554312234475E-13));
#5672=VECTOR('',#5671,2.E-1);
#5673=CARTESIAN_POINT('',(2.845E0,1.82E0,-3.5E0));
#5674=LINE('',#5673,#5672);
#5675=DIRECTION('',(0.E0,0.E0,1.E0));
#5676=VECTOR('',#5675,7.E-1);
#5677=CARTESIAN_POINT('',(2.845E0,1.82E0,-4.2E0));
#5678=LINE('',#5677,#5676);
#5679=DIRECTION('',(0.E0,1.E0,2.264854970235E-13));
#5680=VECTOR('',#5679,2.E-1);
#5681=CARTESIAN_POINT('',(2.845E0,1.62E0,-4.2E0));
#5682=LINE('',#5681,#5680);
#5683=DIRECTION('',(0.E0,0.E0,-1.E0));
#5684=VECTOR('',#5683,7.000000000001E-1);
#5685=CARTESIAN_POINT('',(2.555E0,1.62E0,-3.5E0));
#5686=LINE('',#5685,#5684);
#5687=DIRECTION('',(0.E0,1.E0,2.264854970235E-13));
#5688=VECTOR('',#5687,2.E-1);
#5689=CARTESIAN_POINT('',(2.555E0,1.62E0,-4.2E0));
#5690=LINE('',#5689,#5688);
#5691=DIRECTION('',(0.E0,0.E0,1.E0));
#5692=VECTOR('',#5691,7.E-1);
#5693=CARTESIAN_POINT('',(2.555E0,1.82E0,-4.2E0));
#5694=LINE('',#5693,#5692);
#5695=DIRECTION('',(0.E0,-1.E0,1.554312234475E-13));
#5696=VECTOR('',#5695,2.E-1);
#5697=CARTESIAN_POINT('',(2.555E0,1.82E0,-3.5E0));
#5698=LINE('',#5697,#5696);
#5699=DIRECTION('',(0.E0,0.E0,1.E0));
#5700=VECTOR('',#5699,1.1E-1);
#5701=CARTESIAN_POINT('',(2.355E0,1.62E0,-4.2E0));
#5702=LINE('',#5701,#5700);
#5703=DIRECTION('',(1.E0,0.E0,0.E0));
#5704=VECTOR('',#5703,1.9E-1);
#5705=CARTESIAN_POINT('',(2.355E0,1.62E0,-4.09E0));
#5706=LINE('',#5705,#5704);
#5707=DIRECTION('',(0.E0,0.E0,1.E0));
#5708=VECTOR('',#5707,1.1E-1);
#5709=CARTESIAN_POINT('',(2.545E0,1.62E0,-4.2E0));
#5710=LINE('',#5709,#5708);
#5711=DIRECTION('',(-1.E0,0.E0,4.440892098501E-12));
#5712=VECTOR('',#5711,9.999999999999E-3);
#5713=CARTESIAN_POINT('',(2.555E0,1.62E0,-4.2E0));
#5714=LINE('',#5713,#5712);
#5715=DIRECTION('',(-1.E0,0.E0,-4.440892098501E-12));
#5716=VECTOR('',#5715,1.E-2);
#5717=CARTESIAN_POINT('',(2.355E0,1.62E0,-4.2E0));
#5718=LINE('',#5717,#5716);
#5719=CARTESIAN_POINT('',(2.355E0,1.349243459677E0,-9.893449050845E-1));
#5720=DIRECTION('',(1.E0,0.E0,0.E0));
#5721=DIRECTION('',(0.E0,-4.878746331671E-1,8.729137083996E-1));
#5722=AXIS2_PLACEMENT_3D('',#5719,#5720,#5721);
#5724=DIRECTION('',(0.E0,-4.226182617383E-1,-9.063077870378E-1));
#5725=VECTOR('',#5724,2.214638864091E-2);
#5726=CARTESIAN_POINT('',(2.355E0,1.077351123566E0,-8.625594265622E-1));
#5727=LINE('',#5726,#5725);
#5728=DIRECTION('',(1.370417698451E-13,5.303311836799E-2,-9.985927540074E-1));
#5729=VECTOR('',#5728,1.759612716774E0);
#5730=CARTESIAN_POINT('',(2.355E0,1.067991655295E0,-8.826308710422E-1));
#5731=LINE('',#5730,#5729);
#5732=DIRECTION('',(-4.887802353992E-13,9.138115486203E-1,-4.061384660534E-1));
#5733=VECTOR('',#5732,4.924428900898E-1);
#5734=CARTESIAN_POINT('',(2.355E0,2.5E-1,-4.2E0));
#5735=LINE('',#5734,#5733);
#5736=CARTESIAN_POINT('',(2.355E0,1.548899653687E0,-4.5E0));
#5737=DIRECTION('',(-1.E0,0.E0,0.E0));
#5738=DIRECTION('',(0.E0,0.E0,1.E0));
#5739=AXIS2_PLACEMENT_3D('',#5736,#5737,#5738);
#5741=DIRECTION('',(0.E0,5.233595624304E-2,-9.986295347546E-1));
#5742=VECTOR('',#5741,4.057897163273E-1);
#5743=CARTESIAN_POINT('',(2.355E0,1.648762607162E0,-4.494766404376E0));
#5744=LINE('',#5743,#5742);
#5745=DIRECTION('',(0.E0,-5.233595624329E-2,9.986295347546E-1));
#5746=VECTOR('',#5745,7.162151435867E-1);
#5747=CARTESIAN_POINT('',(2.355E0,1.87E0,-4.9E0));
#5748=LINE('',#5747,#5746);
#5749=CARTESIAN_POINT('',(2.355E0,1.732653242109E0,-4.19E0));
#5750=DIRECTION('',(1.E0,0.E0,0.E0));
#5751=DIRECTION('',(0.E0,9.986295347546E-1,5.233595624288E-2));
#5752=AXIS2_PLACEMENT_3D('',#5749,#5750,#5751);
#5754=DIRECTION('',(-1.E0,0.E0,0.E0));
#5755=VECTOR('',#5754,1.900000000005E-1);
#5756=CARTESIAN_POINT('',(2.545E0,1.077351123566E0,-8.625594265622E-1));
#5757=LINE('',#5756,#5755);
#5758=DIRECTION('',(-1.433512435949E-13,5.303311836799E-2,-9.985927540074E-1));
#5759=VECTOR('',#5758,1.759612716774E0);
#5760=CARTESIAN_POINT('',(2.545E0,1.067991655295E0,-8.826308710422E-1));
#5761=LINE('',#5760,#5759);
#5762=DIRECTION('',(3.809964289873E-13,-4.226182617383E-1,-9.063077870378E-1));
#5763=VECTOR('',#5762,2.214638864091E-2);
#5764=CARTESIAN_POINT('',(2.545E0,1.077351123566E0,-8.625594265622E-1));
#5765=LINE('',#5764,#5763);
#5766=CARTESIAN_POINT('',(2.545E0,1.349243459677E0,-9.893449050845E-1));
#5767=DIRECTION('',(1.E0,0.E0,0.E0));
#5768=DIRECTION('',(0.E0,-4.878746331671E-1,8.729137083996E-1));
#5769=AXIS2_PLACEMENT_3D('',#5766,#5767,#5768);
#5771=CARTESIAN_POINT('',(2.545E0,1.732653242109E0,-4.19E0));
#5772=DIRECTION('',(1.E0,0.E0,0.E0));
#5773=DIRECTION('',(0.E0,9.986295347546E-1,5.233595624288E-2));
#5774=AXIS2_PLACEMENT_3D('',#5771,#5772,#5773);
#5776=DIRECTION('',(0.E0,-5.233595624329E-2,9.986295347546E-1));
#5777=VECTOR('',#5776,7.162151435867E-1);
#5778=CARTESIAN_POINT('',(2.545E0,1.87E0,-4.9E0));
#5779=LINE('',#5778,#5777);
#5780=DIRECTION('',(2.079326963610E-14,5.233595624304E-2,-9.986295347546E-1));
#5781=VECTOR('',#5780,4.057897163273E-1);
#5782=CARTESIAN_POINT('',(2.545E0,1.648762607162E0,-4.494766404376E0));
#5783=LINE('',#5782,#5781);
#5784=CARTESIAN_POINT('',(2.545E0,1.548899653687E0,-4.5E0));
#5785=DIRECTION('',(-1.E0,0.E0,0.E0));
#5786=DIRECTION('',(0.E0,0.E0,1.E0));
#5787=AXIS2_PLACEMENT_3D('',#5784,#5785,#5786);
#5789=DIRECTION('',(5.122272577615E-13,9.138115486203E-1,-4.061384660534E-1));
#5790=VECTOR('',#5789,4.924428900898E-1);
#5791=CARTESIAN_POINT('',(2.545E0,2.5E-1,-4.2E0));
#5792=LINE('',#5791,#5790);
#5793=DIRECTION('',(-1.E0,0.E0,0.E0));
#5794=VECTOR('',#5793,1.900000000005E-1);
#5795=CARTESIAN_POINT('',(2.545E0,1.067991655295E0,-8.826308710422E-1));
#5796=LINE('',#5795,#5794);
#5797=DIRECTION('',(2.120844375413E-12,-1.E0,0.E0));
#5798=VECTOR('',#5797,1.126532421092E-1);
#5799=CARTESIAN_POINT('',(2.355E0,1.732653242109E0,-4.09E0));
#5800=LINE('',#5799,#5798);
#5801=DIRECTION('',(2.191801993921E-12,1.E0,0.E0));
#5802=VECTOR('',#5801,1.126532421092E-1);
#5803=CARTESIAN_POINT('',(2.545E0,1.62E0,-4.09E0));
#5804=LINE('',#5803,#5802);
#5805=DIRECTION('',(1.E0,0.E0,0.E0));
#5806=VECTOR('',#5805,1.900000000005E-1);
#5807=CARTESIAN_POINT('',(2.355E0,1.832516195584E0,-4.184766404376E0));
#5808=LINE('',#5807,#5806);
#5809=DIRECTION('',(-1.E0,0.E0,0.E0));
#5810=VECTOR('',#5809,1.900000000005E-1);
#5811=CARTESIAN_POINT('',(2.545E0,1.732653242109E0,-4.09E0));
#5812=LINE('',#5811,#5810);
#5813=DIRECTION('',(-1.E0,0.E0,0.E0));
#5814=VECTOR('',#5813,1.900000000005E-1);
#5815=CARTESIAN_POINT('',(2.545E0,1.87E0,-4.9E0));
#5816=LINE('',#5815,#5814);
#5817=DIRECTION('',(0.E0,1.E0,8.437694987149E-14));
#5818=VECTOR('',#5817,2.000000000001E-1);
#5819=CARTESIAN_POINT('',(2.355E0,1.67E0,-4.9E0));
#5820=LINE('',#5819,#5818);
#5821=DIRECTION('',(-1.E0,0.E0,0.E0));
#5822=VECTOR('',#5821,1.900000000005E-1);
#5823=CARTESIAN_POINT('',(2.545E0,1.67E0,-4.9E0));
#5824=LINE('',#5823,#5822);
#5825=DIRECTION('',(0.E0,-1.E0,-8.437694987149E-14));
#5826=VECTOR('',#5825,2.000000000001E-1);
#5827=CARTESIAN_POINT('',(2.545E0,1.87E0,-4.9E0));
#5828=LINE('',#5827,#5826);
#5829=DIRECTION('',(1.E0,0.E0,0.E0));
#5830=VECTOR('',#5829,1.900000000005E-1);
#5831=CARTESIAN_POINT('',(2.355E0,1.648762607162E0,-4.494766404376E0));
#5832=LINE('',#5831,#5830);
#5833=DIRECTION('',(-1.E0,0.E0,0.E0));
#5834=VECTOR('',#5833,1.900000000005E-1);
#5835=CARTESIAN_POINT('',(2.545E0,1.548899653687E0,-4.4E0));
#5836=LINE('',#5835,#5834);
#5837=DIRECTION('',(-1.E0,0.E0,0.E0));
#5838=VECTOR('',#5837,1.900000000005E-1);
#5839=CARTESIAN_POINT('',(2.545E0,7.E-1,-4.4E0));
#5840=LINE('',#5839,#5838);
#5841=DIRECTION('',(0.E0,-1.E0,1.851898273301E-13));
#5842=VECTOR('',#5841,8.488996536872E-1);
#5843=CARTESIAN_POINT('',(2.545E0,1.548899653687E0,-4.4E0));
#5844=LINE('',#5843,#5842);
#5845=DIRECTION('',(0.E0,1.E0,-1.851898273301E-13));
#5846=VECTOR('',#5845,8.488996536872E-1);
#5847=CARTESIAN_POINT('',(2.355E0,7.E-1,-4.4E0));
#5848=LINE('',#5847,#5846);
#5849=DIRECTION('',(1.E0,0.E0,0.E0));
#5850=VECTOR('',#5849,2.1E-1);
#5851=CARTESIAN_POINT('',(2.345E0,1.62E0,-3.5E0));
#5852=LINE('',#5851,#5850);
#5853=DIRECTION('',(-1.E0,0.E0,0.E0));
#5854=VECTOR('',#5853,2.1E-1);
#5855=CARTESIAN_POINT('',(2.555E0,1.82E0,-3.5E0));
#5856=LINE('',#5855,#5854);
#5857=DIRECTION('',(0.E0,0.E0,-1.E0));
#5858=VECTOR('',#5857,7.000000000001E-1);
#5859=CARTESIAN_POINT('',(2.345E0,1.62E0,-3.5E0));
#5860=LINE('',#5859,#5858);
#5861=DIRECTION('',(0.E0,-1.E0,1.554312234475E-13));
#5862=VECTOR('',#5861,2.E-1);
#5863=CARTESIAN_POINT('',(2.345E0,1.82E0,-3.5E0));
#5864=LINE('',#5863,#5862);
#5865=DIRECTION('',(0.E0,0.E0,1.E0));
#5866=VECTOR('',#5865,7.E-1);
#5867=CARTESIAN_POINT('',(2.345E0,1.82E0,-4.2E0));
#5868=LINE('',#5867,#5866);
#5869=DIRECTION('',(0.E0,1.E0,2.264854970235E-13));
#5870=VECTOR('',#5869,2.E-1);
#5871=CARTESIAN_POINT('',(2.345E0,1.62E0,-4.2E0));
#5872=LINE('',#5871,#5870);
#5873=DIRECTION('',(-1.055600051814E-11,1.E0,3.552713678800E-14));
#5874=VECTOR('',#5873,5.E-2);
#5875=CARTESIAN_POINT('',(1.635567382480E0,1.82E0,-4.19E0));
#5876=LINE('',#5875,#5874);
#5877=DIRECTION('',(-1.E0,3.302421786480E-14,0.E0));
#5878=VECTOR('',#5877,1.835567382480E0);
#5879=CARTESIAN_POINT('',(1.635567382479E0,1.87E0,-4.19E0));
#5880=LINE('',#5879,#5878);
#5881=DIRECTION('',(1.E0,4.371471548758E-14,0.E0));
#5882=VECTOR('',#5881,1.635567382480E0);
#5883=CARTESIAN_POINT('',(-2.000000000002E-1,1.67E0,-4.19E0));
#5884=LINE('',#5883,#5882);
#5885=DIRECTION('',(1.E0,0.E0,0.E0));
#5886=VECTOR('',#5885,8.944326175203E-1);
#5887=CARTESIAN_POINT('',(6.855673824797E-1,5.E-2,-4.19E0));
#5888=LINE('',#5887,#5886);
#5889=DIRECTION('',(-4.019007349138E-12,1.E0,0.E0));
#5890=VECTOR('',#5889,5.000000000006E-2);
#5891=CARTESIAN_POINT('',(1.635567382480E0,1.82E0,-2.29E0));
#5892=LINE('',#5891,#5890);
#5893=DIRECTION('',(-1.717924048631E-13,-3.202116934182E-14,-1.E0));
#5894=VECTOR('',#5893,1.9E0);
#5895=CARTESIAN_POINT('',(1.635567382480E0,1.87E0,-2.29E0));
#5896=LINE('',#5895,#5894);
#5897=DIRECTION('',(-1.E0,5.423390350381E-14,0.E0));
#5898=VECTOR('',#5897,1.13E0);
#5899=CARTESIAN_POINT('',(1.635567382480E0,1.87E0,-2.29E0));
#5900=LINE('',#5899,#5898);
#5901=DIRECTION('',(-1.739543771142E-2,0.E0,-9.998486879257E-1));
#5902=VECTOR('',#5901,3.200484271911E-1);
#5903=CARTESIAN_POINT('',(-8.944326175203E-1,1.87E0,-3.18E0));
#5904=LINE('',#5903,#5902);
#5905=DIRECTION('',(0.E0,0.E0,-1.E0));
#5906=VECTOR('',#5905,7.1E-1);
#5907=CARTESIAN_POINT('',(5.055673824797E-1,1.67E0,-2.29E0));
#5908=LINE('',#5907,#5906);
#5909=DIRECTION('',(0.E0,1.E0,0.E0));
#5910=VECTOR('',#5909,2.000000000003E-1);
#5911=CARTESIAN_POINT('',(5.055673824797E-1,1.67E0,-3.E0));
#5912=LINE('',#5911,#5910);
#5913=DIRECTION('',(0.E0,0.E0,1.E0));
#5914=VECTOR('',#5913,7.1E-1);
#5915=CARTESIAN_POINT('',(5.055673824797E-1,1.87E0,-3.E0));
#5916=LINE('',#5915,#5914);
#5917=DIRECTION('',(0.E0,-1.E0,0.E0));
#5918=VECTOR('',#5917,2.000000000003E-1);
#5919=CARTESIAN_POINT('',(5.055673824797E-1,1.87E0,-2.29E0));
#5920=LINE('',#5919,#5918);
#5921=DIRECTION('',(-1.E0,0.E0,5.075305255429E-14));
#5922=VECTOR('',#5921,1.4E0);
#5923=CARTESIAN_POINT('',(5.055673824797E-1,1.67E0,-3.E0));
#5924=LINE('',#5923,#5922);
#5925=DIRECTION('',(0.E0,1.E0,0.E0));
#5926=VECTOR('',#5925,2.000000000003E-1);
#5927=CARTESIAN_POINT('',(-8.944326175203E-1,1.67E0,-3.E0));
#5928=LINE('',#5927,#5926);
#5929=DIRECTION('',(1.E0,0.E0,-5.075305255429E-14));
#5930=VECTOR('',#5929,1.4E0);
#5931=CARTESIAN_POINT('',(-8.944326175203E-1,1.87E0,-3.E0));
#5932=LINE('',#5931,#5930);
#5933=DIRECTION('',(0.E0,1.E0,0.E0));
#5934=VECTOR('',#5933,2.000000000003E-1);
#5935=CARTESIAN_POINT('',(-8.944326175203E-1,1.67E0,-3.18E0));
#5936=LINE('',#5935,#5934);
#5937=DIRECTION('',(7.093091546209E-14,-5.674473236967E-14,1.E0));
#5938=VECTOR('',#5937,1.800000000002E-1);
#5939=CARTESIAN_POINT('',(-8.944326175203E-1,1.87E0,-3.18E0));
#5940=LINE('',#5939,#5938);
#5941=DIRECTION('',(-7.093091546209E-14,5.797831350814E-14,-1.E0));
#5942=VECTOR('',#5941,1.800000000002E-1);
#5943=CARTESIAN_POINT('',(-8.944326175203E-1,1.67E0,-3.E0));
#5944=LINE('',#5943,#5942);
#5945=DIRECTION('',(0.E0,-1.E0,0.E0));
#5946=VECTOR('',#5945,2.000000000003E-1);
#5947=CARTESIAN_POINT('',(-9.000000000002E-1,1.87E0,-3.5E0));
#5948=LINE('',#5947,#5946);
#5949=DIRECTION('',(-7.216449660055E-14,-5.551115123120E-14,-1.E0));
#5950=VECTOR('',#5949,1.800000000002E-1);
#5951=CARTESIAN_POINT('',(-9.000000000002E-1,1.67E0,-3.5E0));
#5952=LINE('',#5951,#5950);
#5953=DIRECTION('',(0.E0,1.E0,0.E0));
#5954=VECTOR('',#5953,2.000000000003E-1);
#5955=CARTESIAN_POINT('',(-9.000000000002E-1,1.67E0,-3.68E0));
#5956=LINE('',#5955,#5954);
#5957=DIRECTION('',(7.339807773902E-14,5.674473236967E-14,1.E0));
#5958=VECTOR('',#5957,1.800000000002E-1);
#5959=CARTESIAN_POINT('',(-9.000000000002E-1,1.87E0,-3.68E0));
#5960=LINE('',#5959,#5958);
#5961=DIRECTION('',(1.E0,0.E0,8.628018934230E-14));
#5962=VECTOR('',#5961,7.E-1);
#5963=CARTESIAN_POINT('',(-9.000000000002E-1,1.67E0,-3.68E0));
#5964=LINE('',#5963,#5962);
#5965=DIRECTION('',(0.E0,1.E0,0.E0));
#5966=VECTOR('',#5965,2.000000000003E-1);
#5967=CARTESIAN_POINT('',(-2.000000000002E-1,1.67E0,-3.68E0));
#5968=LINE('',#5967,#5966);
#5969=DIRECTION('',(-1.E0,0.E0,-8.628018934230E-14));
#5970=VECTOR('',#5969,7.E-1);
#5971=CARTESIAN_POINT('',(-2.000000000002E-1,1.87E0,-3.68E0));
#5972=LINE('',#5971,#5970);
#5973=DIRECTION('',(0.E0,1.397574866293E-13,-1.E0));
#5974=VECTOR('',#5973,5.1E-1);
#5975=CARTESIAN_POINT('',(-2.000000000002E-1,1.67E0,-3.68E0));
#5976=LINE('',#5975,#5974);
#5977=DIRECTION('',(0.E0,1.E0,0.E0));
#5978=VECTOR('',#5977,2.000000000001E-1);
#5979=CARTESIAN_POINT('',(-2.000000000002E-1,1.67E0,-4.19E0));
#5980=LINE('',#5979,#5978);
#5981=DIRECTION('',(0.E0,1.192945524499E-13,1.E0));
#5982=VECTOR('',#5981,5.1E-1);
#5983=CARTESIAN_POINT('',(-2.000000000002E-1,1.87E0,-4.19E0));
#5984=LINE('',#5983,#5982);
#5985=DIRECTION('',(6.253331186201E-12,-1.E0,-1.110223024625E-14));
#5986=VECTOR('',#5985,8.E-2);
#5987=CARTESIAN_POINT('',(1.435567382479E0,1.67E0,-4.19E0));
#5988=LINE('',#5987,#5986);
#5989=DIRECTION('',(-3.985700658404E-13,0.E0,-1.E0));
#5990=VECTOR('',#5989,6.E-1);
#5991=CARTESIAN_POINT('',(1.435567382480E0,1.67E0,-3.59E0));
#5992=LINE('',#5991,#5990);
#5993=DIRECTION('',(-3.264055692398E-12,1.E0,0.E0));
#5994=VECTOR('',#5993,8.E-2);
#5995=CARTESIAN_POINT('',(1.435567382480E0,1.59E0,-3.59E0));
#5996=LINE('',#5995,#5994);
#5997=DIRECTION('',(3.330669073875E-14,-1.E0,0.E0));
#5998=VECTOR('',#5997,8.E-2);
#5999=CARTESIAN_POINT('',(6.855673824798E-1,1.3E-1,-2.29E0));
#6000=LINE('',#5999,#5998);
#6001=DIRECTION('',(-6.848323078214E-14,0.E0,-1.E0));
#6002=VECTOR('',#6001,1.9E0);
#6003=CARTESIAN_POINT('',(6.855673824798E-1,5.E-2,-2.29E0));
#6004=LINE('',#6003,#6002);
#6005=DIRECTION('',(1.593170040337E-12,1.E0,-2.220446049250E-14));
#6006=VECTOR('',#6005,8.E-2);
#6007=CARTESIAN_POINT('',(6.855673824797E-1,5.E-2,-4.19E0));
#6008=LINE('',#6007,#6006);
#6009=DIRECTION('',(1.E0,0.E0,0.E0));
#6010=VECTOR('',#6009,8.944326175202E-1);
#6011=CARTESIAN_POINT('',(6.855673824798E-1,5.E-2,-2.29E0));
#6012=LINE('',#6011,#6010);
#6013=DIRECTION('',(0.E0,1.E0,2.322356623474E-13));
#6014=VECTOR('',#6013,6.171739130432E-1);
#6015=CARTESIAN_POINT('',(1.295E1,1.202826086957E0,-7.300000000001E-1));
#6016=LINE('',#6015,#6014);
#6017=DIRECTION('',(0.E0,-2.173399540858E-2,-9.997637888239E-1));
#6018=VECTOR('',#6017,3.300779681049E-1);
#6019=CARTESIAN_POINT('',(1.295E1,1.21E0,-4.000000000002E-1));
#6020=LINE('',#6019,#6018);
#6021=DIRECTION('',(0.E0,6.083413833563E-14,1.E0));
#6022=VECTOR('',#6021,7.3E-1);
#6023=CARTESIAN_POINT('',(1.295E1,1.82E0,-7.3E-1));
#6024=LINE('',#6023,#6022);
#6025=DIRECTION('',(-1.E0,0.E0,0.E0));
#6026=VECTOR('',#6025,1.15E1);
#6027=CARTESIAN_POINT('',(1.295E1,1.21E0,-4.000000000002E-1));
#6028=LINE('',#6027,#6026);
#6029=DIRECTION('',(0.E0,-6.494804694053E-14,1.E0));
#6030=VECTOR('',#6029,4.000000000002E-1);
#6031=CARTESIAN_POINT('',(1.45E0,1.21E0,-4.000000000003E-1));
#6032=LINE('',#6031,#6030);
#6033=DIRECTION('',(0.E0,6.494804694053E-14,-1.E0));
#6034=VECTOR('',#6033,4.000000000002E-1);
#6035=CARTESIAN_POINT('',(1.295E1,1.21E0,-1.335968372966E-14));
#6036=LINE('',#6035,#6034);
#6037=DIRECTION('',(0.E0,1.E0,2.187078690587E-14));
#6038=VECTOR('',#6037,6.1E-1);
#6039=CARTESIAN_POINT('',(1.295E1,1.21E0,-1.335968372966E-14));
#6040=LINE('',#6039,#6038);
#6041=DIRECTION('',(1.E0,0.E0,0.E0));
#6042=VECTOR('',#6041,1.15E1);
#6043=CARTESIAN_POINT('',(1.45E0,1.21E0,-2.668236002516E-14));
#6044=LINE('',#6043,#6042);
#6045=DIRECTION('',(0.E0,-1.E0,-2.187078690587E-14));
#6046=VECTOR('',#6045,6.1E-1);
#6047=CARTESIAN_POINT('',(1.45E0,1.82E0,-1.334118001258E-14));
#6048=LINE('',#6047,#6046);
#6049=DIRECTION('',(-1.E0,0.E0,0.E0));
#6050=VECTOR('',#6049,1.15E1);
#6051=CARTESIAN_POINT('',(1.295E1,1.82E0,0.E0));
#6052=LINE('',#6051,#6050);
#6053=CARTESIAN_POINT('',(1.435567382480E0,1.67E0,-3.59E0));
#6054=CARTESIAN_POINT('',(1.435567382479E0,1.67E0,-4.19E0));
#6055=VERTEX_POINT('',#6053);
#6056=VERTEX_POINT('',#6054);
#6057=CARTESIAN_POINT('',(-2.000000000002E-1,1.67E0,-4.19E0));
#6058=VERTEX_POINT('',#6057);
#6059=CARTESIAN_POINT('',(-2.000000000002E-1,1.67E0,-3.68E0));
#6060=VERTEX_POINT('',#6059);
#6061=CARTESIAN_POINT('',(-9.000000000002E-1,1.67E0,-3.68E0));
#6062=VERTEX_POINT('',#6061);
#6063=CARTESIAN_POINT('',(-9.000000000002E-1,1.67E0,-3.5E0));
#6064=VERTEX_POINT('',#6063);
#6065=CARTESIAN_POINT('',(-8.944326175203E-1,1.67E0,-3.18E0));
#6066=VERTEX_POINT('',#6065);
#6067=CARTESIAN_POINT('',(-8.944326175203E-1,1.67E0,-3.E0));
#6068=VERTEX_POINT('',#6067);
#6069=CARTESIAN_POINT('',(5.055673824797E-1,1.67E0,-3.E0));
#6070=VERTEX_POINT('',#6069);
#6071=CARTESIAN_POINT('',(5.055673824797E-1,1.67E0,-2.29E0));
#6072=VERTEX_POINT('',#6071);
#6073=CARTESIAN_POINT('',(1.635567382480E0,1.87E0,-2.29E0));
#6074=CARTESIAN_POINT('',(5.055673824797E-1,1.87E0,-2.29E0));
#6075=VERTEX_POINT('',#6073);
#6076=VERTEX_POINT('',#6074);
#6077=CARTESIAN_POINT('',(1.635567382479E0,1.87E0,-4.19E0));
#6078=VERTEX_POINT('',#6077);
#6079=CARTESIAN_POINT('',(-2.000000000002E-1,1.87E0,-4.19E0));
#6080=VERTEX_POINT('',#6079);
#6081=CARTESIAN_POINT('',(-2.000000000002E-1,1.87E0,-3.68E0));
#6082=VERTEX_POINT('',#6081);
#6083=CARTESIAN_POINT('',(-9.000000000002E-1,1.87E0,-3.68E0));
#6084=VERTEX_POINT('',#6083);
#6085=CARTESIAN_POINT('',(-9.000000000002E-1,1.87E0,-3.5E0));
#6086=VERTEX_POINT('',#6085);
#6087=CARTESIAN_POINT('',(-8.944326175203E-1,1.87E0,-3.18E0));
#6088=VERTEX_POINT('',#6087);
#6089=CARTESIAN_POINT('',(-8.944326175203E-1,1.87E0,-3.E0));
#6090=VERTEX_POINT('',#6089);
#6091=CARTESIAN_POINT('',(5.055673824797E-1,1.87E0,-3.E0));
#6092=VERTEX_POINT('',#6091);
#6093=CARTESIAN_POINT('',(6.855673824798E-1,5.E-2,-2.29E0));
#6094=CARTESIAN_POINT('',(6.855673824797E-1,5.E-2,-4.19E0));
#6095=VERTEX_POINT('',#6093);
#6096=VERTEX_POINT('',#6094);
#6097=CARTESIAN_POINT('',(1.296443261752E1,1.67E0,-3.59E0));
#6098=CARTESIAN_POINT('',(1.296443261752E1,1.67E0,-4.19E0));
#6099=VERTEX_POINT('',#6097);
#6100=VERTEX_POINT('',#6098);
#6101=CARTESIAN_POINT('',(1.46E1,1.67E0,-4.19E0));
#6102=VERTEX_POINT('',#6101);
#6103=CARTESIAN_POINT('',(1.46E1,1.67E0,-3.68E0));
#6104=VERTEX_POINT('',#6103);
#6105=CARTESIAN_POINT('',(1.53E1,1.67E0,-3.68E0));
#6106=VERTEX_POINT('',#6105);
#6107=CARTESIAN_POINT('',(1.53E1,1.67E0,-3.5E0));
#6108=VERTEX_POINT('',#6107);
#6109=CARTESIAN_POINT('',(1.529443261752E1,1.67E0,-3.18E0));
#6110=VERTEX_POINT('',#6109);
#6111=CARTESIAN_POINT('',(1.529443261752E1,1.67E0,-3.E0));
#6112=VERTEX_POINT('',#6111);
#6113=CARTESIAN_POINT('',(1.389443261752E1,1.67E0,-3.E0));
#6114=VERTEX_POINT('',#6113);
#6115=CARTESIAN_POINT('',(1.389443261752E1,1.67E0,-2.29E0));
#6116=VERTEX_POINT('',#6115);
#6117=CARTESIAN_POINT('',(1.46E1,1.87E0,-4.19E0));
#6118=VERTEX_POINT('',#6117);
#6119=CARTESIAN_POINT('',(1.276443261752E1,1.87E0,-4.19E0));
#6120=VERTEX_POINT('',#6119);
#6121=CARTESIAN_POINT('',(1.46E1,1.87E0,-3.68E0));
#6122=VERTEX_POINT('',#6121);
#6123=CARTESIAN_POINT('',(1.53E1,1.87E0,-3.68E0));
#6124=VERTEX_POINT('',#6123);
#6125=CARTESIAN_POINT('',(1.53E1,1.87E0,-3.5E0));
#6126=VERTEX_POINT('',#6125);
#6127=CARTESIAN_POINT('',(1.529443261752E1,1.87E0,-3.18E0));
#6128=VERTEX_POINT('',#6127);
#6129=CARTESIAN_POINT('',(1.529443261752E1,1.87E0,-3.E0));
#6130=VERTEX_POINT('',#6129);
#6131=CARTESIAN_POINT('',(1.389443261752E1,1.87E0,-3.E0));
#6132=VERTEX_POINT('',#6131);
#6133=CARTESIAN_POINT('',(1.389443261752E1,1.87E0,-2.29E0));
#6134=VERTEX_POINT('',#6133);
#6135=CARTESIAN_POINT('',(1.276443261752E1,1.87E0,-2.29E0));
#6136=VERTEX_POINT('',#6135);
#6137=CARTESIAN_POINT('',(1.371443261752E1,5.E-2,-2.29E0));
#6138=CARTESIAN_POINT('',(1.291443261752E1,5.E-2,-2.29E0));
#6139=VERTEX_POINT('',#6137);
#6140=VERTEX_POINT('',#6138);
#6141=CARTESIAN_POINT('',(1.371443261752E1,5.E-2,-4.19E0));
#6142=VERTEX_POINT('',#6141);
#6143=CARTESIAN_POINT('',(1.2355E1,1.077351123566E0,-8.625594265622E-1));
#6144=CARTESIAN_POINT('',(1.2355E1,1.067991655295E0,-8.826308710422E-1));
#6145=VERTEX_POINT('',#6143);
#6146=VERTEX_POINT('',#6144);
#6147=CARTESIAN_POINT('',(1.2355E1,1.832516195584E0,-4.184766404376E0));
#6148=CARTESIAN_POINT('',(1.2355E1,1.732653242109E0,-4.09E0));
#6149=VERTEX_POINT('',#6147);
#6150=VERTEX_POINT('',#6148);
#6151=CARTESIAN_POINT('',(1.2355E1,1.87E0,-4.9E0));
#6152=VERTEX_POINT('',#6151);
#6153=CARTESIAN_POINT('',(1.2355E1,1.67E0,-4.9E0));
#6154=VERTEX_POINT('',#6153);
#6155=CARTESIAN_POINT('',(1.2355E1,1.648762607162E0,-4.494766404376E0));
#6156=VERTEX_POINT('',#6155);
#6157=CARTESIAN_POINT('',(1.2355E1,1.548899653687E0,-4.4E0));
#6158=VERTEX_POINT('',#6157);
#6159=CARTESIAN_POINT('',(1.2355E1,7.E-1,-4.4E0));
#6160=VERTEX_POINT('',#6159);
#6161=CARTESIAN_POINT('',(1.2545E1,7.E-1,-4.4E0));
#6162=VERTEX_POINT('',#6161);
#6163=CARTESIAN_POINT('',(1.2545E1,1.548899653687E0,-4.4E0));
#6164=VERTEX_POINT('',#6163);
#6165=CARTESIAN_POINT('',(1.2545E1,1.077351123566E0,-8.625594265622E-1));
#6166=CARTESIAN_POINT('',(1.2545E1,1.067991655295E0,-8.826308710422E-1));
#6167=VERTEX_POINT('',#6165);
#6168=VERTEX_POINT('',#6166);
#6169=CARTESIAN_POINT('',(1.2545E1,1.832516195584E0,-4.184766404376E0));
#6170=CARTESIAN_POINT('',(1.2545E1,1.732653242109E0,-4.09E0));
#6171=VERTEX_POINT('',#6169);
#6172=VERTEX_POINT('',#6170);
#6173=CARTESIAN_POINT('',(1.2545E1,1.87E0,-4.9E0));
#6174=VERTEX_POINT('',#6173);
#6175=CARTESIAN_POINT('',(1.2545E1,1.67E0,-4.9E0));
#6176=VERTEX_POINT('',#6175);
#6177=CARTESIAN_POINT('',(1.2545E1,1.648762607162E0,-4.494766404376E0));
#6178=VERTEX_POINT('',#6177);
#6179=CARTESIAN_POINT('',(1.1855E1,1.077351123566E0,-8.625594265622E-1));
#6180=CARTESIAN_POINT('',(1.1855E1,1.067991655295E0,-8.826308710422E-1));
#6181=VERTEX_POINT('',#6179);
#6182=VERTEX_POINT('',#6180);
#6183=CARTESIAN_POINT('',(1.1855E1,1.832516195584E0,-4.184766404376E0));
#6184=CARTESIAN_POINT('',(1.1855E1,1.732653242109E0,-4.09E0));
#6185=VERTEX_POINT('',#6183);
#6186=VERTEX_POINT('',#6184);
#6187=CARTESIAN_POINT('',(1.1855E1,1.87E0,-4.9E0));
#6188=VERTEX_POINT('',#6187);
#6189=CARTESIAN_POINT('',(1.1855E1,1.67E0,-4.9E0));
#6190=VERTEX_POINT('',#6189);
#6191=CARTESIAN_POINT('',(1.1855E1,1.648762607162E0,-4.494766404376E0));
#6192=VERTEX_POINT('',#6191);
#6193=CARTESIAN_POINT('',(1.1855E1,1.548899653687E0,-4.4E0));
#6194=VERTEX_POINT('',#6193);
#6195=CARTESIAN_POINT('',(1.1855E1,7.E-1,-4.4E0));
#6196=VERTEX_POINT('',#6195);
#6197=CARTESIAN_POINT('',(1.2045E1,7.E-1,-4.4E0));
#6198=VERTEX_POINT('',#6197);
#6199=CARTESIAN_POINT('',(1.2045E1,1.548899653687E0,-4.4E0));
#6200=VERTEX_POINT('',#6199);
#6201=CARTESIAN_POINT('',(1.2045E1,1.077351123566E0,-8.625594265622E-1));
#6202=CARTESIAN_POINT('',(1.2045E1,1.067991655295E0,-8.826308710422E-1));
#6203=VERTEX_POINT('',#6201);
#6204=VERTEX_POINT('',#6202);
#6205=CARTESIAN_POINT('',(1.2045E1,1.832516195584E0,-4.184766404376E0));
#6206=CARTESIAN_POINT('',(1.2045E1,1.732653242109E0,-4.09E0));
#6207=VERTEX_POINT('',#6205);
#6208=VERTEX_POINT('',#6206);
#6209=CARTESIAN_POINT('',(1.2045E1,1.87E0,-4.9E0));
#6210=VERTEX_POINT('',#6209);
#6211=CARTESIAN_POINT('',(1.2045E1,1.67E0,-4.9E0));
#6212=VERTEX_POINT('',#6211);
#6213=CARTESIAN_POINT('',(1.2045E1,1.648762607162E0,-4.494766404376E0));
#6214=VERTEX_POINT('',#6213);
#6215=CARTESIAN_POINT('',(7.355E0,1.077351123566E0,-8.625594265622E-1));
#6216=CARTESIAN_POINT('',(7.355E0,1.067991655295E0,-8.826308710422E-1));
#6217=VERTEX_POINT('',#6215);
#6218=VERTEX_POINT('',#6216);
#6219=CARTESIAN_POINT('',(7.355E0,1.832516195584E0,-4.184766404376E0));
#6220=CARTESIAN_POINT('',(7.355E0,1.732653242109E0,-4.09E0));
#6221=VERTEX_POINT('',#6219);
#6222=VERTEX_POINT('',#6220);
#6223=CARTESIAN_POINT('',(7.355E0,1.87E0,-4.9E0));
#6224=VERTEX_POINT('',#6223);
#6225=CARTESIAN_POINT('',(7.355E0,1.67E0,-4.9E0));
#6226=VERTEX_POINT('',#6225);
#6227=CARTESIAN_POINT('',(7.355E0,1.648762607162E0,-4.494766404376E0));
#6228=VERTEX_POINT('',#6227);
#6229=CARTESIAN_POINT('',(7.355E0,1.548899653687E0,-4.4E0));
#6230=VERTEX_POINT('',#6229);
#6231=CARTESIAN_POINT('',(7.355E0,7.E-1,-4.4E0));
#6232=VERTEX_POINT('',#6231);
#6233=CARTESIAN_POINT('',(7.545E0,7.E-1,-4.4E0));
#6234=VERTEX_POINT('',#6233);
#6235=CARTESIAN_POINT('',(7.545E0,1.548899653687E0,-4.4E0));
#6236=VERTEX_POINT('',#6235);
#6237=CARTESIAN_POINT('',(7.545E0,1.077351123566E0,-8.625594265622E-1));
#6238=CARTESIAN_POINT('',(7.545E0,1.067991655295E0,-8.826308710422E-1));
#6239=VERTEX_POINT('',#6237);
#6240=VERTEX_POINT('',#6238);
#6241=CARTESIAN_POINT('',(7.545E0,1.832516195584E0,-4.184766404376E0));
#6242=CARTESIAN_POINT('',(7.545E0,1.732653242109E0,-4.09E0));
#6243=VERTEX_POINT('',#6241);
#6244=VERTEX_POINT('',#6242);
#6245=CARTESIAN_POINT('',(7.545E0,1.87E0,-4.9E0));
#6246=VERTEX_POINT('',#6245);
#6247=CARTESIAN_POINT('',(7.545E0,1.67E0,-4.9E0));
#6248=VERTEX_POINT('',#6247);
#6249=CARTESIAN_POINT('',(7.545E0,1.648762607162E0,-4.494766404376E0));
#6250=VERTEX_POINT('',#6249);
#6251=CARTESIAN_POINT('',(6.855E0,1.077351123566E0,-8.625594265622E-1));
#6252=CARTESIAN_POINT('',(6.855E0,1.067991655295E0,-8.826308710422E-1));
#6253=VERTEX_POINT('',#6251);
#6254=VERTEX_POINT('',#6252);
#6255=CARTESIAN_POINT('',(6.855E0,1.832516195584E0,-4.184766404376E0));
#6256=CARTESIAN_POINT('',(6.855E0,1.732653242109E0,-4.09E0));
#6257=VERTEX_POINT('',#6255);
#6258=VERTEX_POINT('',#6256);
#6259=CARTESIAN_POINT('',(6.855E0,1.87E0,-4.9E0));
#6260=VERTEX_POINT('',#6259);
#6261=CARTESIAN_POINT('',(6.855E0,1.67E0,-4.9E0));
#6262=VERTEX_POINT('',#6261);
#6263=CARTESIAN_POINT('',(6.855E0,1.648762607162E0,-4.494766404376E0));
#6264=VERTEX_POINT('',#6263);
#6265=CARTESIAN_POINT('',(6.855E0,1.548899653687E0,-4.4E0));
#6266=VERTEX_POINT('',#6265);
#6267=CARTESIAN_POINT('',(6.855E0,7.E-1,-4.4E0));
#6268=VERTEX_POINT('',#6267);
#6269=CARTESIAN_POINT('',(7.045E0,7.E-1,-4.4E0));
#6270=VERTEX_POINT('',#6269);
#6271=CARTESIAN_POINT('',(7.045E0,1.548899653687E0,-4.4E0));
#6272=VERTEX_POINT('',#6271);
#6273=CARTESIAN_POINT('',(7.045E0,1.077351123566E0,-8.625594265622E-1));
#6274=CARTESIAN_POINT('',(7.045E0,1.067991655295E0,-8.826308710422E-1));
#6275=VERTEX_POINT('',#6273);
#6276=VERTEX_POINT('',#6274);
#6277=CARTESIAN_POINT('',(7.045E0,1.832516195584E0,-4.184766404376E0));
#6278=CARTESIAN_POINT('',(7.045E0,1.732653242109E0,-4.09E0));
#6279=VERTEX_POINT('',#6277);
#6280=VERTEX_POINT('',#6278);
#6281=CARTESIAN_POINT('',(7.045E0,1.87E0,-4.9E0));
#6282=VERTEX_POINT('',#6281);
#6283=CARTESIAN_POINT('',(7.045E0,1.67E0,-4.9E0));
#6284=VERTEX_POINT('',#6283);
#6285=CARTESIAN_POINT('',(7.045E0,1.648762607162E0,-4.494766404376E0));
#6286=VERTEX_POINT('',#6285);
#6287=CARTESIAN_POINT('',(6.355E0,1.077351123566E0,-8.625594265622E-1));
#6288=CARTESIAN_POINT('',(6.355E0,1.067991655295E0,-8.826308710422E-1));
#6289=VERTEX_POINT('',#6287);
#6290=VERTEX_POINT('',#6288);
#6291=CARTESIAN_POINT('',(6.355E0,1.832516195584E0,-4.184766404376E0));
#6292=CARTESIAN_POINT('',(6.355E0,1.732653242109E0,-4.09E0));
#6293=VERTEX_POINT('',#6291);
#6294=VERTEX_POINT('',#6292);
#6295=CARTESIAN_POINT('',(6.355E0,1.87E0,-4.9E0));
#6296=VERTEX_POINT('',#6295);
#6297=CARTESIAN_POINT('',(6.355E0,1.67E0,-4.9E0));
#6298=VERTEX_POINT('',#6297);
#6299=CARTESIAN_POINT('',(6.355E0,1.648762607162E0,-4.494766404376E0));
#6300=VERTEX_POINT('',#6299);
#6301=CARTESIAN_POINT('',(6.355E0,1.548899653687E0,-4.4E0));
#6302=VERTEX_POINT('',#6301);
#6303=CARTESIAN_POINT('',(6.355E0,7.E-1,-4.4E0));
#6304=VERTEX_POINT('',#6303);
#6305=CARTESIAN_POINT('',(6.545E0,7.E-1,-4.4E0));
#6306=VERTEX_POINT('',#6305);
#6307=CARTESIAN_POINT('',(6.545E0,1.548899653687E0,-4.4E0));
#6308=VERTEX_POINT('',#6307);
#6309=CARTESIAN_POINT('',(6.545E0,1.077351123566E0,-8.625594265622E-1));
#6310=CARTESIAN_POINT('',(6.545E0,1.067991655295E0,-8.826308710422E-1));
#6311=VERTEX_POINT('',#6309);
#6312=VERTEX_POINT('',#6310);
#6313=CARTESIAN_POINT('',(6.545E0,1.832516195584E0,-4.184766404376E0));
#6314=CARTESIAN_POINT('',(6.545E0,1.732653242109E0,-4.09E0));
#6315=VERTEX_POINT('',#6313);
#6316=VERTEX_POINT('',#6314);
#6317=CARTESIAN_POINT('',(6.545E0,1.87E0,-4.9E0));
#6318=VERTEX_POINT('',#6317);
#6319=CARTESIAN_POINT('',(6.545E0,1.67E0,-4.9E0));
#6320=VERTEX_POINT('',#6319);
#6321=CARTESIAN_POINT('',(6.545E0,1.648762607162E0,-4.494766404376E0));
#6322=VERTEX_POINT('',#6321);
#6323=CARTESIAN_POINT('',(5.855E0,1.077351123566E0,-8.625594265622E-1));
#6324=CARTESIAN_POINT('',(5.855E0,1.067991655295E0,-8.826308710422E-1));
#6325=VERTEX_POINT('',#6323);
#6326=VERTEX_POINT('',#6324);
#6327=CARTESIAN_POINT('',(5.855E0,1.832516195584E0,-4.184766404376E0));
#6328=CARTESIAN_POINT('',(5.855E0,1.732653242109E0,-4.09E0));
#6329=VERTEX_POINT('',#6327);
#6330=VERTEX_POINT('',#6328);
#6331=CARTESIAN_POINT('',(5.855E0,1.87E0,-4.9E0));
#6332=VERTEX_POINT('',#6331);
#6333=CARTESIAN_POINT('',(5.855E0,1.67E0,-4.9E0));
#6334=VERTEX_POINT('',#6333);
#6335=CARTESIAN_POINT('',(5.855E0,1.648762607162E0,-4.494766404376E0));
#6336=VERTEX_POINT('',#6335);
#6337=CARTESIAN_POINT('',(5.855E0,1.548899653687E0,-4.4E0));
#6338=VERTEX_POINT('',#6337);
#6339=CARTESIAN_POINT('',(5.855E0,7.E-1,-4.4E0));
#6340=VERTEX_POINT('',#6339);
#6341=CARTESIAN_POINT('',(6.045E0,7.E-1,-4.4E0));
#6342=VERTEX_POINT('',#6341);
#6343=CARTESIAN_POINT('',(6.045E0,1.548899653687E0,-4.4E0));
#6344=VERTEX_POINT('',#6343);
#6345=CARTESIAN_POINT('',(6.045E0,1.077351123566E0,-8.625594265622E-1));
#6346=CARTESIAN_POINT('',(6.045E0,1.067991655295E0,-8.826308710422E-1));
#6347=VERTEX_POINT('',#6345);
#6348=VERTEX_POINT('',#6346);
#6349=CARTESIAN_POINT('',(6.045E0,1.832516195584E0,-4.184766404376E0));
#6350=CARTESIAN_POINT('',(6.045E0,1.732653242109E0,-4.09E0));
#6351=VERTEX_POINT('',#6349);
#6352=VERTEX_POINT('',#6350);
#6353=CARTESIAN_POINT('',(6.045E0,1.87E0,-4.9E0));
#6354=VERTEX_POINT('',#6353);
#6355=CARTESIAN_POINT('',(6.045E0,1.67E0,-4.9E0));
#6356=VERTEX_POINT('',#6355);
#6357=CARTESIAN_POINT('',(6.045E0,1.648762607162E0,-4.494766404376E0));
#6358=VERTEX_POINT('',#6357);
#6359=CARTESIAN_POINT('',(5.355E0,1.077351123566E0,-8.625594265622E-1));
#6360=CARTESIAN_POINT('',(5.355E0,1.067991655295E0,-8.826308710422E-1));
#6361=VERTEX_POINT('',#6359);
#6362=VERTEX_POINT('',#6360);
#6363=CARTESIAN_POINT('',(5.355E0,1.832516195584E0,-4.184766404376E0));
#6364=CARTESIAN_POINT('',(5.355E0,1.732653242109E0,-4.09E0));
#6365=VERTEX_POINT('',#6363);
#6366=VERTEX_POINT('',#6364);
#6367=CARTESIAN_POINT('',(5.355E0,1.87E0,-4.9E0));
#6368=VERTEX_POINT('',#6367);
#6369=CARTESIAN_POINT('',(5.355E0,1.67E0,-4.9E0));
#6370=VERTEX_POINT('',#6369);
#6371=CARTESIAN_POINT('',(5.355E0,1.648762607162E0,-4.494766404376E0));
#6372=VERTEX_POINT('',#6371);
#6373=CARTESIAN_POINT('',(5.355E0,1.548899653687E0,-4.4E0));
#6374=VERTEX_POINT('',#6373);
#6375=CARTESIAN_POINT('',(5.355E0,7.E-1,-4.4E0));
#6376=VERTEX_POINT('',#6375);
#6377=CARTESIAN_POINT('',(5.545E0,7.E-1,-4.4E0));
#6378=VERTEX_POINT('',#6377);
#6379=CARTESIAN_POINT('',(5.545E0,1.548899653687E0,-4.4E0));
#6380=VERTEX_POINT('',#6379);
#6381=CARTESIAN_POINT('',(5.545E0,1.077351123566E0,-8.625594265622E-1));
#6382=CARTESIAN_POINT('',(5.545E0,1.067991655295E0,-8.826308710422E-1));
#6383=VERTEX_POINT('',#6381);
#6384=VERTEX_POINT('',#6382);
#6385=CARTESIAN_POINT('',(5.545E0,1.832516195584E0,-4.184766404376E0));
#6386=CARTESIAN_POINT('',(5.545E0,1.732653242109E0,-4.09E0));
#6387=VERTEX_POINT('',#6385);
#6388=VERTEX_POINT('',#6386);
#6389=CARTESIAN_POINT('',(5.545E0,1.87E0,-4.9E0));
#6390=VERTEX_POINT('',#6389);
#6391=CARTESIAN_POINT('',(5.545E0,1.67E0,-4.9E0));
#6392=VERTEX_POINT('',#6391);
#6393=CARTESIAN_POINT('',(5.545E0,1.648762607162E0,-4.494766404376E0));
#6394=VERTEX_POINT('',#6393);
#6395=CARTESIAN_POINT('',(4.855E0,1.077351123566E0,-8.625594265622E-1));
#6396=CARTESIAN_POINT('',(4.855E0,1.067991655295E0,-8.826308710422E-1));
#6397=VERTEX_POINT('',#6395);
#6398=VERTEX_POINT('',#6396);
#6399=CARTESIAN_POINT('',(4.855E0,1.832516195584E0,-4.184766404376E0));
#6400=CARTESIAN_POINT('',(4.855E0,1.732653242109E0,-4.09E0));
#6401=VERTEX_POINT('',#6399);
#6402=VERTEX_POINT('',#6400);
#6403=CARTESIAN_POINT('',(4.855E0,1.87E0,-4.9E0));
#6404=VERTEX_POINT('',#6403);
#6405=CARTESIAN_POINT('',(4.855E0,1.67E0,-4.9E0));
#6406=VERTEX_POINT('',#6405);
#6407=CARTESIAN_POINT('',(4.855E0,1.648762607162E0,-4.494766404376E0));
#6408=VERTEX_POINT('',#6407);
#6409=CARTESIAN_POINT('',(4.855E0,1.548899653687E0,-4.4E0));
#6410=VERTEX_POINT('',#6409);
#6411=CARTESIAN_POINT('',(4.855E0,7.E-1,-4.4E0));
#6412=VERTEX_POINT('',#6411);
#6413=CARTESIAN_POINT('',(5.045E0,7.E-1,-4.4E0));
#6414=VERTEX_POINT('',#6413);
#6415=CARTESIAN_POINT('',(5.045E0,1.548899653687E0,-4.4E0));
#6416=VERTEX_POINT('',#6415);
#6417=CARTESIAN_POINT('',(5.045E0,1.077351123566E0,-8.625594265622E-1));
#6418=CARTESIAN_POINT('',(5.045E0,1.067991655295E0,-8.826308710422E-1));
#6419=VERTEX_POINT('',#6417);
#6420=VERTEX_POINT('',#6418);
#6421=CARTESIAN_POINT('',(5.045E0,1.832516195584E0,-4.184766404376E0));
#6422=CARTESIAN_POINT('',(5.045E0,1.732653242109E0,-4.09E0));
#6423=VERTEX_POINT('',#6421);
#6424=VERTEX_POINT('',#6422);
#6425=CARTESIAN_POINT('',(5.045E0,1.87E0,-4.9E0));
#6426=VERTEX_POINT('',#6425);
#6427=CARTESIAN_POINT('',(5.045E0,1.67E0,-4.9E0));
#6428=VERTEX_POINT('',#6427);
#6429=CARTESIAN_POINT('',(5.045E0,1.648762607162E0,-4.494766404376E0));
#6430=VERTEX_POINT('',#6429);
#6431=CARTESIAN_POINT('',(4.355E0,1.077351123566E0,-8.625594265622E-1));
#6432=CARTESIAN_POINT('',(4.355E0,1.067991655295E0,-8.826308710422E-1));
#6433=VERTEX_POINT('',#6431);
#6434=VERTEX_POINT('',#6432);
#6435=CARTESIAN_POINT('',(4.355E0,1.832516195584E0,-4.184766404376E0));
#6436=CARTESIAN_POINT('',(4.355E0,1.732653242109E0,-4.09E0));
#6437=VERTEX_POINT('',#6435);
#6438=VERTEX_POINT('',#6436);
#6439=CARTESIAN_POINT('',(4.355E0,1.87E0,-4.9E0));
#6440=VERTEX_POINT('',#6439);
#6441=CARTESIAN_POINT('',(4.355E0,1.67E0,-4.9E0));
#6442=VERTEX_POINT('',#6441);
#6443=CARTESIAN_POINT('',(4.355E0,1.648762607162E0,-4.494766404376E0));
#6444=VERTEX_POINT('',#6443);
#6445=CARTESIAN_POINT('',(4.355E0,1.548899653687E0,-4.4E0));
#6446=VERTEX_POINT('',#6445);
#6447=CARTESIAN_POINT('',(4.355E0,7.E-1,-4.4E0));
#6448=VERTEX_POINT('',#6447);
#6449=CARTESIAN_POINT('',(4.545E0,7.E-1,-4.4E0));
#6450=VERTEX_POINT('',#6449);
#6451=CARTESIAN_POINT('',(4.545E0,1.548899653687E0,-4.4E0));
#6452=VERTEX_POINT('',#6451);
#6453=CARTESIAN_POINT('',(4.545E0,1.077351123566E0,-8.625594265622E-1));
#6454=CARTESIAN_POINT('',(4.545E0,1.067991655295E0,-8.826308710422E-1));
#6455=VERTEX_POINT('',#6453);
#6456=VERTEX_POINT('',#6454);
#6457=CARTESIAN_POINT('',(4.545E0,1.832516195584E0,-4.184766404376E0));
#6458=CARTESIAN_POINT('',(4.545E0,1.732653242109E0,-4.09E0));
#6459=VERTEX_POINT('',#6457);
#6460=VERTEX_POINT('',#6458);
#6461=CARTESIAN_POINT('',(4.545E0,1.87E0,-4.9E0));
#6462=VERTEX_POINT('',#6461);
#6463=CARTESIAN_POINT('',(4.545E0,1.67E0,-4.9E0));
#6464=VERTEX_POINT('',#6463);
#6465=CARTESIAN_POINT('',(4.545E0,1.648762607162E0,-4.494766404376E0));
#6466=VERTEX_POINT('',#6465);
#6467=CARTESIAN_POINT('',(3.855E0,1.077351123566E0,-8.625594265622E-1));
#6468=CARTESIAN_POINT('',(3.855E0,1.067991655295E0,-8.826308710422E-1));
#6469=VERTEX_POINT('',#6467);
#6470=VERTEX_POINT('',#6468);
#6471=CARTESIAN_POINT('',(3.855E0,1.832516195584E0,-4.184766404376E0));
#6472=CARTESIAN_POINT('',(3.855E0,1.732653242109E0,-4.09E0));
#6473=VERTEX_POINT('',#6471);
#6474=VERTEX_POINT('',#6472);
#6475=CARTESIAN_POINT('',(3.855E0,1.87E0,-4.9E0));
#6476=VERTEX_POINT('',#6475);
#6477=CARTESIAN_POINT('',(3.855E0,1.67E0,-4.9E0));
#6478=VERTEX_POINT('',#6477);
#6479=CARTESIAN_POINT('',(3.855E0,1.648762607162E0,-4.494766404376E0));
#6480=VERTEX_POINT('',#6479);
#6481=CARTESIAN_POINT('',(3.855E0,1.548899653687E0,-4.4E0));
#6482=VERTEX_POINT('',#6481);
#6483=CARTESIAN_POINT('',(3.855E0,7.E-1,-4.4E0));
#6484=VERTEX_POINT('',#6483);
#6485=CARTESIAN_POINT('',(4.045E0,7.E-1,-4.4E0));
#6486=VERTEX_POINT('',#6485);
#6487=CARTESIAN_POINT('',(4.045E0,1.548899653687E0,-4.4E0));
#6488=VERTEX_POINT('',#6487);
#6489=CARTESIAN_POINT('',(4.045E0,1.077351123566E0,-8.625594265622E-1));
#6490=CARTESIAN_POINT('',(4.045E0,1.067991655295E0,-8.826308710422E-1));
#6491=VERTEX_POINT('',#6489);
#6492=VERTEX_POINT('',#6490);
#6493=CARTESIAN_POINT('',(4.045E0,1.832516195584E0,-4.184766404376E0));
#6494=CARTESIAN_POINT('',(4.045E0,1.732653242109E0,-4.09E0));
#6495=VERTEX_POINT('',#6493);
#6496=VERTEX_POINT('',#6494);
#6497=CARTESIAN_POINT('',(4.045E0,1.87E0,-4.9E0));
#6498=VERTEX_POINT('',#6497);
#6499=CARTESIAN_POINT('',(4.045E0,1.67E0,-4.9E0));
#6500=VERTEX_POINT('',#6499);
#6501=CARTESIAN_POINT('',(4.045E0,1.648762607162E0,-4.494766404376E0));
#6502=VERTEX_POINT('',#6501);
#6503=CARTESIAN_POINT('',(3.355E0,1.077351123566E0,-8.625594265622E-1));
#6504=CARTESIAN_POINT('',(3.355E0,1.067991655295E0,-8.826308710422E-1));
#6505=VERTEX_POINT('',#6503);
#6506=VERTEX_POINT('',#6504);
#6507=CARTESIAN_POINT('',(3.355E0,1.832516195584E0,-4.184766404376E0));
#6508=CARTESIAN_POINT('',(3.355E0,1.732653242109E0,-4.09E0));
#6509=VERTEX_POINT('',#6507);
#6510=VERTEX_POINT('',#6508);
#6511=CARTESIAN_POINT('',(3.355E0,1.87E0,-4.9E0));
#6512=VERTEX_POINT('',#6511);
#6513=CARTESIAN_POINT('',(3.355E0,1.67E0,-4.9E0));
#6514=VERTEX_POINT('',#6513);
#6515=CARTESIAN_POINT('',(3.355E0,1.648762607162E0,-4.494766404376E0));
#6516=VERTEX_POINT('',#6515);
#6517=CARTESIAN_POINT('',(3.355E0,1.548899653687E0,-4.4E0));
#6518=VERTEX_POINT('',#6517);
#6519=CARTESIAN_POINT('',(3.355E0,7.E-1,-4.4E0));
#6520=VERTEX_POINT('',#6519);
#6521=CARTESIAN_POINT('',(3.545E0,7.E-1,-4.4E0));
#6522=VERTEX_POINT('',#6521);
#6523=CARTESIAN_POINT('',(3.545E0,1.548899653687E0,-4.4E0));
#6524=VERTEX_POINT('',#6523);
#6525=CARTESIAN_POINT('',(3.545E0,1.077351123566E0,-8.625594265622E-1));
#6526=CARTESIAN_POINT('',(3.545E0,1.067991655295E0,-8.826308710422E-1));
#6527=VERTEX_POINT('',#6525);
#6528=VERTEX_POINT('',#6526);
#6529=CARTESIAN_POINT('',(3.545E0,1.832516195584E0,-4.184766404376E0));
#6530=CARTESIAN_POINT('',(3.545E0,1.732653242109E0,-4.09E0));
#6531=VERTEX_POINT('',#6529);
#6532=VERTEX_POINT('',#6530);
#6533=CARTESIAN_POINT('',(3.545E0,1.87E0,-4.9E0));
#6534=VERTEX_POINT('',#6533);
#6535=CARTESIAN_POINT('',(3.545E0,1.67E0,-4.9E0));
#6536=VERTEX_POINT('',#6535);
#6537=CARTESIAN_POINT('',(3.545E0,1.648762607162E0,-4.494766404376E0));
#6538=VERTEX_POINT('',#6537);
#6539=CARTESIAN_POINT('',(2.855E0,1.077351123566E0,-8.625594265622E-1));
#6540=CARTESIAN_POINT('',(2.855E0,1.067991655295E0,-8.826308710422E-1));
#6541=VERTEX_POINT('',#6539);
#6542=VERTEX_POINT('',#6540);
#6543=CARTESIAN_POINT('',(2.855E0,1.832516195584E0,-4.184766404376E0));
#6544=CARTESIAN_POINT('',(2.855E0,1.732653242109E0,-4.09E0));
#6545=VERTEX_POINT('',#6543);
#6546=VERTEX_POINT('',#6544);
#6547=CARTESIAN_POINT('',(2.855E0,1.87E0,-4.9E0));
#6548=VERTEX_POINT('',#6547);
#6549=CARTESIAN_POINT('',(2.855E0,1.67E0,-4.9E0));
#6550=VERTEX_POINT('',#6549);
#6551=CARTESIAN_POINT('',(2.855E0,1.648762607162E0,-4.494766404376E0));
#6552=VERTEX_POINT('',#6551);
#6553=CARTESIAN_POINT('',(2.855E0,1.548899653687E0,-4.4E0));
#6554=VERTEX_POINT('',#6553);
#6555=CARTESIAN_POINT('',(2.855E0,7.E-1,-4.4E0));
#6556=VERTEX_POINT('',#6555);
#6557=CARTESIAN_POINT('',(3.045E0,7.E-1,-4.4E0));
#6558=VERTEX_POINT('',#6557);
#6559=CARTESIAN_POINT('',(3.045E0,1.548899653687E0,-4.4E0));
#6560=VERTEX_POINT('',#6559);
#6561=CARTESIAN_POINT('',(3.045E0,1.077351123566E0,-8.625594265622E-1));
#6562=CARTESIAN_POINT('',(3.045E0,1.067991655295E0,-8.826308710422E-1));
#6563=VERTEX_POINT('',#6561);
#6564=VERTEX_POINT('',#6562);
#6565=CARTESIAN_POINT('',(3.045E0,1.832516195584E0,-4.184766404376E0));
#6566=CARTESIAN_POINT('',(3.045E0,1.732653242109E0,-4.09E0));
#6567=VERTEX_POINT('',#6565);
#6568=VERTEX_POINT('',#6566);
#6569=CARTESIAN_POINT('',(3.045E0,1.87E0,-4.9E0));
#6570=VERTEX_POINT('',#6569);
#6571=CARTESIAN_POINT('',(3.045E0,1.67E0,-4.9E0));
#6572=VERTEX_POINT('',#6571);
#6573=CARTESIAN_POINT('',(3.045E0,1.648762607162E0,-4.494766404376E0));
#6574=VERTEX_POINT('',#6573);
#6575=CARTESIAN_POINT('',(1.1355E1,1.077351123566E0,-8.625594265622E-1));
#6576=CARTESIAN_POINT('',(1.1355E1,1.067991655295E0,-8.826308710422E-1));
#6577=VERTEX_POINT('',#6575);
#6578=VERTEX_POINT('',#6576);
#6579=CARTESIAN_POINT('',(1.1355E1,1.832516195584E0,-4.184766404376E0));
#6580=CARTESIAN_POINT('',(1.1355E1,1.732653242109E0,-4.09E0));
#6581=VERTEX_POINT('',#6579);
#6582=VERTEX_POINT('',#6580);
#6583=CARTESIAN_POINT('',(1.1355E1,1.87E0,-4.9E0));
#6584=VERTEX_POINT('',#6583);
#6585=CARTESIAN_POINT('',(1.1355E1,1.67E0,-4.9E0));
#6586=VERTEX_POINT('',#6585);
#6587=CARTESIAN_POINT('',(1.1355E1,1.648762607162E0,-4.494766404376E0));
#6588=VERTEX_POINT('',#6587);
#6589=CARTESIAN_POINT('',(1.1355E1,1.548899653687E0,-4.4E0));
#6590=VERTEX_POINT('',#6589);
#6591=CARTESIAN_POINT('',(1.1355E1,7.E-1,-4.4E0));
#6592=VERTEX_POINT('',#6591);
#6593=CARTESIAN_POINT('',(1.1545E1,7.E-1,-4.4E0));
#6594=VERTEX_POINT('',#6593);
#6595=CARTESIAN_POINT('',(1.1545E1,1.548899653687E0,-4.4E0));
#6596=VERTEX_POINT('',#6595);
#6597=CARTESIAN_POINT('',(1.1545E1,1.077351123566E0,-8.625594265622E-1));
#6598=CARTESIAN_POINT('',(1.1545E1,1.067991655295E0,-8.826308710422E-1));
#6599=VERTEX_POINT('',#6597);
#6600=VERTEX_POINT('',#6598);
#6601=CARTESIAN_POINT('',(1.1545E1,1.832516195584E0,-4.184766404376E0));
#6602=CARTESIAN_POINT('',(1.1545E1,1.732653242109E0,-4.09E0));
#6603=VERTEX_POINT('',#6601);
#6604=VERTEX_POINT('',#6602);
#6605=CARTESIAN_POINT('',(1.1545E1,1.87E0,-4.9E0));
#6606=VERTEX_POINT('',#6605);
#6607=CARTESIAN_POINT('',(1.1545E1,1.67E0,-4.9E0));
#6608=VERTEX_POINT('',#6607);
#6609=CARTESIAN_POINT('',(1.1545E1,1.648762607162E0,-4.494766404376E0));
#6610=VERTEX_POINT('',#6609);
#6611=CARTESIAN_POINT('',(2.355E0,1.077351123566E0,-8.625594265622E-1));
#6612=CARTESIAN_POINT('',(2.355E0,1.067991655295E0,-8.826308710422E-1));
#6613=VERTEX_POINT('',#6611);
#6614=VERTEX_POINT('',#6612);
#6615=CARTESIAN_POINT('',(2.355E0,1.832516195584E0,-4.184766404376E0));
#6616=CARTESIAN_POINT('',(2.355E0,1.732653242109E0,-4.09E0));
#6617=VERTEX_POINT('',#6615);
#6618=VERTEX_POINT('',#6616);
#6619=CARTESIAN_POINT('',(2.355E0,1.87E0,-4.9E0));
#6620=VERTEX_POINT('',#6619);
#6621=CARTESIAN_POINT('',(2.355E0,1.67E0,-4.9E0));
#6622=VERTEX_POINT('',#6621);
#6623=CARTESIAN_POINT('',(2.355E0,1.648762607162E0,-4.494766404376E0));
#6624=VERTEX_POINT('',#6623);
#6625=CARTESIAN_POINT('',(2.355E0,1.548899653687E0,-4.4E0));
#6626=VERTEX_POINT('',#6625);
#6627=CARTESIAN_POINT('',(2.355E0,7.E-1,-4.4E0));
#6628=VERTEX_POINT('',#6627);
#6629=CARTESIAN_POINT('',(2.545E0,7.E-1,-4.4E0));
#6630=VERTEX_POINT('',#6629);
#6631=CARTESIAN_POINT('',(2.545E0,1.548899653687E0,-4.4E0));
#6632=VERTEX_POINT('',#6631);
#6633=CARTESIAN_POINT('',(2.545E0,1.077351123566E0,-8.625594265622E-1));
#6634=CARTESIAN_POINT('',(2.545E0,1.067991655295E0,-8.826308710422E-1));
#6635=VERTEX_POINT('',#6633);
#6636=VERTEX_POINT('',#6634);
#6637=CARTESIAN_POINT('',(2.545E0,1.832516195584E0,-4.184766404376E0));
#6638=CARTESIAN_POINT('',(2.545E0,1.732653242109E0,-4.09E0));
#6639=VERTEX_POINT('',#6637);
#6640=VERTEX_POINT('',#6638);
#6641=CARTESIAN_POINT('',(2.545E0,1.87E0,-4.9E0));
#6642=VERTEX_POINT('',#6641);
#6643=CARTESIAN_POINT('',(2.545E0,1.67E0,-4.9E0));
#6644=VERTEX_POINT('',#6643);
#6645=CARTESIAN_POINT('',(2.545E0,1.648762607162E0,-4.494766404376E0));
#6646=VERTEX_POINT('',#6645);
#6647=CARTESIAN_POINT('',(1.855E0,1.077351123566E0,-8.625594265622E-1));
#6648=CARTESIAN_POINT('',(1.855E0,1.067991655295E0,-8.826308710422E-1));
#6649=VERTEX_POINT('',#6647);
#6650=VERTEX_POINT('',#6648);
#6651=CARTESIAN_POINT('',(1.855E0,1.832516195584E0,-4.184766404376E0));
#6652=CARTESIAN_POINT('',(1.855E0,1.732653242109E0,-4.09E0));
#6653=VERTEX_POINT('',#6651);
#6654=VERTEX_POINT('',#6652);
#6655=CARTESIAN_POINT('',(1.855E0,1.87E0,-4.9E0));
#6656=VERTEX_POINT('',#6655);
#6657=CARTESIAN_POINT('',(1.855E0,1.67E0,-4.9E0));
#6658=VERTEX_POINT('',#6657);
#6659=CARTESIAN_POINT('',(1.855E0,1.648762607162E0,-4.494766404376E0));
#6660=VERTEX_POINT('',#6659);
#6661=CARTESIAN_POINT('',(1.855E0,1.548899653687E0,-4.4E0));
#6662=VERTEX_POINT('',#6661);
#6663=CARTESIAN_POINT('',(1.855E0,7.E-1,-4.4E0));
#6664=VERTEX_POINT('',#6663);
#6665=CARTESIAN_POINT('',(2.045E0,7.E-1,-4.4E0));
#6666=VERTEX_POINT('',#6665);
#6667=CARTESIAN_POINT('',(2.045E0,1.548899653687E0,-4.4E0));
#6668=VERTEX_POINT('',#6667);
#6669=CARTESIAN_POINT('',(2.045E0,1.077351123566E0,-8.625594265622E-1));
#6670=CARTESIAN_POINT('',(2.045E0,1.067991655295E0,-8.826308710422E-1));
#6671=VERTEX_POINT('',#6669);
#6672=VERTEX_POINT('',#6670);
#6673=CARTESIAN_POINT('',(2.045E0,1.832516195584E0,-4.184766404376E0));
#6674=CARTESIAN_POINT('',(2.045E0,1.732653242109E0,-4.09E0));
#6675=VERTEX_POINT('',#6673);
#6676=VERTEX_POINT('',#6674);
#6677=CARTESIAN_POINT('',(2.045E0,1.87E0,-4.9E0));
#6678=VERTEX_POINT('',#6677);
#6679=CARTESIAN_POINT('',(2.045E0,1.67E0,-4.9E0));
#6680=VERTEX_POINT('',#6679);
#6681=CARTESIAN_POINT('',(2.045E0,1.648762607162E0,-4.494766404376E0));
#6682=VERTEX_POINT('',#6681);
#6683=CARTESIAN_POINT('',(1.0855E1,1.077351123566E0,-8.625594265622E-1));
#6684=CARTESIAN_POINT('',(1.0855E1,1.067991655295E0,-8.826308710422E-1));
#6685=VERTEX_POINT('',#6683);
#6686=VERTEX_POINT('',#6684);
#6687=CARTESIAN_POINT('',(1.0855E1,1.832516195584E0,-4.184766404376E0));
#6688=CARTESIAN_POINT('',(1.0855E1,1.732653242109E0,-4.09E0));
#6689=VERTEX_POINT('',#6687);
#6690=VERTEX_POINT('',#6688);
#6691=CARTESIAN_POINT('',(1.0855E1,1.87E0,-4.9E0));
#6692=VERTEX_POINT('',#6691);
#6693=CARTESIAN_POINT('',(1.0855E1,1.67E0,-4.9E0));
#6694=VERTEX_POINT('',#6693);
#6695=CARTESIAN_POINT('',(1.0855E1,1.648762607162E0,-4.494766404376E0));
#6696=VERTEX_POINT('',#6695);
#6697=CARTESIAN_POINT('',(1.0855E1,1.548899653687E0,-4.4E0));
#6698=VERTEX_POINT('',#6697);
#6699=CARTESIAN_POINT('',(1.0855E1,7.E-1,-4.4E0));
#6700=VERTEX_POINT('',#6699);
#6701=CARTESIAN_POINT('',(1.1045E1,7.E-1,-4.4E0));
#6702=VERTEX_POINT('',#6701);
#6703=CARTESIAN_POINT('',(1.1045E1,1.548899653687E0,-4.4E0));
#6704=VERTEX_POINT('',#6703);
#6705=CARTESIAN_POINT('',(1.1045E1,1.077351123566E0,-8.625594265622E-1));
#6706=CARTESIAN_POINT('',(1.1045E1,1.067991655295E0,-8.826308710422E-1));
#6707=VERTEX_POINT('',#6705);
#6708=VERTEX_POINT('',#6706);
#6709=CARTESIAN_POINT('',(1.1045E1,1.832516195584E0,-4.184766404376E0));
#6710=CARTESIAN_POINT('',(1.1045E1,1.732653242109E0,-4.09E0));
#6711=VERTEX_POINT('',#6709);
#6712=VERTEX_POINT('',#6710);
#6713=CARTESIAN_POINT('',(1.1045E1,1.87E0,-4.9E0));
#6714=VERTEX_POINT('',#6713);
#6715=CARTESIAN_POINT('',(1.1045E1,1.67E0,-4.9E0));
#6716=VERTEX_POINT('',#6715);
#6717=CARTESIAN_POINT('',(1.1045E1,1.648762607162E0,-4.494766404376E0));
#6718=VERTEX_POINT('',#6717);
#6719=CARTESIAN_POINT('',(1.0355E1,1.077351123566E0,-8.625594265622E-1));
#6720=CARTESIAN_POINT('',(1.0355E1,1.067991655295E0,-8.826308710422E-1));
#6721=VERTEX_POINT('',#6719);
#6722=VERTEX_POINT('',#6720);
#6723=CARTESIAN_POINT('',(1.0355E1,1.832516195584E0,-4.184766404376E0));
#6724=CARTESIAN_POINT('',(1.0355E1,1.732653242109E0,-4.09E0));
#6725=VERTEX_POINT('',#6723);
#6726=VERTEX_POINT('',#6724);
#6727=CARTESIAN_POINT('',(1.0355E1,1.87E0,-4.9E0));
#6728=VERTEX_POINT('',#6727);
#6729=CARTESIAN_POINT('',(1.0355E1,1.67E0,-4.9E0));
#6730=VERTEX_POINT('',#6729);
#6731=CARTESIAN_POINT('',(1.0355E1,1.648762607162E0,-4.494766404376E0));
#6732=VERTEX_POINT('',#6731);
#6733=CARTESIAN_POINT('',(1.0355E1,1.548899653687E0,-4.4E0));
#6734=VERTEX_POINT('',#6733);
#6735=CARTESIAN_POINT('',(1.0355E1,7.E-1,-4.4E0));
#6736=VERTEX_POINT('',#6735);
#6737=CARTESIAN_POINT('',(1.0545E1,7.E-1,-4.4E0));
#6738=VERTEX_POINT('',#6737);
#6739=CARTESIAN_POINT('',(1.0545E1,1.548899653687E0,-4.4E0));
#6740=VERTEX_POINT('',#6739);
#6741=CARTESIAN_POINT('',(1.0545E1,1.077351123566E0,-8.625594265622E-1));
#6742=CARTESIAN_POINT('',(1.0545E1,1.067991655295E0,-8.826308710422E-1));
#6743=VERTEX_POINT('',#6741);
#6744=VERTEX_POINT('',#6742);
#6745=CARTESIAN_POINT('',(1.0545E1,1.832516195584E0,-4.184766404376E0));
#6746=CARTESIAN_POINT('',(1.0545E1,1.732653242109E0,-4.09E0));
#6747=VERTEX_POINT('',#6745);
#6748=VERTEX_POINT('',#6746);
#6749=CARTESIAN_POINT('',(1.0545E1,1.87E0,-4.9E0));
#6750=VERTEX_POINT('',#6749);
#6751=CARTESIAN_POINT('',(1.0545E1,1.67E0,-4.9E0));
#6752=VERTEX_POINT('',#6751);
#6753=CARTESIAN_POINT('',(1.0545E1,1.648762607162E0,-4.494766404376E0));
#6754=VERTEX_POINT('',#6753);
#6755=CARTESIAN_POINT('',(9.855E0,1.077351123566E0,-8.625594265622E-1));
#6756=CARTESIAN_POINT('',(9.855E0,1.067991655295E0,-8.826308710422E-1));
#6757=VERTEX_POINT('',#6755);
#6758=VERTEX_POINT('',#6756);
#6759=CARTESIAN_POINT('',(9.855E0,1.832516195584E0,-4.184766404376E0));
#6760=CARTESIAN_POINT('',(9.855E0,1.732653242109E0,-4.09E0));
#6761=VERTEX_POINT('',#6759);
#6762=VERTEX_POINT('',#6760);
#6763=CARTESIAN_POINT('',(9.855E0,1.87E0,-4.9E0));
#6764=VERTEX_POINT('',#6763);
#6765=CARTESIAN_POINT('',(9.855E0,1.67E0,-4.9E0));
#6766=VERTEX_POINT('',#6765);
#6767=CARTESIAN_POINT('',(9.855E0,1.648762607162E0,-4.494766404376E0));
#6768=VERTEX_POINT('',#6767);
#6769=CARTESIAN_POINT('',(9.855E0,1.548899653687E0,-4.4E0));
#6770=VERTEX_POINT('',#6769);
#6771=CARTESIAN_POINT('',(9.855E0,7.E-1,-4.4E0));
#6772=VERTEX_POINT('',#6771);
#6773=CARTESIAN_POINT('',(1.0045E1,7.E-1,-4.4E0));
#6774=VERTEX_POINT('',#6773);
#6775=CARTESIAN_POINT('',(1.0045E1,1.548899653687E0,-4.4E0));
#6776=VERTEX_POINT('',#6775);
#6777=CARTESIAN_POINT('',(1.0045E1,1.077351123566E0,-8.625594265622E-1));
#6778=CARTESIAN_POINT('',(1.0045E1,1.067991655295E0,-8.826308710422E-1));
#6779=VERTEX_POINT('',#6777);
#6780=VERTEX_POINT('',#6778);
#6781=CARTESIAN_POINT('',(1.0045E1,1.832516195584E0,-4.184766404376E0));
#6782=CARTESIAN_POINT('',(1.0045E1,1.732653242109E0,-4.09E0));
#6783=VERTEX_POINT('',#6781);
#6784=VERTEX_POINT('',#6782);
#6785=CARTESIAN_POINT('',(1.0045E1,1.87E0,-4.9E0));
#6786=VERTEX_POINT('',#6785);
#6787=CARTESIAN_POINT('',(1.0045E1,1.67E0,-4.9E0));
#6788=VERTEX_POINT('',#6787);
#6789=CARTESIAN_POINT('',(1.0045E1,1.648762607162E0,-4.494766404376E0));
#6790=VERTEX_POINT('',#6789);
#6791=CARTESIAN_POINT('',(9.355E0,1.077351123566E0,-8.625594265622E-1));
#6792=CARTESIAN_POINT('',(9.355E0,1.067991655295E0,-8.826308710422E-1));
#6793=VERTEX_POINT('',#6791);
#6794=VERTEX_POINT('',#6792);
#6795=CARTESIAN_POINT('',(9.355E0,1.832516195584E0,-4.184766404376E0));
#6796=CARTESIAN_POINT('',(9.355E0,1.732653242109E0,-4.09E0));
#6797=VERTEX_POINT('',#6795);
#6798=VERTEX_POINT('',#6796);
#6799=CARTESIAN_POINT('',(9.355E0,1.87E0,-4.9E0));
#6800=VERTEX_POINT('',#6799);
#6801=CARTESIAN_POINT('',(9.355E0,1.67E0,-4.9E0));
#6802=VERTEX_POINT('',#6801);
#6803=CARTESIAN_POINT('',(9.355E0,1.648762607162E0,-4.494766404376E0));
#6804=VERTEX_POINT('',#6803);
#6805=CARTESIAN_POINT('',(9.355E0,1.548899653687E0,-4.4E0));
#6806=VERTEX_POINT('',#6805);
#6807=CARTESIAN_POINT('',(9.355E0,7.E-1,-4.4E0));
#6808=VERTEX_POINT('',#6807);
#6809=CARTESIAN_POINT('',(9.545E0,7.E-1,-4.4E0));
#6810=VERTEX_POINT('',#6809);
#6811=CARTESIAN_POINT('',(9.545E0,1.548899653687E0,-4.4E0));
#6812=VERTEX_POINT('',#6811);
#6813=CARTESIAN_POINT('',(9.545E0,1.077351123566E0,-8.625594265622E-1));
#6814=CARTESIAN_POINT('',(9.545E0,1.067991655295E0,-8.826308710422E-1));
#6815=VERTEX_POINT('',#6813);
#6816=VERTEX_POINT('',#6814);
#6817=CARTESIAN_POINT('',(9.545E0,1.832516195584E0,-4.184766404376E0));
#6818=CARTESIAN_POINT('',(9.545E0,1.732653242109E0,-4.09E0));
#6819=VERTEX_POINT('',#6817);
#6820=VERTEX_POINT('',#6818);
#6821=CARTESIAN_POINT('',(9.545E0,1.87E0,-4.9E0));
#6822=VERTEX_POINT('',#6821);
#6823=CARTESIAN_POINT('',(9.545E0,1.67E0,-4.9E0));
#6824=VERTEX_POINT('',#6823);
#6825=CARTESIAN_POINT('',(9.545E0,1.648762607162E0,-4.494766404376E0));
#6826=VERTEX_POINT('',#6825);
#6827=CARTESIAN_POINT('',(8.855E0,1.077351123566E0,-8.625594265622E-1));
#6828=CARTESIAN_POINT('',(8.855E0,1.067991655295E0,-8.826308710422E-1));
#6829=VERTEX_POINT('',#6827);
#6830=VERTEX_POINT('',#6828);
#6831=CARTESIAN_POINT('',(8.855E0,1.832516195584E0,-4.184766404376E0));
#6832=CARTESIAN_POINT('',(8.855E0,1.732653242109E0,-4.09E0));
#6833=VERTEX_POINT('',#6831);
#6834=VERTEX_POINT('',#6832);
#6835=CARTESIAN_POINT('',(8.855E0,1.87E0,-4.9E0));
#6836=VERTEX_POINT('',#6835);
#6837=CARTESIAN_POINT('',(8.855E0,1.67E0,-4.9E0));
#6838=VERTEX_POINT('',#6837);
#6839=CARTESIAN_POINT('',(8.855E0,1.648762607162E0,-4.494766404376E0));
#6840=VERTEX_POINT('',#6839);
#6841=CARTESIAN_POINT('',(8.855E0,1.548899653687E0,-4.4E0));
#6842=VERTEX_POINT('',#6841);
#6843=CARTESIAN_POINT('',(8.855E0,7.E-1,-4.4E0));
#6844=VERTEX_POINT('',#6843);
#6845=CARTESIAN_POINT('',(9.045E0,7.E-1,-4.4E0));
#6846=VERTEX_POINT('',#6845);
#6847=CARTESIAN_POINT('',(9.045E0,1.548899653687E0,-4.4E0));
#6848=VERTEX_POINT('',#6847);
#6849=CARTESIAN_POINT('',(9.045E0,1.077351123566E0,-8.625594265622E-1));
#6850=CARTESIAN_POINT('',(9.045E0,1.067991655295E0,-8.826308710422E-1));
#6851=VERTEX_POINT('',#6849);
#6852=VERTEX_POINT('',#6850);
#6853=CARTESIAN_POINT('',(9.045E0,1.832516195584E0,-4.184766404376E0));
#6854=CARTESIAN_POINT('',(9.045E0,1.732653242109E0,-4.09E0));
#6855=VERTEX_POINT('',#6853);
#6856=VERTEX_POINT('',#6854);
#6857=CARTESIAN_POINT('',(9.045E0,1.87E0,-4.9E0));
#6858=VERTEX_POINT('',#6857);
#6859=CARTESIAN_POINT('',(9.045E0,1.67E0,-4.9E0));
#6860=VERTEX_POINT('',#6859);
#6861=CARTESIAN_POINT('',(9.045E0,1.648762607162E0,-4.494766404376E0));
#6862=VERTEX_POINT('',#6861);
#6863=CARTESIAN_POINT('',(8.355E0,1.077351123566E0,-8.625594265622E-1));
#6864=CARTESIAN_POINT('',(8.355E0,1.067991655295E0,-8.826308710422E-1));
#6865=VERTEX_POINT('',#6863);
#6866=VERTEX_POINT('',#6864);
#6867=CARTESIAN_POINT('',(8.355E0,1.832516195584E0,-4.184766404376E0));
#6868=CARTESIAN_POINT('',(8.355E0,1.732653242109E0,-4.09E0));
#6869=VERTEX_POINT('',#6867);
#6870=VERTEX_POINT('',#6868);
#6871=CARTESIAN_POINT('',(8.355E0,1.87E0,-4.9E0));
#6872=VERTEX_POINT('',#6871);
#6873=CARTESIAN_POINT('',(8.355E0,1.67E0,-4.9E0));
#6874=VERTEX_POINT('',#6873);
#6875=CARTESIAN_POINT('',(8.355E0,1.648762607162E0,-4.494766404376E0));
#6876=VERTEX_POINT('',#6875);
#6877=CARTESIAN_POINT('',(8.355E0,1.548899653687E0,-4.4E0));
#6878=VERTEX_POINT('',#6877);
#6879=CARTESIAN_POINT('',(8.355E0,7.E-1,-4.4E0));
#6880=VERTEX_POINT('',#6879);
#6881=CARTESIAN_POINT('',(8.545E0,7.E-1,-4.4E0));
#6882=VERTEX_POINT('',#6881);
#6883=CARTESIAN_POINT('',(8.545E0,1.548899653687E0,-4.4E0));
#6884=VERTEX_POINT('',#6883);
#6885=CARTESIAN_POINT('',(8.545E0,1.077351123566E0,-8.625594265622E-1));
#6886=CARTESIAN_POINT('',(8.545E0,1.067991655295E0,-8.826308710422E-1));
#6887=VERTEX_POINT('',#6885);
#6888=VERTEX_POINT('',#6886);
#6889=CARTESIAN_POINT('',(8.545E0,1.832516195584E0,-4.184766404376E0));
#6890=CARTESIAN_POINT('',(8.545E0,1.732653242109E0,-4.09E0));
#6891=VERTEX_POINT('',#6889);
#6892=VERTEX_POINT('',#6890);
#6893=CARTESIAN_POINT('',(8.545E0,1.87E0,-4.9E0));
#6894=VERTEX_POINT('',#6893);
#6895=CARTESIAN_POINT('',(8.545E0,1.67E0,-4.9E0));
#6896=VERTEX_POINT('',#6895);
#6897=CARTESIAN_POINT('',(8.545E0,1.648762607162E0,-4.494766404376E0));
#6898=VERTEX_POINT('',#6897);
#6899=CARTESIAN_POINT('',(7.855E0,1.077351123566E0,-8.625594265622E-1));
#6900=CARTESIAN_POINT('',(7.855E0,1.067991655295E0,-8.826308710422E-1));
#6901=VERTEX_POINT('',#6899);
#6902=VERTEX_POINT('',#6900);
#6903=CARTESIAN_POINT('',(7.855E0,1.832516195584E0,-4.184766404376E0));
#6904=CARTESIAN_POINT('',(7.855E0,1.732653242109E0,-4.09E0));
#6905=VERTEX_POINT('',#6903);
#6906=VERTEX_POINT('',#6904);
#6907=CARTESIAN_POINT('',(7.855E0,1.87E0,-4.9E0));
#6908=VERTEX_POINT('',#6907);
#6909=CARTESIAN_POINT('',(7.855E0,1.67E0,-4.9E0));
#6910=VERTEX_POINT('',#6909);
#6911=CARTESIAN_POINT('',(7.855E0,1.648762607162E0,-4.494766404376E0));
#6912=VERTEX_POINT('',#6911);
#6913=CARTESIAN_POINT('',(7.855E0,1.548899653687E0,-4.4E0));
#6914=VERTEX_POINT('',#6913);
#6915=CARTESIAN_POINT('',(7.855E0,7.E-1,-4.4E0));
#6916=VERTEX_POINT('',#6915);
#6917=CARTESIAN_POINT('',(8.045E0,7.E-1,-4.4E0));
#6918=VERTEX_POINT('',#6917);
#6919=CARTESIAN_POINT('',(8.045E0,1.548899653687E0,-4.4E0));
#6920=VERTEX_POINT('',#6919);
#6921=CARTESIAN_POINT('',(8.045E0,1.077351123566E0,-8.625594265622E-1));
#6922=CARTESIAN_POINT('',(8.045E0,1.067991655295E0,-8.826308710422E-1));
#6923=VERTEX_POINT('',#6921);
#6924=VERTEX_POINT('',#6922);
#6925=CARTESIAN_POINT('',(8.045E0,1.832516195584E0,-4.184766404376E0));
#6926=CARTESIAN_POINT('',(8.045E0,1.732653242109E0,-4.09E0));
#6927=VERTEX_POINT('',#6925);
#6928=VERTEX_POINT('',#6926);
#6929=CARTESIAN_POINT('',(8.045E0,1.87E0,-4.9E0));
#6930=VERTEX_POINT('',#6929);
#6931=CARTESIAN_POINT('',(8.045E0,1.67E0,-4.9E0));
#6932=VERTEX_POINT('',#6931);
#6933=CARTESIAN_POINT('',(8.045E0,1.648762607162E0,-4.494766404376E0));
#6934=VERTEX_POINT('',#6933);
#6935=CARTESIAN_POINT('',(1.35E0,1.71E0,-1.335968372966E-14));
#6936=CARTESIAN_POINT('',(1.35E0,1.71E0,-7.E-1));
#6937=VERTEX_POINT('',#6935);
#6938=VERTEX_POINT('',#6936);
#6939=CARTESIAN_POINT('',(-5.5E-1,1.71E0,-7.E-1));
#6940=VERTEX_POINT('',#6939);
#6941=CARTESIAN_POINT('',(-5.5E-1,1.71E0,-1.4E0));
#6942=VERTEX_POINT('',#6941);
#6943=CARTESIAN_POINT('',(-1.05E0,1.71E0,-1.4E0));
#6944=VERTEX_POINT('',#6943);
#6945=CARTESIAN_POINT('',(-1.05E0,1.71E0,0.E0));
#6946=VERTEX_POINT('',#6945);
#6947=CARTESIAN_POINT('',(1.305E1,1.71E0,-7.E-1));
#6948=CARTESIAN_POINT('',(1.305E1,1.71E0,0.E0));
#6949=VERTEX_POINT('',#6947);
#6950=VERTEX_POINT('',#6948);
#6951=CARTESIAN_POINT('',(1.545E1,1.71E0,0.E0));
#6952=VERTEX_POINT('',#6951);
#6953=CARTESIAN_POINT('',(1.545E1,1.71E0,-1.4E0));
#6954=VERTEX_POINT('',#6953);
#6955=CARTESIAN_POINT('',(1.495E1,1.71E0,-1.4E0));
#6956=VERTEX_POINT('',#6955);
#6957=CARTESIAN_POINT('',(1.495E1,1.71E0,-7.E-1));
#6958=VERTEX_POINT('',#6957);
#6959=CARTESIAN_POINT('',(1.35E0,8.2E-1,-1.328566886135E-14));
#6960=VERTEX_POINT('',#6959);
#6961=CARTESIAN_POINT('',(1.35E0,8.2E-1,-7.E-1));
#6962=VERTEX_POINT('',#6961);
#6963=CARTESIAN_POINT('',(-5.5E-1,1.1E-1,-7.E-1));
#6964=VERTEX_POINT('',#6963);
#6965=CARTESIAN_POINT('',(1.35E0,1.099999999999E-1,-7.E-1));
#6966=VERTEX_POINT('',#6965);
#6967=CARTESIAN_POINT('',(1.35E0,5.300000000002E-1,-7.E-1));
#6968=VERTEX_POINT('',#6967);
#6969=CARTESIAN_POINT('',(6.5E-1,5.299999999998E-1,-7.E-1));
#6970=VERTEX_POINT('',#6969);
#6971=CARTESIAN_POINT('',(6.5E-1,1.32E0,-7.E-1));
#6972=VERTEX_POINT('',#6971);
#6973=CARTESIAN_POINT('',(1.23E0,1.32E0,-7.E-1));
#6974=VERTEX_POINT('',#6973);
#6975=CARTESIAN_POINT('',(1.23E0,8.199999999999E-1,-7.E-1));
#6976=VERTEX_POINT('',#6975);
#6977=CARTESIAN_POINT('',(1.305E1,1.099999999999E-1,-6.999999999999E-1));
#6978=CARTESIAN_POINT('',(1.495E1,1.1E-1,-7.E-1));
#6979=VERTEX_POINT('',#6977);
#6980=VERTEX_POINT('',#6978);
#6981=CARTESIAN_POINT('',(1.305E1,8.2E-1,-7.E-1));
#6982=VERTEX_POINT('',#6981);
#6983=CARTESIAN_POINT('',(1.317E1,8.199999999999E-1,-7.E-1));
#6984=VERTEX_POINT('',#6983);
#6985=CARTESIAN_POINT('',(1.317E1,1.32E0,-7.E-1));
#6986=VERTEX_POINT('',#6985);
#6987=CARTESIAN_POINT('',(1.375E1,1.32E0,-7.E-1));
#6988=VERTEX_POINT('',#6987);
#6989=CARTESIAN_POINT('',(1.375E1,5.299999999998E-1,-7.E-1));
#6990=VERTEX_POINT('',#6989);
#6991=CARTESIAN_POINT('',(1.305E1,5.300000000002E-1,-6.999999999999E-1));
#6992=VERTEX_POINT('',#6991);
#6993=CARTESIAN_POINT('',(-5.5E-1,1.1E-1,-1.4E0));
#6994=VERTEX_POINT('',#6993);
#6995=CARTESIAN_POINT('',(-1.05E0,1.1E-1,-1.4E0));
#6996=VERTEX_POINT('',#6995);
#6997=CARTESIAN_POINT('',(-1.05E0,1.1E-1,0.E0));
#6998=VERTEX_POINT('',#6997);
#6999=CARTESIAN_POINT('',(1.545E1,1.1E-1,0.E0));
#7000=VERTEX_POINT('',#6999);
#7001=CARTESIAN_POINT('',(1.305E1,8.2E-1,0.E0));
#7002=VERTEX_POINT('',#7001);
#7003=CARTESIAN_POINT('',(1.545E1,1.1E-1,-1.4E0));
#7004=VERTEX_POINT('',#7003);
#7005=CARTESIAN_POINT('',(1.495E1,1.1E-1,-1.4E0));
#7006=VERTEX_POINT('',#7005);
#7007=CARTESIAN_POINT('',(-2.5E-1,0.E0,-7.3E-1));
#7008=CARTESIAN_POINT('',(1.45E0,0.E0,-7.3E-1));
#7009=VERTEX_POINT('',#7007);
#7010=VERTEX_POINT('',#7008);
#7011=CARTESIAN_POINT('',(-2.5E-1,0.E0,-2.05E0));
#7012=VERTEX_POINT('',#7011);
#7013=CARTESIAN_POINT('',(1.58E0,0.E0,-2.05E0));
#7014=VERTEX_POINT('',#7013);
#7015=CARTESIAN_POINT('',(1.58E0,0.E0,-4.2E0));
#7016=VERTEX_POINT('',#7015);
#7017=CARTESIAN_POINT('',(1.282E1,0.E0,-4.2E0));
#7018=VERTEX_POINT('',#7017);
#7019=CARTESIAN_POINT('',(1.282E1,0.E0,-2.05E0));
#7020=VERTEX_POINT('',#7019);
#7021=CARTESIAN_POINT('',(1.465E1,0.E0,-2.05E0));
#7022=VERTEX_POINT('',#7021);
#7023=CARTESIAN_POINT('',(1.465E1,0.E0,-7.3E-1));
#7024=VERTEX_POINT('',#7023);
#7025=CARTESIAN_POINT('',(1.295E1,0.E0,-7.3E-1));
#7026=VERTEX_POINT('',#7025);
#7027=CARTESIAN_POINT('',(1.295E1,0.E0,-9.E-1));
#7028=VERTEX_POINT('',#7027);
#7029=CARTESIAN_POINT('',(1.45E0,0.E0,-9.E-1));
#7030=VERTEX_POINT('',#7029);
#7031=CARTESIAN_POINT('',(1.295E1,1.202826086957E0,-7.300000000001E-1));
#7032=CARTESIAN_POINT('',(1.295E1,1.82E0,-7.3E-1));
#7033=VERTEX_POINT('',#7031);
#7034=VERTEX_POINT('',#7032);
#7035=CARTESIAN_POINT('',(1.465E1,1.82E0,-7.3E-1));
#7036=VERTEX_POINT('',#7035);
#7037=CARTESIAN_POINT('',(-2.5E-1,1.82E0,-7.3E-1));
#7038=CARTESIAN_POINT('',(1.45E0,1.82E0,-7.3E-1));
#7039=VERTEX_POINT('',#7037);
#7040=VERTEX_POINT('',#7038);
#7041=CARTESIAN_POINT('',(1.45E0,1.202826086957E0,-7.300000000002E-1));
#7042=VERTEX_POINT('',#7041);
#7043=CARTESIAN_POINT('',(1.295E1,1.199130434783E0,-9.E-1));
#7044=VERTEX_POINT('',#7043);
#7045=CARTESIAN_POINT('',(1.45E0,1.199130434783E0,-9.000000000001E-1));
#7046=VERTEX_POINT('',#7045);
#7047=CARTESIAN_POINT('',(1.295E1,1.21E0,-4.000000000002E-1));
#7048=VERTEX_POINT('',#7047);
#7049=CARTESIAN_POINT('',(1.45E0,1.21E0,-4.000000000003E-1));
#7050=VERTEX_POINT('',#7049);
#7051=CARTESIAN_POINT('',(1.4E0,1.199130434783E0,-9.E-1));
#7052=VERTEX_POINT('',#7051);
#7053=CARTESIAN_POINT('',(1.4E0,1.16E0,-2.7E0));
#7054=VERTEX_POINT('',#7053);
#7055=CARTESIAN_POINT('',(1.3E1,1.16E0,-2.7E0));
#7056=VERTEX_POINT('',#7055);
#7057=CARTESIAN_POINT('',(1.3E1,1.199130434783E0,-9.E-1));
#7058=VERTEX_POINT('',#7057);
#7059=CARTESIAN_POINT('',(1.3E1,6.7E-1,-2.7E0));
#7060=CARTESIAN_POINT('',(1.4E0,6.7E-1,-2.7E0));
#7061=VERTEX_POINT('',#7059);
#7062=VERTEX_POINT('',#7060);
#7063=CARTESIAN_POINT('',(1.45E0,1.82E0,-1.332267629550E-14));
#7064=VERTEX_POINT('',#7063);
#7065=CARTESIAN_POINT('',(1.45E0,1.21E0,-2.668236002516E-14));
#7066=VERTEX_POINT('',#7065);
#7067=CARTESIAN_POINT('',(-2.5E-1,1.82E0,-2.05E0));
#7068=VERTEX_POINT('',#7067);
#7069=CARTESIAN_POINT('',(1.58E0,1.82E0,-2.05E0));
#7070=VERTEX_POINT('',#7069);
#7071=CARTESIAN_POINT('',(1.58E0,1.82E0,-4.2E0));
#7072=CARTESIAN_POINT('',(1.845E0,1.82E0,-4.2E0));
#7073=VERTEX_POINT('',#7071);
#7074=VERTEX_POINT('',#7072);
#7075=CARTESIAN_POINT('',(1.845E0,1.82E0,-3.5E0));
#7076=VERTEX_POINT('',#7075);
#7077=CARTESIAN_POINT('',(2.055E0,1.82E0,-3.5E0));
#7078=VERTEX_POINT('',#7077);
#7079=CARTESIAN_POINT('',(2.055E0,1.82E0,-4.2E0));
#7080=VERTEX_POINT('',#7079);
#7081=CARTESIAN_POINT('',(2.345E0,1.82E0,-4.2E0));
#7082=VERTEX_POINT('',#7081);
#7083=CARTESIAN_POINT('',(2.345E0,1.82E0,-3.5E0));
#7084=VERTEX_POINT('',#7083);
#7085=CARTESIAN_POINT('',(2.555E0,1.82E0,-3.5E0));
#7086=VERTEX_POINT('',#7085);
#7087=CARTESIAN_POINT('',(2.555E0,1.82E0,-4.2E0));
#7088=VERTEX_POINT('',#7087);
#7089=CARTESIAN_POINT('',(2.845E0,1.82E0,-4.2E0));
#7090=VERTEX_POINT('',#7089);
#7091=CARTESIAN_POINT('',(2.845E0,1.82E0,-3.5E0));
#7092=VERTEX_POINT('',#7091);
#7093=CARTESIAN_POINT('',(3.055E0,1.82E0,-3.5E0));
#7094=VERTEX_POINT('',#7093);
#7095=CARTESIAN_POINT('',(3.055E0,1.82E0,-4.2E0));
#7096=VERTEX_POINT('',#7095);
#7097=CARTESIAN_POINT('',(3.345E0,1.82E0,-4.2E0));
#7098=VERTEX_POINT('',#7097);
#7099=CARTESIAN_POINT('',(3.345E0,1.82E0,-3.5E0));
#7100=VERTEX_POINT('',#7099);
#7101=CARTESIAN_POINT('',(3.555E0,1.82E0,-3.5E0));
#7102=VERTEX_POINT('',#7101);
#7103=CARTESIAN_POINT('',(3.555E0,1.82E0,-4.2E0));
#7104=VERTEX_POINT('',#7103);
#7105=CARTESIAN_POINT('',(3.845E0,1.82E0,-4.2E0));
#7106=VERTEX_POINT('',#7105);
#7107=CARTESIAN_POINT('',(3.845E0,1.82E0,-3.5E0));
#7108=VERTEX_POINT('',#7107);
#7109=CARTESIAN_POINT('',(4.055E0,1.82E0,-3.5E0));
#7110=VERTEX_POINT('',#7109);
#7111=CARTESIAN_POINT('',(4.055E0,1.82E0,-4.2E0));
#7112=VERTEX_POINT('',#7111);
#7113=CARTESIAN_POINT('',(4.345E0,1.82E0,-4.2E0));
#7114=VERTEX_POINT('',#7113);
#7115=CARTESIAN_POINT('',(4.345E0,1.82E0,-3.5E0));
#7116=VERTEX_POINT('',#7115);
#7117=CARTESIAN_POINT('',(4.555E0,1.82E0,-3.5E0));
#7118=VERTEX_POINT('',#7117);
#7119=CARTESIAN_POINT('',(4.555E0,1.82E0,-4.2E0));
#7120=VERTEX_POINT('',#7119);
#7121=CARTESIAN_POINT('',(4.845E0,1.82E0,-4.2E0));
#7122=VERTEX_POINT('',#7121);
#7123=CARTESIAN_POINT('',(4.845E0,1.82E0,-3.5E0));
#7124=VERTEX_POINT('',#7123);
#7125=CARTESIAN_POINT('',(5.055E0,1.82E0,-3.5E0));
#7126=VERTEX_POINT('',#7125);
#7127=CARTESIAN_POINT('',(5.055E0,1.82E0,-4.2E0));
#7128=VERTEX_POINT('',#7127);
#7129=CARTESIAN_POINT('',(5.345E0,1.82E0,-4.2E0));
#7130=VERTEX_POINT('',#7129);
#7131=CARTESIAN_POINT('',(5.345E0,1.82E0,-3.5E0));
#7132=VERTEX_POINT('',#7131);
#7133=CARTESIAN_POINT('',(5.555E0,1.82E0,-3.5E0));
#7134=VERTEX_POINT('',#7133);
#7135=CARTESIAN_POINT('',(5.555E0,1.82E0,-4.2E0));
#7136=VERTEX_POINT('',#7135);
#7137=CARTESIAN_POINT('',(5.845E0,1.82E0,-4.2E0));
#7138=VERTEX_POINT('',#7137);
#7139=CARTESIAN_POINT('',(5.845E0,1.82E0,-3.5E0));
#7140=VERTEX_POINT('',#7139);
#7141=CARTESIAN_POINT('',(6.055E0,1.82E0,-3.5E0));
#7142=VERTEX_POINT('',#7141);
#7143=CARTESIAN_POINT('',(6.055E0,1.82E0,-4.2E0));
#7144=VERTEX_POINT('',#7143);
#7145=CARTESIAN_POINT('',(6.345E0,1.82E0,-4.2E0));
#7146=VERTEX_POINT('',#7145);
#7147=CARTESIAN_POINT('',(6.345E0,1.82E0,-3.5E0));
#7148=VERTEX_POINT('',#7147);
#7149=CARTESIAN_POINT('',(6.555E0,1.82E0,-3.5E0));
#7150=VERTEX_POINT('',#7149);
#7151=CARTESIAN_POINT('',(6.555E0,1.82E0,-4.2E0));
#7152=VERTEX_POINT('',#7151);
#7153=CARTESIAN_POINT('',(6.845E0,1.82E0,-4.2E0));
#7154=VERTEX_POINT('',#7153);
#7155=CARTESIAN_POINT('',(6.845E0,1.82E0,-3.5E0));
#7156=VERTEX_POINT('',#7155);
#7157=CARTESIAN_POINT('',(7.055E0,1.82E0,-3.5E0));
#7158=VERTEX_POINT('',#7157);
#7159=CARTESIAN_POINT('',(7.055E0,1.82E0,-4.2E0));
#7160=VERTEX_POINT('',#7159);
#7161=CARTESIAN_POINT('',(7.345E0,1.82E0,-4.2E0));
#7162=VERTEX_POINT('',#7161);
#7163=CARTESIAN_POINT('',(7.345E0,1.82E0,-3.5E0));
#7164=VERTEX_POINT('',#7163);
#7165=CARTESIAN_POINT('',(7.555E0,1.82E0,-3.5E0));
#7166=VERTEX_POINT('',#7165);
#7167=CARTESIAN_POINT('',(7.555E0,1.82E0,-4.2E0));
#7168=VERTEX_POINT('',#7167);
#7169=CARTESIAN_POINT('',(7.845E0,1.82E0,-4.2E0));
#7170=VERTEX_POINT('',#7169);
#7171=CARTESIAN_POINT('',(7.845E0,1.82E0,-3.5E0));
#7172=VERTEX_POINT('',#7171);
#7173=CARTESIAN_POINT('',(8.055E0,1.82E0,-3.5E0));
#7174=VERTEX_POINT('',#7173);
#7175=CARTESIAN_POINT('',(8.055E0,1.82E0,-4.2E0));
#7176=VERTEX_POINT('',#7175);
#7177=CARTESIAN_POINT('',(8.345E0,1.82E0,-4.2E0));
#7178=VERTEX_POINT('',#7177);
#7179=CARTESIAN_POINT('',(8.345E0,1.82E0,-3.5E0));
#7180=VERTEX_POINT('',#7179);
#7181=CARTESIAN_POINT('',(8.555E0,1.82E0,-3.5E0));
#7182=VERTEX_POINT('',#7181);
#7183=CARTESIAN_POINT('',(8.555E0,1.82E0,-4.2E0));
#7184=VERTEX_POINT('',#7183);
#7185=CARTESIAN_POINT('',(8.845E0,1.82E0,-4.2E0));
#7186=VERTEX_POINT('',#7185);
#7187=CARTESIAN_POINT('',(8.845E0,1.82E0,-3.5E0));
#7188=VERTEX_POINT('',#7187);
#7189=CARTESIAN_POINT('',(9.055E0,1.82E0,-3.5E0));
#7190=VERTEX_POINT('',#7189);
#7191=CARTESIAN_POINT('',(9.055E0,1.82E0,-4.2E0));
#7192=VERTEX_POINT('',#7191);
#7193=CARTESIAN_POINT('',(9.345E0,1.82E0,-4.2E0));
#7194=VERTEX_POINT('',#7193);
#7195=CARTESIAN_POINT('',(9.345E0,1.82E0,-3.5E0));
#7196=VERTEX_POINT('',#7195);
#7197=CARTESIAN_POINT('',(9.555E0,1.82E0,-3.5E0));
#7198=VERTEX_POINT('',#7197);
#7199=CARTESIAN_POINT('',(9.555E0,1.82E0,-4.2E0));
#7200=VERTEX_POINT('',#7199);
#7201=CARTESIAN_POINT('',(9.845E0,1.82E0,-4.2E0));
#7202=VERTEX_POINT('',#7201);
#7203=CARTESIAN_POINT('',(9.845E0,1.82E0,-3.5E0));
#7204=VERTEX_POINT('',#7203);
#7205=CARTESIAN_POINT('',(1.0055E1,1.82E0,-3.5E0));
#7206=VERTEX_POINT('',#7205);
#7207=CARTESIAN_POINT('',(1.0055E1,1.82E0,-4.2E0));
#7208=VERTEX_POINT('',#7207);
#7209=CARTESIAN_POINT('',(1.0345E1,1.82E0,-4.2E0));
#7210=VERTEX_POINT('',#7209);
#7211=CARTESIAN_POINT('',(1.0345E1,1.82E0,-3.5E0));
#7212=VERTEX_POINT('',#7211);
#7213=CARTESIAN_POINT('',(1.0555E1,1.82E0,-3.5E0));
#7214=VERTEX_POINT('',#7213);
#7215=CARTESIAN_POINT('',(1.0555E1,1.82E0,-4.2E0));
#7216=VERTEX_POINT('',#7215);
#7217=CARTESIAN_POINT('',(1.0845E1,1.82E0,-4.2E0));
#7218=VERTEX_POINT('',#7217);
#7219=CARTESIAN_POINT('',(1.0845E1,1.82E0,-3.5E0));
#7220=VERTEX_POINT('',#7219);
#7221=CARTESIAN_POINT('',(1.1055E1,1.82E0,-3.5E0));
#7222=VERTEX_POINT('',#7221);
#7223=CARTESIAN_POINT('',(1.1055E1,1.82E0,-4.2E0));
#7224=VERTEX_POINT('',#7223);
#7225=CARTESIAN_POINT('',(1.1345E1,1.82E0,-4.2E0));
#7226=VERTEX_POINT('',#7225);
#7227=CARTESIAN_POINT('',(1.1345E1,1.82E0,-3.5E0));
#7228=VERTEX_POINT('',#7227);
#7229=CARTESIAN_POINT('',(1.1555E1,1.82E0,-3.5E0));
#7230=VERTEX_POINT('',#7229);
#7231=CARTESIAN_POINT('',(1.1555E1,1.82E0,-4.2E0));
#7232=VERTEX_POINT('',#7231);
#7233=CARTESIAN_POINT('',(1.1845E1,1.82E0,-4.2E0));
#7234=VERTEX_POINT('',#7233);
#7235=CARTESIAN_POINT('',(1.1845E1,1.82E0,-3.5E0));
#7236=VERTEX_POINT('',#7235);
#7237=CARTESIAN_POINT('',(1.2055E1,1.82E0,-3.5E0));
#7238=VERTEX_POINT('',#7237);
#7239=CARTESIAN_POINT('',(1.2055E1,1.82E0,-4.2E0));
#7240=VERTEX_POINT('',#7239);
#7241=CARTESIAN_POINT('',(1.2345E1,1.82E0,-4.2E0));
#7242=VERTEX_POINT('',#7241);
#7243=CARTESIAN_POINT('',(1.2345E1,1.82E0,-3.5E0));
#7244=VERTEX_POINT('',#7243);
#7245=CARTESIAN_POINT('',(1.2555E1,1.82E0,-3.5E0));
#7246=VERTEX_POINT('',#7245);
#7247=CARTESIAN_POINT('',(1.2555E1,1.82E0,-4.2E0));
#7248=VERTEX_POINT('',#7247);
#7249=CARTESIAN_POINT('',(1.282E1,1.82E0,-4.2E0));
#7250=VERTEX_POINT('',#7249);
#7251=CARTESIAN_POINT('',(1.282E1,1.82E0,-2.05E0));
#7252=CARTESIAN_POINT('',(1.465E1,1.82E0,-2.05E0));
#7253=VERTEX_POINT('',#7251);
#7254=VERTEX_POINT('',#7252);
#7255=CARTESIAN_POINT('',(1.295E1,1.82E0,0.E0));
#7256=VERTEX_POINT('',#7255);
#7257=CARTESIAN_POINT('',(-2.5E-1,1.3E-1,-2.05E0));
#7258=VERTEX_POINT('',#7257);
#7259=CARTESIAN_POINT('',(-2.5E-1,1.3E-1,-4.2E0));
#7260=VERTEX_POINT('',#7259);
#7261=CARTESIAN_POINT('',(-2.5E-1,1.59E0,-4.2E0));
#7262=VERTEX_POINT('',#7261);
#7263=CARTESIAN_POINT('',(-2.5E-1,1.59E0,-2.05E0));
#7264=VERTEX_POINT('',#7263);
#7265=CARTESIAN_POINT('',(1.58E0,1.3E-1,-2.05E0));
#7266=VERTEX_POINT('',#7265);
#7267=CARTESIAN_POINT('',(1.465E1,1.3E-1,-4.2E0));
#7268=CARTESIAN_POINT('',(1.282E1,1.3E-1,-4.2E0));
#7269=VERTEX_POINT('',#7267);
#7270=VERTEX_POINT('',#7268);
#7271=CARTESIAN_POINT('',(1.465E1,1.3E-1,-2.05E0));
#7272=CARTESIAN_POINT('',(1.282E1,1.3E-1,-2.05E0));
#7273=VERTEX_POINT('',#7271);
#7274=VERTEX_POINT('',#7272);
#7275=CARTESIAN_POINT('',(1.58E0,1.3E-1,-4.2E0));
#7276=VERTEX_POINT('',#7275);
#7277=CARTESIAN_POINT('',(1.465E1,1.59E0,-4.2E0));
#7278=VERTEX_POINT('',#7277);
#7279=CARTESIAN_POINT('',(1.282E1,1.59E0,-4.2E0));
#7280=VERTEX_POINT('',#7279);
#7281=CARTESIAN_POINT('',(1.2555E1,1.62E0,-4.2E0));
#7282=VERTEX_POINT('',#7281);
#7283=CARTESIAN_POINT('',(1.2345E1,1.62E0,-4.2E0));
#7284=VERTEX_POINT('',#7283);
#7285=CARTESIAN_POINT('',(1.2055E1,1.62E0,-4.2E0));
#7286=VERTEX_POINT('',#7285);
#7287=CARTESIAN_POINT('',(1.1845E1,1.62E0,-4.2E0));
#7288=VERTEX_POINT('',#7287);
#7289=CARTESIAN_POINT('',(1.1555E1,1.62E0,-4.2E0));
#7290=VERTEX_POINT('',#7289);
#7291=CARTESIAN_POINT('',(1.1345E1,1.62E0,-4.2E0));
#7292=VERTEX_POINT('',#7291);
#7293=CARTESIAN_POINT('',(1.1055E1,1.62E0,-4.2E0));
#7294=VERTEX_POINT('',#7293);
#7295=CARTESIAN_POINT('',(1.0845E1,1.62E0,-4.2E0));
#7296=VERTEX_POINT('',#7295);
#7297=CARTESIAN_POINT('',(1.0555E1,1.62E0,-4.2E0));
#7298=VERTEX_POINT('',#7297);
#7299=CARTESIAN_POINT('',(1.0345E1,1.62E0,-4.2E0));
#7300=VERTEX_POINT('',#7299);
#7301=CARTESIAN_POINT('',(1.0055E1,1.62E0,-4.2E0));
#7302=VERTEX_POINT('',#7301);
#7303=CARTESIAN_POINT('',(9.845E0,1.62E0,-4.2E0));
#7304=VERTEX_POINT('',#7303);
#7305=CARTESIAN_POINT('',(9.555E0,1.62E0,-4.2E0));
#7306=VERTEX_POINT('',#7305);
#7307=CARTESIAN_POINT('',(9.345E0,1.62E0,-4.2E0));
#7308=VERTEX_POINT('',#7307);
#7309=CARTESIAN_POINT('',(9.055E0,1.62E0,-4.2E0));
#7310=VERTEX_POINT('',#7309);
#7311=CARTESIAN_POINT('',(8.845E0,1.62E0,-4.2E0));
#7312=VERTEX_POINT('',#7311);
#7313=CARTESIAN_POINT('',(8.555E0,1.62E0,-4.2E0));
#7314=VERTEX_POINT('',#7313);
#7315=CARTESIAN_POINT('',(8.345E0,1.62E0,-4.2E0));
#7316=VERTEX_POINT('',#7315);
#7317=CARTESIAN_POINT('',(8.055E0,1.62E0,-4.2E0));
#7318=VERTEX_POINT('',#7317);
#7319=CARTESIAN_POINT('',(7.845E0,1.62E0,-4.2E0));
#7320=VERTEX_POINT('',#7319);
#7321=CARTESIAN_POINT('',(7.555E0,1.62E0,-4.2E0));
#7322=VERTEX_POINT('',#7321);
#7323=CARTESIAN_POINT('',(7.345E0,1.62E0,-4.2E0));
#7324=VERTEX_POINT('',#7323);
#7325=CARTESIAN_POINT('',(7.055E0,1.62E0,-4.2E0));
#7326=VERTEX_POINT('',#7325);
#7327=CARTESIAN_POINT('',(6.845E0,1.62E0,-4.2E0));
#7328=VERTEX_POINT('',#7327);
#7329=CARTESIAN_POINT('',(6.555E0,1.62E0,-4.2E0));
#7330=VERTEX_POINT('',#7329);
#7331=CARTESIAN_POINT('',(6.345E0,1.62E0,-4.2E0));
#7332=VERTEX_POINT('',#7331);
#7333=CARTESIAN_POINT('',(6.055E0,1.62E0,-4.2E0));
#7334=VERTEX_POINT('',#7333);
#7335=CARTESIAN_POINT('',(5.845E0,1.62E0,-4.2E0));
#7336=VERTEX_POINT('',#7335);
#7337=CARTESIAN_POINT('',(5.555E0,1.62E0,-4.2E0));
#7338=VERTEX_POINT('',#7337);
#7339=CARTESIAN_POINT('',(5.345E0,1.62E0,-4.2E0));
#7340=VERTEX_POINT('',#7339);
#7341=CARTESIAN_POINT('',(5.055E0,1.62E0,-4.2E0));
#7342=VERTEX_POINT('',#7341);
#7343=CARTESIAN_POINT('',(4.845E0,1.62E0,-4.2E0));
#7344=VERTEX_POINT('',#7343);
#7345=CARTESIAN_POINT('',(4.555E0,1.62E0,-4.2E0));
#7346=VERTEX_POINT('',#7345);
#7347=CARTESIAN_POINT('',(4.345E0,1.62E0,-4.2E0));
#7348=VERTEX_POINT('',#7347);
#7349=CARTESIAN_POINT('',(4.055E0,1.62E0,-4.2E0));
#7350=VERTEX_POINT('',#7349);
#7351=CARTESIAN_POINT('',(3.845E0,1.62E0,-4.2E0));
#7352=VERTEX_POINT('',#7351);
#7353=CARTESIAN_POINT('',(3.555E0,1.62E0,-4.2E0));
#7354=VERTEX_POINT('',#7353);
#7355=CARTESIAN_POINT('',(3.345E0,1.62E0,-4.2E0));
#7356=VERTEX_POINT('',#7355);
#7357=CARTESIAN_POINT('',(3.055E0,1.62E0,-4.2E0));
#7358=VERTEX_POINT('',#7357);
#7359=CARTESIAN_POINT('',(2.845E0,1.62E0,-4.2E0));
#7360=VERTEX_POINT('',#7359);
#7361=CARTESIAN_POINT('',(2.555E0,1.62E0,-4.2E0));
#7362=VERTEX_POINT('',#7361);
#7363=CARTESIAN_POINT('',(2.345E0,1.62E0,-4.2E0));
#7364=VERTEX_POINT('',#7363);
#7365=CARTESIAN_POINT('',(2.055E0,1.62E0,-4.2E0));
#7366=VERTEX_POINT('',#7365);
#7367=CARTESIAN_POINT('',(1.845E0,1.62E0,-4.2E0));
#7368=VERTEX_POINT('',#7367);
#7369=CARTESIAN_POINT('',(1.58E0,1.59E0,-4.2E0));
#7370=VERTEX_POINT('',#7369);
#7371=CARTESIAN_POINT('',(1.465E1,1.59E0,-2.05E0));
#7372=VERTEX_POINT('',#7371);
#7373=CARTESIAN_POINT('',(1.282E1,1.59E0,-2.05E0));
#7374=VERTEX_POINT('',#7373);
#7375=CARTESIAN_POINT('',(1.2555E1,1.62E0,-3.5E0));
#7376=VERTEX_POINT('',#7375);
#7377=CARTESIAN_POINT('',(1.2345E1,1.62E0,-3.5E0));
#7378=VERTEX_POINT('',#7377);
#7379=CARTESIAN_POINT('',(1.845E0,1.62E0,-3.5E0));
#7380=CARTESIAN_POINT('',(2.055E0,1.62E0,-3.5E0));
#7381=VERTEX_POINT('',#7379);
#7382=VERTEX_POINT('',#7380);
#7383=CARTESIAN_POINT('',(1.1845E1,1.62E0,-3.5E0));
#7384=VERTEX_POINT('',#7383);
#7385=CARTESIAN_POINT('',(1.2055E1,1.62E0,-3.5E0));
#7386=VERTEX_POINT('',#7385);
#7387=CARTESIAN_POINT('',(2.345E0,1.62E0,-3.5E0));
#7388=CARTESIAN_POINT('',(2.555E0,1.62E0,-3.5E0));
#7389=VERTEX_POINT('',#7387);
#7390=VERTEX_POINT('',#7388);
#7391=CARTESIAN_POINT('',(2.845E0,1.62E0,-3.5E0));
#7392=CARTESIAN_POINT('',(3.055E0,1.62E0,-3.5E0));
#7393=VERTEX_POINT('',#7391);
#7394=VERTEX_POINT('',#7392);
#7395=CARTESIAN_POINT('',(3.345E0,1.62E0,-3.5E0));
#7396=CARTESIAN_POINT('',(3.555E0,1.62E0,-3.5E0));
#7397=VERTEX_POINT('',#7395);
#7398=VERTEX_POINT('',#7396);
#7399=CARTESIAN_POINT('',(3.845E0,1.62E0,-3.5E0));
#7400=CARTESIAN_POINT('',(4.055E0,1.62E0,-3.5E0));
#7401=VERTEX_POINT('',#7399);
#7402=VERTEX_POINT('',#7400);
#7403=CARTESIAN_POINT('',(4.345E0,1.62E0,-3.5E0));
#7404=CARTESIAN_POINT('',(4.555E0,1.62E0,-3.5E0));
#7405=VERTEX_POINT('',#7403);
#7406=VERTEX_POINT('',#7404);
#7407=CARTESIAN_POINT('',(4.845E0,1.62E0,-3.5E0));
#7408=CARTESIAN_POINT('',(5.055E0,1.62E0,-3.5E0));
#7409=VERTEX_POINT('',#7407);
#7410=VERTEX_POINT('',#7408);
#7411=CARTESIAN_POINT('',(5.345E0,1.62E0,-3.5E0));
#7412=CARTESIAN_POINT('',(5.555E0,1.62E0,-3.5E0));
#7413=VERTEX_POINT('',#7411);
#7414=VERTEX_POINT('',#7412);
#7415=CARTESIAN_POINT('',(5.845E0,1.62E0,-3.5E0));
#7416=CARTESIAN_POINT('',(6.055E0,1.62E0,-3.5E0));
#7417=VERTEX_POINT('',#7415);
#7418=VERTEX_POINT('',#7416);
#7419=CARTESIAN_POINT('',(6.345E0,1.62E0,-3.5E0));
#7420=CARTESIAN_POINT('',(6.555E0,1.62E0,-3.5E0));
#7421=VERTEX_POINT('',#7419);
#7422=VERTEX_POINT('',#7420);
#7423=CARTESIAN_POINT('',(1.1345E1,1.62E0,-3.5E0));
#7424=VERTEX_POINT('',#7423);
#7425=CARTESIAN_POINT('',(1.1555E1,1.62E0,-3.5E0));
#7426=VERTEX_POINT('',#7425);
#7427=CARTESIAN_POINT('',(1.0845E1,1.62E0,-3.5E0));
#7428=VERTEX_POINT('',#7427);
#7429=CARTESIAN_POINT('',(1.1055E1,1.62E0,-3.5E0));
#7430=VERTEX_POINT('',#7429);
#7431=CARTESIAN_POINT('',(1.0345E1,1.62E0,-3.5E0));
#7432=VERTEX_POINT('',#7431);
#7433=CARTESIAN_POINT('',(1.0555E1,1.62E0,-3.5E0));
#7434=VERTEX_POINT('',#7433);
#7435=CARTESIAN_POINT('',(9.845E0,1.62E0,-3.5E0));
#7436=VERTEX_POINT('',#7435);
#7437=CARTESIAN_POINT('',(1.0055E1,1.62E0,-3.5E0));
#7438=VERTEX_POINT('',#7437);
#7439=CARTESIAN_POINT('',(9.345E0,1.62E0,-3.5E0));
#7440=VERTEX_POINT('',#7439);
#7441=CARTESIAN_POINT('',(9.555E0,1.62E0,-3.5E0));
#7442=VERTEX_POINT('',#7441);
#7443=CARTESIAN_POINT('',(8.845E0,1.62E0,-3.5E0));
#7444=VERTEX_POINT('',#7443);
#7445=CARTESIAN_POINT('',(9.055E0,1.62E0,-3.5E0));
#7446=VERTEX_POINT('',#7445);
#7447=CARTESIAN_POINT('',(8.345E0,1.62E0,-3.5E0));
#7448=VERTEX_POINT('',#7447);
#7449=CARTESIAN_POINT('',(8.555E0,1.62E0,-3.5E0));
#7450=VERTEX_POINT('',#7449);
#7451=CARTESIAN_POINT('',(7.845E0,1.62E0,-3.5E0));
#7452=VERTEX_POINT('',#7451);
#7453=CARTESIAN_POINT('',(8.055E0,1.62E0,-3.5E0));
#7454=VERTEX_POINT('',#7453);
#7455=CARTESIAN_POINT('',(7.055E0,1.62E0,-3.5E0));
#7456=VERTEX_POINT('',#7455);
#7457=CARTESIAN_POINT('',(6.845E0,1.62E0,-3.5E0));
#7458=VERTEX_POINT('',#7457);
#7459=CARTESIAN_POINT('',(7.555E0,1.62E0,-3.5E0));
#7460=VERTEX_POINT('',#7459);
#7461=CARTESIAN_POINT('',(7.345E0,1.62E0,-3.5E0));
#7462=VERTEX_POINT('',#7461);
#7463=CARTESIAN_POINT('',(1.58E0,1.59E0,-2.05E0));
#7464=VERTEX_POINT('',#7463);
#7465=CARTESIAN_POINT('',(1.295E1,1.21E0,-1.335968372966E-14));
#7466=VERTEX_POINT('',#7465);
#7467=CARTESIAN_POINT('',(1.295E1,1.1E-1,-7.3E-1));
#7468=CARTESIAN_POINT('',(1.305E1,1.1E-1,-7.3E-1));
#7469=VERTEX_POINT('',#7467);
#7470=VERTEX_POINT('',#7468);
#7471=CARTESIAN_POINT('',(1.295E1,8.2E-1,-7.3E-1));
#7472=CARTESIAN_POINT('',(1.317E1,8.2E-1,-7.3E-1));
#7473=VERTEX_POINT('',#7471);
#7474=VERTEX_POINT('',#7472);
#7475=CARTESIAN_POINT('',(1.317E1,1.32E0,-7.3E-1));
#7476=VERTEX_POINT('',#7475);
#7477=CARTESIAN_POINT('',(1.375E1,1.32E0,-7.3E-1));
#7478=CARTESIAN_POINT('',(1.375E1,5.3E-1,-7.3E-1));
#7479=VERTEX_POINT('',#7477);
#7480=VERTEX_POINT('',#7478);
#7481=CARTESIAN_POINT('',(1.305E1,5.3E-1,-7.3E-1));
#7482=VERTEX_POINT('',#7481);
#7483=CARTESIAN_POINT('',(1.35E0,1.1E-1,-7.3E-1));
#7484=CARTESIAN_POINT('',(1.45E0,1.1E-1,-7.3E-1));
#7485=VERTEX_POINT('',#7483);
#7486=VERTEX_POINT('',#7484);
#7487=CARTESIAN_POINT('',(1.45E0,8.2E-1,-7.3E-1));
#7488=CARTESIAN_POINT('',(1.23E0,8.2E-1,-7.3E-1));
#7489=VERTEX_POINT('',#7487);
#7490=VERTEX_POINT('',#7488);
#7491=CARTESIAN_POINT('',(1.35E0,5.3E-1,-7.3E-1));
#7492=CARTESIAN_POINT('',(6.5E-1,5.3E-1,-7.3E-1));
#7493=VERTEX_POINT('',#7491);
#7494=VERTEX_POINT('',#7492);
#7495=CARTESIAN_POINT('',(6.5E-1,1.32E0,-7.3E-1));
#7496=VERTEX_POINT('',#7495);
#7497=CARTESIAN_POINT('',(1.23E0,1.32E0,-7.3E-1));
#7498=VERTEX_POINT('',#7497);
#7499=CARTESIAN_POINT('',(1.295E1,1.1E-1,-9.E-1));
#7500=VERTEX_POINT('',#7499);
#7501=CARTESIAN_POINT('',(1.295E1,8.2E-1,-9.E-1));
#7502=VERTEX_POINT('',#7501);
#7503=CARTESIAN_POINT('',(1.45E0,1.1E-1,-9.E-1));
#7504=VERTEX_POINT('',#7503);
#7505=CARTESIAN_POINT('',(1.45E0,8.2E-1,-9.E-1));
#7506=VERTEX_POINT('',#7505);
#7507=CARTESIAN_POINT('',(1.3E1,8.2E-1,-9.E-1));
#7508=VERTEX_POINT('',#7507);
#7509=CARTESIAN_POINT('',(1.4E0,6.7E-1,-2.35E0));
#7510=CARTESIAN_POINT('',(1.3E1,6.7E-1,-2.35E0));
#7511=VERTEX_POINT('',#7509);
#7512=VERTEX_POINT('',#7510);
#7513=CARTESIAN_POINT('',(1.4E0,8.2E-1,-9.E-1));
#7514=VERTEX_POINT('',#7513);
#7515=CARTESIAN_POINT('',(1.4E0,8.2E-1,-2.35E0));
#7516=VERTEX_POINT('',#7515);
#7517=CARTESIAN_POINT('',(1.3E1,8.2E-1,-2.35E0));
#7518=VERTEX_POINT('',#7517);
#7519=CARTESIAN_POINT('',(1.2355E1,1.161309404785E0,-2.639767379872E0));
#7520=CARTESIAN_POINT('',(1.2355E1,1.202881069727E0,-7.274707925646E-1));
#7521=VERTEX_POINT('',#7519);
#7522=VERTEX_POINT('',#7520);
#7523=CARTESIAN_POINT('',(1.2545E1,1.202881069727E0,-7.274707925646E-1));
#7524=VERTEX_POINT('',#7523);
#7525=CARTESIAN_POINT('',(1.2545E1,1.161309404785E0,-2.639767379872E0));
#7526=VERTEX_POINT('',#7525);
#7527=CARTESIAN_POINT('',(1.2355E1,1.62E0,-4.2E0));
#7528=CARTESIAN_POINT('',(1.2355E1,2.5E-1,-4.2E0));
#7529=VERTEX_POINT('',#7527);
#7530=VERTEX_POINT('',#7528);
#7531=CARTESIAN_POINT('',(1.2545E1,2.5E-1,-4.2E0));
#7532=VERTEX_POINT('',#7531);
#7533=CARTESIAN_POINT('',(1.2545E1,1.62E0,-4.2E0));
#7534=VERTEX_POINT('',#7533);
#7535=CARTESIAN_POINT('',(1.2355E1,1.62E0,-4.09E0));
#7536=VERTEX_POINT('',#7535);
#7537=CARTESIAN_POINT('',(1.2545E1,1.62E0,-4.09E0));
#7538=VERTEX_POINT('',#7537);
#7539=CARTESIAN_POINT('',(1.1855E1,1.161309404785E0,-2.639767379872E0));
#7540=CARTESIAN_POINT('',(1.1855E1,1.202881069727E0,-7.274707925646E-1));
#7541=VERTEX_POINT('',#7539);
#7542=VERTEX_POINT('',#7540);
#7543=CARTESIAN_POINT('',(1.2045E1,1.202881069727E0,-7.274707925646E-1));
#7544=VERTEX_POINT('',#7543);
#7545=CARTESIAN_POINT('',(1.2045E1,1.161309404785E0,-2.639767379872E0));
#7546=VERTEX_POINT('',#7545);
#7547=CARTESIAN_POINT('',(1.1855E1,1.62E0,-4.2E0));
#7548=CARTESIAN_POINT('',(1.1855E1,2.5E-1,-4.2E0));
#7549=VERTEX_POINT('',#7547);
#7550=VERTEX_POINT('',#7548);
#7551=CARTESIAN_POINT('',(1.2045E1,2.5E-1,-4.2E0));
#7552=VERTEX_POINT('',#7551);
#7553=CARTESIAN_POINT('',(1.2045E1,1.62E0,-4.2E0));
#7554=VERTEX_POINT('',#7553);
#7555=CARTESIAN_POINT('',(1.1855E1,1.62E0,-4.09E0));
#7556=VERTEX_POINT('',#7555);
#7557=CARTESIAN_POINT('',(1.2045E1,1.62E0,-4.09E0));
#7558=VERTEX_POINT('',#7557);
#7559=CARTESIAN_POINT('',(1.1355E1,1.161309404785E0,-2.639767379872E0));
#7560=CARTESIAN_POINT('',(1.1355E1,1.202881069727E0,-7.274707925646E-1));
#7561=VERTEX_POINT('',#7559);
#7562=VERTEX_POINT('',#7560);
#7563=CARTESIAN_POINT('',(1.1545E1,1.202881069727E0,-7.274707925646E-1));
#7564=VERTEX_POINT('',#7563);
#7565=CARTESIAN_POINT('',(1.1545E1,1.161309404785E0,-2.639767379872E0));
#7566=VERTEX_POINT('',#7565);
#7567=CARTESIAN_POINT('',(1.1355E1,1.62E0,-4.2E0));
#7568=CARTESIAN_POINT('',(1.1355E1,2.5E-1,-4.2E0));
#7569=VERTEX_POINT('',#7567);
#7570=VERTEX_POINT('',#7568);
#7571=CARTESIAN_POINT('',(1.1545E1,2.5E-1,-4.2E0));
#7572=VERTEX_POINT('',#7571);
#7573=CARTESIAN_POINT('',(1.1545E1,1.62E0,-4.2E0));
#7574=VERTEX_POINT('',#7573);
#7575=CARTESIAN_POINT('',(1.1355E1,1.62E0,-4.09E0));
#7576=VERTEX_POINT('',#7575);
#7577=CARTESIAN_POINT('',(1.1545E1,1.62E0,-4.09E0));
#7578=VERTEX_POINT('',#7577);
#7579=CARTESIAN_POINT('',(1.0855E1,1.161309404785E0,-2.639767379872E0));
#7580=CARTESIAN_POINT('',(1.0855E1,1.202881069727E0,-7.274707925646E-1));
#7581=VERTEX_POINT('',#7579);
#7582=VERTEX_POINT('',#7580);
#7583=CARTESIAN_POINT('',(1.1045E1,1.202881069727E0,-7.274707925646E-1));
#7584=VERTEX_POINT('',#7583);
#7585=CARTESIAN_POINT('',(1.1045E1,1.161309404785E0,-2.639767379872E0));
#7586=VERTEX_POINT('',#7585);
#7587=CARTESIAN_POINT('',(1.0855E1,1.62E0,-4.2E0));
#7588=CARTESIAN_POINT('',(1.0855E1,2.5E-1,-4.2E0));
#7589=VERTEX_POINT('',#7587);
#7590=VERTEX_POINT('',#7588);
#7591=CARTESIAN_POINT('',(1.1045E1,2.5E-1,-4.2E0));
#7592=VERTEX_POINT('',#7591);
#7593=CARTESIAN_POINT('',(1.1045E1,1.62E0,-4.2E0));
#7594=VERTEX_POINT('',#7593);
#7595=CARTESIAN_POINT('',(1.0855E1,1.62E0,-4.09E0));
#7596=VERTEX_POINT('',#7595);
#7597=CARTESIAN_POINT('',(1.1045E1,1.62E0,-4.09E0));
#7598=VERTEX_POINT('',#7597);
#7599=CARTESIAN_POINT('',(1.0355E1,1.161309404785E0,-2.639767379872E0));
#7600=CARTESIAN_POINT('',(1.0355E1,1.202881069727E0,-7.274707925646E-1));
#7601=VERTEX_POINT('',#7599);
#7602=VERTEX_POINT('',#7600);
#7603=CARTESIAN_POINT('',(1.0545E1,1.202881069727E0,-7.274707925646E-1));
#7604=VERTEX_POINT('',#7603);
#7605=CARTESIAN_POINT('',(1.0545E1,1.161309404785E0,-2.639767379872E0));
#7606=VERTEX_POINT('',#7605);
#7607=CARTESIAN_POINT('',(1.0355E1,1.62E0,-4.2E0));
#7608=CARTESIAN_POINT('',(1.0355E1,2.5E-1,-4.2E0));
#7609=VERTEX_POINT('',#7607);
#7610=VERTEX_POINT('',#7608);
#7611=CARTESIAN_POINT('',(1.0545E1,2.5E-1,-4.2E0));
#7612=VERTEX_POINT('',#7611);
#7613=CARTESIAN_POINT('',(1.0545E1,1.62E0,-4.2E0));
#7614=VERTEX_POINT('',#7613);
#7615=CARTESIAN_POINT('',(1.0355E1,1.62E0,-4.09E0));
#7616=VERTEX_POINT('',#7615);
#7617=CARTESIAN_POINT('',(1.0545E1,1.62E0,-4.09E0));
#7618=VERTEX_POINT('',#7617);
#7619=CARTESIAN_POINT('',(9.855E0,1.161309404785E0,-2.639767379872E0));
#7620=CARTESIAN_POINT('',(9.855E0,1.202881069727E0,-7.274707925646E-1));
#7621=VERTEX_POINT('',#7619);
#7622=VERTEX_POINT('',#7620);
#7623=CARTESIAN_POINT('',(1.0045E1,1.202881069727E0,-7.274707925646E-1));
#7624=VERTEX_POINT('',#7623);
#7625=CARTESIAN_POINT('',(1.0045E1,1.161309404785E0,-2.639767379872E0));
#7626=VERTEX_POINT('',#7625);
#7627=CARTESIAN_POINT('',(9.855E0,1.62E0,-4.2E0));
#7628=CARTESIAN_POINT('',(9.855E0,2.5E-1,-4.2E0));
#7629=VERTEX_POINT('',#7627);
#7630=VERTEX_POINT('',#7628);
#7631=CARTESIAN_POINT('',(1.0045E1,2.5E-1,-4.2E0));
#7632=VERTEX_POINT('',#7631);
#7633=CARTESIAN_POINT('',(1.0045E1,1.62E0,-4.2E0));
#7634=VERTEX_POINT('',#7633);
#7635=CARTESIAN_POINT('',(9.855E0,1.62E0,-4.09E0));
#7636=VERTEX_POINT('',#7635);
#7637=CARTESIAN_POINT('',(1.0045E1,1.62E0,-4.09E0));
#7638=VERTEX_POINT('',#7637);
#7639=CARTESIAN_POINT('',(9.355E0,1.161309404785E0,-2.639767379872E0));
#7640=CARTESIAN_POINT('',(9.355E0,1.202881069727E0,-7.274707925646E-1));
#7641=VERTEX_POINT('',#7639);
#7642=VERTEX_POINT('',#7640);
#7643=CARTESIAN_POINT('',(9.545E0,1.202881069727E0,-7.274707925646E-1));
#7644=VERTEX_POINT('',#7643);
#7645=CARTESIAN_POINT('',(9.545E0,1.161309404785E0,-2.639767379872E0));
#7646=VERTEX_POINT('',#7645);
#7647=CARTESIAN_POINT('',(9.355E0,1.62E0,-4.2E0));
#7648=CARTESIAN_POINT('',(9.355E0,2.5E-1,-4.2E0));
#7649=VERTEX_POINT('',#7647);
#7650=VERTEX_POINT('',#7648);
#7651=CARTESIAN_POINT('',(9.545E0,2.5E-1,-4.2E0));
#7652=VERTEX_POINT('',#7651);
#7653=CARTESIAN_POINT('',(9.545E0,1.62E0,-4.2E0));
#7654=VERTEX_POINT('',#7653);
#7655=CARTESIAN_POINT('',(9.355E0,1.62E0,-4.09E0));
#7656=VERTEX_POINT('',#7655);
#7657=CARTESIAN_POINT('',(9.545E0,1.62E0,-4.09E0));
#7658=VERTEX_POINT('',#7657);
#7659=CARTESIAN_POINT('',(8.855E0,1.161309404785E0,-2.639767379872E0));
#7660=CARTESIAN_POINT('',(8.855E0,1.202881069727E0,-7.274707925646E-1));
#7661=VERTEX_POINT('',#7659);
#7662=VERTEX_POINT('',#7660);
#7663=CARTESIAN_POINT('',(9.045E0,1.202881069727E0,-7.274707925646E-1));
#7664=VERTEX_POINT('',#7663);
#7665=CARTESIAN_POINT('',(9.045E0,1.161309404785E0,-2.639767379872E0));
#7666=VERTEX_POINT('',#7665);
#7667=CARTESIAN_POINT('',(8.855E0,1.62E0,-4.2E0));
#7668=CARTESIAN_POINT('',(8.855E0,2.5E-1,-4.2E0));
#7669=VERTEX_POINT('',#7667);
#7670=VERTEX_POINT('',#7668);
#7671=CARTESIAN_POINT('',(9.045E0,2.5E-1,-4.2E0));
#7672=VERTEX_POINT('',#7671);
#7673=CARTESIAN_POINT('',(9.045E0,1.62E0,-4.2E0));
#7674=VERTEX_POINT('',#7673);
#7675=CARTESIAN_POINT('',(8.855E0,1.62E0,-4.09E0));
#7676=VERTEX_POINT('',#7675);
#7677=CARTESIAN_POINT('',(9.045E0,1.62E0,-4.09E0));
#7678=VERTEX_POINT('',#7677);
#7679=CARTESIAN_POINT('',(8.355E0,1.161309404785E0,-2.639767379872E0));
#7680=CARTESIAN_POINT('',(8.355E0,1.202881069727E0,-7.274707925646E-1));
#7681=VERTEX_POINT('',#7679);
#7682=VERTEX_POINT('',#7680);
#7683=CARTESIAN_POINT('',(8.545E0,1.202881069727E0,-7.274707925646E-1));
#7684=VERTEX_POINT('',#7683);
#7685=CARTESIAN_POINT('',(8.545E0,1.161309404785E0,-2.639767379872E0));
#7686=VERTEX_POINT('',#7685);
#7687=CARTESIAN_POINT('',(8.355E0,1.62E0,-4.2E0));
#7688=CARTESIAN_POINT('',(8.355E0,2.5E-1,-4.2E0));
#7689=VERTEX_POINT('',#7687);
#7690=VERTEX_POINT('',#7688);
#7691=CARTESIAN_POINT('',(8.545E0,2.5E-1,-4.2E0));
#7692=VERTEX_POINT('',#7691);
#7693=CARTESIAN_POINT('',(8.545E0,1.62E0,-4.2E0));
#7694=VERTEX_POINT('',#7693);
#7695=CARTESIAN_POINT('',(8.355E0,1.62E0,-4.09E0));
#7696=VERTEX_POINT('',#7695);
#7697=CARTESIAN_POINT('',(8.545E0,1.62E0,-4.09E0));
#7698=VERTEX_POINT('',#7697);
#7699=CARTESIAN_POINT('',(7.855E0,1.161309404785E0,-2.639767379872E0));
#7700=CARTESIAN_POINT('',(7.855E0,1.202881069727E0,-7.274707925646E-1));
#7701=VERTEX_POINT('',#7699);
#7702=VERTEX_POINT('',#7700);
#7703=CARTESIAN_POINT('',(8.045E0,1.202881069727E0,-7.274707925646E-1));
#7704=VERTEX_POINT('',#7703);
#7705=CARTESIAN_POINT('',(8.045E0,1.161309404785E0,-2.639767379872E0));
#7706=VERTEX_POINT('',#7705);
#7707=CARTESIAN_POINT('',(7.855E0,1.62E0,-4.2E0));
#7708=CARTESIAN_POINT('',(7.855E0,2.5E-1,-4.2E0));
#7709=VERTEX_POINT('',#7707);
#7710=VERTEX_POINT('',#7708);
#7711=CARTESIAN_POINT('',(8.045E0,2.5E-1,-4.2E0));
#7712=VERTEX_POINT('',#7711);
#7713=CARTESIAN_POINT('',(8.045E0,1.62E0,-4.2E0));
#7714=VERTEX_POINT('',#7713);
#7715=CARTESIAN_POINT('',(7.855E0,1.62E0,-4.09E0));
#7716=VERTEX_POINT('',#7715);
#7717=CARTESIAN_POINT('',(8.045E0,1.62E0,-4.09E0));
#7718=VERTEX_POINT('',#7717);
#7719=CARTESIAN_POINT('',(7.355E0,1.161309404785E0,-2.639767379872E0));
#7720=CARTESIAN_POINT('',(7.355E0,1.202881069727E0,-7.274707925646E-1));
#7721=VERTEX_POINT('',#7719);
#7722=VERTEX_POINT('',#7720);
#7723=CARTESIAN_POINT('',(7.545E0,1.202881069727E0,-7.274707925646E-1));
#7724=VERTEX_POINT('',#7723);
#7725=CARTESIAN_POINT('',(7.545E0,1.161309404785E0,-2.639767379872E0));
#7726=VERTEX_POINT('',#7725);
#7727=CARTESIAN_POINT('',(7.355E0,1.62E0,-4.2E0));
#7728=CARTESIAN_POINT('',(7.355E0,2.5E-1,-4.2E0));
#7729=VERTEX_POINT('',#7727);
#7730=VERTEX_POINT('',#7728);
#7731=CARTESIAN_POINT('',(7.545E0,2.5E-1,-4.2E0));
#7732=VERTEX_POINT('',#7731);
#7733=CARTESIAN_POINT('',(7.545E0,1.62E0,-4.2E0));
#7734=VERTEX_POINT('',#7733);
#7735=CARTESIAN_POINT('',(7.355E0,1.62E0,-4.09E0));
#7736=VERTEX_POINT('',#7735);
#7737=CARTESIAN_POINT('',(7.545E0,1.62E0,-4.09E0));
#7738=VERTEX_POINT('',#7737);
#7739=CARTESIAN_POINT('',(6.855E0,1.161309404785E0,-2.639767379872E0));
#7740=CARTESIAN_POINT('',(6.855E0,1.202881069727E0,-7.274707925646E-1));
#7741=VERTEX_POINT('',#7739);
#7742=VERTEX_POINT('',#7740);
#7743=CARTESIAN_POINT('',(7.045E0,1.202881069727E0,-7.274707925646E-1));
#7744=VERTEX_POINT('',#7743);
#7745=CARTESIAN_POINT('',(7.045E0,1.161309404785E0,-2.639767379872E0));
#7746=VERTEX_POINT('',#7745);
#7747=CARTESIAN_POINT('',(6.855E0,1.62E0,-4.2E0));
#7748=CARTESIAN_POINT('',(6.855E0,2.5E-1,-4.2E0));
#7749=VERTEX_POINT('',#7747);
#7750=VERTEX_POINT('',#7748);
#7751=CARTESIAN_POINT('',(7.045E0,2.5E-1,-4.2E0));
#7752=VERTEX_POINT('',#7751);
#7753=CARTESIAN_POINT('',(7.045E0,1.62E0,-4.2E0));
#7754=VERTEX_POINT('',#7753);
#7755=CARTESIAN_POINT('',(6.855E0,1.62E0,-4.09E0));
#7756=VERTEX_POINT('',#7755);
#7757=CARTESIAN_POINT('',(7.045E0,1.62E0,-4.09E0));
#7758=VERTEX_POINT('',#7757);
#7759=CARTESIAN_POINT('',(6.355E0,1.161309404785E0,-2.639767379872E0));
#7760=CARTESIAN_POINT('',(6.355E0,1.202881069727E0,-7.274707925646E-1));
#7761=VERTEX_POINT('',#7759);
#7762=VERTEX_POINT('',#7760);
#7763=CARTESIAN_POINT('',(6.545E0,1.202881069727E0,-7.274707925646E-1));
#7764=VERTEX_POINT('',#7763);
#7765=CARTESIAN_POINT('',(6.545E0,1.161309404785E0,-2.639767379872E0));
#7766=VERTEX_POINT('',#7765);
#7767=CARTESIAN_POINT('',(6.355E0,1.62E0,-4.2E0));
#7768=CARTESIAN_POINT('',(6.355E0,2.5E-1,-4.2E0));
#7769=VERTEX_POINT('',#7767);
#7770=VERTEX_POINT('',#7768);
#7771=CARTESIAN_POINT('',(6.545E0,2.5E-1,-4.2E0));
#7772=VERTEX_POINT('',#7771);
#7773=CARTESIAN_POINT('',(6.545E0,1.62E0,-4.2E0));
#7774=VERTEX_POINT('',#7773);
#7775=CARTESIAN_POINT('',(6.355E0,1.62E0,-4.09E0));
#7776=VERTEX_POINT('',#7775);
#7777=CARTESIAN_POINT('',(6.545E0,1.62E0,-4.09E0));
#7778=VERTEX_POINT('',#7777);
#7779=CARTESIAN_POINT('',(5.855E0,1.161309404785E0,-2.639767379872E0));
#7780=CARTESIAN_POINT('',(5.855E0,1.202881069727E0,-7.274707925646E-1));
#7781=VERTEX_POINT('',#7779);
#7782=VERTEX_POINT('',#7780);
#7783=CARTESIAN_POINT('',(6.045E0,1.202881069727E0,-7.274707925646E-1));
#7784=VERTEX_POINT('',#7783);
#7785=CARTESIAN_POINT('',(6.045E0,1.161309404785E0,-2.639767379872E0));
#7786=VERTEX_POINT('',#7785);
#7787=CARTESIAN_POINT('',(5.855E0,1.62E0,-4.2E0));
#7788=CARTESIAN_POINT('',(5.855E0,2.5E-1,-4.2E0));
#7789=VERTEX_POINT('',#7787);
#7790=VERTEX_POINT('',#7788);
#7791=CARTESIAN_POINT('',(6.045E0,2.5E-1,-4.2E0));
#7792=VERTEX_POINT('',#7791);
#7793=CARTESIAN_POINT('',(6.045E0,1.62E0,-4.2E0));
#7794=VERTEX_POINT('',#7793);
#7795=CARTESIAN_POINT('',(5.855E0,1.62E0,-4.09E0));
#7796=VERTEX_POINT('',#7795);
#7797=CARTESIAN_POINT('',(6.045E0,1.62E0,-4.09E0));
#7798=VERTEX_POINT('',#7797);
#7799=CARTESIAN_POINT('',(5.355E0,1.161309404785E0,-2.639767379872E0));
#7800=CARTESIAN_POINT('',(5.355E0,1.202881069727E0,-7.274707925646E-1));
#7801=VERTEX_POINT('',#7799);
#7802=VERTEX_POINT('',#7800);
#7803=CARTESIAN_POINT('',(5.545E0,1.202881069727E0,-7.274707925646E-1));
#7804=VERTEX_POINT('',#7803);
#7805=CARTESIAN_POINT('',(5.545E0,1.161309404785E0,-2.639767379872E0));
#7806=VERTEX_POINT('',#7805);
#7807=CARTESIAN_POINT('',(5.355E0,1.62E0,-4.2E0));
#7808=CARTESIAN_POINT('',(5.355E0,2.5E-1,-4.2E0));
#7809=VERTEX_POINT('',#7807);
#7810=VERTEX_POINT('',#7808);
#7811=CARTESIAN_POINT('',(5.545E0,2.5E-1,-4.2E0));
#7812=VERTEX_POINT('',#7811);
#7813=CARTESIAN_POINT('',(5.545E0,1.62E0,-4.2E0));
#7814=VERTEX_POINT('',#7813);
#7815=CARTESIAN_POINT('',(5.355E0,1.62E0,-4.09E0));
#7816=VERTEX_POINT('',#7815);
#7817=CARTESIAN_POINT('',(5.545E0,1.62E0,-4.09E0));
#7818=VERTEX_POINT('',#7817);
#7819=CARTESIAN_POINT('',(4.855E0,1.161309404785E0,-2.639767379872E0));
#7820=CARTESIAN_POINT('',(4.855E0,1.202881069727E0,-7.274707925646E-1));
#7821=VERTEX_POINT('',#7819);
#7822=VERTEX_POINT('',#7820);
#7823=CARTESIAN_POINT('',(5.045E0,1.202881069727E0,-7.274707925646E-1));
#7824=VERTEX_POINT('',#7823);
#7825=CARTESIAN_POINT('',(5.045E0,1.161309404785E0,-2.639767379872E0));
#7826=VERTEX_POINT('',#7825);
#7827=CARTESIAN_POINT('',(4.855E0,1.62E0,-4.2E0));
#7828=CARTESIAN_POINT('',(4.855E0,2.5E-1,-4.2E0));
#7829=VERTEX_POINT('',#7827);
#7830=VERTEX_POINT('',#7828);
#7831=CARTESIAN_POINT('',(5.045E0,2.5E-1,-4.2E0));
#7832=VERTEX_POINT('',#7831);
#7833=CARTESIAN_POINT('',(5.045E0,1.62E0,-4.2E0));
#7834=VERTEX_POINT('',#7833);
#7835=CARTESIAN_POINT('',(4.855E0,1.62E0,-4.09E0));
#7836=VERTEX_POINT('',#7835);
#7837=CARTESIAN_POINT('',(5.045E0,1.62E0,-4.09E0));
#7838=VERTEX_POINT('',#7837);
#7839=CARTESIAN_POINT('',(4.355E0,1.161309404785E0,-2.639767379872E0));
#7840=CARTESIAN_POINT('',(4.355E0,1.202881069727E0,-7.274707925646E-1));
#7841=VERTEX_POINT('',#7839);
#7842=VERTEX_POINT('',#7840);
#7843=CARTESIAN_POINT('',(4.545E0,1.202881069727E0,-7.274707925646E-1));
#7844=VERTEX_POINT('',#7843);
#7845=CARTESIAN_POINT('',(4.545E0,1.161309404785E0,-2.639767379872E0));
#7846=VERTEX_POINT('',#7845);
#7847=CARTESIAN_POINT('',(4.355E0,1.62E0,-4.2E0));
#7848=CARTESIAN_POINT('',(4.355E0,2.5E-1,-4.2E0));
#7849=VERTEX_POINT('',#7847);
#7850=VERTEX_POINT('',#7848);
#7851=CARTESIAN_POINT('',(4.545E0,2.5E-1,-4.2E0));
#7852=VERTEX_POINT('',#7851);
#7853=CARTESIAN_POINT('',(4.545E0,1.62E0,-4.2E0));
#7854=VERTEX_POINT('',#7853);
#7855=CARTESIAN_POINT('',(4.355E0,1.62E0,-4.09E0));
#7856=VERTEX_POINT('',#7855);
#7857=CARTESIAN_POINT('',(4.545E0,1.62E0,-4.09E0));
#7858=VERTEX_POINT('',#7857);
#7859=CARTESIAN_POINT('',(3.855E0,1.161309404785E0,-2.639767379872E0));
#7860=CARTESIAN_POINT('',(3.855E0,1.202881069727E0,-7.274707925646E-1));
#7861=VERTEX_POINT('',#7859);
#7862=VERTEX_POINT('',#7860);
#7863=CARTESIAN_POINT('',(4.045E0,1.202881069727E0,-7.274707925646E-1));
#7864=VERTEX_POINT('',#7863);
#7865=CARTESIAN_POINT('',(4.045E0,1.161309404785E0,-2.639767379872E0));
#7866=VERTEX_POINT('',#7865);
#7867=CARTESIAN_POINT('',(3.855E0,1.62E0,-4.2E0));
#7868=CARTESIAN_POINT('',(3.855E0,2.5E-1,-4.2E0));
#7869=VERTEX_POINT('',#7867);
#7870=VERTEX_POINT('',#7868);
#7871=CARTESIAN_POINT('',(4.045E0,2.5E-1,-4.2E0));
#7872=VERTEX_POINT('',#7871);
#7873=CARTESIAN_POINT('',(4.045E0,1.62E0,-4.2E0));
#7874=VERTEX_POINT('',#7873);
#7875=CARTESIAN_POINT('',(3.855E0,1.62E0,-4.09E0));
#7876=VERTEX_POINT('',#7875);
#7877=CARTESIAN_POINT('',(4.045E0,1.62E0,-4.09E0));
#7878=VERTEX_POINT('',#7877);
#7879=CARTESIAN_POINT('',(3.355E0,1.161309404785E0,-2.639767379872E0));
#7880=CARTESIAN_POINT('',(3.355E0,1.202881069727E0,-7.274707925646E-1));
#7881=VERTEX_POINT('',#7879);
#7882=VERTEX_POINT('',#7880);
#7883=CARTESIAN_POINT('',(3.545E0,1.202881069727E0,-7.274707925646E-1));
#7884=VERTEX_POINT('',#7883);
#7885=CARTESIAN_POINT('',(3.545E0,1.161309404785E0,-2.639767379872E0));
#7886=VERTEX_POINT('',#7885);
#7887=CARTESIAN_POINT('',(3.355E0,1.62E0,-4.2E0));
#7888=CARTESIAN_POINT('',(3.355E0,2.5E-1,-4.2E0));
#7889=VERTEX_POINT('',#7887);
#7890=VERTEX_POINT('',#7888);
#7891=CARTESIAN_POINT('',(3.545E0,2.5E-1,-4.2E0));
#7892=VERTEX_POINT('',#7891);
#7893=CARTESIAN_POINT('',(3.545E0,1.62E0,-4.2E0));
#7894=VERTEX_POINT('',#7893);
#7895=CARTESIAN_POINT('',(3.355E0,1.62E0,-4.09E0));
#7896=VERTEX_POINT('',#7895);
#7897=CARTESIAN_POINT('',(3.545E0,1.62E0,-4.09E0));
#7898=VERTEX_POINT('',#7897);
#7899=CARTESIAN_POINT('',(2.855E0,1.161309404785E0,-2.639767379872E0));
#7900=CARTESIAN_POINT('',(2.855E0,1.202881069727E0,-7.274707925646E-1));
#7901=VERTEX_POINT('',#7899);
#7902=VERTEX_POINT('',#7900);
#7903=CARTESIAN_POINT('',(3.045E0,1.202881069727E0,-7.274707925646E-1));
#7904=VERTEX_POINT('',#7903);
#7905=CARTESIAN_POINT('',(3.045E0,1.161309404785E0,-2.639767379872E0));
#7906=VERTEX_POINT('',#7905);
#7907=CARTESIAN_POINT('',(2.855E0,1.62E0,-4.2E0));
#7908=CARTESIAN_POINT('',(2.855E0,2.5E-1,-4.2E0));
#7909=VERTEX_POINT('',#7907);
#7910=VERTEX_POINT('',#7908);
#7911=CARTESIAN_POINT('',(3.045E0,2.5E-1,-4.2E0));
#7912=VERTEX_POINT('',#7911);
#7913=CARTESIAN_POINT('',(3.045E0,1.62E0,-4.2E0));
#7914=VERTEX_POINT('',#7913);
#7915=CARTESIAN_POINT('',(2.855E0,1.62E0,-4.09E0));
#7916=VERTEX_POINT('',#7915);
#7917=CARTESIAN_POINT('',(3.045E0,1.62E0,-4.09E0));
#7918=VERTEX_POINT('',#7917);
#7919=CARTESIAN_POINT('',(2.355E0,1.161309404785E0,-2.639767379872E0));
#7920=CARTESIAN_POINT('',(2.355E0,1.202881069727E0,-7.274707925646E-1));
#7921=VERTEX_POINT('',#7919);
#7922=VERTEX_POINT('',#7920);
#7923=CARTESIAN_POINT('',(2.545E0,1.202881069727E0,-7.274707925646E-1));
#7924=VERTEX_POINT('',#7923);
#7925=CARTESIAN_POINT('',(2.545E0,1.161309404785E0,-2.639767379872E0));
#7926=VERTEX_POINT('',#7925);
#7927=CARTESIAN_POINT('',(2.355E0,1.62E0,-4.2E0));
#7928=CARTESIAN_POINT('',(2.355E0,2.5E-1,-4.2E0));
#7929=VERTEX_POINT('',#7927);
#7930=VERTEX_POINT('',#7928);
#7931=CARTESIAN_POINT('',(2.545E0,2.5E-1,-4.2E0));
#7932=VERTEX_POINT('',#7931);
#7933=CARTESIAN_POINT('',(2.545E0,1.62E0,-4.2E0));
#7934=VERTEX_POINT('',#7933);
#7935=CARTESIAN_POINT('',(2.355E0,1.62E0,-4.09E0));
#7936=VERTEX_POINT('',#7935);
#7937=CARTESIAN_POINT('',(2.545E0,1.62E0,-4.09E0));
#7938=VERTEX_POINT('',#7937);
#7939=CARTESIAN_POINT('',(1.855E0,1.161309404785E0,-2.639767379872E0));
#7940=CARTESIAN_POINT('',(1.855E0,1.202881069727E0,-7.274707925646E-1));
#7941=VERTEX_POINT('',#7939);
#7942=VERTEX_POINT('',#7940);
#7943=CARTESIAN_POINT('',(2.045E0,1.202881069727E0,-7.274707925646E-1));
#7944=VERTEX_POINT('',#7943);
#7945=CARTESIAN_POINT('',(2.045E0,1.161309404785E0,-2.639767379872E0));
#7946=VERTEX_POINT('',#7945);
#7947=CARTESIAN_POINT('',(1.855E0,1.62E0,-4.2E0));
#7948=CARTESIAN_POINT('',(1.855E0,2.5E-1,-4.2E0));
#7949=VERTEX_POINT('',#7947);
#7950=VERTEX_POINT('',#7948);
#7951=CARTESIAN_POINT('',(2.045E0,2.5E-1,-4.2E0));
#7952=VERTEX_POINT('',#7951);
#7953=CARTESIAN_POINT('',(2.045E0,1.62E0,-4.2E0));
#7954=VERTEX_POINT('',#7953);
#7955=CARTESIAN_POINT('',(1.855E0,1.62E0,-4.09E0));
#7956=VERTEX_POINT('',#7955);
#7957=CARTESIAN_POINT('',(2.045E0,1.62E0,-4.09E0));
#7958=VERTEX_POINT('',#7957);
#7959=CARTESIAN_POINT('',(1.276443261752E1,1.82E0,-4.19E0));
#7960=CARTESIAN_POINT('',(1.276443261752E1,1.82E0,-2.29E0));
#7961=VERTEX_POINT('',#7959);
#7962=VERTEX_POINT('',#7960);
#7963=CARTESIAN_POINT('',(1.282E1,1.82E0,-2.29E0));
#7964=VERTEX_POINT('',#7963);
#7965=CARTESIAN_POINT('',(1.282E1,1.82E0,-4.19E0));
#7966=VERTEX_POINT('',#7965);
#7967=CARTESIAN_POINT('',(1.282E1,1.3E-1,-4.19E0));
#7968=CARTESIAN_POINT('',(1.371443261752E1,1.3E-1,-4.19E0));
#7969=VERTEX_POINT('',#7967);
#7970=VERTEX_POINT('',#7968);
#7971=CARTESIAN_POINT('',(1.371443261752E1,1.3E-1,-2.29E0));
#7972=CARTESIAN_POINT('',(1.291443261752E1,1.3E-1,-2.29E0));
#7973=VERTEX_POINT('',#7971);
#7974=VERTEX_POINT('',#7972);
#7975=CARTESIAN_POINT('',(1.282E1,1.3E-1,-2.283947729567E0));
#7976=VERTEX_POINT('',#7975);
#7977=CARTESIAN_POINT('',(1.282E1,5.E-2,-4.19E0));
#7978=VERTEX_POINT('',#7977);
#7979=CARTESIAN_POINT('',(1.282E1,5.E-2,-2.283947729567E0));
#7980=VERTEX_POINT('',#7979);
#7981=CARTESIAN_POINT('',(1.296443261752E1,1.59E0,-4.19E0));
#7982=CARTESIAN_POINT('',(1.296443261752E1,1.59E0,-3.59E0));
#7983=VERTEX_POINT('',#7981);
#7984=VERTEX_POINT('',#7982);
#7985=CARTESIAN_POINT('',(1.282E1,1.59E0,-3.59E0));
#7986=VERTEX_POINT('',#7985);
#7987=CARTESIAN_POINT('',(1.282E1,1.59E0,-4.19E0));
#7988=VERTEX_POINT('',#7987);
#7989=CARTESIAN_POINT('',(1.282E1,1.67E0,-3.59E0));
#7990=CARTESIAN_POINT('',(1.282E1,1.67E0,-2.29E0));
#7991=VERTEX_POINT('',#7989);
#7992=VERTEX_POINT('',#7990);
#7993=CARTESIAN_POINT('',(1.635567382480E0,1.82E0,-2.29E0));
#7994=CARTESIAN_POINT('',(1.58E0,1.82E0,-2.29E0));
#7995=VERTEX_POINT('',#7993);
#7996=VERTEX_POINT('',#7994);
#7997=CARTESIAN_POINT('',(1.635567382480E0,1.82E0,-4.19E0));
#7998=VERTEX_POINT('',#7997);
#7999=CARTESIAN_POINT('',(1.58E0,1.82E0,-4.19E0));
#8000=VERTEX_POINT('',#7999);
#8001=CARTESIAN_POINT('',(1.58E0,1.3E-1,-2.29E0));
#8002=CARTESIAN_POINT('',(6.855673824798E-1,1.3E-1,-2.29E0));
#8003=VERTEX_POINT('',#8001);
#8004=VERTEX_POINT('',#8002);
#8005=CARTESIAN_POINT('',(1.58E0,1.3E-1,-4.19E0));
#8006=CARTESIAN_POINT('',(6.855673824798E-1,1.3E-1,-4.19E0));
#8007=VERTEX_POINT('',#8005);
#8008=VERTEX_POINT('',#8006);
#8009=CARTESIAN_POINT('',(1.58E0,5.E-2,-2.29E0));
#8010=VERTEX_POINT('',#8009);
#8011=CARTESIAN_POINT('',(1.58E0,5.E-2,-4.19E0));
#8012=VERTEX_POINT('',#8011);
#8013=CARTESIAN_POINT('',(1.58E0,1.67E0,-2.29E0));
#8014=CARTESIAN_POINT('',(1.58E0,1.67E0,-3.59E0));
#8015=VERTEX_POINT('',#8013);
#8016=VERTEX_POINT('',#8014);
#8017=CARTESIAN_POINT('',(1.58E0,1.59E0,-3.59E0));
#8018=VERTEX_POINT('',#8017);
#8019=CARTESIAN_POINT('',(1.58E0,1.59E0,-4.19E0));
#8020=VERTEX_POINT('',#8019);
#8021=CARTESIAN_POINT('',(1.435567382480E0,1.59E0,-3.59E0));
#8022=VERTEX_POINT('',#8021);
#8023=CARTESIAN_POINT('',(1.435567382480E0,1.59E0,-4.19E0));
#8024=VERTEX_POINT('',#8023);
#8025=CARTESIAN_POINT('',(7.2E0,0.E0,-2.465E0));
#8026=DIRECTION('',(0.E0,1.E0,0.E0));
#8027=DIRECTION('',(1.E0,0.E0,0.E0));
#8028=AXIS2_PLACEMENT_3D('',#8025,#8026,#8027);
#8029=PLANE('',#8028);
#8031=ORIENTED_EDGE('',*,*,#8030,.T.);
#8033=ORIENTED_EDGE('',*,*,#8032,.T.);
#8035=ORIENTED_EDGE('',*,*,#8034,.F.);
#8037=ORIENTED_EDGE('',*,*,#8036,.T.);
#8039=ORIENTED_EDGE('',*,*,#8038,.T.);
#8041=ORIENTED_EDGE('',*,*,#8040,.T.);
#8043=ORIENTED_EDGE('',*,*,#8042,.F.);
#8045=ORIENTED_EDGE('',*,*,#8044,.F.);
#8047=ORIENTED_EDGE('',*,*,#8046,.T.);
#8049=ORIENTED_EDGE('',*,*,#8048,.T.);
#8051=ORIENTED_EDGE('',*,*,#8050,.T.);
#8053=ORIENTED_EDGE('',*,*,#8052,.T.);
#8054=EDGE_LOOP('',(#8031,#8033,#8035,#8037,#8039,#8041,#8043,#8045,#8047,#8049,
#8051,#8053));
#8055=FACE_OUTER_BOUND('',#8054,.F.);
#8056=ADVANCED_FACE('',(#8055),#8029,.F.);
#8057=CARTESIAN_POINT('',(6.E-1,9.1E-1,-7.3E-1));
#8058=DIRECTION('',(0.E0,0.E0,1.E0));
#8059=DIRECTION('',(1.E0,0.E0,0.E0));
#8060=AXIS2_PLACEMENT_3D('',#8057,#8058,#8059);
#8061=PLANE('',#8060);
#8063=ORIENTED_EDGE('',*,*,#8062,.T.);
#8065=ORIENTED_EDGE('',*,*,#8064,.T.);
#8066=ORIENTED_EDGE('',*,*,#8030,.F.);
#8068=ORIENTED_EDGE('',*,*,#8067,.T.);
#8070=ORIENTED_EDGE('',*,*,#8069,.T.);
#8072=ORIENTED_EDGE('',*,*,#8071,.T.);
#8074=ORIENTED_EDGE('',*,*,#8073,.T.);
#8076=ORIENTED_EDGE('',*,*,#8075,.T.);
#8078=ORIENTED_EDGE('',*,*,#8077,.F.);
#8080=ORIENTED_EDGE('',*,*,#8079,.F.);
#8082=ORIENTED_EDGE('',*,*,#8081,.F.);
#8084=ORIENTED_EDGE('',*,*,#8083,.F.);
#8086=ORIENTED_EDGE('',*,*,#8085,.F.);
#8087=EDGE_LOOP('',(#8063,#8065,#8066,#8068,#8070,#8072,#8074,#8076,#8078,#8080,
#8082,#8084,#8086));
#8088=FACE_OUTER_BOUND('',#8087,.F.);
#8089=ADVANCED_FACE('',(#8088),#8061,.T.);
#8090=CARTESIAN_POINT('',(7.2E0,1.1E-1,-7.E-1));
#8091=DIRECTION('',(0.E0,1.E0,0.E0));
#8092=DIRECTION('',(-1.E0,0.E0,0.E0));
#8093=AXIS2_PLACEMENT_3D('',#8090,#8091,#8092);
#8094=PLANE('',#8093);
#8096=ORIENTED_EDGE('',*,*,#8095,.F.);
#8098=ORIENTED_EDGE('',*,*,#8097,.T.);
#8100=ORIENTED_EDGE('',*,*,#8099,.T.);
#8102=ORIENTED_EDGE('',*,*,#8101,.T.);
#8103=ORIENTED_EDGE('',*,*,#8062,.F.);
#8105=ORIENTED_EDGE('',*,*,#8104,.T.);
#8107=ORIENTED_EDGE('',*,*,#8106,.F.);
#8109=ORIENTED_EDGE('',*,*,#8108,.F.);
#8111=ORIENTED_EDGE('',*,*,#8110,.F.);
#8113=ORIENTED_EDGE('',*,*,#8112,.F.);
#8115=ORIENTED_EDGE('',*,*,#8114,.F.);
#8117=ORIENTED_EDGE('',*,*,#8116,.F.);
#8119=ORIENTED_EDGE('',*,*,#8118,.F.);
#8121=ORIENTED_EDGE('',*,*,#8120,.F.);
#8123=ORIENTED_EDGE('',*,*,#8122,.F.);
#8125=ORIENTED_EDGE('',*,*,#8124,.T.);
#8126=EDGE_LOOP('',(#8096,#8098,#8100,#8102,#8103,#8105,#8107,#8109,#8111,#8113,
#8115,#8117,#8119,#8121,#8123,#8125));
#8127=FACE_OUTER_BOUND('',#8126,.F.);
#8128=ADVANCED_FACE('',(#8127),#8094,.F.);
#8129=CARTESIAN_POINT('',(1.38E1,9.1E-1,-7.3E-1));
#8130=DIRECTION('',(0.E0,0.E0,1.E0));
#8131=DIRECTION('',(1.E0,0.E0,0.E0));
#8132=AXIS2_PLACEMENT_3D('',#8129,#8130,#8131);
#8133=PLANE('',#8132);
#8134=ORIENTED_EDGE('',*,*,#8095,.T.);
#8136=ORIENTED_EDGE('',*,*,#8135,.T.);
#8138=ORIENTED_EDGE('',*,*,#8137,.T.);
#8140=ORIENTED_EDGE('',*,*,#8139,.F.);
#8142=ORIENTED_EDGE('',*,*,#8141,.F.);
#8144=ORIENTED_EDGE('',*,*,#8143,.F.);
#8146=ORIENTED_EDGE('',*,*,#8145,.F.);
#8148=ORIENTED_EDGE('',*,*,#8147,.T.);
#8150=ORIENTED_EDGE('',*,*,#8149,.T.);
#8152=ORIENTED_EDGE('',*,*,#8151,.T.);
#8154=ORIENTED_EDGE('',*,*,#8153,.T.);
#8155=ORIENTED_EDGE('',*,*,#8038,.F.);
#8157=ORIENTED_EDGE('',*,*,#8156,.T.);
#8158=EDGE_LOOP('',(#8134,#8136,#8138,#8140,#8142,#8144,#8146,#8148,#8150,#8152,
#8154,#8155,#8157));
#8159=FACE_OUTER_BOUND('',#8158,.F.);
#8160=ADVANCED_FACE('',(#8159),#8133,.T.);
#8161=CARTESIAN_POINT('',(1.305E1,3.2E-1,-8.E-1));
#8162=DIRECTION('',(1.E0,0.E0,0.E0));
#8163=DIRECTION('',(0.E0,0.E0,-1.E0));
#8164=AXIS2_PLACEMENT_3D('',#8161,#8162,#8163);
#8165=PLANE('',#8164);
#8166=ORIENTED_EDGE('',*,*,#8135,.F.);
#8167=ORIENTED_EDGE('',*,*,#8124,.F.);
#8169=ORIENTED_EDGE('',*,*,#8168,.F.);
#8171=ORIENTED_EDGE('',*,*,#8170,.F.);
#8172=EDGE_LOOP('',(#8166,#8167,#8169,#8171));
#8173=FACE_OUTER_BOUND('',#8172,.F.);
#8174=ADVANCED_FACE('',(#8173),#8165,.T.);
#8175=CARTESIAN_POINT('',(1.4E1,9.1E-1,-7.E-1));
#8176=DIRECTION('',(0.E0,0.E0,1.E0));
#8177=DIRECTION('',(1.E0,0.E0,0.E0));
#8178=AXIS2_PLACEMENT_3D('',#8175,#8176,#8177);
#8179=PLANE('',#8178);
#8180=ORIENTED_EDGE('',*,*,#8122,.T.);
#8182=ORIENTED_EDGE('',*,*,#8181,.T.);
#8184=ORIENTED_EDGE('',*,*,#8183,.F.);
#8186=ORIENTED_EDGE('',*,*,#8185,.F.);
#8188=ORIENTED_EDGE('',*,*,#8187,.T.);
#8190=ORIENTED_EDGE('',*,*,#8189,.F.);
#8192=ORIENTED_EDGE('',*,*,#8191,.F.);
#8194=ORIENTED_EDGE('',*,*,#8193,.T.);
#8196=ORIENTED_EDGE('',*,*,#8195,.F.);
#8197=ORIENTED_EDGE('',*,*,#8168,.T.);
#8198=EDGE_LOOP('',(#8180,#8182,#8184,#8186,#8188,#8190,#8192,#8194,#8196,
#8197));
#8199=FACE_OUTER_BOUND('',#8198,.F.);
#8200=ADVANCED_FACE('',(#8199),#8179,.F.);
#8201=CARTESIAN_POINT('',(1.495E1,9.1E-1,-1.05E0));
#8202=DIRECTION('',(1.E0,0.E0,0.E0));
#8203=DIRECTION('',(0.E0,0.E0,-1.E0));
#8204=AXIS2_PLACEMENT_3D('',#8201,#8202,#8203);
#8205=PLANE('',#8204);
#8206=ORIENTED_EDGE('',*,*,#8181,.F.);
#8207=ORIENTED_EDGE('',*,*,#8120,.T.);
#8209=ORIENTED_EDGE('',*,*,#8208,.F.);
#8211=ORIENTED_EDGE('',*,*,#8210,.F.);
#8212=EDGE_LOOP('',(#8206,#8207,#8209,#8211));
#8213=FACE_OUTER_BOUND('',#8212,.F.);
#8214=ADVANCED_FACE('',(#8213),#8205,.F.);
#8215=CARTESIAN_POINT('',(1.52E1,9.1E-1,-1.4E0));
#8216=DIRECTION('',(0.E0,0.E0,1.E0));
#8217=DIRECTION('',(1.E0,0.E0,0.E0));
#8218=AXIS2_PLACEMENT_3D('',#8215,#8216,#8217);
#8219=PLANE('',#8218);
#8220=ORIENTED_EDGE('',*,*,#8208,.T.);
#8221=ORIENTED_EDGE('',*,*,#8118,.T.);
#8223=ORIENTED_EDGE('',*,*,#8222,.F.);
#8225=ORIENTED_EDGE('',*,*,#8224,.F.);
#8226=EDGE_LOOP('',(#8220,#8221,#8223,#8225));
#8227=FACE_OUTER_BOUND('',#8226,.F.);
#8228=ADVANCED_FACE('',(#8227),#8219,.F.);
#8229=CARTESIAN_POINT('',(1.545E1,9.1E-1,-7.E-1));
#8230=DIRECTION('',(1.E0,0.E0,0.E0));
#8231=DIRECTION('',(0.E0,0.E0,1.E0));
#8232=AXIS2_PLACEMENT_3D('',#8229,#8230,#8231);
#8233=PLANE('',#8232);
#8234=ORIENTED_EDGE('',*,*,#8222,.T.);
#8235=ORIENTED_EDGE('',*,*,#8116,.T.);
#8237=ORIENTED_EDGE('',*,*,#8236,.F.);
#8239=ORIENTED_EDGE('',*,*,#8238,.F.);
#8240=EDGE_LOOP('',(#8234,#8235,#8237,#8239));
#8241=FACE_OUTER_BOUND('',#8240,.F.);
#8242=ADVANCED_FACE('',(#8241),#8233,.T.);
#8243=CARTESIAN_POINT('',(7.2E0,9.1E-1,0.E0));
#8244=DIRECTION('',(0.E0,0.E0,1.E0));
#8245=DIRECTION('',(-1.E0,0.E0,0.E0));
#8246=AXIS2_PLACEMENT_3D('',#8243,#8244,#8245);
#8247=PLANE('',#8246);
#8248=ORIENTED_EDGE('',*,*,#8236,.T.);
#8249=ORIENTED_EDGE('',*,*,#8114,.T.);
#8251=ORIENTED_EDGE('',*,*,#8250,.F.);
#8253=ORIENTED_EDGE('',*,*,#8252,.F.);
#8255=ORIENTED_EDGE('',*,*,#8254,.F.);
#8257=ORIENTED_EDGE('',*,*,#8256,.T.);
#8259=ORIENTED_EDGE('',*,*,#8258,.F.);
#8261=ORIENTED_EDGE('',*,*,#8260,.F.);
#8262=EDGE_LOOP('',(#8248,#8249,#8251,#8253,#8255,#8257,#8259,#8261));
#8263=FACE_OUTER_BOUND('',#8262,.F.);
#8264=ADVANCED_FACE('',(#8263),#8247,.T.);
#8265=CARTESIAN_POINT('',(-1.05E0,9.1E-1,-7.E-1));
#8266=DIRECTION('',(1.E0,0.E0,0.E0));
#8267=DIRECTION('',(0.E0,0.E0,-1.E0));
#8268=AXIS2_PLACEMENT_3D('',#8265,#8266,#8267);
#8269=PLANE('',#8268);
#8270=ORIENTED_EDGE('',*,*,#8250,.T.);
#8271=ORIENTED_EDGE('',*,*,#8112,.T.);
#8273=ORIENTED_EDGE('',*,*,#8272,.F.);
#8275=ORIENTED_EDGE('',*,*,#8274,.F.);
#8276=EDGE_LOOP('',(#8270,#8271,#8273,#8275));
#8277=FACE_OUTER_BOUND('',#8276,.F.);
#8278=ADVANCED_FACE('',(#8277),#8269,.F.);
#8279=CARTESIAN_POINT('',(-7.999999999998E-1,9.1E-1,-1.4E0));
#8280=DIRECTION('',(0.E0,0.E0,1.E0));
#8281=DIRECTION('',(1.E0,0.E0,0.E0));
#8282=AXIS2_PLACEMENT_3D('',#8279,#8280,#8281);
#8283=PLANE('',#8282);
#8284=ORIENTED_EDGE('',*,*,#8272,.T.);
#8285=ORIENTED_EDGE('',*,*,#8110,.T.);
#8287=ORIENTED_EDGE('',*,*,#8286,.F.);
#8289=ORIENTED_EDGE('',*,*,#8288,.F.);
#8290=EDGE_LOOP('',(#8284,#8285,#8287,#8289));
#8291=FACE_OUTER_BOUND('',#8290,.F.);
#8292=ADVANCED_FACE('',(#8291),#8283,.F.);
#8293=CARTESIAN_POINT('',(-5.5E-1,9.1E-1,-1.05E0));
#8294=DIRECTION('',(1.E0,0.E0,0.E0));
#8295=DIRECTION('',(0.E0,0.E0,1.E0));
#8296=AXIS2_PLACEMENT_3D('',#8293,#8294,#8295);
#8297=PLANE('',#8296);
#8298=ORIENTED_EDGE('',*,*,#8286,.T.);
#8299=ORIENTED_EDGE('',*,*,#8108,.T.);
#8301=ORIENTED_EDGE('',*,*,#8300,.F.);
#8303=ORIENTED_EDGE('',*,*,#8302,.F.);
#8304=EDGE_LOOP('',(#8298,#8299,#8301,#8303));
#8305=FACE_OUTER_BOUND('',#8304,.F.);
#8306=ADVANCED_FACE('',(#8305),#8297,.T.);
#8307=CARTESIAN_POINT('',(4.E-1,9.1E-1,-7.E-1));
#8308=DIRECTION('',(0.E0,0.E0,1.E0));
#8309=DIRECTION('',(1.E0,0.E0,0.E0));
#8310=AXIS2_PLACEMENT_3D('',#8307,#8308,#8309);
#8311=PLANE('',#8310);
#8312=ORIENTED_EDGE('',*,*,#8300,.T.);
#8313=ORIENTED_EDGE('',*,*,#8106,.T.);
#8315=ORIENTED_EDGE('',*,*,#8314,.T.);
#8317=ORIENTED_EDGE('',*,*,#8316,.F.);
#8319=ORIENTED_EDGE('',*,*,#8318,.T.);
#8321=ORIENTED_EDGE('',*,*,#8320,.F.);
#8323=ORIENTED_EDGE('',*,*,#8322,.F.);
#8325=ORIENTED_EDGE('',*,*,#8324,.T.);
#8327=ORIENTED_EDGE('',*,*,#8326,.F.);
#8329=ORIENTED_EDGE('',*,*,#8328,.F.);
#8330=EDGE_LOOP('',(#8312,#8313,#8315,#8317,#8319,#8321,#8323,#8325,#8327,
#8329));
#8331=FACE_OUTER_BOUND('',#8330,.F.);
#8332=ADVANCED_FACE('',(#8331),#8311,.F.);
#8333=CARTESIAN_POINT('',(1.35E0,3.2E-1,-8.E-1));
#8334=DIRECTION('',(1.E0,0.E0,0.E0));
#8335=DIRECTION('',(0.E0,0.E0,-1.E0));
#8336=AXIS2_PLACEMENT_3D('',#8333,#8334,#8335);
#8337=PLANE('',#8336);
#8338=ORIENTED_EDGE('',*,*,#8085,.T.);
#8340=ORIENTED_EDGE('',*,*,#8339,.F.);
#8341=ORIENTED_EDGE('',*,*,#8314,.F.);
#8342=ORIENTED_EDGE('',*,*,#8104,.F.);
#8343=EDGE_LOOP('',(#8338,#8340,#8341,#8342));
#8344=FACE_OUTER_BOUND('',#8343,.F.);
#8345=ADVANCED_FACE('',(#8344),#8337,.F.);
#8346=CARTESIAN_POINT('',(7.2E0,5.3E-1,-2.025E0));
#8347=DIRECTION('',(0.E0,1.E0,0.E0));
#8348=DIRECTION('',(0.E0,0.E0,-1.E0));
#8349=AXIS2_PLACEMENT_3D('',#8346,#8347,#8348);
#8350=PLANE('',#8349);
#8351=ORIENTED_EDGE('',*,*,#8137,.F.);
#8352=ORIENTED_EDGE('',*,*,#8170,.T.);
#8353=ORIENTED_EDGE('',*,*,#8195,.T.);
#8355=ORIENTED_EDGE('',*,*,#8354,.T.);
#8356=EDGE_LOOP('',(#8351,#8352,#8353,#8355));
#8357=FACE_OUTER_BOUND('',#8356,.F.);
#8358=ADVANCED_FACE('',(#8357),#8350,.F.);
#8359=CARTESIAN_POINT('',(7.2E0,5.3E-1,-2.025E0));
#8360=DIRECTION('',(0.E0,1.E0,0.E0));
#8361=DIRECTION('',(0.E0,0.E0,-1.E0));
#8362=AXIS2_PLACEMENT_3D('',#8359,#8360,#8361);
#8363=PLANE('',#8362);
#8364=ORIENTED_EDGE('',*,*,#8083,.T.);
#8366=ORIENTED_EDGE('',*,*,#8365,.T.);
#8367=ORIENTED_EDGE('',*,*,#8316,.T.);
#8368=ORIENTED_EDGE('',*,*,#8339,.T.);
#8369=EDGE_LOOP('',(#8364,#8366,#8367,#8368));
#8370=FACE_OUTER_BOUND('',#8369,.F.);
#8371=ADVANCED_FACE('',(#8370),#8363,.F.);
#8372=CARTESIAN_POINT('',(1.375E1,9.249999999995E-1,-2.025E0));
#8373=DIRECTION('',(1.E0,0.E0,0.E0));
#8374=DIRECTION('',(0.E0,0.E0,1.E0));
#8375=AXIS2_PLACEMENT_3D('',#8372,#8373,#8374);
#8376=PLANE('',#8375);
#8377=ORIENTED_EDGE('',*,*,#8139,.T.);
#8378=ORIENTED_EDGE('',*,*,#8354,.F.);
#8379=ORIENTED_EDGE('',*,*,#8193,.F.);
#8381=ORIENTED_EDGE('',*,*,#8380,.F.);
#8382=EDGE_LOOP('',(#8377,#8378,#8379,#8381));
#8383=FACE_OUTER_BOUND('',#8382,.F.);
#8384=ADVANCED_FACE('',(#8383),#8376,.T.);
#8385=CARTESIAN_POINT('',(1.346E1,1.32E0,-2.025E0));
#8386=DIRECTION('',(0.E0,1.E0,0.E0));
#8387=DIRECTION('',(0.E0,0.E0,1.E0));
#8388=AXIS2_PLACEMENT_3D('',#8385,#8386,#8387);
#8389=PLANE('',#8388);
#8390=ORIENTED_EDGE('',*,*,#8141,.T.);
#8391=ORIENTED_EDGE('',*,*,#8380,.T.);
#8392=ORIENTED_EDGE('',*,*,#8191,.T.);
#8394=ORIENTED_EDGE('',*,*,#8393,.T.);
#8395=EDGE_LOOP('',(#8390,#8391,#8392,#8394));
#8396=FACE_OUTER_BOUND('',#8395,.F.);
#8397=ADVANCED_FACE('',(#8396),#8389,.T.);
#8398=CARTESIAN_POINT('',(1.317E1,9.249999999998E-1,-2.025E0));
#8399=DIRECTION('',(1.E0,0.E0,0.E0));
#8400=DIRECTION('',(0.E0,0.E0,-1.E0));
#8401=AXIS2_PLACEMENT_3D('',#8398,#8399,#8400);
#8402=PLANE('',#8401);
#8403=ORIENTED_EDGE('',*,*,#8143,.T.);
#8404=ORIENTED_EDGE('',*,*,#8393,.F.);
#8405=ORIENTED_EDGE('',*,*,#8189,.T.);
#8407=ORIENTED_EDGE('',*,*,#8406,.T.);
#8408=EDGE_LOOP('',(#8403,#8404,#8405,#8407));
#8409=FACE_OUTER_BOUND('',#8408,.F.);
#8410=ADVANCED_FACE('',(#8409),#8402,.F.);
#8411=CARTESIAN_POINT('',(7.2E0,8.2E-1,-1.175E0));
#8412=DIRECTION('',(0.E0,1.E0,0.E0));
#8413=DIRECTION('',(-1.E0,0.E0,0.E0));
#8414=AXIS2_PLACEMENT_3D('',#8411,#8412,#8413);
#8415=PLANE('',#8414);
#8416=ORIENTED_EDGE('',*,*,#8145,.T.);
#8417=ORIENTED_EDGE('',*,*,#8406,.F.);
#8418=ORIENTED_EDGE('',*,*,#8187,.F.);
#8420=ORIENTED_EDGE('',*,*,#8419,.F.);
#8421=ORIENTED_EDGE('',*,*,#8256,.F.);
#8423=ORIENTED_EDGE('',*,*,#8422,.F.);
#8424=ORIENTED_EDGE('',*,*,#8324,.F.);
#8426=ORIENTED_EDGE('',*,*,#8425,.F.);
#8427=ORIENTED_EDGE('',*,*,#8075,.F.);
#8429=ORIENTED_EDGE('',*,*,#8428,.F.);
#8431=ORIENTED_EDGE('',*,*,#8430,.F.);
#8433=ORIENTED_EDGE('',*,*,#8432,.T.);
#8435=ORIENTED_EDGE('',*,*,#8434,.F.);
#8437=ORIENTED_EDGE('',*,*,#8436,.F.);
#8439=ORIENTED_EDGE('',*,*,#8438,.F.);
#8441=ORIENTED_EDGE('',*,*,#8440,.F.);
#8442=EDGE_LOOP('',(#8416,#8417,#8418,#8420,#8421,#8423,#8424,#8426,#8427,#8429,
#8431,#8433,#8435,#8437,#8439,#8441));
#8443=FACE_OUTER_BOUND('',#8442,.F.);
#8444=ADVANCED_FACE('',(#8443),#8415,.T.);
#8445=CARTESIAN_POINT('',(1.305E1,1.265E0,-3.5E-1));
#8446=DIRECTION('',(1.E0,0.E0,0.E0));
#8447=DIRECTION('',(0.E0,0.E0,-1.E0));
#8448=AXIS2_PLACEMENT_3D('',#8445,#8446,#8447);
#8449=PLANE('',#8448);
#8451=ORIENTED_EDGE('',*,*,#8450,.T.);
#8452=ORIENTED_EDGE('',*,*,#8258,.T.);
#8453=ORIENTED_EDGE('',*,*,#8419,.T.);
#8454=ORIENTED_EDGE('',*,*,#8185,.T.);
#8455=EDGE_LOOP('',(#8451,#8452,#8453,#8454));
#8456=FACE_OUTER_BOUND('',#8455,.F.);
#8457=ADVANCED_FACE('',(#8456),#8449,.F.);
#8458=CARTESIAN_POINT('',(1.425E1,1.71E0,-7.E-1));
#8459=DIRECTION('',(0.E0,1.E0,0.E0));
#8460=DIRECTION('',(-1.E0,0.E0,0.E0));
#8461=AXIS2_PLACEMENT_3D('',#8458,#8459,#8460);
#8462=PLANE('',#8461);
#8463=ORIENTED_EDGE('',*,*,#8450,.F.);
#8464=ORIENTED_EDGE('',*,*,#8183,.T.);
#8465=ORIENTED_EDGE('',*,*,#8210,.T.);
#8466=ORIENTED_EDGE('',*,*,#8224,.T.);
#8467=ORIENTED_EDGE('',*,*,#8238,.T.);
#8468=ORIENTED_EDGE('',*,*,#8260,.T.);
#8469=EDGE_LOOP('',(#8463,#8464,#8465,#8466,#8467,#8468));
#8470=FACE_OUTER_BOUND('',#8469,.F.);
#8471=ADVANCED_FACE('',(#8470),#8462,.T.);
#8472=CARTESIAN_POINT('',(1.35E0,1.265E0,-3.5E-1));
#8473=DIRECTION('',(1.E0,0.E0,0.E0));
#8474=DIRECTION('',(0.E0,0.E0,1.E0));
#8475=AXIS2_PLACEMENT_3D('',#8472,#8473,#8474);
#8476=PLANE('',#8475);
#8478=ORIENTED_EDGE('',*,*,#8477,.T.);
#8479=ORIENTED_EDGE('',*,*,#8326,.T.);
#8480=ORIENTED_EDGE('',*,*,#8422,.T.);
#8481=ORIENTED_EDGE('',*,*,#8254,.T.);
#8482=EDGE_LOOP('',(#8478,#8479,#8480,#8481));
#8483=FACE_OUTER_BOUND('',#8482,.F.);
#8484=ADVANCED_FACE('',(#8483),#8476,.T.);
#8485=CARTESIAN_POINT('',(1.5E-1,1.71E0,-7.E-1));
#8486=DIRECTION('',(0.E0,1.E0,0.E0));
#8487=DIRECTION('',(-1.E0,0.E0,0.E0));
#8488=AXIS2_PLACEMENT_3D('',#8485,#8486,#8487);
#8489=PLANE('',#8488);
#8490=ORIENTED_EDGE('',*,*,#8477,.F.);
#8491=ORIENTED_EDGE('',*,*,#8252,.T.);
#8492=ORIENTED_EDGE('',*,*,#8274,.T.);
#8493=ORIENTED_EDGE('',*,*,#8288,.T.);
#8494=ORIENTED_EDGE('',*,*,#8302,.T.);
#8495=ORIENTED_EDGE('',*,*,#8328,.T.);
#8496=EDGE_LOOP('',(#8490,#8491,#8492,#8493,#8494,#8495));
#8497=FACE_OUTER_BOUND('',#8496,.F.);
#8498=ADVANCED_FACE('',(#8497),#8489,.T.);
#8499=CARTESIAN_POINT('',(1.23E0,9.249999999998E-1,-2.025E0));
#8500=DIRECTION('',(1.E0,0.E0,0.E0));
#8501=DIRECTION('',(0.E0,0.E0,1.E0));
#8502=AXIS2_PLACEMENT_3D('',#8499,#8500,#8501);
#8503=PLANE('',#8502);
#8504=ORIENTED_EDGE('',*,*,#8077,.T.);
#8505=ORIENTED_EDGE('',*,*,#8425,.T.);
#8506=ORIENTED_EDGE('',*,*,#8322,.T.);
#8508=ORIENTED_EDGE('',*,*,#8507,.F.);
#8509=EDGE_LOOP('',(#8504,#8505,#8506,#8508));
#8510=FACE_OUTER_BOUND('',#8509,.F.);
#8511=ADVANCED_FACE('',(#8510),#8503,.T.);
#8512=CARTESIAN_POINT('',(9.4E-1,1.32E0,-2.025E0));
#8513=DIRECTION('',(0.E0,1.E0,0.E0));
#8514=DIRECTION('',(0.E0,0.E0,1.E0));
#8515=AXIS2_PLACEMENT_3D('',#8512,#8513,#8514);
#8516=PLANE('',#8515);
#8517=ORIENTED_EDGE('',*,*,#8079,.T.);
#8518=ORIENTED_EDGE('',*,*,#8507,.T.);
#8519=ORIENTED_EDGE('',*,*,#8320,.T.);
#8521=ORIENTED_EDGE('',*,*,#8520,.T.);
#8522=EDGE_LOOP('',(#8517,#8518,#8519,#8521));
#8523=FACE_OUTER_BOUND('',#8522,.F.);
#8524=ADVANCED_FACE('',(#8523),#8516,.T.);
#8525=CARTESIAN_POINT('',(6.5E-1,9.249999999995E-1,-2.025E0));
#8526=DIRECTION('',(1.E0,0.E0,0.E0));
#8527=DIRECTION('',(0.E0,0.E0,-1.E0));
#8528=AXIS2_PLACEMENT_3D('',#8525,#8526,#8527);
#8529=PLANE('',#8528);
#8530=ORIENTED_EDGE('',*,*,#8081,.T.);
#8531=ORIENTED_EDGE('',*,*,#8520,.F.);
#8532=ORIENTED_EDGE('',*,*,#8318,.F.);
#8533=ORIENTED_EDGE('',*,*,#8365,.F.);
#8534=EDGE_LOOP('',(#8530,#8531,#8532,#8533));
#8535=FACE_OUTER_BOUND('',#8534,.F.);
#8536=ADVANCED_FACE('',(#8535),#8529,.F.);
#8537=CARTESIAN_POINT('',(1.45E0,6.014130434785E-1,-8.15E-1));
#8538=DIRECTION('',(1.E0,0.E0,0.E0));
#8539=DIRECTION('',(0.E0,0.E0,1.E0));
#8540=AXIS2_PLACEMENT_3D('',#8537,#8538,#8539);
#8541=PLANE('',#8540);
#8542=ORIENTED_EDGE('',*,*,#8101,.F.);
#8544=ORIENTED_EDGE('',*,*,#8543,.F.);
#8545=ORIENTED_EDGE('',*,*,#8032,.F.);
#8546=ORIENTED_EDGE('',*,*,#8064,.F.);
#8547=EDGE_LOOP('',(#8542,#8544,#8545,#8546));
#8548=FACE_OUTER_BOUND('',#8547,.F.);
#8549=ADVANCED_FACE('',(#8548),#8541,.T.);
#8550=CARTESIAN_POINT('',(1.45E0,6.014130434785E-1,-8.15E-1));
#8551=DIRECTION('',(1.E0,0.E0,0.E0));
#8552=DIRECTION('',(0.E0,0.E0,1.E0));
#8553=AXIS2_PLACEMENT_3D('',#8550,#8551,#8552);
#8554=PLANE('',#8553);
#8555=ORIENTED_EDGE('',*,*,#8428,.T.);
#8556=ORIENTED_EDGE('',*,*,#8073,.F.);
#8558=ORIENTED_EDGE('',*,*,#8557,.F.);
#8560=ORIENTED_EDGE('',*,*,#8559,.T.);
#8561=EDGE_LOOP('',(#8555,#8556,#8558,#8560));
#8562=FACE_OUTER_BOUND('',#8561,.F.);
#8563=ADVANCED_FACE('',(#8562),#8554,.T.);
#8564=CARTESIAN_POINT('',(7.2E0,3.35E-1,-9.E-1));
#8565=DIRECTION('',(0.E0,0.E0,1.E0));
#8566=DIRECTION('',(0.E0,1.E0,0.E0));
#8567=AXIS2_PLACEMENT_3D('',#8564,#8565,#8566);
#8568=PLANE('',#8567);
#8569=ORIENTED_EDGE('',*,*,#8099,.F.);
#8571=ORIENTED_EDGE('',*,*,#8570,.T.);
#8572=ORIENTED_EDGE('',*,*,#8034,.T.);
#8573=ORIENTED_EDGE('',*,*,#8543,.T.);
#8574=EDGE_LOOP('',(#8569,#8571,#8572,#8573));
#8575=FACE_OUTER_BOUND('',#8574,.F.);
#8576=ADVANCED_FACE('',(#8575),#8568,.T.);
#8577=CARTESIAN_POINT('',(1.295E1,6.014130434785E-1,-8.15E-1));
#8578=DIRECTION('',(1.E0,0.E0,0.E0));
#8579=DIRECTION('',(0.E0,0.E0,-1.E0));
#8580=AXIS2_PLACEMENT_3D('',#8577,#8578,#8579);
#8581=PLANE('',#8580);
#8582=ORIENTED_EDGE('',*,*,#8097,.F.);
#8583=ORIENTED_EDGE('',*,*,#8156,.F.);
#8584=ORIENTED_EDGE('',*,*,#8036,.F.);
#8585=ORIENTED_EDGE('',*,*,#8570,.F.);
#8586=EDGE_LOOP('',(#8582,#8583,#8584,#8585));
#8587=FACE_OUTER_BOUND('',#8586,.F.);
#8588=ADVANCED_FACE('',(#8587),#8581,.F.);
#8589=CARTESIAN_POINT('',(1.295E1,6.014130434785E-1,-8.15E-1));
#8590=DIRECTION('',(1.E0,0.E0,0.E0));
#8591=DIRECTION('',(0.E0,0.E0,-1.E0));
#8592=AXIS2_PLACEMENT_3D('',#8589,#8590,#8591);
#8593=PLANE('',#8592);
#8594=ORIENTED_EDGE('',*,*,#8440,.T.);
#8596=ORIENTED_EDGE('',*,*,#8595,.T.);
#8598=ORIENTED_EDGE('',*,*,#8597,.F.);
#8599=ORIENTED_EDGE('',*,*,#8147,.F.);
#8600=EDGE_LOOP('',(#8594,#8596,#8598,#8599));
#8601=FACE_OUTER_BOUND('',#8600,.F.);
#8602=ADVANCED_FACE('',(#8601),#8593,.F.);
#8603=CARTESIAN_POINT('',(1.2975E1,9.345652173915E-1,-9.E-1));
#8604=DIRECTION('',(0.E0,0.E0,1.E0));
#8605=DIRECTION('',(1.E0,0.E0,0.E0));
#8606=AXIS2_PLACEMENT_3D('',#8603,#8604,#8605);
#8607=PLANE('',#8606);
#8608=ORIENTED_EDGE('',*,*,#8438,.T.);
#8610=ORIENTED_EDGE('',*,*,#8609,.F.);
#8612=ORIENTED_EDGE('',*,*,#8611,.F.);
#8613=ORIENTED_EDGE('',*,*,#8595,.F.);
#8614=EDGE_LOOP('',(#8608,#8610,#8612,#8613));
#8615=FACE_OUTER_BOUND('',#8614,.F.);
#8616=ADVANCED_FACE('',(#8615),#8607,.F.);
#8617=CARTESIAN_POINT('',(1.3E1,9.345652173915E-1,-1.8E0));
#8618=DIRECTION('',(1.E0,0.E0,0.E0));
#8619=DIRECTION('',(0.E0,0.E0,-1.E0));
#8620=AXIS2_PLACEMENT_3D('',#8617,#8618,#8619);
#8621=PLANE('',#8620);
#8622=ORIENTED_EDGE('',*,*,#8436,.T.);
#8624=ORIENTED_EDGE('',*,*,#8623,.F.);
#8626=ORIENTED_EDGE('',*,*,#8625,.T.);
#8628=ORIENTED_EDGE('',*,*,#8627,.T.);
#8630=ORIENTED_EDGE('',*,*,#8629,.T.);
#8631=ORIENTED_EDGE('',*,*,#8609,.T.);
#8632=EDGE_LOOP('',(#8622,#8624,#8626,#8628,#8630,#8631));
#8633=FACE_OUTER_BOUND('',#8632,.F.);
#8634=ADVANCED_FACE('',(#8633),#8621,.F.);
#8635=CARTESIAN_POINT('',(7.2E0,6.75E-1,-2.35E0));
#8636=DIRECTION('',(0.E0,0.E0,1.E0));
#8637=DIRECTION('',(0.E0,1.E0,0.E0));
#8638=AXIS2_PLACEMENT_3D('',#8635,#8636,#8637);
#8639=PLANE('',#8638);
#8641=ORIENTED_EDGE('',*,*,#8640,.T.);
#8642=ORIENTED_EDGE('',*,*,#8623,.T.);
#8643=ORIENTED_EDGE('',*,*,#8434,.T.);
#8645=ORIENTED_EDGE('',*,*,#8644,.F.);
#8646=EDGE_LOOP('',(#8641,#8642,#8643,#8645));
#8647=FACE_OUTER_BOUND('',#8646,.F.);
#8648=ADVANCED_FACE('',(#8647),#8639,.F.);
#8649=CARTESIAN_POINT('',(7.2E0,6.7E-1,-1.8E0));
#8650=DIRECTION('',(0.E0,1.E0,0.E0));
#8651=DIRECTION('',(0.E0,0.E0,1.E0));
#8652=AXIS2_PLACEMENT_3D('',#8649,#8650,#8651);
#8653=PLANE('',#8652);
#8654=ORIENTED_EDGE('',*,*,#8640,.F.);
#8656=ORIENTED_EDGE('',*,*,#8655,.F.);
#8658=ORIENTED_EDGE('',*,*,#8657,.F.);
#8659=ORIENTED_EDGE('',*,*,#8625,.F.);
#8660=EDGE_LOOP('',(#8654,#8656,#8658,#8659));
#8661=FACE_OUTER_BOUND('',#8660,.F.);
#8662=ADVANCED_FACE('',(#8661),#8653,.T.);
#8663=CARTESIAN_POINT('',(1.4E0,9.345652173915E-1,-1.8E0));
#8664=DIRECTION('',(1.E0,0.E0,0.E0));
#8665=DIRECTION('',(0.E0,0.E0,1.E0));
#8666=AXIS2_PLACEMENT_3D('',#8663,#8664,#8665);
#8667=PLANE('',#8666);
#8668=ORIENTED_EDGE('',*,*,#8432,.F.);
#8670=ORIENTED_EDGE('',*,*,#8669,.T.);
#8672=ORIENTED_EDGE('',*,*,#8671,.T.);
#8674=ORIENTED_EDGE('',*,*,#8673,.F.);
#8675=ORIENTED_EDGE('',*,*,#8655,.T.);
#8676=ORIENTED_EDGE('',*,*,#8644,.T.);
#8677=EDGE_LOOP('',(#8668,#8670,#8672,#8674,#8675,#8676));
#8678=FACE_OUTER_BOUND('',#8677,.F.);
#8679=ADVANCED_FACE('',(#8678),#8667,.T.);
#8680=CARTESIAN_POINT('',(1.425E0,9.345652173915E-1,-9.E-1));
#8681=DIRECTION('',(0.E0,0.E0,1.E0));
#8682=DIRECTION('',(1.E0,0.E0,0.E0));
#8683=AXIS2_PLACEMENT_3D('',#8680,#8681,#8682);
#8684=PLANE('',#8683);
#8685=ORIENTED_EDGE('',*,*,#8430,.T.);
#8686=ORIENTED_EDGE('',*,*,#8559,.F.);
#8688=ORIENTED_EDGE('',*,*,#8687,.F.);
#8689=ORIENTED_EDGE('',*,*,#8669,.F.);
#8690=EDGE_LOOP('',(#8685,#8686,#8688,#8689));
#8691=FACE_OUTER_BOUND('',#8690,.F.);
#8692=ADVANCED_FACE('',(#8691),#8684,.F.);
#8693=CARTESIAN_POINT('',(7.2E0,1.185E0,-1.55E0));
#8694=DIRECTION('',(0.E0,9.997637888239E-1,-2.173399540922E-2));
#8695=DIRECTION('',(0.E0,2.173399540922E-2,9.997637888239E-1));
#8696=AXIS2_PLACEMENT_3D('',#8693,#8694,#8695);
#8697=PLANE('',#8696);
#8698=ORIENTED_EDGE('',*,*,#8597,.T.);
#8699=ORIENTED_EDGE('',*,*,#8611,.T.);
#8700=ORIENTED_EDGE('',*,*,#8629,.F.);
#8702=ORIENTED_EDGE('',*,*,#8701,.F.);
#8703=ORIENTED_EDGE('',*,*,#8671,.F.);
#8704=ORIENTED_EDGE('',*,*,#8687,.T.);
#8705=ORIENTED_EDGE('',*,*,#8557,.T.);
#8707=ORIENTED_EDGE('',*,*,#8706,.T.);
#8709=ORIENTED_EDGE('',*,*,#8708,.F.);
#8711=ORIENTED_EDGE('',*,*,#8710,.T.);
#8712=EDGE_LOOP('',(#8698,#8699,#8700,#8702,#8703,#8704,#8705,#8707,#8709,
#8711));
#8713=FACE_OUTER_BOUND('',#8712,.F.);
#8715=ORIENTED_EDGE('',*,*,#8714,.F.);
#8717=ORIENTED_EDGE('',*,*,#8716,.F.);
#8719=ORIENTED_EDGE('',*,*,#8718,.T.);
#8721=ORIENTED_EDGE('',*,*,#8720,.F.);
#8722=EDGE_LOOP('',(#8715,#8717,#8719,#8721));
#8723=FACE_BOUND('',#8722,.F.);
#8725=ORIENTED_EDGE('',*,*,#8724,.F.);
#8727=ORIENTED_EDGE('',*,*,#8726,.F.);
#8729=ORIENTED_EDGE('',*,*,#8728,.T.);
#8731=ORIENTED_EDGE('',*,*,#8730,.F.);
#8732=EDGE_LOOP('',(#8725,#8727,#8729,#8731));
#8733=FACE_BOUND('',#8732,.F.);
#8735=ORIENTED_EDGE('',*,*,#8734,.F.);
#8737=ORIENTED_EDGE('',*,*,#8736,.F.);
#8739=ORIENTED_EDGE('',*,*,#8738,.T.);
#8741=ORIENTED_EDGE('',*,*,#8740,.F.);
#8742=EDGE_LOOP('',(#8735,#8737,#8739,#8741));
#8743=FACE_BOUND('',#8742,.F.);
#8745=ORIENTED_EDGE('',*,*,#8744,.F.);
#8747=ORIENTED_EDGE('',*,*,#8746,.F.);
#8749=ORIENTED_EDGE('',*,*,#8748,.T.);
#8751=ORIENTED_EDGE('',*,*,#8750,.F.);
#8752=EDGE_LOOP('',(#8745,#8747,#8749,#8751));
#8753=FACE_BOUND('',#8752,.F.);
#8755=ORIENTED_EDGE('',*,*,#8754,.F.);
#8757=ORIENTED_EDGE('',*,*,#8756,.F.);
#8759=ORIENTED_EDGE('',*,*,#8758,.T.);
#8761=ORIENTED_EDGE('',*,*,#8760,.F.);
#8762=EDGE_LOOP('',(#8755,#8757,#8759,#8761));
#8763=FACE_BOUND('',#8762,.F.);
#8765=ORIENTED_EDGE('',*,*,#8764,.F.);
#8767=ORIENTED_EDGE('',*,*,#8766,.F.);
#8769=ORIENTED_EDGE('',*,*,#8768,.T.);
#8771=ORIENTED_EDGE('',*,*,#8770,.F.);
#8772=EDGE_LOOP('',(#8765,#8767,#8769,#8771));
#8773=FACE_BOUND('',#8772,.F.);
#8775=ORIENTED_EDGE('',*,*,#8774,.F.);
#8777=ORIENTED_EDGE('',*,*,#8776,.F.);
#8779=ORIENTED_EDGE('',*,*,#8778,.T.);
#8781=ORIENTED_EDGE('',*,*,#8780,.F.);
#8782=EDGE_LOOP('',(#8775,#8777,#8779,#8781));
#8783=FACE_BOUND('',#8782,.F.);
#8785=ORIENTED_EDGE('',*,*,#8784,.F.);
#8787=ORIENTED_EDGE('',*,*,#8786,.F.);
#8789=ORIENTED_EDGE('',*,*,#8788,.T.);
#8791=ORIENTED_EDGE('',*,*,#8790,.F.);
#8792=EDGE_LOOP('',(#8785,#8787,#8789,#8791));
#8793=FACE_BOUND('',#8792,.F.);
#8795=ORIENTED_EDGE('',*,*,#8794,.F.);
#8797=ORIENTED_EDGE('',*,*,#8796,.F.);
#8799=ORIENTED_EDGE('',*,*,#8798,.T.);
#8801=ORIENTED_EDGE('',*,*,#8800,.F.);
#8802=EDGE_LOOP('',(#8795,#8797,#8799,#8801));
#8803=FACE_BOUND('',#8802,.F.);
#8805=ORIENTED_EDGE('',*,*,#8804,.F.);
#8807=ORIENTED_EDGE('',*,*,#8806,.F.);
#8809=ORIENTED_EDGE('',*,*,#8808,.T.);
#8811=ORIENTED_EDGE('',*,*,#8810,.F.);
#8812=EDGE_LOOP('',(#8805,#8807,#8809,#8811));
#8813=FACE_BOUND('',#8812,.F.);
#8815=ORIENTED_EDGE('',*,*,#8814,.F.);
#8817=ORIENTED_EDGE('',*,*,#8816,.F.);
#8819=ORIENTED_EDGE('',*,*,#8818,.T.);
#8821=ORIENTED_EDGE('',*,*,#8820,.F.);
#8822=EDGE_LOOP('',(#8815,#8817,#8819,#8821));
#8823=FACE_BOUND('',#8822,.F.);
#8825=ORIENTED_EDGE('',*,*,#8824,.F.);
#8827=ORIENTED_EDGE('',*,*,#8826,.F.);
#8829=ORIENTED_EDGE('',*,*,#8828,.T.);
#8831=ORIENTED_EDGE('',*,*,#8830,.F.);
#8832=EDGE_LOOP('',(#8825,#8827,#8829,#8831));
#8833=FACE_BOUND('',#8832,.F.);
#8835=ORIENTED_EDGE('',*,*,#8834,.F.);
#8837=ORIENTED_EDGE('',*,*,#8836,.F.);
#8839=ORIENTED_EDGE('',*,*,#8838,.T.);
#8841=ORIENTED_EDGE('',*,*,#8840,.F.);
#8842=EDGE_LOOP('',(#8835,#8837,#8839,#8841));
#8843=FACE_BOUND('',#8842,.F.);
#8845=ORIENTED_EDGE('',*,*,#8844,.F.);
#8847=ORIENTED_EDGE('',*,*,#8846,.F.);
#8849=ORIENTED_EDGE('',*,*,#8848,.T.);
#8851=ORIENTED_EDGE('',*,*,#8850,.F.);
#8852=EDGE_LOOP('',(#8845,#8847,#8849,#8851));
#8853=FACE_BOUND('',#8852,.F.);
#8855=ORIENTED_EDGE('',*,*,#8854,.F.);
#8857=ORIENTED_EDGE('',*,*,#8856,.F.);
#8859=ORIENTED_EDGE('',*,*,#8858,.T.);
#8861=ORIENTED_EDGE('',*,*,#8860,.F.);
#8862=EDGE_LOOP('',(#8855,#8857,#8859,#8861));
#8863=FACE_BOUND('',#8862,.F.);
#8865=ORIENTED_EDGE('',*,*,#8864,.F.);
#8867=ORIENTED_EDGE('',*,*,#8866,.F.);
#8869=ORIENTED_EDGE('',*,*,#8868,.T.);
#8871=ORIENTED_EDGE('',*,*,#8870,.F.);
#8872=EDGE_LOOP('',(#8865,#8867,#8869,#8871));
#8873=FACE_BOUND('',#8872,.F.);
#8875=ORIENTED_EDGE('',*,*,#8874,.F.);
#8877=ORIENTED_EDGE('',*,*,#8876,.F.);
#8879=ORIENTED_EDGE('',*,*,#8878,.T.);
#8881=ORIENTED_EDGE('',*,*,#8880,.F.);
#8882=EDGE_LOOP('',(#8875,#8877,#8879,#8881));
#8883=FACE_BOUND('',#8882,.F.);
#8885=ORIENTED_EDGE('',*,*,#8884,.F.);
#8887=ORIENTED_EDGE('',*,*,#8886,.F.);
#8889=ORIENTED_EDGE('',*,*,#8888,.T.);
#8891=ORIENTED_EDGE('',*,*,#8890,.F.);
#8892=EDGE_LOOP('',(#8885,#8887,#8889,#8891));
#8893=FACE_BOUND('',#8892,.F.);
#8895=ORIENTED_EDGE('',*,*,#8894,.F.);
#8897=ORIENTED_EDGE('',*,*,#8896,.F.);
#8899=ORIENTED_EDGE('',*,*,#8898,.T.);
#8901=ORIENTED_EDGE('',*,*,#8900,.F.);
#8902=EDGE_LOOP('',(#8895,#8897,#8899,#8901));
#8903=FACE_BOUND('',#8902,.F.);
#8905=ORIENTED_EDGE('',*,*,#8904,.F.);
#8907=ORIENTED_EDGE('',*,*,#8906,.F.);
#8909=ORIENTED_EDGE('',*,*,#8908,.T.);
#8911=ORIENTED_EDGE('',*,*,#8910,.F.);
#8912=EDGE_LOOP('',(#8905,#8907,#8909,#8911));
#8913=FACE_BOUND('',#8912,.F.);
#8915=ORIENTED_EDGE('',*,*,#8914,.F.);
#8917=ORIENTED_EDGE('',*,*,#8916,.F.);
#8919=ORIENTED_EDGE('',*,*,#8918,.T.);
#8921=ORIENTED_EDGE('',*,*,#8920,.F.);
#8922=EDGE_LOOP('',(#8915,#8917,#8919,#8921));
#8923=FACE_BOUND('',#8922,.F.);
#8925=ORIENTED_EDGE('',*,*,#8924,.F.);
#8927=ORIENTED_EDGE('',*,*,#8926,.F.);
#8929=ORIENTED_EDGE('',*,*,#8928,.T.);
#8931=ORIENTED_EDGE('',*,*,#8930,.F.);
#8932=EDGE_LOOP('',(#8925,#8927,#8929,#8931));
#8933=FACE_BOUND('',#8932,.F.);
#8934=ADVANCED_FACE('',(#8713,#8723,#8733,#8743,#8753,#8763,#8773,#8783,#8793,
#8803,#8813,#8823,#8833,#8843,#8853,#8863,#8873,#8883,#8893,#8903,#8913,#8923,
#8933),#8697,.F.);
#8935=CARTESIAN_POINT('',(7.2E0,9.150000000001E-1,-2.7E0));
#8936=DIRECTION('',(0.E0,0.E0,1.E0));
#8937=DIRECTION('',(0.E0,1.E0,0.E0));
#8938=AXIS2_PLACEMENT_3D('',#8935,#8936,#8937);
#8939=PLANE('',#8938);
#8940=ORIENTED_EDGE('',*,*,#8657,.T.);
#8941=ORIENTED_EDGE('',*,*,#8673,.T.);
#8942=ORIENTED_EDGE('',*,*,#8701,.T.);
#8943=ORIENTED_EDGE('',*,*,#8627,.F.);
#8944=EDGE_LOOP('',(#8940,#8941,#8942,#8943));
#8945=FACE_OUTER_BOUND('',#8944,.F.);
#8946=ADVANCED_FACE('',(#8945),#8939,.T.);
#8947=CARTESIAN_POINT('',(1.45E0,1.511413043478E0,-3.65E-1));
#8948=DIRECTION('',(1.E0,0.E0,0.E0));
#8949=DIRECTION('',(0.E0,0.E0,1.E0));
#8950=AXIS2_PLACEMENT_3D('',#8947,#8948,#8949);
#8951=PLANE('',#8950);
#8952=ORIENTED_EDGE('',*,*,#8071,.F.);
#8954=ORIENTED_EDGE('',*,*,#8953,.T.);
#8956=ORIENTED_EDGE('',*,*,#8955,.T.);
#8958=ORIENTED_EDGE('',*,*,#8957,.F.);
#8959=ORIENTED_EDGE('',*,*,#8706,.F.);
#8960=EDGE_LOOP('',(#8952,#8954,#8956,#8958,#8959));
#8961=FACE_OUTER_BOUND('',#8960,.F.);
#8962=ADVANCED_FACE('',(#8961),#8951,.F.);
#8963=CARTESIAN_POINT('',(7.2E0,1.82E0,-2.1E0));
#8964=DIRECTION('',(0.E0,1.E0,0.E0));
#8965=DIRECTION('',(1.E0,0.E0,0.E0));
#8966=AXIS2_PLACEMENT_3D('',#8963,#8964,#8965);
#8967=PLANE('',#8966);
#8969=ORIENTED_EDGE('',*,*,#8968,.F.);
#8971=ORIENTED_EDGE('',*,*,#8970,.F.);
#8973=ORIENTED_EDGE('',*,*,#8972,.F.);
#8975=ORIENTED_EDGE('',*,*,#8974,.F.);
#8977=ORIENTED_EDGE('',*,*,#8976,.T.);
#8979=ORIENTED_EDGE('',*,*,#8978,.T.);
#8981=ORIENTED_EDGE('',*,*,#8980,.F.);
#8983=ORIENTED_EDGE('',*,*,#8982,.F.);
#8985=ORIENTED_EDGE('',*,*,#8984,.T.);
#8987=ORIENTED_EDGE('',*,*,#8986,.T.);
#8989=ORIENTED_EDGE('',*,*,#8988,.F.);
#8991=ORIENTED_EDGE('',*,*,#8990,.F.);
#8993=ORIENTED_EDGE('',*,*,#8992,.T.);
#8995=ORIENTED_EDGE('',*,*,#8994,.T.);
#8997=ORIENTED_EDGE('',*,*,#8996,.F.);
#8999=ORIENTED_EDGE('',*,*,#8998,.F.);
#9001=ORIENTED_EDGE('',*,*,#9000,.T.);
#9003=ORIENTED_EDGE('',*,*,#9002,.T.);
#9005=ORIENTED_EDGE('',*,*,#9004,.F.);
#9007=ORIENTED_EDGE('',*,*,#9006,.F.);
#9009=ORIENTED_EDGE('',*,*,#9008,.T.);
#9011=ORIENTED_EDGE('',*,*,#9010,.T.);
#9013=ORIENTED_EDGE('',*,*,#9012,.F.);
#9015=ORIENTED_EDGE('',*,*,#9014,.F.);
#9017=ORIENTED_EDGE('',*,*,#9016,.T.);
#9019=ORIENTED_EDGE('',*,*,#9018,.T.);
#9021=ORIENTED_EDGE('',*,*,#9020,.F.);
#9023=ORIENTED_EDGE('',*,*,#9022,.F.);
#9025=ORIENTED_EDGE('',*,*,#9024,.T.);
#9027=ORIENTED_EDGE('',*,*,#9026,.T.);
#9029=ORIENTED_EDGE('',*,*,#9028,.F.);
#9031=ORIENTED_EDGE('',*,*,#9030,.F.);
#9033=ORIENTED_EDGE('',*,*,#9032,.T.);
#9035=ORIENTED_EDGE('',*,*,#9034,.T.);
#9037=ORIENTED_EDGE('',*,*,#9036,.F.);
#9039=ORIENTED_EDGE('',*,*,#9038,.F.);
#9041=ORIENTED_EDGE('',*,*,#9040,.T.);
#9043=ORIENTED_EDGE('',*,*,#9042,.T.);
#9045=ORIENTED_EDGE('',*,*,#9044,.F.);
#9047=ORIENTED_EDGE('',*,*,#9046,.F.);
#9049=ORIENTED_EDGE('',*,*,#9048,.T.);
#9051=ORIENTED_EDGE('',*,*,#9050,.T.);
#9053=ORIENTED_EDGE('',*,*,#9052,.F.);
#9055=ORIENTED_EDGE('',*,*,#9054,.F.);
#9057=ORIENTED_EDGE('',*,*,#9056,.T.);
#9059=ORIENTED_EDGE('',*,*,#9058,.T.);
#9061=ORIENTED_EDGE('',*,*,#9060,.F.);
#9063=ORIENTED_EDGE('',*,*,#9062,.F.);
#9065=ORIENTED_EDGE('',*,*,#9064,.T.);
#9067=ORIENTED_EDGE('',*,*,#9066,.T.);
#9069=ORIENTED_EDGE('',*,*,#9068,.F.);
#9071=ORIENTED_EDGE('',*,*,#9070,.F.);
#9073=ORIENTED_EDGE('',*,*,#9072,.T.);
#9075=ORIENTED_EDGE('',*,*,#9074,.T.);
#9077=ORIENTED_EDGE('',*,*,#9076,.F.);
#9079=ORIENTED_EDGE('',*,*,#9078,.F.);
#9081=ORIENTED_EDGE('',*,*,#9080,.T.);
#9083=ORIENTED_EDGE('',*,*,#9082,.T.);
#9085=ORIENTED_EDGE('',*,*,#9084,.F.);
#9087=ORIENTED_EDGE('',*,*,#9086,.F.);
#9089=ORIENTED_EDGE('',*,*,#9088,.T.);
#9091=ORIENTED_EDGE('',*,*,#9090,.T.);
#9093=ORIENTED_EDGE('',*,*,#9092,.F.);
#9095=ORIENTED_EDGE('',*,*,#9094,.F.);
#9097=ORIENTED_EDGE('',*,*,#9096,.T.);
#9099=ORIENTED_EDGE('',*,*,#9098,.T.);
#9101=ORIENTED_EDGE('',*,*,#9100,.F.);
#9103=ORIENTED_EDGE('',*,*,#9102,.F.);
#9105=ORIENTED_EDGE('',*,*,#9104,.T.);
#9107=ORIENTED_EDGE('',*,*,#9106,.T.);
#9109=ORIENTED_EDGE('',*,*,#9108,.F.);
#9111=ORIENTED_EDGE('',*,*,#9110,.F.);
#9113=ORIENTED_EDGE('',*,*,#9112,.T.);
#9115=ORIENTED_EDGE('',*,*,#9114,.T.);
#9117=ORIENTED_EDGE('',*,*,#9116,.F.);
#9119=ORIENTED_EDGE('',*,*,#9118,.F.);
#9121=ORIENTED_EDGE('',*,*,#9120,.T.);
#9123=ORIENTED_EDGE('',*,*,#9122,.T.);
#9125=ORIENTED_EDGE('',*,*,#9124,.F.);
#9127=ORIENTED_EDGE('',*,*,#9126,.F.);
#9129=ORIENTED_EDGE('',*,*,#9128,.T.);
#9131=ORIENTED_EDGE('',*,*,#9130,.T.);
#9133=ORIENTED_EDGE('',*,*,#9132,.F.);
#9135=ORIENTED_EDGE('',*,*,#9134,.F.);
#9137=ORIENTED_EDGE('',*,*,#9136,.T.);
#9139=ORIENTED_EDGE('',*,*,#9138,.T.);
#9141=ORIENTED_EDGE('',*,*,#9140,.F.);
#9143=ORIENTED_EDGE('',*,*,#9142,.F.);
#9145=ORIENTED_EDGE('',*,*,#9144,.T.);
#9147=ORIENTED_EDGE('',*,*,#9146,.T.);
#9149=ORIENTED_EDGE('',*,*,#9148,.F.);
#9151=ORIENTED_EDGE('',*,*,#9150,.F.);
#9153=ORIENTED_EDGE('',*,*,#9152,.T.);
#9155=ORIENTED_EDGE('',*,*,#9154,.T.);
#9157=ORIENTED_EDGE('',*,*,#9156,.T.);
#9159=ORIENTED_EDGE('',*,*,#9158,.T.);
#9161=ORIENTED_EDGE('',*,*,#9160,.T.);
#9163=ORIENTED_EDGE('',*,*,#9162,.T.);
#9165=ORIENTED_EDGE('',*,*,#9164,.T.);
#9167=ORIENTED_EDGE('',*,*,#9166,.T.);
#9168=ORIENTED_EDGE('',*,*,#8151,.F.);
#9170=ORIENTED_EDGE('',*,*,#9169,.T.);
#9172=ORIENTED_EDGE('',*,*,#9171,.T.);
#9173=ORIENTED_EDGE('',*,*,#8953,.F.);
#9174=ORIENTED_EDGE('',*,*,#8069,.F.);
#9176=ORIENTED_EDGE('',*,*,#9175,.T.);
#9178=ORIENTED_EDGE('',*,*,#9177,.F.);
#9180=ORIENTED_EDGE('',*,*,#9179,.F.);
#9181=EDGE_LOOP('',(#8969,#8971,#8973,#8975,#8977,#8979,#8981,#8983,#8985,#8987,
#8989,#8991,#8993,#8995,#8997,#8999,#9001,#9003,#9005,#9007,#9009,#9011,#9013,
#9015,#9017,#9019,#9021,#9023,#9025,#9027,#9029,#9031,#9033,#9035,#9037,#9039,
#9041,#9043,#9045,#9047,#9049,#9051,#9053,#9055,#9057,#9059,#9061,#9063,#9065,
#9067,#9069,#9071,#9073,#9075,#9077,#9079,#9081,#9083,#9085,#9087,#9089,#9091,
#9093,#9095,#9097,#9099,#9101,#9103,#9105,#9107,#9109,#9111,#9113,#9115,#9117,
#9119,#9121,#9123,#9125,#9127,#9129,#9131,#9133,#9135,#9137,#9139,#9141,#9143,
#9145,#9147,#9149,#9151,#9153,#9155,#9157,#9159,#9161,#9163,#9165,#9167,#9168,
#9170,#9172,#9173,#9174,#9176,#9178,#9180));
#9182=FACE_OUTER_BOUND('',#9181,.F.);
#9183=ADVANCED_FACE('',(#9182),#8967,.T.);
#9184=CARTESIAN_POINT('',(1.070567382480E0,1.77E0,-2.29E0));
#9185=DIRECTION('',(0.E0,0.E0,1.E0));
#9186=DIRECTION('',(-1.E0,0.E0,0.E0));
#9187=AXIS2_PLACEMENT_3D('',#9184,#9185,#9186);
#9188=PLANE('',#9187);
#9189=ORIENTED_EDGE('',*,*,#8968,.T.);
#9191=ORIENTED_EDGE('',*,*,#9190,.T.);
#9193=ORIENTED_EDGE('',*,*,#9192,.T.);
#9195=ORIENTED_EDGE('',*,*,#9194,.F.);
#9197=ORIENTED_EDGE('',*,*,#9196,.F.);
#9199=ORIENTED_EDGE('',*,*,#9198,.F.);
#9200=EDGE_LOOP('',(#9189,#9191,#9193,#9195,#9197,#9199));
#9201=FACE_OUTER_BOUND('',#9200,.F.);
#9202=ADVANCED_FACE('',(#9201),#9188,.T.);
#9203=CARTESIAN_POINT('',(1.58E0,1.705E0,-3.125E0));
#9204=DIRECTION('',(1.E0,0.E0,0.E0));
#9205=DIRECTION('',(0.E0,0.E0,-1.E0));
#9206=AXIS2_PLACEMENT_3D('',#9203,#9204,#9205);
#9207=PLANE('',#9206);
#9209=ORIENTED_EDGE('',*,*,#9208,.F.);
#9210=ORIENTED_EDGE('',*,*,#9190,.F.);
#9211=ORIENTED_EDGE('',*,*,#9179,.T.);
#9213=ORIENTED_EDGE('',*,*,#9212,.F.);
#9215=ORIENTED_EDGE('',*,*,#9214,.T.);
#9217=ORIENTED_EDGE('',*,*,#9216,.T.);
#9218=EDGE_LOOP('',(#9209,#9210,#9211,#9213,#9215,#9217));
#9219=FACE_OUTER_BOUND('',#9218,.F.);
#9220=ADVANCED_FACE('',(#9219),#9207,.F.);
#9221=CARTESIAN_POINT('',(1.58E0,1.705E0,-3.125E0));
#9222=DIRECTION('',(1.E0,0.E0,0.E0));
#9223=DIRECTION('',(0.E0,0.E0,-1.E0));
#9224=AXIS2_PLACEMENT_3D('',#9221,#9222,#9223);
#9225=PLANE('',#9224);
#9227=ORIENTED_EDGE('',*,*,#9226,.F.);
#9229=ORIENTED_EDGE('',*,*,#9228,.T.);
#9231=ORIENTED_EDGE('',*,*,#9230,.T.);
#9232=ORIENTED_EDGE('',*,*,#8974,.T.);
#9233=EDGE_LOOP('',(#9227,#9229,#9231,#9232));
#9234=FACE_OUTER_BOUND('',#9233,.F.);
#9235=ADVANCED_FACE('',(#9234),#9225,.F.);
#9236=CARTESIAN_POINT('',(3.677836912394E-1,1.67E0,-3.24E0));
#9237=DIRECTION('',(0.E0,1.E0,0.E0));
#9238=DIRECTION('',(1.E0,0.E0,0.E0));
#9239=AXIS2_PLACEMENT_3D('',#9236,#9237,#9238);
#9240=PLANE('',#9239);
#9241=ORIENTED_EDGE('',*,*,#9208,.T.);
#9243=ORIENTED_EDGE('',*,*,#9242,.F.);
#9245=ORIENTED_EDGE('',*,*,#9244,.T.);
#9247=ORIENTED_EDGE('',*,*,#9246,.F.);
#9249=ORIENTED_EDGE('',*,*,#9248,.F.);
#9251=ORIENTED_EDGE('',*,*,#9250,.F.);
#9253=ORIENTED_EDGE('',*,*,#9252,.F.);
#9255=ORIENTED_EDGE('',*,*,#9254,.F.);
#9257=ORIENTED_EDGE('',*,*,#9256,.F.);
#9259=ORIENTED_EDGE('',*,*,#9258,.F.);
#9261=ORIENTED_EDGE('',*,*,#9260,.F.);
#9262=ORIENTED_EDGE('',*,*,#9192,.F.);
#9263=EDGE_LOOP('',(#9241,#9243,#9245,#9247,#9249,#9251,#9253,#9255,#9257,#9259,
#9261,#9262));
#9264=FACE_OUTER_BOUND('',#9263,.F.);
#9265=ADVANCED_FACE('',(#9264),#9240,.F.);
#9266=CARTESIAN_POINT('',(1.535567382480E0,1.4275E0,-3.59E0));
#9267=DIRECTION('',(0.E0,0.E0,1.E0));
#9268=DIRECTION('',(-1.E0,0.E0,0.E0));
#9269=AXIS2_PLACEMENT_3D('',#9266,#9267,#9268);
#9270=PLANE('',#9269);
#9271=ORIENTED_EDGE('',*,*,#9216,.F.);
#9273=ORIENTED_EDGE('',*,*,#9272,.T.);
#9275=ORIENTED_EDGE('',*,*,#9274,.T.);
#9276=ORIENTED_EDGE('',*,*,#9242,.T.);
#9277=EDGE_LOOP('',(#9271,#9273,#9275,#9276));
#9278=FACE_OUTER_BOUND('',#9277,.F.);
#9279=ADVANCED_FACE('',(#9278),#9270,.T.);
#9280=CARTESIAN_POINT('',(6.65E-1,1.59E0,-3.125E0));
#9281=DIRECTION('',(0.E0,1.E0,0.E0));
#9282=DIRECTION('',(1.E0,0.E0,0.E0));
#9283=AXIS2_PLACEMENT_3D('',#9280,#9281,#9282);
#9284=PLANE('',#9283);
#9285=ORIENTED_EDGE('',*,*,#9272,.F.);
#9286=ORIENTED_EDGE('',*,*,#9214,.F.);
#9288=ORIENTED_EDGE('',*,*,#9287,.F.);
#9290=ORIENTED_EDGE('',*,*,#9289,.F.);
#9292=ORIENTED_EDGE('',*,*,#9291,.F.);
#9293=ORIENTED_EDGE('',*,*,#9228,.F.);
#9295=ORIENTED_EDGE('',*,*,#9294,.T.);
#9297=ORIENTED_EDGE('',*,*,#9296,.T.);
#9298=EDGE_LOOP('',(#9285,#9286,#9288,#9290,#9292,#9293,#9295,#9297));
#9299=FACE_OUTER_BOUND('',#9298,.F.);
#9300=ADVANCED_FACE('',(#9299),#9284,.T.);
#9301=CARTESIAN_POINT('',(6.65E-1,1.705E0,-2.05E0));
#9302=DIRECTION('',(0.E0,0.E0,1.E0));
#9303=DIRECTION('',(1.E0,0.E0,0.E0));
#9304=AXIS2_PLACEMENT_3D('',#9301,#9302,#9303);
#9305=PLANE('',#9304);
#9306=ORIENTED_EDGE('',*,*,#9177,.T.);
#9308=ORIENTED_EDGE('',*,*,#9307,.T.);
#9309=ORIENTED_EDGE('',*,*,#9287,.T.);
#9310=ORIENTED_EDGE('',*,*,#9212,.T.);
#9311=EDGE_LOOP('',(#9306,#9308,#9309,#9310));
#9312=FACE_OUTER_BOUND('',#9311,.F.);
#9313=ADVANCED_FACE('',(#9312),#9305,.F.);
#9314=CARTESIAN_POINT('',(-2.5E-1,9.1E-1,-2.465E0));
#9315=DIRECTION('',(1.E0,0.E0,0.E0));
#9316=DIRECTION('',(0.E0,0.E0,1.E0));
#9317=AXIS2_PLACEMENT_3D('',#9314,#9315,#9316);
#9318=PLANE('',#9317);
#9320=ORIENTED_EDGE('',*,*,#9319,.T.);
#9322=ORIENTED_EDGE('',*,*,#9321,.T.);
#9324=ORIENTED_EDGE('',*,*,#9323,.T.);
#9325=ORIENTED_EDGE('',*,*,#9289,.T.);
#9326=ORIENTED_EDGE('',*,*,#9307,.F.);
#9327=ORIENTED_EDGE('',*,*,#9175,.F.);
#9328=ORIENTED_EDGE('',*,*,#8067,.F.);
#9329=ORIENTED_EDGE('',*,*,#8052,.F.);
#9330=EDGE_LOOP('',(#9320,#9322,#9324,#9325,#9326,#9327,#9328,#9329));
#9331=FACE_OUTER_BOUND('',#9330,.F.);
#9332=ADVANCED_FACE('',(#9331),#9318,.F.);
#9333=CARTESIAN_POINT('',(6.65E-1,6.5E-2,-2.05E0));
#9334=DIRECTION('',(0.E0,0.E0,1.E0));
#9335=DIRECTION('',(1.E0,0.E0,0.E0));
#9336=AXIS2_PLACEMENT_3D('',#9333,#9334,#9335);
#9337=PLANE('',#9336);
#9339=ORIENTED_EDGE('',*,*,#9338,.T.);
#9340=ORIENTED_EDGE('',*,*,#9319,.F.);
#9341=ORIENTED_EDGE('',*,*,#8050,.F.);
#9343=ORIENTED_EDGE('',*,*,#9342,.T.);
#9344=EDGE_LOOP('',(#9339,#9340,#9341,#9343));
#9345=FACE_OUTER_BOUND('',#9344,.F.);
#9346=ADVANCED_FACE('',(#9345),#9337,.F.);
#9347=CARTESIAN_POINT('',(6.65E-1,1.3E-1,-3.125E0));
#9348=DIRECTION('',(0.E0,1.E0,0.E0));
#9349=DIRECTION('',(0.E0,0.E0,1.E0));
#9350=AXIS2_PLACEMENT_3D('',#9347,#9348,#9349);
#9351=PLANE('',#9350);
#9353=ORIENTED_EDGE('',*,*,#9352,.T.);
#9355=ORIENTED_EDGE('',*,*,#9354,.F.);
#9357=ORIENTED_EDGE('',*,*,#9356,.F.);
#9359=ORIENTED_EDGE('',*,*,#9358,.T.);
#9361=ORIENTED_EDGE('',*,*,#9360,.T.);
#9362=ORIENTED_EDGE('',*,*,#9321,.F.);
#9363=ORIENTED_EDGE('',*,*,#9338,.F.);
#9365=ORIENTED_EDGE('',*,*,#9364,.T.);
#9366=EDGE_LOOP('',(#9353,#9355,#9357,#9359,#9361,#9362,#9363,#9365));
#9367=FACE_OUTER_BOUND('',#9366,.F.);
#9368=ADVANCED_FACE('',(#9367),#9351,.F.);
#9369=CARTESIAN_POINT('',(1.160567382480E0,1.5E-1,-2.29E0));
#9370=DIRECTION('',(0.E0,0.E0,1.E0));
#9371=DIRECTION('',(1.E0,0.E0,0.E0));
#9372=AXIS2_PLACEMENT_3D('',#9369,#9370,#9371);
#9373=PLANE('',#9372);
#9374=ORIENTED_EDGE('',*,*,#9352,.F.);
#9376=ORIENTED_EDGE('',*,*,#9375,.T.);
#9378=ORIENTED_EDGE('',*,*,#9377,.F.);
#9380=ORIENTED_EDGE('',*,*,#9379,.F.);
#9381=EDGE_LOOP('',(#9374,#9376,#9378,#9380));
#9382=FACE_OUTER_BOUND('',#9381,.F.);
#9383=ADVANCED_FACE('',(#9382),#9373,.T.);
#9384=CARTESIAN_POINT('',(1.58E0,6.5E-2,-3.125E0));
#9385=DIRECTION('',(1.E0,0.E0,0.E0));
#9386=DIRECTION('',(0.E0,0.E0,-1.E0));
#9387=AXIS2_PLACEMENT_3D('',#9384,#9385,#9386);
#9388=PLANE('',#9387);
#9389=ORIENTED_EDGE('',*,*,#9375,.F.);
#9390=ORIENTED_EDGE('',*,*,#9364,.F.);
#9391=ORIENTED_EDGE('',*,*,#9342,.F.);
#9392=ORIENTED_EDGE('',*,*,#8048,.F.);
#9394=ORIENTED_EDGE('',*,*,#9393,.F.);
#9395=ORIENTED_EDGE('',*,*,#9358,.F.);
#9397=ORIENTED_EDGE('',*,*,#9396,.T.);
#9399=ORIENTED_EDGE('',*,*,#9398,.T.);
#9400=EDGE_LOOP('',(#9389,#9390,#9391,#9392,#9394,#9395,#9397,#9399));
#9401=FACE_OUTER_BOUND('',#9400,.F.);
#9402=ADVANCED_FACE('',(#9401),#9388,.F.);
#9403=CARTESIAN_POINT('',(7.2E0,9.1E-1,-4.2E0));
#9404=DIRECTION('',(0.E0,0.E0,1.E0));
#9405=DIRECTION('',(-1.E0,0.E0,0.E0));
#9406=AXIS2_PLACEMENT_3D('',#9403,#9404,#9405);
#9407=PLANE('',#9406);
#9409=ORIENTED_EDGE('',*,*,#9408,.F.);
#9411=ORIENTED_EDGE('',*,*,#9410,.T.);
#9413=ORIENTED_EDGE('',*,*,#9412,.T.);
#9414=ORIENTED_EDGE('',*,*,#8976,.F.);
#9415=ORIENTED_EDGE('',*,*,#9230,.F.);
#9416=ORIENTED_EDGE('',*,*,#9291,.T.);
#9417=ORIENTED_EDGE('',*,*,#9323,.F.);
#9418=ORIENTED_EDGE('',*,*,#9360,.F.);
#9419=ORIENTED_EDGE('',*,*,#9393,.T.);
#9420=ORIENTED_EDGE('',*,*,#8046,.F.);
#9422=ORIENTED_EDGE('',*,*,#9421,.F.);
#9424=ORIENTED_EDGE('',*,*,#9423,.F.);
#9426=ORIENTED_EDGE('',*,*,#9425,.T.);
#9428=ORIENTED_EDGE('',*,*,#9427,.F.);
#9430=ORIENTED_EDGE('',*,*,#9429,.T.);
#9431=ORIENTED_EDGE('',*,*,#9152,.F.);
#9433=ORIENTED_EDGE('',*,*,#9432,.F.);
#9435=ORIENTED_EDGE('',*,*,#9434,.T.);
#9437=ORIENTED_EDGE('',*,*,#9436,.T.);
#9439=ORIENTED_EDGE('',*,*,#9438,.T.);
#9441=ORIENTED_EDGE('',*,*,#9440,.F.);
#9443=ORIENTED_EDGE('',*,*,#9442,.T.);
#9445=ORIENTED_EDGE('',*,*,#9444,.T.);
#9446=ORIENTED_EDGE('',*,*,#9144,.F.);
#9448=ORIENTED_EDGE('',*,*,#9447,.F.);
#9450=ORIENTED_EDGE('',*,*,#9449,.T.);
#9452=ORIENTED_EDGE('',*,*,#9451,.T.);
#9454=ORIENTED_EDGE('',*,*,#9453,.T.);
#9456=ORIENTED_EDGE('',*,*,#9455,.F.);
#9458=ORIENTED_EDGE('',*,*,#9457,.T.);
#9460=ORIENTED_EDGE('',*,*,#9459,.T.);
#9461=ORIENTED_EDGE('',*,*,#9136,.F.);
#9463=ORIENTED_EDGE('',*,*,#9462,.F.);
#9465=ORIENTED_EDGE('',*,*,#9464,.T.);
#9467=ORIENTED_EDGE('',*,*,#9466,.T.);
#9469=ORIENTED_EDGE('',*,*,#9468,.T.);
#9471=ORIENTED_EDGE('',*,*,#9470,.F.);
#9473=ORIENTED_EDGE('',*,*,#9472,.T.);
#9475=ORIENTED_EDGE('',*,*,#9474,.T.);
#9476=ORIENTED_EDGE('',*,*,#9128,.F.);
#9478=ORIENTED_EDGE('',*,*,#9477,.F.);
#9480=ORIENTED_EDGE('',*,*,#9479,.T.);
#9482=ORIENTED_EDGE('',*,*,#9481,.T.);
#9484=ORIENTED_EDGE('',*,*,#9483,.T.);
#9486=ORIENTED_EDGE('',*,*,#9485,.F.);
#9488=ORIENTED_EDGE('',*,*,#9487,.T.);
#9490=ORIENTED_EDGE('',*,*,#9489,.T.);
#9491=ORIENTED_EDGE('',*,*,#9120,.F.);
#9493=ORIENTED_EDGE('',*,*,#9492,.F.);
#9495=ORIENTED_EDGE('',*,*,#9494,.T.);
#9497=ORIENTED_EDGE('',*,*,#9496,.T.);
#9499=ORIENTED_EDGE('',*,*,#9498,.T.);
#9501=ORIENTED_EDGE('',*,*,#9500,.F.);
#9503=ORIENTED_EDGE('',*,*,#9502,.T.);
#9505=ORIENTED_EDGE('',*,*,#9504,.T.);
#9506=ORIENTED_EDGE('',*,*,#9112,.F.);
#9508=ORIENTED_EDGE('',*,*,#9507,.F.);
#9510=ORIENTED_EDGE('',*,*,#9509,.T.);
#9512=ORIENTED_EDGE('',*,*,#9511,.T.);
#9514=ORIENTED_EDGE('',*,*,#9513,.T.);
#9516=ORIENTED_EDGE('',*,*,#9515,.F.);
#9518=ORIENTED_EDGE('',*,*,#9517,.T.);
#9520=ORIENTED_EDGE('',*,*,#9519,.T.);
#9521=ORIENTED_EDGE('',*,*,#9104,.F.);
#9523=ORIENTED_EDGE('',*,*,#9522,.F.);
#9525=ORIENTED_EDGE('',*,*,#9524,.T.);
#9527=ORIENTED_EDGE('',*,*,#9526,.T.);
#9529=ORIENTED_EDGE('',*,*,#9528,.T.);
#9531=ORIENTED_EDGE('',*,*,#9530,.F.);
#9533=ORIENTED_EDGE('',*,*,#9532,.T.);
#9535=ORIENTED_EDGE('',*,*,#9534,.T.);
#9536=ORIENTED_EDGE('',*,*,#9096,.F.);
#9538=ORIENTED_EDGE('',*,*,#9537,.F.);
#9540=ORIENTED_EDGE('',*,*,#9539,.T.);
#9542=ORIENTED_EDGE('',*,*,#9541,.T.);
#9544=ORIENTED_EDGE('',*,*,#9543,.T.);
#9546=ORIENTED_EDGE('',*,*,#9545,.F.);
#9548=ORIENTED_EDGE('',*,*,#9547,.T.);
#9550=ORIENTED_EDGE('',*,*,#9549,.T.);
#9551=ORIENTED_EDGE('',*,*,#9088,.F.);
#9553=ORIENTED_EDGE('',*,*,#9552,.F.);
#9555=ORIENTED_EDGE('',*,*,#9554,.T.);
#9557=ORIENTED_EDGE('',*,*,#9556,.T.);
#9559=ORIENTED_EDGE('',*,*,#9558,.T.);
#9561=ORIENTED_EDGE('',*,*,#9560,.F.);
#9563=ORIENTED_EDGE('',*,*,#9562,.T.);
#9565=ORIENTED_EDGE('',*,*,#9564,.T.);
#9566=ORIENTED_EDGE('',*,*,#9080,.F.);
#9568=ORIENTED_EDGE('',*,*,#9567,.F.);
#9570=ORIENTED_EDGE('',*,*,#9569,.T.);
#9572=ORIENTED_EDGE('',*,*,#9571,.T.);
#9574=ORIENTED_EDGE('',*,*,#9573,.T.);
#9576=ORIENTED_EDGE('',*,*,#9575,.F.);
#9578=ORIENTED_EDGE('',*,*,#9577,.T.);
#9580=ORIENTED_EDGE('',*,*,#9579,.T.);
#9581=ORIENTED_EDGE('',*,*,#9072,.F.);
#9583=ORIENTED_EDGE('',*,*,#9582,.F.);
#9585=ORIENTED_EDGE('',*,*,#9584,.T.);
#9587=ORIENTED_EDGE('',*,*,#9586,.T.);
#9589=ORIENTED_EDGE('',*,*,#9588,.T.);
#9591=ORIENTED_EDGE('',*,*,#9590,.F.);
#9593=ORIENTED_EDGE('',*,*,#9592,.T.);
#9595=ORIENTED_EDGE('',*,*,#9594,.T.);
#9596=ORIENTED_EDGE('',*,*,#9064,.F.);
#9598=ORIENTED_EDGE('',*,*,#9597,.F.);
#9600=ORIENTED_EDGE('',*,*,#9599,.T.);
#9602=ORIENTED_EDGE('',*,*,#9601,.T.);
#9604=ORIENTED_EDGE('',*,*,#9603,.T.);
#9606=ORIENTED_EDGE('',*,*,#9605,.F.);
#9608=ORIENTED_EDGE('',*,*,#9607,.T.);
#9610=ORIENTED_EDGE('',*,*,#9609,.T.);
#9611=ORIENTED_EDGE('',*,*,#9056,.F.);
#9613=ORIENTED_EDGE('',*,*,#9612,.F.);
#9615=ORIENTED_EDGE('',*,*,#9614,.T.);
#9617=ORIENTED_EDGE('',*,*,#9616,.T.);
#9619=ORIENTED_EDGE('',*,*,#9618,.T.);
#9621=ORIENTED_EDGE('',*,*,#9620,.F.);
#9623=ORIENTED_EDGE('',*,*,#9622,.T.);
#9625=ORIENTED_EDGE('',*,*,#9624,.T.);
#9626=ORIENTED_EDGE('',*,*,#9048,.F.);
#9628=ORIENTED_EDGE('',*,*,#9627,.F.);
#9630=ORIENTED_EDGE('',*,*,#9629,.T.);
#9632=ORIENTED_EDGE('',*,*,#9631,.T.);
#9634=ORIENTED_EDGE('',*,*,#9633,.T.);
#9636=ORIENTED_EDGE('',*,*,#9635,.F.);
#9638=ORIENTED_EDGE('',*,*,#9637,.T.);
#9640=ORIENTED_EDGE('',*,*,#9639,.T.);
#9641=ORIENTED_EDGE('',*,*,#9040,.F.);
#9643=ORIENTED_EDGE('',*,*,#9642,.F.);
#9645=ORIENTED_EDGE('',*,*,#9644,.T.);
#9647=ORIENTED_EDGE('',*,*,#9646,.T.);
#9649=ORIENTED_EDGE('',*,*,#9648,.T.);
#9651=ORIENTED_EDGE('',*,*,#9650,.F.);
#9653=ORIENTED_EDGE('',*,*,#9652,.T.);
#9655=ORIENTED_EDGE('',*,*,#9654,.T.);
#9656=ORIENTED_EDGE('',*,*,#9032,.F.);
#9658=ORIENTED_EDGE('',*,*,#9657,.F.);
#9660=ORIENTED_EDGE('',*,*,#9659,.T.);
#9662=ORIENTED_EDGE('',*,*,#9661,.T.);
#9664=ORIENTED_EDGE('',*,*,#9663,.T.);
#9666=ORIENTED_EDGE('',*,*,#9665,.F.);
#9668=ORIENTED_EDGE('',*,*,#9667,.T.);
#9670=ORIENTED_EDGE('',*,*,#9669,.T.);
#9671=ORIENTED_EDGE('',*,*,#9024,.F.);
#9673=ORIENTED_EDGE('',*,*,#9672,.F.);
#9675=ORIENTED_EDGE('',*,*,#9674,.T.);
#9677=ORIENTED_EDGE('',*,*,#9676,.T.);
#9679=ORIENTED_EDGE('',*,*,#9678,.T.);
#9681=ORIENTED_EDGE('',*,*,#9680,.F.);
#9683=ORIENTED_EDGE('',*,*,#9682,.T.);
#9685=ORIENTED_EDGE('',*,*,#9684,.T.);
#9686=ORIENTED_EDGE('',*,*,#9016,.F.);
#9688=ORIENTED_EDGE('',*,*,#9687,.F.);
#9690=ORIENTED_EDGE('',*,*,#9689,.T.);
#9692=ORIENTED_EDGE('',*,*,#9691,.T.);
#9694=ORIENTED_EDGE('',*,*,#9693,.T.);
#9696=ORIENTED_EDGE('',*,*,#9695,.F.);
#9698=ORIENTED_EDGE('',*,*,#9697,.T.);
#9700=ORIENTED_EDGE('',*,*,#9699,.T.);
#9701=ORIENTED_EDGE('',*,*,#9008,.F.);
#9703=ORIENTED_EDGE('',*,*,#9702,.F.);
#9705=ORIENTED_EDGE('',*,*,#9704,.T.);
#9707=ORIENTED_EDGE('',*,*,#9706,.T.);
#9709=ORIENTED_EDGE('',*,*,#9708,.T.);
#9711=ORIENTED_EDGE('',*,*,#9710,.F.);
#9713=ORIENTED_EDGE('',*,*,#9712,.T.);
#9715=ORIENTED_EDGE('',*,*,#9714,.T.);
#9716=ORIENTED_EDGE('',*,*,#9000,.F.);
#9718=ORIENTED_EDGE('',*,*,#9717,.F.);
#9720=ORIENTED_EDGE('',*,*,#9719,.T.);
#9722=ORIENTED_EDGE('',*,*,#9721,.T.);
#9724=ORIENTED_EDGE('',*,*,#9723,.T.);
#9726=ORIENTED_EDGE('',*,*,#9725,.F.);
#9728=ORIENTED_EDGE('',*,*,#9727,.T.);
#9730=ORIENTED_EDGE('',*,*,#9729,.T.);
#9731=ORIENTED_EDGE('',*,*,#8992,.F.);
#9733=ORIENTED_EDGE('',*,*,#9732,.F.);
#9735=ORIENTED_EDGE('',*,*,#9734,.T.);
#9737=ORIENTED_EDGE('',*,*,#9736,.T.);
#9739=ORIENTED_EDGE('',*,*,#9738,.T.);
#9741=ORIENTED_EDGE('',*,*,#9740,.F.);
#9743=ORIENTED_EDGE('',*,*,#9742,.T.);
#9745=ORIENTED_EDGE('',*,*,#9744,.T.);
#9746=ORIENTED_EDGE('',*,*,#8984,.F.);
#9748=ORIENTED_EDGE('',*,*,#9747,.F.);
#9750=ORIENTED_EDGE('',*,*,#9749,.T.);
#9752=ORIENTED_EDGE('',*,*,#9751,.T.);
#9754=ORIENTED_EDGE('',*,*,#9753,.T.);
#9755=EDGE_LOOP('',(#9409,#9411,#9413,#9414,#9415,#9416,#9417,#9418,#9419,#9420,
#9422,#9424,#9426,#9428,#9430,#9431,#9433,#9435,#9437,#9439,#9441,#9443,#9445,
#9446,#9448,#9450,#9452,#9454,#9456,#9458,#9460,#9461,#9463,#9465,#9467,#9469,
#9471,#9473,#9475,#9476,#9478,#9480,#9482,#9484,#9486,#9488,#9490,#9491,#9493,
#9495,#9497,#9499,#9501,#9503,#9505,#9506,#9508,#9510,#9512,#9514,#9516,#9518,
#9520,#9521,#9523,#9525,#9527,#9529,#9531,#9533,#9535,#9536,#9538,#9540,#9542,
#9544,#9546,#9548,#9550,#9551,#9553,#9555,#9557,#9559,#9561,#9563,#9565,#9566,
#9568,#9570,#9572,#9574,#9576,#9578,#9580,#9581,#9583,#9585,#9587,#9589,#9591,
#9593,#9595,#9596,#9598,#9600,#9602,#9604,#9606,#9608,#9610,#9611,#9613,#9615,
#9617,#9619,#9621,#9623,#9625,#9626,#9628,#9630,#9632,#9634,#9636,#9638,#9640,
#9641,#9643,#9645,#9647,#9649,#9651,#9653,#9655,#9656,#9658,#9660,#9662,#9664,
#9666,#9668,#9670,#9671,#9673,#9675,#9677,#9679,#9681,#9683,#9685,#9686,#9688,
#9690,#9692,#9694,#9696,#9698,#9700,#9701,#9703,#9705,#9707,#9709,#9711,#9713,
#9715,#9716,#9718,#9720,#9722,#9724,#9726,#9728,#9730,#9731,#9733,#9735,#9737,
#9739,#9741,#9743,#9745,#9746,#9748,#9750,#9752,#9754));
#9756=FACE_OUTER_BOUND('',#9755,.F.);
#9757=ADVANCED_FACE('',(#9756),#9407,.F.);
#9758=CARTESIAN_POINT('',(1.855E0,1.06E0,-2.8E0));
#9759=DIRECTION('',(1.E0,0.E0,0.E0));
#9760=DIRECTION('',(0.E0,1.E0,0.E0));
#9761=AXIS2_PLACEMENT_3D('',#9758,#9759,#9760);
#9762=PLANE('',#9761);
#9763=ORIENTED_EDGE('',*,*,#8924,.T.);
#9765=ORIENTED_EDGE('',*,*,#9764,.T.);
#9767=ORIENTED_EDGE('',*,*,#9766,.T.);
#9769=ORIENTED_EDGE('',*,*,#9768,.T.);
#9770=EDGE_LOOP('',(#9763,#9765,#9767,#9769));
#9771=FACE_OUTER_BOUND('',#9770,.F.);
#9772=ADVANCED_FACE('',(#9771),#9762,.F.);
#9773=CARTESIAN_POINT('',(1.855E0,1.06E0,-2.8E0));
#9774=DIRECTION('',(1.E0,0.E0,0.E0));
#9775=DIRECTION('',(0.E0,1.E0,0.E0));
#9776=AXIS2_PLACEMENT_3D('',#9773,#9774,#9775);
#9777=PLANE('',#9776);
#9778=ORIENTED_EDGE('',*,*,#9408,.T.);
#9780=ORIENTED_EDGE('',*,*,#9779,.T.);
#9782=ORIENTED_EDGE('',*,*,#9781,.T.);
#9784=ORIENTED_EDGE('',*,*,#9783,.T.);
#9786=ORIENTED_EDGE('',*,*,#9785,.T.);
#9788=ORIENTED_EDGE('',*,*,#9787,.T.);
#9790=ORIENTED_EDGE('',*,*,#9789,.T.);
#9792=ORIENTED_EDGE('',*,*,#9791,.T.);
#9794=ORIENTED_EDGE('',*,*,#9793,.T.);
#9796=ORIENTED_EDGE('',*,*,#9795,.F.);
#9797=EDGE_LOOP('',(#9778,#9780,#9782,#9784,#9786,#9788,#9790,#9792,#9794,
#9796));
#9798=FACE_OUTER_BOUND('',#9797,.F.);
#9799=ADVANCED_FACE('',(#9798),#9777,.F.);
#9800=CARTESIAN_POINT('',(1.849593270859E0,1.349243459677E0,
-9.893449050845E-1));
#9801=DIRECTION('',(1.E0,0.E0,0.E0));
#9802=DIRECTION('',(0.E0,1.E0,0.E0));
#9803=AXIS2_PLACEMENT_3D('',#9800,#9801,#9802);
#9804=CYLINDRICAL_SURFACE('',#9803,3.E-1);
#9805=ORIENTED_EDGE('',*,*,#8930,.T.);
#9807=ORIENTED_EDGE('',*,*,#9806,.T.);
#9809=ORIENTED_EDGE('',*,*,#9808,.T.);
#9810=ORIENTED_EDGE('',*,*,#9764,.F.);
#9811=EDGE_LOOP('',(#9805,#9807,#9809,#9810));
#9812=FACE_OUTER_BOUND('',#9811,.F.);
#9813=ADVANCED_FACE('',(#9812),#9804,.T.);
#9814=CARTESIAN_POINT('',(2.045E0,1.06E0,-2.8E0));
#9815=DIRECTION('',(1.E0,0.E0,0.E0));
#9816=DIRECTION('',(0.E0,1.E0,0.E0));
#9817=AXIS2_PLACEMENT_3D('',#9814,#9815,#9816);
#9818=PLANE('',#9817);
#9819=ORIENTED_EDGE('',*,*,#8928,.F.);
#9821=ORIENTED_EDGE('',*,*,#9820,.F.);
#9823=ORIENTED_EDGE('',*,*,#9822,.F.);
#9824=ORIENTED_EDGE('',*,*,#9806,.F.);
#9825=EDGE_LOOP('',(#9819,#9821,#9823,#9824));
#9826=FACE_OUTER_BOUND('',#9825,.F.);
#9827=ADVANCED_FACE('',(#9826),#9818,.T.);
#9828=CARTESIAN_POINT('',(2.045E0,1.06E0,-2.8E0));
#9829=DIRECTION('',(1.E0,0.E0,0.E0));
#9830=DIRECTION('',(0.E0,1.E0,0.E0));
#9831=AXIS2_PLACEMENT_3D('',#9828,#9829,#9830);
#9832=PLANE('',#9831);
#9833=ORIENTED_EDGE('',*,*,#9751,.F.);
#9835=ORIENTED_EDGE('',*,*,#9834,.T.);
#9837=ORIENTED_EDGE('',*,*,#9836,.T.);
#9839=ORIENTED_EDGE('',*,*,#9838,.F.);
#9841=ORIENTED_EDGE('',*,*,#9840,.F.);
#9843=ORIENTED_EDGE('',*,*,#9842,.T.);
#9845=ORIENTED_EDGE('',*,*,#9844,.F.);
#9847=ORIENTED_EDGE('',*,*,#9846,.F.);
#9849=ORIENTED_EDGE('',*,*,#9848,.T.);
#9851=ORIENTED_EDGE('',*,*,#9850,.F.);
#9852=EDGE_LOOP('',(#9833,#9835,#9837,#9839,#9841,#9843,#9845,#9847,#9849,
#9851));
#9853=FACE_OUTER_BOUND('',#9852,.F.);
#9854=ADVANCED_FACE('',(#9853),#9832,.T.);
#9855=CARTESIAN_POINT('',(1.95E0,1.128400759486E0,-2.020110536160E0));
#9856=DIRECTION('',(0.E0,9.985927540074E-1,5.303311836814E-2));
#9857=DIRECTION('',(0.E0,5.303311836814E-2,-9.985927540074E-1));
#9858=AXIS2_PLACEMENT_3D('',#9855,#9856,#9857);
#9859=PLANE('',#9858);
#9860=ORIENTED_EDGE('',*,*,#8926,.T.);
#9861=ORIENTED_EDGE('',*,*,#9768,.F.);
#9863=ORIENTED_EDGE('',*,*,#9862,.F.);
#9864=ORIENTED_EDGE('',*,*,#9820,.T.);
#9865=EDGE_LOOP('',(#9860,#9861,#9863,#9864));
#9866=FACE_OUTER_BOUND('',#9865,.F.);
#9867=ADVANCED_FACE('',(#9866),#9859,.F.);
#9868=CARTESIAN_POINT('',(1.95E0,1.072671389431E0,-8.725951488022E-1));
#9869=DIRECTION('',(0.E0,9.063077870423E-1,-4.226182617286E-1));
#9870=DIRECTION('',(0.E0,-4.226182617286E-1,-9.063077870423E-1));
#9871=AXIS2_PLACEMENT_3D('',#9868,#9869,#9870);
#9872=PLANE('',#9871);
#9873=ORIENTED_EDGE('',*,*,#9862,.T.);
#9874=ORIENTED_EDGE('',*,*,#9766,.F.);
#9875=ORIENTED_EDGE('',*,*,#9808,.F.);
#9876=ORIENTED_EDGE('',*,*,#9822,.T.);
#9877=EDGE_LOOP('',(#9873,#9874,#9875,#9876));
#9878=FACE_OUTER_BOUND('',#9877,.F.);
#9879=ADVANCED_FACE('',(#9878),#9872,.F.);
#9880=CARTESIAN_POINT('',(1.95E0,1.62E0,-3.85E0));
#9881=DIRECTION('',(0.E0,1.E0,0.E0));
#9882=DIRECTION('',(0.E0,0.E0,1.E0));
#9883=AXIS2_PLACEMENT_3D('',#9880,#9881,#9882);
#9884=PLANE('',#9883);
#9885=ORIENTED_EDGE('',*,*,#9795,.T.);
#9887=ORIENTED_EDGE('',*,*,#9886,.T.);
#9888=ORIENTED_EDGE('',*,*,#9834,.F.);
#9889=ORIENTED_EDGE('',*,*,#9749,.F.);
#9891=ORIENTED_EDGE('',*,*,#9890,.F.);
#9893=ORIENTED_EDGE('',*,*,#9892,.F.);
#9895=ORIENTED_EDGE('',*,*,#9894,.T.);
#9896=ORIENTED_EDGE('',*,*,#9410,.F.);
#9897=EDGE_LOOP('',(#9885,#9887,#9888,#9889,#9891,#9893,#9895,#9896));
#9898=FACE_OUTER_BOUND('',#9897,.F.);
#9899=ADVANCED_FACE('',(#9898),#9884,.T.);
#9900=CARTESIAN_POINT('',(1.95E0,1.611315326090E0,-4.09E0));
#9901=DIRECTION('',(0.E0,0.E0,1.E0));
#9902=DIRECTION('',(0.E0,-1.E0,0.E0));
#9903=AXIS2_PLACEMENT_3D('',#9900,#9901,#9902);
#9904=PLANE('',#9903);
#9905=ORIENTED_EDGE('',*,*,#9886,.F.);
#9906=ORIENTED_EDGE('',*,*,#9793,.F.);
#9908=ORIENTED_EDGE('',*,*,#9907,.F.);
#9909=ORIENTED_EDGE('',*,*,#9836,.F.);
#9910=EDGE_LOOP('',(#9905,#9906,#9908,#9909));
#9911=FACE_OUTER_BOUND('',#9910,.F.);
#9912=ADVANCED_FACE('',(#9911),#9904,.T.);
#9913=CARTESIAN_POINT('',(2.050406729141E0,1.732653242109E0,-4.19E0));
#9914=DIRECTION('',(-1.E0,0.E0,0.E0));
#9915=DIRECTION('',(0.E0,0.E0,1.E0));
#9916=AXIS2_PLACEMENT_3D('',#9913,#9914,#9915);
#9917=CYLINDRICAL_SURFACE('',#9916,1.E-1);
#9918=ORIENTED_EDGE('',*,*,#9791,.F.);
#9920=ORIENTED_EDGE('',*,*,#9919,.T.);
#9921=ORIENTED_EDGE('',*,*,#9838,.T.);
#9922=ORIENTED_EDGE('',*,*,#9907,.T.);
#9923=EDGE_LOOP('',(#9918,#9920,#9921,#9922));
#9924=FACE_OUTER_BOUND('',#9923,.F.);
#9925=ADVANCED_FACE('',(#9924),#9917,.T.);
#9926=CARTESIAN_POINT('',(1.95E0,1.851258097792E0,-4.542383202188E0));
#9927=DIRECTION('',(0.E0,9.986295347546E-1,5.233595624309E-2));
#9928=DIRECTION('',(0.E0,-5.233595624309E-2,9.986295347546E-1));
#9929=AXIS2_PLACEMENT_3D('',#9926,#9927,#9928);
#9930=PLANE('',#9929);
#9931=ORIENTED_EDGE('',*,*,#9919,.F.);
#9932=ORIENTED_EDGE('',*,*,#9789,.F.);
#9934=ORIENTED_EDGE('',*,*,#9933,.F.);
#9935=ORIENTED_EDGE('',*,*,#9840,.T.);
#9936=EDGE_LOOP('',(#9931,#9932,#9934,#9935));
#9937=FACE_OUTER_BOUND('',#9936,.F.);
#9938=ADVANCED_FACE('',(#9937),#9930,.T.);
#9939=CARTESIAN_POINT('',(1.95E0,1.77E0,-4.9E0));
#9940=DIRECTION('',(0.E0,0.E0,1.E0));
#9941=DIRECTION('',(0.E0,1.E0,0.E0));
#9942=AXIS2_PLACEMENT_3D('',#9939,#9940,#9941);
#9943=PLANE('',#9942);
#9944=ORIENTED_EDGE('',*,*,#9787,.F.);
#9946=ORIENTED_EDGE('',*,*,#9945,.F.);
#9947=ORIENTED_EDGE('',*,*,#9842,.F.);
#9948=ORIENTED_EDGE('',*,*,#9933,.T.);
#9949=EDGE_LOOP('',(#9944,#9946,#9947,#9948));
#9950=FACE_OUTER_BOUND('',#9949,.F.);
#9951=ADVANCED_FACE('',(#9950),#9943,.F.);
#9952=CARTESIAN_POINT('',(1.95E0,1.659381303582E0,-4.697383202188E0));
#9953=DIRECTION('',(0.E0,9.986295347546E-1,5.233595624285E-2));
#9954=DIRECTION('',(0.E0,5.233595624285E-2,-9.986295347546E-1));
#9955=AXIS2_PLACEMENT_3D('',#9952,#9953,#9954);
#9956=PLANE('',#9955);
#9958=ORIENTED_EDGE('',*,*,#9957,.T.);
#9959=ORIENTED_EDGE('',*,*,#9844,.T.);
#9960=ORIENTED_EDGE('',*,*,#9945,.T.);
#9961=ORIENTED_EDGE('',*,*,#9785,.F.);
#9962=EDGE_LOOP('',(#9958,#9959,#9960,#9961));
#9963=FACE_OUTER_BOUND('',#9962,.F.);
#9964=ADVANCED_FACE('',(#9963),#9956,.F.);
#9965=CARTESIAN_POINT('',(1.849593270859E0,1.548899653687E0,-4.5E0));
#9966=DIRECTION('',(1.E0,0.E0,0.E0));
#9967=DIRECTION('',(0.E0,9.986295347547E-1,5.233595624025E-2));
#9968=AXIS2_PLACEMENT_3D('',#9965,#9966,#9967);
#9969=CYLINDRICAL_SURFACE('',#9968,9.999999999953E-2);
#9970=ORIENTED_EDGE('',*,*,#9957,.F.);
#9971=ORIENTED_EDGE('',*,*,#9783,.F.);
#9973=ORIENTED_EDGE('',*,*,#9972,.F.);
#9974=ORIENTED_EDGE('',*,*,#9846,.T.);
#9975=EDGE_LOOP('',(#9970,#9971,#9973,#9974));
#9976=FACE_OUTER_BOUND('',#9975,.F.);
#9977=ADVANCED_FACE('',(#9976),#9969,.F.);
#9978=CARTESIAN_POINT('',(1.95E0,1.124449826844E0,-4.4E0));
#9979=DIRECTION('',(0.E0,0.E0,1.E0));
#9980=DIRECTION('',(0.E0,1.E0,0.E0));
#9981=AXIS2_PLACEMENT_3D('',#9978,#9979,#9980);
#9982=PLANE('',#9981);
#9984=ORIENTED_EDGE('',*,*,#9983,.F.);
#9985=ORIENTED_EDGE('',*,*,#9848,.F.);
#9986=ORIENTED_EDGE('',*,*,#9972,.T.);
#9987=ORIENTED_EDGE('',*,*,#9781,.F.);
#9988=EDGE_LOOP('',(#9984,#9985,#9986,#9987));
#9989=FACE_OUTER_BOUND('',#9988,.F.);
#9990=ADVANCED_FACE('',(#9989),#9982,.F.);
#9991=CARTESIAN_POINT('',(1.95E0,4.75E-1,-4.3E0));
#9992=DIRECTION('',(0.E0,4.061384660534E-1,9.138115486203E-1));
#9993=DIRECTION('',(0.E0,-9.138115486203E-1,4.061384660534E-1));
#9994=AXIS2_PLACEMENT_3D('',#9991,#9992,#9993);
#9995=PLANE('',#9994);
#9996=ORIENTED_EDGE('',*,*,#9753,.F.);
#9997=ORIENTED_EDGE('',*,*,#9850,.T.);
#9998=ORIENTED_EDGE('',*,*,#9983,.T.);
#9999=ORIENTED_EDGE('',*,*,#9779,.F.);
#10000=EDGE_LOOP('',(#9996,#9997,#9998,#9999));
#10001=FACE_OUTER_BOUND('',#10000,.F.);
#10002=ADVANCED_FACE('',(#10001),#9995,.F.);
#10003=CARTESIAN_POINT('',(2.055E0,1.72E0,-3.85E0));
#10004=DIRECTION('',(1.E0,0.E0,0.E0));
#10005=DIRECTION('',(0.E0,0.E0,-1.E0));
#10006=AXIS2_PLACEMENT_3D('',#10003,#10004,#10005);
#10007=PLANE('',#10006);
#10008=ORIENTED_EDGE('',*,*,#9890,.T.);
#10009=ORIENTED_EDGE('',*,*,#9747,.T.);
#10010=ORIENTED_EDGE('',*,*,#8982,.T.);
#10012=ORIENTED_EDGE('',*,*,#10011,.T.);
#10013=EDGE_LOOP('',(#10008,#10009,#10010,#10012));
#10014=FACE_OUTER_BOUND('',#10013,.F.);
#10015=ADVANCED_FACE('',(#10014),#10007,.F.);
#10016=CARTESIAN_POINT('',(1.95E0,1.72E0,-3.5E0));
#10017=DIRECTION('',(0.E0,0.E0,1.E0));
#10018=DIRECTION('',(0.E0,-1.E0,0.E0));
#10019=AXIS2_PLACEMENT_3D('',#10016,#10017,#10018);
#10020=PLANE('',#10019);
#10021=ORIENTED_EDGE('',*,*,#9892,.T.);
#10022=ORIENTED_EDGE('',*,*,#10011,.F.);
#10023=ORIENTED_EDGE('',*,*,#8980,.T.);
#10025=ORIENTED_EDGE('',*,*,#10024,.T.);
#10026=EDGE_LOOP('',(#10021,#10022,#10023,#10025));
#10027=FACE_OUTER_BOUND('',#10026,.F.);
#10028=ADVANCED_FACE('',(#10027),#10020,.F.);
#10029=CARTESIAN_POINT('',(1.845E0,1.72E0,-3.85E0));
#10030=DIRECTION('',(1.E0,0.E0,0.E0));
#10031=DIRECTION('',(0.E0,0.E0,-1.E0));
#10032=AXIS2_PLACEMENT_3D('',#10029,#10030,#10031);
#10033=PLANE('',#10032);
#10034=ORIENTED_EDGE('',*,*,#9894,.F.);
#10035=ORIENTED_EDGE('',*,*,#10024,.F.);
#10036=ORIENTED_EDGE('',*,*,#8978,.F.);
#10037=ORIENTED_EDGE('',*,*,#9412,.F.);
#10038=EDGE_LOOP('',(#10034,#10035,#10036,#10037));
#10039=FACE_OUTER_BOUND('',#10038,.F.);
#10040=ADVANCED_FACE('',(#10039),#10033,.T.);
#10041=CARTESIAN_POINT('',(1.282E1,6.5E-2,-3.125E0));
#10042=DIRECTION('',(1.E0,0.E0,0.E0));
#10043=DIRECTION('',(0.E0,0.E0,-1.E0));
#10044=AXIS2_PLACEMENT_3D('',#10041,#10042,#10043);
#10045=PLANE('',#10044);
#10047=ORIENTED_EDGE('',*,*,#10046,.F.);
#10049=ORIENTED_EDGE('',*,*,#10048,.T.);
#10050=ORIENTED_EDGE('',*,*,#9421,.T.);
#10051=ORIENTED_EDGE('',*,*,#8044,.T.);
#10053=ORIENTED_EDGE('',*,*,#10052,.F.);
#10055=ORIENTED_EDGE('',*,*,#10054,.T.);
#10057=ORIENTED_EDGE('',*,*,#10056,.T.);
#10059=ORIENTED_EDGE('',*,*,#10058,.F.);
#10060=EDGE_LOOP('',(#10047,#10049,#10050,#10051,#10053,#10055,#10057,#10059));
#10061=FACE_OUTER_BOUND('',#10060,.F.);
#10062=ADVANCED_FACE('',(#10061),#10045,.T.);
#10063=CARTESIAN_POINT('',(1.368221630876E1,9.6E-1,-4.19E0));
#10064=DIRECTION('',(0.E0,0.E0,1.E0));
#10065=DIRECTION('',(-1.E0,0.E0,0.E0));
#10066=AXIS2_PLACEMENT_3D('',#10063,#10064,#10065);
#10067=PLANE('',#10066);
#10068=ORIENTED_EDGE('',*,*,#9156,.F.);
#10070=ORIENTED_EDGE('',*,*,#10069,.F.);
#10072=ORIENTED_EDGE('',*,*,#10071,.T.);
#10074=ORIENTED_EDGE('',*,*,#10073,.F.);
#10076=ORIENTED_EDGE('',*,*,#10075,.F.);
#10078=ORIENTED_EDGE('',*,*,#10077,.T.);
#10080=ORIENTED_EDGE('',*,*,#10079,.T.);
#10082=ORIENTED_EDGE('',*,*,#10081,.T.);
#10083=EDGE_LOOP('',(#10068,#10070,#10072,#10074,#10076,#10078,#10080,#10082));
#10084=FACE_OUTER_BOUND('',#10083,.F.);
#10085=ADVANCED_FACE('',(#10084),#10067,.F.);
#10086=CARTESIAN_POINT('',(1.368221630876E1,9.6E-1,-4.19E0));
#10087=DIRECTION('',(0.E0,0.E0,1.E0));
#10088=DIRECTION('',(-1.E0,0.E0,0.E0));
#10089=AXIS2_PLACEMENT_3D('',#10086,#10087,#10088);
#10090=PLANE('',#10089);
#10092=ORIENTED_EDGE('',*,*,#10091,.F.);
#10093=ORIENTED_EDGE('',*,*,#10046,.T.);
#10095=ORIENTED_EDGE('',*,*,#10094,.T.);
#10097=ORIENTED_EDGE('',*,*,#10096,.T.);
#10098=EDGE_LOOP('',(#10092,#10093,#10095,#10097));
#10099=FACE_OUTER_BOUND('',#10098,.F.);
#10100=ADVANCED_FACE('',(#10099),#10090,.F.);
#10101=CARTESIAN_POINT('',(1.282E1,1.705E0,-3.125E0));
#10102=DIRECTION('',(1.E0,0.E0,0.E0));
#10103=DIRECTION('',(0.E0,0.E0,-1.E0));
#10104=AXIS2_PLACEMENT_3D('',#10101,#10102,#10103);
#10105=PLANE('',#10104);
#10107=ORIENTED_EDGE('',*,*,#10106,.F.);
#10109=ORIENTED_EDGE('',*,*,#10108,.F.);
#10111=ORIENTED_EDGE('',*,*,#10110,.F.);
#10113=ORIENTED_EDGE('',*,*,#10112,.F.);
#10114=ORIENTED_EDGE('',*,*,#9162,.F.);
#10116=ORIENTED_EDGE('',*,*,#10115,.T.);
#10117=EDGE_LOOP('',(#10107,#10109,#10111,#10113,#10114,#10116));
#10118=FACE_OUTER_BOUND('',#10117,.F.);
#10119=ADVANCED_FACE('',(#10118),#10105,.T.);
#10120=CARTESIAN_POINT('',(1.282E1,1.705E0,-3.125E0));
#10121=DIRECTION('',(1.E0,0.E0,0.E0));
#10122=DIRECTION('',(0.E0,0.E0,-1.E0));
#10123=AXIS2_PLACEMENT_3D('',#10120,#10121,#10122);
#10124=PLANE('',#10123);
#10125=ORIENTED_EDGE('',*,*,#10069,.T.);
#10126=ORIENTED_EDGE('',*,*,#9154,.F.);
#10127=ORIENTED_EDGE('',*,*,#9429,.F.);
#10129=ORIENTED_EDGE('',*,*,#10128,.F.);
#10130=EDGE_LOOP('',(#10125,#10126,#10127,#10129));
#10131=FACE_OUTER_BOUND('',#10130,.F.);
#10132=ADVANCED_FACE('',(#10131),#10124,.T.);
#10133=CARTESIAN_POINT('',(1.403221630876E1,1.67E0,-3.24E0));
#10134=DIRECTION('',(0.E0,1.E0,0.E0));
#10135=DIRECTION('',(-1.E0,0.E0,0.E0));
#10136=AXIS2_PLACEMENT_3D('',#10133,#10134,#10135);
#10137=PLANE('',#10136);
#10138=ORIENTED_EDGE('',*,*,#10106,.T.);
#10140=ORIENTED_EDGE('',*,*,#10139,.T.);
#10142=ORIENTED_EDGE('',*,*,#10141,.T.);
#10144=ORIENTED_EDGE('',*,*,#10143,.T.);
#10146=ORIENTED_EDGE('',*,*,#10145,.T.);
#10148=ORIENTED_EDGE('',*,*,#10147,.T.);
#10150=ORIENTED_EDGE('',*,*,#10149,.T.);
#10152=ORIENTED_EDGE('',*,*,#10151,.T.);
#10154=ORIENTED_EDGE('',*,*,#10153,.T.);
#10155=ORIENTED_EDGE('',*,*,#10075,.T.);
#10157=ORIENTED_EDGE('',*,*,#10156,.F.);
#10159=ORIENTED_EDGE('',*,*,#10158,.T.);
#10160=EDGE_LOOP('',(#10138,#10140,#10142,#10144,#10146,#10148,#10150,#10152,
#10154,#10155,#10157,#10159));
#10161=FACE_OUTER_BOUND('',#10160,.F.);
#10162=ADVANCED_FACE('',(#10161),#10137,.F.);
#10163=CARTESIAN_POINT('',(1.332943261752E1,1.77E0,-2.29E0));
#10164=DIRECTION('',(0.E0,0.E0,1.E0));
#10165=DIRECTION('',(1.E0,0.E0,0.E0));
#10166=AXIS2_PLACEMENT_3D('',#10163,#10164,#10165);
#10167=PLANE('',#10166);
#10168=ORIENTED_EDGE('',*,*,#9160,.F.);
#10170=ORIENTED_EDGE('',*,*,#10169,.T.);
#10172=ORIENTED_EDGE('',*,*,#10171,.T.);
#10174=ORIENTED_EDGE('',*,*,#10173,.F.);
#10175=ORIENTED_EDGE('',*,*,#10139,.F.);
#10176=ORIENTED_EDGE('',*,*,#10115,.F.);
#10177=EDGE_LOOP('',(#10168,#10170,#10172,#10174,#10175,#10176));
#10178=FACE_OUTER_BOUND('',#10177,.F.);
#10179=ADVANCED_FACE('',(#10178),#10167,.T.);
#10180=CARTESIAN_POINT('',(1.276443261752E1,9.6E-1,-3.235193183305E0));
#10181=DIRECTION('',(1.E0,0.E0,0.E0));
#10182=DIRECTION('',(0.E0,0.E0,1.E0));
#10183=AXIS2_PLACEMENT_3D('',#10180,#10181,#10182);
#10184=PLANE('',#10183);
#10185=ORIENTED_EDGE('',*,*,#9158,.F.);
#10186=ORIENTED_EDGE('',*,*,#10081,.F.);
#10188=ORIENTED_EDGE('',*,*,#10187,.T.);
#10189=ORIENTED_EDGE('',*,*,#10169,.F.);
#10190=EDGE_LOOP('',(#10185,#10186,#10188,#10189));
#10191=FACE_OUTER_BOUND('',#10190,.F.);
#10192=ADVANCED_FACE('',(#10191),#10184,.F.);
#10193=CARTESIAN_POINT('',(1.403221630876E1,1.87E0,-3.24E0));
#10194=DIRECTION('',(0.E0,1.E0,0.E0));
#10195=DIRECTION('',(-1.E0,0.E0,0.E0));
#10196=AXIS2_PLACEMENT_3D('',#10193,#10194,#10195);
#10197=PLANE('',#10196);
#10198=ORIENTED_EDGE('',*,*,#10171,.F.);
#10199=ORIENTED_EDGE('',*,*,#10187,.F.);
#10200=ORIENTED_EDGE('',*,*,#10079,.F.);
#10202=ORIENTED_EDGE('',*,*,#10201,.F.);
#10204=ORIENTED_EDGE('',*,*,#10203,.F.);
#10206=ORIENTED_EDGE('',*,*,#10205,.F.);
#10208=ORIENTED_EDGE('',*,*,#10207,.F.);
#10210=ORIENTED_EDGE('',*,*,#10209,.F.);
#10212=ORIENTED_EDGE('',*,*,#10211,.F.);
#10214=ORIENTED_EDGE('',*,*,#10213,.F.);
#10215=EDGE_LOOP('',(#10198,#10199,#10200,#10202,#10204,#10206,#10208,#10210,
#10212,#10214));
#10216=FACE_OUTER_BOUND('',#10215,.F.);
#10217=ADVANCED_FACE('',(#10216),#10197,.T.);
#10218=CARTESIAN_POINT('',(1.46E1,1.77E0,-3.935E0));
#10219=DIRECTION('',(1.E0,0.E0,0.E0));
#10220=DIRECTION('',(0.E0,0.E0,-1.E0));
#10221=AXIS2_PLACEMENT_3D('',#10218,#10219,#10220);
#10222=PLANE('',#10221);
#10223=ORIENTED_EDGE('',*,*,#10153,.F.);
#10225=ORIENTED_EDGE('',*,*,#10224,.T.);
#10226=ORIENTED_EDGE('',*,*,#10201,.T.);
#10227=ORIENTED_EDGE('',*,*,#10077,.F.);
#10228=EDGE_LOOP('',(#10223,#10225,#10226,#10227));
#10229=FACE_OUTER_BOUND('',#10228,.F.);
#10230=ADVANCED_FACE('',(#10229),#10222,.T.);
#10231=CARTESIAN_POINT('',(1.495E1,1.77E0,-3.68E0));
#10232=DIRECTION('',(0.E0,0.E0,1.E0));
#10233=DIRECTION('',(-1.E0,0.E0,0.E0));
#10234=AXIS2_PLACEMENT_3D('',#10231,#10232,#10233);
#10235=PLANE('',#10234);
#10236=ORIENTED_EDGE('',*,*,#10151,.F.);
#10238=ORIENTED_EDGE('',*,*,#10237,.T.);
#10239=ORIENTED_EDGE('',*,*,#10203,.T.);
#10240=ORIENTED_EDGE('',*,*,#10224,.F.);
#10241=EDGE_LOOP('',(#10236,#10238,#10239,#10240));
#10242=FACE_OUTER_BOUND('',#10241,.F.);
#10243=ADVANCED_FACE('',(#10242),#10235,.F.);
#10244=CARTESIAN_POINT('',(1.53E1,1.77E0,-3.59E0));
#10245=DIRECTION('',(1.E0,0.E0,0.E0));
#10246=DIRECTION('',(0.E0,0.E0,-1.E0));
#10247=AXIS2_PLACEMENT_3D('',#10244,#10245,#10246);
#10248=PLANE('',#10247);
#10250=ORIENTED_EDGE('',*,*,#10249,.T.);
#10251=ORIENTED_EDGE('',*,*,#10205,.T.);
#10252=ORIENTED_EDGE('',*,*,#10237,.F.);
#10253=ORIENTED_EDGE('',*,*,#10149,.F.);
#10254=EDGE_LOOP('',(#10250,#10251,#10252,#10253));
#10255=FACE_OUTER_BOUND('',#10254,.F.);
#10256=ADVANCED_FACE('',(#10255),#10248,.T.);
#10257=CARTESIAN_POINT('',(1.529721630876E1,1.77E0,-3.34E0));
#10258=DIRECTION('',(9.998486879257E-1,0.E0,1.739543771431E-2));
#10259=DIRECTION('',(-1.739543771431E-2,0.E0,9.998486879257E-1));
#10260=AXIS2_PLACEMENT_3D('',#10257,#10258,#10259);
#10261=PLANE('',#10260);
#10263=ORIENTED_EDGE('',*,*,#10262,.T.);
#10264=ORIENTED_EDGE('',*,*,#10207,.T.);
#10265=ORIENTED_EDGE('',*,*,#10249,.F.);
#10266=ORIENTED_EDGE('',*,*,#10147,.F.);
#10267=EDGE_LOOP('',(#10263,#10264,#10265,#10266));
#10268=FACE_OUTER_BOUND('',#10267,.F.);
#10269=ADVANCED_FACE('',(#10268),#10261,.T.);
#10270=CARTESIAN_POINT('',(1.529443261752E1,1.77E0,-3.09E0));
#10271=DIRECTION('',(1.E0,0.E0,0.E0));
#10272=DIRECTION('',(0.E0,0.E0,-1.E0));
#10273=AXIS2_PLACEMENT_3D('',#10270,#10271,#10272);
#10274=PLANE('',#10273);
#10275=ORIENTED_EDGE('',*,*,#10262,.F.);
#10276=ORIENTED_EDGE('',*,*,#10145,.F.);
#10278=ORIENTED_EDGE('',*,*,#10277,.T.);
#10279=ORIENTED_EDGE('',*,*,#10209,.T.);
#10280=EDGE_LOOP('',(#10275,#10276,#10278,#10279));
#10281=FACE_OUTER_BOUND('',#10280,.F.);
#10282=ADVANCED_FACE('',(#10281),#10274,.T.);
#10283=CARTESIAN_POINT('',(1.459443261752E1,1.77E0,-3.E0));
#10284=DIRECTION('',(0.E0,0.E0,1.E0));
#10285=DIRECTION('',(1.E0,0.E0,0.E0));
#10286=AXIS2_PLACEMENT_3D('',#10283,#10284,#10285);
#10287=PLANE('',#10286);
#10288=ORIENTED_EDGE('',*,*,#10143,.F.);
#10290=ORIENTED_EDGE('',*,*,#10289,.T.);
#10291=ORIENTED_EDGE('',*,*,#10211,.T.);
#10292=ORIENTED_EDGE('',*,*,#10277,.F.);
#10293=EDGE_LOOP('',(#10288,#10290,#10291,#10292));
#10294=FACE_OUTER_BOUND('',#10293,.F.);
#10295=ADVANCED_FACE('',(#10294),#10287,.T.);
#10296=CARTESIAN_POINT('',(1.389443261752E1,1.77E0,-2.645E0));
#10297=DIRECTION('',(1.E0,0.E0,0.E0));
#10298=DIRECTION('',(0.E0,0.E0,-1.E0));
#10299=AXIS2_PLACEMENT_3D('',#10296,#10297,#10298);
#10300=PLANE('',#10299);
#10301=ORIENTED_EDGE('',*,*,#10141,.F.);
#10302=ORIENTED_EDGE('',*,*,#10173,.T.);
#10303=ORIENTED_EDGE('',*,*,#10213,.T.);
#10304=ORIENTED_EDGE('',*,*,#10289,.F.);
#10305=EDGE_LOOP('',(#10301,#10302,#10303,#10304));
#10306=FACE_OUTER_BOUND('',#10305,.F.);
#10307=ADVANCED_FACE('',(#10306),#10300,.T.);
#10308=CARTESIAN_POINT('',(1.296443261752E1,9.6E-1,-3.49E0));
#10309=DIRECTION('',(1.E0,0.E0,0.E0));
#10310=DIRECTION('',(0.E0,0.E0,1.E0));
#10311=AXIS2_PLACEMENT_3D('',#10308,#10309,#10310);
#10312=PLANE('',#10311);
#10314=ORIENTED_EDGE('',*,*,#10313,.T.);
#10316=ORIENTED_EDGE('',*,*,#10315,.T.);
#10317=ORIENTED_EDGE('',*,*,#10156,.T.);
#10318=ORIENTED_EDGE('',*,*,#10073,.T.);
#10319=EDGE_LOOP('',(#10314,#10316,#10317,#10318));
#10320=FACE_OUTER_BOUND('',#10319,.F.);
#10321=ADVANCED_FACE('',(#10320),#10312,.T.);
#10322=CARTESIAN_POINT('',(1.3735E1,1.59E0,-3.125E0));
#10323=DIRECTION('',(0.E0,1.E0,0.E0));
#10324=DIRECTION('',(-1.E0,0.E0,0.E0));
#10325=AXIS2_PLACEMENT_3D('',#10322,#10323,#10324);
#10326=PLANE('',#10325);
#10327=ORIENTED_EDGE('',*,*,#10313,.F.);
#10328=ORIENTED_EDGE('',*,*,#10071,.F.);
#10329=ORIENTED_EDGE('',*,*,#10128,.T.);
#10330=ORIENTED_EDGE('',*,*,#9427,.T.);
#10332=ORIENTED_EDGE('',*,*,#10331,.T.);
#10334=ORIENTED_EDGE('',*,*,#10333,.T.);
#10335=ORIENTED_EDGE('',*,*,#10110,.T.);
#10337=ORIENTED_EDGE('',*,*,#10336,.T.);
#10338=EDGE_LOOP('',(#10327,#10328,#10329,#10330,#10332,#10334,#10335,#10337));
#10339=FACE_OUTER_BOUND('',#10338,.F.);
#10340=ADVANCED_FACE('',(#10339),#10326,.T.);
#10341=CARTESIAN_POINT('',(1.465E1,9.1E-1,-2.465E0));
#10342=DIRECTION('',(1.E0,0.E0,0.E0));
#10343=DIRECTION('',(0.E0,0.E0,-1.E0));
#10344=AXIS2_PLACEMENT_3D('',#10341,#10342,#10343);
#10345=PLANE('',#10344);
#10346=ORIENTED_EDGE('',*,*,#9425,.F.);
#10348=ORIENTED_EDGE('',*,*,#10347,.F.);
#10350=ORIENTED_EDGE('',*,*,#10349,.F.);
#10351=ORIENTED_EDGE('',*,*,#8040,.F.);
#10352=ORIENTED_EDGE('',*,*,#8153,.F.);
#10353=ORIENTED_EDGE('',*,*,#9166,.F.);
#10355=ORIENTED_EDGE('',*,*,#10354,.T.);
#10356=ORIENTED_EDGE('',*,*,#10331,.F.);
#10357=EDGE_LOOP('',(#10346,#10348,#10350,#10351,#10352,#10353,#10355,#10356));
#10358=FACE_OUTER_BOUND('',#10357,.F.);
#10359=ADVANCED_FACE('',(#10358),#10345,.T.);
#10360=CARTESIAN_POINT('',(1.3735E1,1.3E-1,-3.125E0));
#10361=DIRECTION('',(0.E0,1.E0,0.E0));
#10362=DIRECTION('',(0.E0,0.E0,1.E0));
#10363=AXIS2_PLACEMENT_3D('',#10360,#10361,#10362);
#10364=PLANE('',#10363);
#10365=ORIENTED_EDGE('',*,*,#10091,.T.);
#10367=ORIENTED_EDGE('',*,*,#10366,.T.);
#10369=ORIENTED_EDGE('',*,*,#10368,.T.);
#10371=ORIENTED_EDGE('',*,*,#10370,.F.);
#10372=ORIENTED_EDGE('',*,*,#10054,.F.);
#10374=ORIENTED_EDGE('',*,*,#10373,.F.);
#10375=ORIENTED_EDGE('',*,*,#10347,.T.);
#10376=ORIENTED_EDGE('',*,*,#9423,.T.);
#10377=ORIENTED_EDGE('',*,*,#10048,.F.);
#10378=EDGE_LOOP('',(#10365,#10367,#10369,#10371,#10372,#10374,#10375,#10376,
#10377));
#10379=FACE_OUTER_BOUND('',#10378,.F.);
#10380=ADVANCED_FACE('',(#10379),#10364,.F.);
#10381=CARTESIAN_POINT('',(1.371443261752E1,1.5E-1,-3.24E0));
#10382=DIRECTION('',(1.E0,0.E0,0.E0));
#10383=DIRECTION('',(0.E0,0.E0,1.E0));
#10384=AXIS2_PLACEMENT_3D('',#10381,#10382,#10383);
#10385=PLANE('',#10384);
#10386=ORIENTED_EDGE('',*,*,#10366,.F.);
#10387=ORIENTED_EDGE('',*,*,#10096,.F.);
#10389=ORIENTED_EDGE('',*,*,#10388,.F.);
#10391=ORIENTED_EDGE('',*,*,#10390,.F.);
#10392=EDGE_LOOP('',(#10386,#10387,#10389,#10391));
#10393=FACE_OUTER_BOUND('',#10392,.F.);
#10394=ADVANCED_FACE('',(#10393),#10385,.T.);
#10395=CARTESIAN_POINT('',(1.323943261752E1,5.E-2,-3.235193183305E0));
#10396=DIRECTION('',(0.E0,1.E0,0.E0));
#10397=DIRECTION('',(0.E0,0.E0,1.E0));
#10398=AXIS2_PLACEMENT_3D('',#10395,#10396,#10397);
#10399=PLANE('',#10398);
#10400=ORIENTED_EDGE('',*,*,#10058,.T.);
#10402=ORIENTED_EDGE('',*,*,#10401,.F.);
#10404=ORIENTED_EDGE('',*,*,#10403,.F.);
#10405=ORIENTED_EDGE('',*,*,#10388,.T.);
#10406=ORIENTED_EDGE('',*,*,#10094,.F.);
#10407=EDGE_LOOP('',(#10400,#10402,#10404,#10405,#10406));
#10408=FACE_OUTER_BOUND('',#10407,.F.);
#10409=ADVANCED_FACE('',(#10408),#10399,.F.);
#10410=CARTESIAN_POINT('',(1.283943261752E1,1.5E-1,-2.285193183305E0));
#10411=DIRECTION('',(6.395966219074E-2,0.E0,9.979524846467E-1));
#10412=DIRECTION('',(-9.979524846467E-1,0.E0,6.395966219074E-2));
#10413=AXIS2_PLACEMENT_3D('',#10410,#10411,#10412);
#10414=PLANE('',#10413);
#10415=ORIENTED_EDGE('',*,*,#10370,.T.);
#10417=ORIENTED_EDGE('',*,*,#10416,.F.);
#10418=ORIENTED_EDGE('',*,*,#10401,.T.);
#10419=ORIENTED_EDGE('',*,*,#10056,.F.);
#10420=EDGE_LOOP('',(#10415,#10417,#10418,#10419));
#10421=FACE_OUTER_BOUND('',#10420,.F.);
#10422=ADVANCED_FACE('',(#10421),#10414,.T.);
#10423=CARTESIAN_POINT('',(1.331443261752E1,1.5E-1,-2.29E0));
#10424=DIRECTION('',(0.E0,0.E0,1.E0));
#10425=DIRECTION('',(-1.E0,0.E0,0.E0));
#10426=AXIS2_PLACEMENT_3D('',#10423,#10424,#10425);
#10427=PLANE('',#10426);
#10428=ORIENTED_EDGE('',*,*,#10368,.F.);
#10429=ORIENTED_EDGE('',*,*,#10390,.T.);
#10430=ORIENTED_EDGE('',*,*,#10403,.T.);
#10431=ORIENTED_EDGE('',*,*,#10416,.T.);
#10432=EDGE_LOOP('',(#10428,#10429,#10430,#10431));
#10433=FACE_OUTER_BOUND('',#10432,.F.);
#10434=ADVANCED_FACE('',(#10433),#10427,.T.);
#10435=CARTESIAN_POINT('',(1.3735E1,6.5E-2,-2.05E0));
#10436=DIRECTION('',(0.E0,0.E0,1.E0));
#10437=DIRECTION('',(-1.E0,0.E0,0.E0));
#10438=AXIS2_PLACEMENT_3D('',#10435,#10436,#10437);
#10439=PLANE('',#10438);
#10440=ORIENTED_EDGE('',*,*,#10373,.T.);
#10441=ORIENTED_EDGE('',*,*,#10052,.T.);
#10442=ORIENTED_EDGE('',*,*,#8042,.T.);
#10443=ORIENTED_EDGE('',*,*,#10349,.T.);
#10444=EDGE_LOOP('',(#10440,#10441,#10442,#10443));
#10445=FACE_OUTER_BOUND('',#10444,.F.);
#10446=ADVANCED_FACE('',(#10445),#10439,.F.);
#10447=CARTESIAN_POINT('',(1.3735E1,1.705E0,-2.05E0));
#10448=DIRECTION('',(0.E0,0.E0,1.E0));
#10449=DIRECTION('',(-1.E0,0.E0,0.E0));
#10450=AXIS2_PLACEMENT_3D('',#10447,#10448,#10449);
#10451=PLANE('',#10450);
#10452=ORIENTED_EDGE('',*,*,#10333,.F.);
#10453=ORIENTED_EDGE('',*,*,#10354,.F.);
#10454=ORIENTED_EDGE('',*,*,#9164,.F.);
#10455=ORIENTED_EDGE('',*,*,#10112,.T.);
#10456=EDGE_LOOP('',(#10452,#10453,#10454,#10455));
#10457=FACE_OUTER_BOUND('',#10456,.F.);
#10458=ADVANCED_FACE('',(#10457),#10451,.F.);
#10459=CARTESIAN_POINT('',(1.286443261752E1,1.4275E0,-3.59E0));
#10460=DIRECTION('',(0.E0,0.E0,1.E0));
#10461=DIRECTION('',(1.E0,0.E0,0.E0));
#10462=AXIS2_PLACEMENT_3D('',#10459,#10460,#10461);
#10463=PLANE('',#10462);
#10464=ORIENTED_EDGE('',*,*,#10336,.F.);
#10465=ORIENTED_EDGE('',*,*,#10108,.T.);
#10466=ORIENTED_EDGE('',*,*,#10158,.F.);
#10467=ORIENTED_EDGE('',*,*,#10315,.F.);
#10468=EDGE_LOOP('',(#10464,#10465,#10466,#10467));
#10469=FACE_OUTER_BOUND('',#10468,.F.);
#10470=ADVANCED_FACE('',(#10469),#10463,.T.);
#10471=CARTESIAN_POINT('',(1.2555E1,1.72E0,-3.85E0));
#10472=DIRECTION('',(1.E0,0.E0,0.E0));
#10473=DIRECTION('',(0.E0,0.E0,-1.E0));
#10474=AXIS2_PLACEMENT_3D('',#10471,#10472,#10473);
#10475=PLANE('',#10474);
#10477=ORIENTED_EDGE('',*,*,#10476,.T.);
#10478=ORIENTED_EDGE('',*,*,#9432,.T.);
#10479=ORIENTED_EDGE('',*,*,#9150,.T.);
#10481=ORIENTED_EDGE('',*,*,#10480,.F.);
#10482=EDGE_LOOP('',(#10477,#10478,#10479,#10481));
#10483=FACE_OUTER_BOUND('',#10482,.F.);
#10484=ADVANCED_FACE('',(#10483),#10475,.F.);
#10485=CARTESIAN_POINT('',(1.245E1,1.62E0,-3.85E0));
#10486=DIRECTION('',(0.E0,1.E0,0.E0));
#10487=DIRECTION('',(0.E0,0.E0,1.E0));
#10488=AXIS2_PLACEMENT_3D('',#10485,#10486,#10487);
#10489=PLANE('',#10488);
#10491=ORIENTED_EDGE('',*,*,#10490,.T.);
#10493=ORIENTED_EDGE('',*,*,#10492,.T.);
#10495=ORIENTED_EDGE('',*,*,#10494,.F.);
#10496=ORIENTED_EDGE('',*,*,#9434,.F.);
#10497=ORIENTED_EDGE('',*,*,#10476,.F.);
#10499=ORIENTED_EDGE('',*,*,#10498,.F.);
#10501=ORIENTED_EDGE('',*,*,#10500,.T.);
#10502=ORIENTED_EDGE('',*,*,#9442,.F.);
#10503=EDGE_LOOP('',(#10491,#10493,#10495,#10496,#10497,#10499,#10501,#10502));
#10504=FACE_OUTER_BOUND('',#10503,.F.);
#10505=ADVANCED_FACE('',(#10504),#10489,.T.);
#10506=CARTESIAN_POINT('',(1.2355E1,1.06E0,-2.8E0));
#10507=DIRECTION('',(1.E0,0.E0,0.E0));
#10508=DIRECTION('',(0.E0,1.E0,0.E0));
#10509=AXIS2_PLACEMENT_3D('',#10506,#10507,#10508);
#10510=PLANE('',#10509);
#10511=ORIENTED_EDGE('',*,*,#8714,.T.);
#10513=ORIENTED_EDGE('',*,*,#10512,.T.);
#10515=ORIENTED_EDGE('',*,*,#10514,.T.);
#10517=ORIENTED_EDGE('',*,*,#10516,.T.);
#10518=EDGE_LOOP('',(#10511,#10513,#10515,#10517));
#10519=FACE_OUTER_BOUND('',#10518,.F.);
#10520=ADVANCED_FACE('',(#10519),#10510,.F.);
#10521=CARTESIAN_POINT('',(1.2355E1,1.06E0,-2.8E0));
#10522=DIRECTION('',(1.E0,0.E0,0.E0));
#10523=DIRECTION('',(0.E0,1.E0,0.E0));
#10524=AXIS2_PLACEMENT_3D('',#10521,#10522,#10523);
#10525=PLANE('',#10524);
#10526=ORIENTED_EDGE('',*,*,#9440,.T.);
#10528=ORIENTED_EDGE('',*,*,#10527,.T.);
#10530=ORIENTED_EDGE('',*,*,#10529,.T.);
#10532=ORIENTED_EDGE('',*,*,#10531,.T.);
#10534=ORIENTED_EDGE('',*,*,#10533,.T.);
#10536=ORIENTED_EDGE('',*,*,#10535,.T.);
#10538=ORIENTED_EDGE('',*,*,#10537,.T.);
#10540=ORIENTED_EDGE('',*,*,#10539,.T.);
#10542=ORIENTED_EDGE('',*,*,#10541,.T.);
#10543=ORIENTED_EDGE('',*,*,#10490,.F.);
#10544=EDGE_LOOP('',(#10526,#10528,#10530,#10532,#10534,#10536,#10538,#10540,
#10542,#10543));
#10545=FACE_OUTER_BOUND('',#10544,.F.);
#10546=ADVANCED_FACE('',(#10545),#10525,.F.);
#10547=CARTESIAN_POINT('',(1.234959327086E1,1.349243459677E0,
-9.893449050845E-1));
#10548=DIRECTION('',(1.E0,0.E0,0.E0));
#10549=DIRECTION('',(0.E0,1.E0,0.E0));
#10550=AXIS2_PLACEMENT_3D('',#10547,#10548,#10549);
#10551=CYLINDRICAL_SURFACE('',#10550,3.E-1);
#10552=ORIENTED_EDGE('',*,*,#8720,.T.);
#10554=ORIENTED_EDGE('',*,*,#10553,.T.);
#10556=ORIENTED_EDGE('',*,*,#10555,.T.);
#10557=ORIENTED_EDGE('',*,*,#10512,.F.);
#10558=EDGE_LOOP('',(#10552,#10554,#10556,#10557));
#10559=FACE_OUTER_BOUND('',#10558,.F.);
#10560=ADVANCED_FACE('',(#10559),#10551,.T.);
#10561=CARTESIAN_POINT('',(1.2545E1,1.06E0,-2.8E0));
#10562=DIRECTION('',(1.E0,0.E0,0.E0));
#10563=DIRECTION('',(0.E0,1.E0,0.E0));
#10564=AXIS2_PLACEMENT_3D('',#10561,#10562,#10563);
#10565=PLANE('',#10564);
#10566=ORIENTED_EDGE('',*,*,#8718,.F.);
#10568=ORIENTED_EDGE('',*,*,#10567,.F.);
#10570=ORIENTED_EDGE('',*,*,#10569,.F.);
#10571=ORIENTED_EDGE('',*,*,#10553,.F.);
#10572=EDGE_LOOP('',(#10566,#10568,#10570,#10571));
#10573=FACE_OUTER_BOUND('',#10572,.F.);
#10574=ADVANCED_FACE('',(#10573),#10565,.T.);
#10575=CARTESIAN_POINT('',(1.2545E1,1.06E0,-2.8E0));
#10576=DIRECTION('',(1.E0,0.E0,0.E0));
#10577=DIRECTION('',(0.E0,1.E0,0.E0));
#10578=AXIS2_PLACEMENT_3D('',#10575,#10576,#10577);
#10579=PLANE('',#10578);
#10580=ORIENTED_EDGE('',*,*,#9436,.F.);
#10581=ORIENTED_EDGE('',*,*,#10494,.T.);
#10583=ORIENTED_EDGE('',*,*,#10582,.T.);
#10585=ORIENTED_EDGE('',*,*,#10584,.F.);
#10587=ORIENTED_EDGE('',*,*,#10586,.F.);
#10589=ORIENTED_EDGE('',*,*,#10588,.T.);
#10591=ORIENTED_EDGE('',*,*,#10590,.F.);
#10593=ORIENTED_EDGE('',*,*,#10592,.F.);
#10595=ORIENTED_EDGE('',*,*,#10594,.T.);
#10597=ORIENTED_EDGE('',*,*,#10596,.F.);
#10598=EDGE_LOOP('',(#10580,#10581,#10583,#10585,#10587,#10589,#10591,#10593,
#10595,#10597));
#10599=FACE_OUTER_BOUND('',#10598,.F.);
#10600=ADVANCED_FACE('',(#10599),#10579,.T.);
#10601=CARTESIAN_POINT('',(1.245E1,1.128400759486E0,-2.020110536160E0));
#10602=DIRECTION('',(0.E0,9.985927540074E-1,5.303311836814E-2));
#10603=DIRECTION('',(0.E0,5.303311836814E-2,-9.985927540074E-1));
#10604=AXIS2_PLACEMENT_3D('',#10601,#10602,#10603);
#10605=PLANE('',#10604);
#10606=ORIENTED_EDGE('',*,*,#8716,.T.);
#10607=ORIENTED_EDGE('',*,*,#10516,.F.);
#10609=ORIENTED_EDGE('',*,*,#10608,.F.);
#10610=ORIENTED_EDGE('',*,*,#10567,.T.);
#10611=EDGE_LOOP('',(#10606,#10607,#10609,#10610));
#10612=FACE_OUTER_BOUND('',#10611,.F.);
#10613=ADVANCED_FACE('',(#10612),#10605,.F.);
#10614=CARTESIAN_POINT('',(1.245E1,1.072671389431E0,-8.725951488022E-1));
#10615=DIRECTION('',(0.E0,9.063077870423E-1,-4.226182617286E-1));
#10616=DIRECTION('',(0.E0,-4.226182617286E-1,-9.063077870423E-1));
#10617=AXIS2_PLACEMENT_3D('',#10614,#10615,#10616);
#10618=PLANE('',#10617);
#10619=ORIENTED_EDGE('',*,*,#10608,.T.);
#10620=ORIENTED_EDGE('',*,*,#10514,.F.);
#10621=ORIENTED_EDGE('',*,*,#10555,.F.);
#10622=ORIENTED_EDGE('',*,*,#10569,.T.);
#10623=EDGE_LOOP('',(#10619,#10620,#10621,#10622));
#10624=FACE_OUTER_BOUND('',#10623,.F.);
#10625=ADVANCED_FACE('',(#10624),#10618,.F.);
#10626=CARTESIAN_POINT('',(1.245E1,1.611315326090E0,-4.09E0));
#10627=DIRECTION('',(0.E0,0.E0,1.E0));
#10628=DIRECTION('',(0.E0,-1.E0,0.E0));
#10629=AXIS2_PLACEMENT_3D('',#10626,#10627,#10628);
#10630=PLANE('',#10629);
#10631=ORIENTED_EDGE('',*,*,#10492,.F.);
#10632=ORIENTED_EDGE('',*,*,#10541,.F.);
#10634=ORIENTED_EDGE('',*,*,#10633,.F.);
#10635=ORIENTED_EDGE('',*,*,#10582,.F.);
#10636=EDGE_LOOP('',(#10631,#10632,#10634,#10635));
#10637=FACE_OUTER_BOUND('',#10636,.F.);
#10638=ADVANCED_FACE('',(#10637),#10630,.T.);
#10639=CARTESIAN_POINT('',(1.255040672914E1,1.732653242109E0,-4.19E0));
#10640=DIRECTION('',(-1.E0,0.E0,0.E0));
#10641=DIRECTION('',(0.E0,0.E0,1.E0));
#10642=AXIS2_PLACEMENT_3D('',#10639,#10640,#10641);
#10643=CYLINDRICAL_SURFACE('',#10642,1.E-1);
#10644=ORIENTED_EDGE('',*,*,#10539,.F.);
#10646=ORIENTED_EDGE('',*,*,#10645,.T.);
#10647=ORIENTED_EDGE('',*,*,#10584,.T.);
#10648=ORIENTED_EDGE('',*,*,#10633,.T.);
#10649=EDGE_LOOP('',(#10644,#10646,#10647,#10648));
#10650=FACE_OUTER_BOUND('',#10649,.F.);
#10651=ADVANCED_FACE('',(#10650),#10643,.T.);
#10652=CARTESIAN_POINT('',(1.245E1,1.851258097792E0,-4.542383202188E0));
#10653=DIRECTION('',(0.E0,9.986295347546E-1,5.233595624309E-2));
#10654=DIRECTION('',(0.E0,-5.233595624309E-2,9.986295347546E-1));
#10655=AXIS2_PLACEMENT_3D('',#10652,#10653,#10654);
#10656=PLANE('',#10655);
#10657=ORIENTED_EDGE('',*,*,#10645,.F.);
#10658=ORIENTED_EDGE('',*,*,#10537,.F.);
#10660=ORIENTED_EDGE('',*,*,#10659,.F.);
#10661=ORIENTED_EDGE('',*,*,#10586,.T.);
#10662=EDGE_LOOP('',(#10657,#10658,#10660,#10661));
#10663=FACE_OUTER_BOUND('',#10662,.F.);
#10664=ADVANCED_FACE('',(#10663),#10656,.T.);
#10665=CARTESIAN_POINT('',(1.245E1,1.77E0,-4.9E0));
#10666=DIRECTION('',(0.E0,0.E0,1.E0));
#10667=DIRECTION('',(0.E0,1.E0,0.E0));
#10668=AXIS2_PLACEMENT_3D('',#10665,#10666,#10667);
#10669=PLANE('',#10668);
#10670=ORIENTED_EDGE('',*,*,#10535,.F.);
#10672=ORIENTED_EDGE('',*,*,#10671,.F.);
#10673=ORIENTED_EDGE('',*,*,#10588,.F.);
#10674=ORIENTED_EDGE('',*,*,#10659,.T.);
#10675=EDGE_LOOP('',(#10670,#10672,#10673,#10674));
#10676=FACE_OUTER_BOUND('',#10675,.F.);
#10677=ADVANCED_FACE('',(#10676),#10669,.F.);
#10678=CARTESIAN_POINT('',(1.245E1,1.659381303582E0,-4.697383202188E0));
#10679=DIRECTION('',(0.E0,9.986295347546E-1,5.233595624285E-2));
#10680=DIRECTION('',(0.E0,5.233595624285E-2,-9.986295347546E-1));
#10681=AXIS2_PLACEMENT_3D('',#10678,#10679,#10680);
#10682=PLANE('',#10681);
#10684=ORIENTED_EDGE('',*,*,#10683,.T.);
#10685=ORIENTED_EDGE('',*,*,#10590,.T.);
#10686=ORIENTED_EDGE('',*,*,#10671,.T.);
#10687=ORIENTED_EDGE('',*,*,#10533,.F.);
#10688=EDGE_LOOP('',(#10684,#10685,#10686,#10687));
#10689=FACE_OUTER_BOUND('',#10688,.F.);
#10690=ADVANCED_FACE('',(#10689),#10682,.F.);
#10691=CARTESIAN_POINT('',(1.234959327086E1,1.548899653687E0,-4.5E0));
#10692=DIRECTION('',(1.E0,0.E0,0.E0));
#10693=DIRECTION('',(0.E0,9.986295347547E-1,5.233595624025E-2));
#10694=AXIS2_PLACEMENT_3D('',#10691,#10692,#10693);
#10695=CYLINDRICAL_SURFACE('',#10694,9.999999999953E-2);
#10696=ORIENTED_EDGE('',*,*,#10683,.F.);
#10697=ORIENTED_EDGE('',*,*,#10531,.F.);
#10699=ORIENTED_EDGE('',*,*,#10698,.F.);
#10700=ORIENTED_EDGE('',*,*,#10592,.T.);
#10701=EDGE_LOOP('',(#10696,#10697,#10699,#10700));
#10702=FACE_OUTER_BOUND('',#10701,.F.);
#10703=ADVANCED_FACE('',(#10702),#10695,.F.);
#10704=CARTESIAN_POINT('',(1.245E1,1.124449826844E0,-4.4E0));
#10705=DIRECTION('',(0.E0,0.E0,1.E0));
#10706=DIRECTION('',(0.E0,1.E0,0.E0));
#10707=AXIS2_PLACEMENT_3D('',#10704,#10705,#10706);
#10708=PLANE('',#10707);
#10710=ORIENTED_EDGE('',*,*,#10709,.F.);
#10711=ORIENTED_EDGE('',*,*,#10594,.F.);
#10712=ORIENTED_EDGE('',*,*,#10698,.T.);
#10713=ORIENTED_EDGE('',*,*,#10529,.F.);
#10714=EDGE_LOOP('',(#10710,#10711,#10712,#10713));
#10715=FACE_OUTER_BOUND('',#10714,.F.);
#10716=ADVANCED_FACE('',(#10715),#10708,.F.);
#10717=CARTESIAN_POINT('',(1.245E1,4.75E-1,-4.3E0));
#10718=DIRECTION('',(0.E0,4.061384660534E-1,9.138115486203E-1));
#10719=DIRECTION('',(0.E0,-9.138115486203E-1,4.061384660534E-1));
#10720=AXIS2_PLACEMENT_3D('',#10717,#10718,#10719);
#10721=PLANE('',#10720);
#10722=ORIENTED_EDGE('',*,*,#9438,.F.);
#10723=ORIENTED_EDGE('',*,*,#10596,.T.);
#10724=ORIENTED_EDGE('',*,*,#10709,.T.);
#10725=ORIENTED_EDGE('',*,*,#10527,.F.);
#10726=EDGE_LOOP('',(#10722,#10723,#10724,#10725));
#10727=FACE_OUTER_BOUND('',#10726,.F.);
#10728=ADVANCED_FACE('',(#10727),#10721,.F.);
#10729=CARTESIAN_POINT('',(1.245E1,1.72E0,-3.5E0));
#10730=DIRECTION('',(0.E0,0.E0,1.E0));
#10731=DIRECTION('',(0.E0,-1.E0,0.E0));
#10732=AXIS2_PLACEMENT_3D('',#10729,#10730,#10731);
#10733=PLANE('',#10732);
#10734=ORIENTED_EDGE('',*,*,#10498,.T.);
#10735=ORIENTED_EDGE('',*,*,#10480,.T.);
#10736=ORIENTED_EDGE('',*,*,#9148,.T.);
#10738=ORIENTED_EDGE('',*,*,#10737,.T.);
#10739=EDGE_LOOP('',(#10734,#10735,#10736,#10738));
#10740=FACE_OUTER_BOUND('',#10739,.F.);
#10741=ADVANCED_FACE('',(#10740),#10733,.F.);
#10742=CARTESIAN_POINT('',(1.2345E1,1.72E0,-3.85E0));
#10743=DIRECTION('',(1.E0,0.E0,0.E0));
#10744=DIRECTION('',(0.E0,0.E0,-1.E0));
#10745=AXIS2_PLACEMENT_3D('',#10742,#10743,#10744);
#10746=PLANE('',#10745);
#10747=ORIENTED_EDGE('',*,*,#10500,.F.);
#10748=ORIENTED_EDGE('',*,*,#10737,.F.);
#10749=ORIENTED_EDGE('',*,*,#9146,.F.);
#10750=ORIENTED_EDGE('',*,*,#9444,.F.);
#10751=EDGE_LOOP('',(#10747,#10748,#10749,#10750));
#10752=FACE_OUTER_BOUND('',#10751,.F.);
#10753=ADVANCED_FACE('',(#10752),#10746,.T.);
#10754=CARTESIAN_POINT('',(1.2055E1,1.72E0,-3.85E0));
#10755=DIRECTION('',(1.E0,0.E0,0.E0));
#10756=DIRECTION('',(0.E0,0.E0,-1.E0));
#10757=AXIS2_PLACEMENT_3D('',#10754,#10755,#10756);
#10758=PLANE('',#10757);
#10760=ORIENTED_EDGE('',*,*,#10759,.T.);
#10761=ORIENTED_EDGE('',*,*,#9447,.T.);
#10762=ORIENTED_EDGE('',*,*,#9142,.T.);
#10764=ORIENTED_EDGE('',*,*,#10763,.T.);
#10765=EDGE_LOOP('',(#10760,#10761,#10762,#10764));
#10766=FACE_OUTER_BOUND('',#10765,.F.);
#10767=ADVANCED_FACE('',(#10766),#10758,.F.);
#10768=CARTESIAN_POINT('',(1.195E1,1.62E0,-3.85E0));
#10769=DIRECTION('',(0.E0,1.E0,0.E0));
#10770=DIRECTION('',(0.E0,0.E0,1.E0));
#10771=AXIS2_PLACEMENT_3D('',#10768,#10769,#10770);
#10772=PLANE('',#10771);
#10774=ORIENTED_EDGE('',*,*,#10773,.T.);
#10776=ORIENTED_EDGE('',*,*,#10775,.T.);
#10778=ORIENTED_EDGE('',*,*,#10777,.F.);
#10779=ORIENTED_EDGE('',*,*,#9449,.F.);
#10780=ORIENTED_EDGE('',*,*,#10759,.F.);
#10782=ORIENTED_EDGE('',*,*,#10781,.F.);
#10784=ORIENTED_EDGE('',*,*,#10783,.T.);
#10785=ORIENTED_EDGE('',*,*,#9457,.F.);
#10786=EDGE_LOOP('',(#10774,#10776,#10778,#10779,#10780,#10782,#10784,#10785));
#10787=FACE_OUTER_BOUND('',#10786,.F.);
#10788=ADVANCED_FACE('',(#10787),#10772,.T.);
#10789=CARTESIAN_POINT('',(1.1855E1,1.06E0,-2.8E0));
#10790=DIRECTION('',(1.E0,0.E0,0.E0));
#10791=DIRECTION('',(0.E0,1.E0,0.E0));
#10792=AXIS2_PLACEMENT_3D('',#10789,#10790,#10791);
#10793=PLANE('',#10792);
#10794=ORIENTED_EDGE('',*,*,#8724,.T.);
#10796=ORIENTED_EDGE('',*,*,#10795,.T.);
#10798=ORIENTED_EDGE('',*,*,#10797,.T.);
#10800=ORIENTED_EDGE('',*,*,#10799,.T.);
#10801=EDGE_LOOP('',(#10794,#10796,#10798,#10800));
#10802=FACE_OUTER_BOUND('',#10801,.F.);
#10803=ADVANCED_FACE('',(#10802),#10793,.F.);
#10804=CARTESIAN_POINT('',(1.1855E1,1.06E0,-2.8E0));
#10805=DIRECTION('',(1.E0,0.E0,0.E0));
#10806=DIRECTION('',(0.E0,1.E0,0.E0));
#10807=AXIS2_PLACEMENT_3D('',#10804,#10805,#10806);
#10808=PLANE('',#10807);
#10809=ORIENTED_EDGE('',*,*,#9455,.T.);
#10811=ORIENTED_EDGE('',*,*,#10810,.T.);
#10813=ORIENTED_EDGE('',*,*,#10812,.T.);
#10815=ORIENTED_EDGE('',*,*,#10814,.T.);
#10817=ORIENTED_EDGE('',*,*,#10816,.T.);
#10819=ORIENTED_EDGE('',*,*,#10818,.T.);
#10821=ORIENTED_EDGE('',*,*,#10820,.T.);
#10823=ORIENTED_EDGE('',*,*,#10822,.T.);
#10825=ORIENTED_EDGE('',*,*,#10824,.T.);
#10826=ORIENTED_EDGE('',*,*,#10773,.F.);
#10827=EDGE_LOOP('',(#10809,#10811,#10813,#10815,#10817,#10819,#10821,#10823,
#10825,#10826));
#10828=FACE_OUTER_BOUND('',#10827,.F.);
#10829=ADVANCED_FACE('',(#10828),#10808,.F.);
#10830=CARTESIAN_POINT('',(1.184959327086E1,1.349243459677E0,
-9.893449050845E-1));
#10831=DIRECTION('',(1.E0,0.E0,0.E0));
#10832=DIRECTION('',(0.E0,1.E0,0.E0));
#10833=AXIS2_PLACEMENT_3D('',#10830,#10831,#10832);
#10834=CYLINDRICAL_SURFACE('',#10833,3.E-1);
#10835=ORIENTED_EDGE('',*,*,#8730,.T.);
#10837=ORIENTED_EDGE('',*,*,#10836,.T.);
#10839=ORIENTED_EDGE('',*,*,#10838,.T.);
#10840=ORIENTED_EDGE('',*,*,#10795,.F.);
#10841=EDGE_LOOP('',(#10835,#10837,#10839,#10840));
#10842=FACE_OUTER_BOUND('',#10841,.F.);
#10843=ADVANCED_FACE('',(#10842),#10834,.T.);
#10844=CARTESIAN_POINT('',(1.2045E1,1.06E0,-2.8E0));
#10845=DIRECTION('',(1.E0,0.E0,0.E0));
#10846=DIRECTION('',(0.E0,1.E0,0.E0));
#10847=AXIS2_PLACEMENT_3D('',#10844,#10845,#10846);
#10848=PLANE('',#10847);
#10849=ORIENTED_EDGE('',*,*,#8728,.F.);
#10851=ORIENTED_EDGE('',*,*,#10850,.F.);
#10853=ORIENTED_EDGE('',*,*,#10852,.F.);
#10854=ORIENTED_EDGE('',*,*,#10836,.F.);
#10855=EDGE_LOOP('',(#10849,#10851,#10853,#10854));
#10856=FACE_OUTER_BOUND('',#10855,.F.);
#10857=ADVANCED_FACE('',(#10856),#10848,.T.);
#10858=CARTESIAN_POINT('',(1.2045E1,1.06E0,-2.8E0));
#10859=DIRECTION('',(1.E0,0.E0,0.E0));
#10860=DIRECTION('',(0.E0,1.E0,0.E0));
#10861=AXIS2_PLACEMENT_3D('',#10858,#10859,#10860);
#10862=PLANE('',#10861);
#10863=ORIENTED_EDGE('',*,*,#9451,.F.);
#10864=ORIENTED_EDGE('',*,*,#10777,.T.);
#10866=ORIENTED_EDGE('',*,*,#10865,.T.);
#10868=ORIENTED_EDGE('',*,*,#10867,.F.);
#10870=ORIENTED_EDGE('',*,*,#10869,.F.);
#10872=ORIENTED_EDGE('',*,*,#10871,.T.);
#10874=ORIENTED_EDGE('',*,*,#10873,.F.);
#10876=ORIENTED_EDGE('',*,*,#10875,.F.);
#10878=ORIENTED_EDGE('',*,*,#10877,.T.);
#10880=ORIENTED_EDGE('',*,*,#10879,.F.);
#10881=EDGE_LOOP('',(#10863,#10864,#10866,#10868,#10870,#10872,#10874,#10876,
#10878,#10880));
#10882=FACE_OUTER_BOUND('',#10881,.F.);
#10883=ADVANCED_FACE('',(#10882),#10862,.T.);
#10884=CARTESIAN_POINT('',(1.195E1,1.128400759486E0,-2.020110536160E0));
#10885=DIRECTION('',(0.E0,9.985927540074E-1,5.303311836814E-2));
#10886=DIRECTION('',(0.E0,5.303311836814E-2,-9.985927540074E-1));
#10887=AXIS2_PLACEMENT_3D('',#10884,#10885,#10886);
#10888=PLANE('',#10887);
#10889=ORIENTED_EDGE('',*,*,#8726,.T.);
#10890=ORIENTED_EDGE('',*,*,#10799,.F.);
#10892=ORIENTED_EDGE('',*,*,#10891,.F.);
#10893=ORIENTED_EDGE('',*,*,#10850,.T.);
#10894=EDGE_LOOP('',(#10889,#10890,#10892,#10893));
#10895=FACE_OUTER_BOUND('',#10894,.F.);
#10896=ADVANCED_FACE('',(#10895),#10888,.F.);
#10897=CARTESIAN_POINT('',(1.195E1,1.072671389431E0,-8.725951488022E-1));
#10898=DIRECTION('',(0.E0,9.063077870423E-1,-4.226182617286E-1));
#10899=DIRECTION('',(0.E0,-4.226182617286E-1,-9.063077870423E-1));
#10900=AXIS2_PLACEMENT_3D('',#10897,#10898,#10899);
#10901=PLANE('',#10900);
#10902=ORIENTED_EDGE('',*,*,#10891,.T.);
#10903=ORIENTED_EDGE('',*,*,#10797,.F.);
#10904=ORIENTED_EDGE('',*,*,#10838,.F.);
#10905=ORIENTED_EDGE('',*,*,#10852,.T.);
#10906=EDGE_LOOP('',(#10902,#10903,#10904,#10905));
#10907=FACE_OUTER_BOUND('',#10906,.F.);
#10908=ADVANCED_FACE('',(#10907),#10901,.F.);
#10909=CARTESIAN_POINT('',(1.195E1,1.611315326090E0,-4.09E0));
#10910=DIRECTION('',(0.E0,0.E0,1.E0));
#10911=DIRECTION('',(0.E0,-1.E0,0.E0));
#10912=AXIS2_PLACEMENT_3D('',#10909,#10910,#10911);
#10913=PLANE('',#10912);
#10914=ORIENTED_EDGE('',*,*,#10775,.F.);
#10915=ORIENTED_EDGE('',*,*,#10824,.F.);
#10917=ORIENTED_EDGE('',*,*,#10916,.F.);
#10918=ORIENTED_EDGE('',*,*,#10865,.F.);
#10919=EDGE_LOOP('',(#10914,#10915,#10917,#10918));
#10920=FACE_OUTER_BOUND('',#10919,.F.);
#10921=ADVANCED_FACE('',(#10920),#10913,.T.);
#10922=CARTESIAN_POINT('',(1.205040672914E1,1.732653242109E0,-4.19E0));
#10923=DIRECTION('',(-1.E0,0.E0,0.E0));
#10924=DIRECTION('',(0.E0,0.E0,1.E0));
#10925=AXIS2_PLACEMENT_3D('',#10922,#10923,#10924);
#10926=CYLINDRICAL_SURFACE('',#10925,1.E-1);
#10927=ORIENTED_EDGE('',*,*,#10822,.F.);
#10929=ORIENTED_EDGE('',*,*,#10928,.T.);
#10930=ORIENTED_EDGE('',*,*,#10867,.T.);
#10931=ORIENTED_EDGE('',*,*,#10916,.T.);
#10932=EDGE_LOOP('',(#10927,#10929,#10930,#10931));
#10933=FACE_OUTER_BOUND('',#10932,.F.);
#10934=ADVANCED_FACE('',(#10933),#10926,.T.);
#10935=CARTESIAN_POINT('',(1.195E1,1.851258097792E0,-4.542383202188E0));
#10936=DIRECTION('',(0.E0,9.986295347546E-1,5.233595624309E-2));
#10937=DIRECTION('',(0.E0,-5.233595624309E-2,9.986295347546E-1));
#10938=AXIS2_PLACEMENT_3D('',#10935,#10936,#10937);
#10939=PLANE('',#10938);
#10940=ORIENTED_EDGE('',*,*,#10928,.F.);
#10941=ORIENTED_EDGE('',*,*,#10820,.F.);
#10943=ORIENTED_EDGE('',*,*,#10942,.F.);
#10944=ORIENTED_EDGE('',*,*,#10869,.T.);
#10945=EDGE_LOOP('',(#10940,#10941,#10943,#10944));
#10946=FACE_OUTER_BOUND('',#10945,.F.);
#10947=ADVANCED_FACE('',(#10946),#10939,.T.);
#10948=CARTESIAN_POINT('',(1.195E1,1.77E0,-4.9E0));
#10949=DIRECTION('',(0.E0,0.E0,1.E0));
#10950=DIRECTION('',(0.E0,1.E0,0.E0));
#10951=AXIS2_PLACEMENT_3D('',#10948,#10949,#10950);
#10952=PLANE('',#10951);
#10953=ORIENTED_EDGE('',*,*,#10818,.F.);
#10955=ORIENTED_EDGE('',*,*,#10954,.F.);
#10956=ORIENTED_EDGE('',*,*,#10871,.F.);
#10957=ORIENTED_EDGE('',*,*,#10942,.T.);
#10958=EDGE_LOOP('',(#10953,#10955,#10956,#10957));
#10959=FACE_OUTER_BOUND('',#10958,.F.);
#10960=ADVANCED_FACE('',(#10959),#10952,.F.);
#10961=CARTESIAN_POINT('',(1.195E1,1.659381303582E0,-4.697383202188E0));
#10962=DIRECTION('',(0.E0,9.986295347546E-1,5.233595624285E-2));
#10963=DIRECTION('',(0.E0,5.233595624285E-2,-9.986295347546E-1));
#10964=AXIS2_PLACEMENT_3D('',#10961,#10962,#10963);
#10965=PLANE('',#10964);
#10967=ORIENTED_EDGE('',*,*,#10966,.T.);
#10968=ORIENTED_EDGE('',*,*,#10873,.T.);
#10969=ORIENTED_EDGE('',*,*,#10954,.T.);
#10970=ORIENTED_EDGE('',*,*,#10816,.F.);
#10971=EDGE_LOOP('',(#10967,#10968,#10969,#10970));
#10972=FACE_OUTER_BOUND('',#10971,.F.);
#10973=ADVANCED_FACE('',(#10972),#10965,.F.);
#10974=CARTESIAN_POINT('',(1.184959327086E1,1.548899653687E0,-4.5E0));
#10975=DIRECTION('',(1.E0,0.E0,0.E0));
#10976=DIRECTION('',(0.E0,9.986295347547E-1,5.233595624025E-2));
#10977=AXIS2_PLACEMENT_3D('',#10974,#10975,#10976);
#10978=CYLINDRICAL_SURFACE('',#10977,9.999999999953E-2);
#10979=ORIENTED_EDGE('',*,*,#10966,.F.);
#10980=ORIENTED_EDGE('',*,*,#10814,.F.);
#10982=ORIENTED_EDGE('',*,*,#10981,.F.);
#10983=ORIENTED_EDGE('',*,*,#10875,.T.);
#10984=EDGE_LOOP('',(#10979,#10980,#10982,#10983));
#10985=FACE_OUTER_BOUND('',#10984,.F.);
#10986=ADVANCED_FACE('',(#10985),#10978,.F.);
#10987=CARTESIAN_POINT('',(1.195E1,1.124449826844E0,-4.4E0));
#10988=DIRECTION('',(0.E0,0.E0,1.E0));
#10989=DIRECTION('',(0.E0,1.E0,0.E0));
#10990=AXIS2_PLACEMENT_3D('',#10987,#10988,#10989);
#10991=PLANE('',#10990);
#10993=ORIENTED_EDGE('',*,*,#10992,.F.);
#10994=ORIENTED_EDGE('',*,*,#10877,.F.);
#10995=ORIENTED_EDGE('',*,*,#10981,.T.);
#10996=ORIENTED_EDGE('',*,*,#10812,.F.);
#10997=EDGE_LOOP('',(#10993,#10994,#10995,#10996));
#10998=FACE_OUTER_BOUND('',#10997,.F.);
#10999=ADVANCED_FACE('',(#10998),#10991,.F.);
#11000=CARTESIAN_POINT('',(1.195E1,4.75E-1,-4.3E0));
#11001=DIRECTION('',(0.E0,4.061384660534E-1,9.138115486203E-1));
#11002=DIRECTION('',(0.E0,-9.138115486203E-1,4.061384660534E-1));
#11003=AXIS2_PLACEMENT_3D('',#11000,#11001,#11002);
#11004=PLANE('',#11003);
#11005=ORIENTED_EDGE('',*,*,#9453,.F.);
#11006=ORIENTED_EDGE('',*,*,#10879,.T.);
#11007=ORIENTED_EDGE('',*,*,#10992,.T.);
#11008=ORIENTED_EDGE('',*,*,#10810,.F.);
#11009=EDGE_LOOP('',(#11005,#11006,#11007,#11008));
#11010=FACE_OUTER_BOUND('',#11009,.F.);
#11011=ADVANCED_FACE('',(#11010),#11004,.F.);
#11012=CARTESIAN_POINT('',(1.195E1,1.72E0,-3.5E0));
#11013=DIRECTION('',(0.E0,0.E0,1.E0));
#11014=DIRECTION('',(0.E0,-1.E0,0.E0));
#11015=AXIS2_PLACEMENT_3D('',#11012,#11013,#11014);
#11016=PLANE('',#11015);
#11017=ORIENTED_EDGE('',*,*,#10763,.F.);
#11018=ORIENTED_EDGE('',*,*,#9140,.T.);
#11020=ORIENTED_EDGE('',*,*,#11019,.T.);
#11021=ORIENTED_EDGE('',*,*,#10781,.T.);
#11022=EDGE_LOOP('',(#11017,#11018,#11020,#11021));
#11023=FACE_OUTER_BOUND('',#11022,.F.);
#11024=ADVANCED_FACE('',(#11023),#11016,.F.);
#11025=CARTESIAN_POINT('',(1.1845E1,1.72E0,-3.85E0));
#11026=DIRECTION('',(1.E0,0.E0,0.E0));
#11027=DIRECTION('',(0.E0,0.E0,-1.E0));
#11028=AXIS2_PLACEMENT_3D('',#11025,#11026,#11027);
#11029=PLANE('',#11028);
#11030=ORIENTED_EDGE('',*,*,#10783,.F.);
#11031=ORIENTED_EDGE('',*,*,#11019,.F.);
#11032=ORIENTED_EDGE('',*,*,#9138,.F.);
#11033=ORIENTED_EDGE('',*,*,#9459,.F.);
#11034=EDGE_LOOP('',(#11030,#11031,#11032,#11033));
#11035=FACE_OUTER_BOUND('',#11034,.F.);
#11036=ADVANCED_FACE('',(#11035),#11029,.T.);
#11037=CARTESIAN_POINT('',(1.1555E1,1.72E0,-3.85E0));
#11038=DIRECTION('',(1.E0,0.E0,0.E0));
#11039=DIRECTION('',(0.E0,0.E0,-1.E0));
#11040=AXIS2_PLACEMENT_3D('',#11037,#11038,#11039);
#11041=PLANE('',#11040);
#11043=ORIENTED_EDGE('',*,*,#11042,.T.);
#11044=ORIENTED_EDGE('',*,*,#9462,.T.);
#11045=ORIENTED_EDGE('',*,*,#9134,.T.);
#11047=ORIENTED_EDGE('',*,*,#11046,.T.);
#11048=EDGE_LOOP('',(#11043,#11044,#11045,#11047));
#11049=FACE_OUTER_BOUND('',#11048,.F.);
#11050=ADVANCED_FACE('',(#11049),#11041,.F.);
#11051=CARTESIAN_POINT('',(1.145E1,1.62E0,-3.85E0));
#11052=DIRECTION('',(0.E0,1.E0,0.E0));
#11053=DIRECTION('',(0.E0,0.E0,1.E0));
#11054=AXIS2_PLACEMENT_3D('',#11051,#11052,#11053);
#11055=PLANE('',#11054);
#11057=ORIENTED_EDGE('',*,*,#11056,.T.);
#11059=ORIENTED_EDGE('',*,*,#11058,.T.);
#11061=ORIENTED_EDGE('',*,*,#11060,.F.);
#11062=ORIENTED_EDGE('',*,*,#9464,.F.);
#11063=ORIENTED_EDGE('',*,*,#11042,.F.);
#11065=ORIENTED_EDGE('',*,*,#11064,.F.);
#11067=ORIENTED_EDGE('',*,*,#11066,.T.);
#11068=ORIENTED_EDGE('',*,*,#9472,.F.);
#11069=EDGE_LOOP('',(#11057,#11059,#11061,#11062,#11063,#11065,#11067,#11068));
#11070=FACE_OUTER_BOUND('',#11069,.F.);
#11071=ADVANCED_FACE('',(#11070),#11055,.T.);
#11072=CARTESIAN_POINT('',(1.1355E1,1.06E0,-2.8E0));
#11073=DIRECTION('',(1.E0,0.E0,0.E0));
#11074=DIRECTION('',(0.E0,1.E0,0.E0));
#11075=AXIS2_PLACEMENT_3D('',#11072,#11073,#11074);
#11076=PLANE('',#11075);
#11077=ORIENTED_EDGE('',*,*,#8734,.T.);
#11079=ORIENTED_EDGE('',*,*,#11078,.T.);
#11081=ORIENTED_EDGE('',*,*,#11080,.T.);
#11083=ORIENTED_EDGE('',*,*,#11082,.T.);
#11084=EDGE_LOOP('',(#11077,#11079,#11081,#11083));
#11085=FACE_OUTER_BOUND('',#11084,.F.);
#11086=ADVANCED_FACE('',(#11085),#11076,.F.);
#11087=CARTESIAN_POINT('',(1.1355E1,1.06E0,-2.8E0));
#11088=DIRECTION('',(1.E0,0.E0,0.E0));
#11089=DIRECTION('',(0.E0,1.E0,0.E0));
#11090=AXIS2_PLACEMENT_3D('',#11087,#11088,#11089);
#11091=PLANE('',#11090);
#11092=ORIENTED_EDGE('',*,*,#9470,.T.);
#11094=ORIENTED_EDGE('',*,*,#11093,.T.);
#11096=ORIENTED_EDGE('',*,*,#11095,.T.);
#11098=ORIENTED_EDGE('',*,*,#11097,.T.);
#11100=ORIENTED_EDGE('',*,*,#11099,.T.);
#11102=ORIENTED_EDGE('',*,*,#11101,.T.);
#11104=ORIENTED_EDGE('',*,*,#11103,.T.);
#11106=ORIENTED_EDGE('',*,*,#11105,.T.);
#11108=ORIENTED_EDGE('',*,*,#11107,.T.);
#11109=ORIENTED_EDGE('',*,*,#11056,.F.);
#11110=EDGE_LOOP('',(#11092,#11094,#11096,#11098,#11100,#11102,#11104,#11106,
#11108,#11109));
#11111=FACE_OUTER_BOUND('',#11110,.F.);
#11112=ADVANCED_FACE('',(#11111),#11091,.F.);
#11113=CARTESIAN_POINT('',(1.134959327086E1,1.349243459677E0,
-9.893449050845E-1));
#11114=DIRECTION('',(1.E0,0.E0,0.E0));
#11115=DIRECTION('',(0.E0,1.E0,0.E0));
#11116=AXIS2_PLACEMENT_3D('',#11113,#11114,#11115);
#11117=CYLINDRICAL_SURFACE('',#11116,3.E-1);
#11118=ORIENTED_EDGE('',*,*,#8740,.T.);
#11120=ORIENTED_EDGE('',*,*,#11119,.T.);
#11122=ORIENTED_EDGE('',*,*,#11121,.T.);
#11123=ORIENTED_EDGE('',*,*,#11078,.F.);
#11124=EDGE_LOOP('',(#11118,#11120,#11122,#11123));
#11125=FACE_OUTER_BOUND('',#11124,.F.);
#11126=ADVANCED_FACE('',(#11125),#11117,.T.);
#11127=CARTESIAN_POINT('',(1.1545E1,1.06E0,-2.8E0));
#11128=DIRECTION('',(1.E0,0.E0,0.E0));
#11129=DIRECTION('',(0.E0,1.E0,0.E0));
#11130=AXIS2_PLACEMENT_3D('',#11127,#11128,#11129);
#11131=PLANE('',#11130);
#11132=ORIENTED_EDGE('',*,*,#8738,.F.);
#11134=ORIENTED_EDGE('',*,*,#11133,.F.);
#11136=ORIENTED_EDGE('',*,*,#11135,.F.);
#11137=ORIENTED_EDGE('',*,*,#11119,.F.);
#11138=EDGE_LOOP('',(#11132,#11134,#11136,#11137));
#11139=FACE_OUTER_BOUND('',#11138,.F.);
#11140=ADVANCED_FACE('',(#11139),#11131,.T.);
#11141=CARTESIAN_POINT('',(1.1545E1,1.06E0,-2.8E0));
#11142=DIRECTION('',(1.E0,0.E0,0.E0));
#11143=DIRECTION('',(0.E0,1.E0,0.E0));
#11144=AXIS2_PLACEMENT_3D('',#11141,#11142,#11143);
#11145=PLANE('',#11144);
#11146=ORIENTED_EDGE('',*,*,#9466,.F.);
#11147=ORIENTED_EDGE('',*,*,#11060,.T.);
#11149=ORIENTED_EDGE('',*,*,#11148,.T.);
#11151=ORIENTED_EDGE('',*,*,#11150,.F.);
#11153=ORIENTED_EDGE('',*,*,#11152,.F.);
#11155=ORIENTED_EDGE('',*,*,#11154,.T.);
#11157=ORIENTED_EDGE('',*,*,#11156,.F.);
#11159=ORIENTED_EDGE('',*,*,#11158,.F.);
#11161=ORIENTED_EDGE('',*,*,#11160,.T.);
#11163=ORIENTED_EDGE('',*,*,#11162,.F.);
#11164=EDGE_LOOP('',(#11146,#11147,#11149,#11151,#11153,#11155,#11157,#11159,
#11161,#11163));
#11165=FACE_OUTER_BOUND('',#11164,.F.);
#11166=ADVANCED_FACE('',(#11165),#11145,.T.);
#11167=CARTESIAN_POINT('',(1.145E1,1.128400759486E0,-2.020110536160E0));
#11168=DIRECTION('',(0.E0,9.985927540074E-1,5.303311836814E-2));
#11169=DIRECTION('',(0.E0,5.303311836814E-2,-9.985927540074E-1));
#11170=AXIS2_PLACEMENT_3D('',#11167,#11168,#11169);
#11171=PLANE('',#11170);
#11172=ORIENTED_EDGE('',*,*,#8736,.T.);
#11173=ORIENTED_EDGE('',*,*,#11082,.F.);
#11175=ORIENTED_EDGE('',*,*,#11174,.F.);
#11176=ORIENTED_EDGE('',*,*,#11133,.T.);
#11177=EDGE_LOOP('',(#11172,#11173,#11175,#11176));
#11178=FACE_OUTER_BOUND('',#11177,.F.);
#11179=ADVANCED_FACE('',(#11178),#11171,.F.);
#11180=CARTESIAN_POINT('',(1.145E1,1.072671389431E0,-8.725951488022E-1));
#11181=DIRECTION('',(0.E0,9.063077870423E-1,-4.226182617286E-1));
#11182=DIRECTION('',(0.E0,-4.226182617286E-1,-9.063077870423E-1));
#11183=AXIS2_PLACEMENT_3D('',#11180,#11181,#11182);
#11184=PLANE('',#11183);
#11185=ORIENTED_EDGE('',*,*,#11174,.T.);
#11186=ORIENTED_EDGE('',*,*,#11080,.F.);
#11187=ORIENTED_EDGE('',*,*,#11121,.F.);
#11188=ORIENTED_EDGE('',*,*,#11135,.T.);
#11189=EDGE_LOOP('',(#11185,#11186,#11187,#11188));
#11190=FACE_OUTER_BOUND('',#11189,.F.);
#11191=ADVANCED_FACE('',(#11190),#11184,.F.);
#11192=CARTESIAN_POINT('',(1.145E1,1.611315326090E0,-4.09E0));
#11193=DIRECTION('',(0.E0,0.E0,1.E0));
#11194=DIRECTION('',(0.E0,-1.E0,0.E0));
#11195=AXIS2_PLACEMENT_3D('',#11192,#11193,#11194);
#11196=PLANE('',#11195);
#11197=ORIENTED_EDGE('',*,*,#11058,.F.);
#11198=ORIENTED_EDGE('',*,*,#11107,.F.);
#11200=ORIENTED_EDGE('',*,*,#11199,.F.);
#11201=ORIENTED_EDGE('',*,*,#11148,.F.);
#11202=EDGE_LOOP('',(#11197,#11198,#11200,#11201));
#11203=FACE_OUTER_BOUND('',#11202,.F.);
#11204=ADVANCED_FACE('',(#11203),#11196,.T.);
#11205=CARTESIAN_POINT('',(1.155040672914E1,1.732653242109E0,-4.19E0));
#11206=DIRECTION('',(-1.E0,0.E0,0.E0));
#11207=DIRECTION('',(0.E0,0.E0,1.E0));
#11208=AXIS2_PLACEMENT_3D('',#11205,#11206,#11207);
#11209=CYLINDRICAL_SURFACE('',#11208,1.E-1);
#11210=ORIENTED_EDGE('',*,*,#11105,.F.);
#11212=ORIENTED_EDGE('',*,*,#11211,.T.);
#11213=ORIENTED_EDGE('',*,*,#11150,.T.);
#11214=ORIENTED_EDGE('',*,*,#11199,.T.);
#11215=EDGE_LOOP('',(#11210,#11212,#11213,#11214));
#11216=FACE_OUTER_BOUND('',#11215,.F.);
#11217=ADVANCED_FACE('',(#11216),#11209,.T.);
#11218=CARTESIAN_POINT('',(1.145E1,1.851258097792E0,-4.542383202188E0));
#11219=DIRECTION('',(0.E0,9.986295347546E-1,5.233595624309E-2));
#11220=DIRECTION('',(0.E0,-5.233595624309E-2,9.986295347546E-1));
#11221=AXIS2_PLACEMENT_3D('',#11218,#11219,#11220);
#11222=PLANE('',#11221);
#11223=ORIENTED_EDGE('',*,*,#11211,.F.);
#11224=ORIENTED_EDGE('',*,*,#11103,.F.);
#11226=ORIENTED_EDGE('',*,*,#11225,.F.);
#11227=ORIENTED_EDGE('',*,*,#11152,.T.);
#11228=EDGE_LOOP('',(#11223,#11224,#11226,#11227));
#11229=FACE_OUTER_BOUND('',#11228,.F.);
#11230=ADVANCED_FACE('',(#11229),#11222,.T.);
#11231=CARTESIAN_POINT('',(1.145E1,1.77E0,-4.9E0));
#11232=DIRECTION('',(0.E0,0.E0,1.E0));
#11233=DIRECTION('',(0.E0,1.E0,0.E0));
#11234=AXIS2_PLACEMENT_3D('',#11231,#11232,#11233);
#11235=PLANE('',#11234);
#11236=ORIENTED_EDGE('',*,*,#11101,.F.);
#11238=ORIENTED_EDGE('',*,*,#11237,.F.);
#11239=ORIENTED_EDGE('',*,*,#11154,.F.);
#11240=ORIENTED_EDGE('',*,*,#11225,.T.);
#11241=EDGE_LOOP('',(#11236,#11238,#11239,#11240));
#11242=FACE_OUTER_BOUND('',#11241,.F.);
#11243=ADVANCED_FACE('',(#11242),#11235,.F.);
#11244=CARTESIAN_POINT('',(1.145E1,1.659381303582E0,-4.697383202188E0));
#11245=DIRECTION('',(0.E0,9.986295347546E-1,5.233595624285E-2));
#11246=DIRECTION('',(0.E0,5.233595624285E-2,-9.986295347546E-1));
#11247=AXIS2_PLACEMENT_3D('',#11244,#11245,#11246);
#11248=PLANE('',#11247);
#11250=ORIENTED_EDGE('',*,*,#11249,.T.);
#11251=ORIENTED_EDGE('',*,*,#11156,.T.);
#11252=ORIENTED_EDGE('',*,*,#11237,.T.);
#11253=ORIENTED_EDGE('',*,*,#11099,.F.);
#11254=EDGE_LOOP('',(#11250,#11251,#11252,#11253));
#11255=FACE_OUTER_BOUND('',#11254,.F.);
#11256=ADVANCED_FACE('',(#11255),#11248,.F.);
#11257=CARTESIAN_POINT('',(1.134959327086E1,1.548899653687E0,-4.5E0));
#11258=DIRECTION('',(1.E0,0.E0,0.E0));
#11259=DIRECTION('',(0.E0,9.986295347547E-1,5.233595624025E-2));
#11260=AXIS2_PLACEMENT_3D('',#11257,#11258,#11259);
#11261=CYLINDRICAL_SURFACE('',#11260,9.999999999953E-2);
#11262=ORIENTED_EDGE('',*,*,#11249,.F.);
#11263=ORIENTED_EDGE('',*,*,#11097,.F.);
#11265=ORIENTED_EDGE('',*,*,#11264,.F.);
#11266=ORIENTED_EDGE('',*,*,#11158,.T.);
#11267=EDGE_LOOP('',(#11262,#11263,#11265,#11266));
#11268=FACE_OUTER_BOUND('',#11267,.F.);
#11269=ADVANCED_FACE('',(#11268),#11261,.F.);
#11270=CARTESIAN_POINT('',(1.145E1,1.124449826844E0,-4.4E0));
#11271=DIRECTION('',(0.E0,0.E0,1.E0));
#11272=DIRECTION('',(0.E0,1.E0,0.E0));
#11273=AXIS2_PLACEMENT_3D('',#11270,#11271,#11272);
#11274=PLANE('',#11273);
#11276=ORIENTED_EDGE('',*,*,#11275,.F.);
#11277=ORIENTED_EDGE('',*,*,#11160,.F.);
#11278=ORIENTED_EDGE('',*,*,#11264,.T.);
#11279=ORIENTED_EDGE('',*,*,#11095,.F.);
#11280=EDGE_LOOP('',(#11276,#11277,#11278,#11279));
#11281=FACE_OUTER_BOUND('',#11280,.F.);
#11282=ADVANCED_FACE('',(#11281),#11274,.F.);
#11283=CARTESIAN_POINT('',(1.145E1,4.75E-1,-4.3E0));
#11284=DIRECTION('',(0.E0,4.061384660534E-1,9.138115486203E-1));
#11285=DIRECTION('',(0.E0,-9.138115486203E-1,4.061384660534E-1));
#11286=AXIS2_PLACEMENT_3D('',#11283,#11284,#11285);
#11287=PLANE('',#11286);
#11288=ORIENTED_EDGE('',*,*,#9468,.F.);
#11289=ORIENTED_EDGE('',*,*,#11162,.T.);
#11290=ORIENTED_EDGE('',*,*,#11275,.T.);
#11291=ORIENTED_EDGE('',*,*,#11093,.F.);
#11292=EDGE_LOOP('',(#11288,#11289,#11290,#11291));
#11293=FACE_OUTER_BOUND('',#11292,.F.);
#11294=ADVANCED_FACE('',(#11293),#11287,.F.);
#11295=CARTESIAN_POINT('',(1.145E1,1.72E0,-3.5E0));
#11296=DIRECTION('',(0.E0,0.E0,1.E0));
#11297=DIRECTION('',(0.E0,-1.E0,0.E0));
#11298=AXIS2_PLACEMENT_3D('',#11295,#11296,#11297);
#11299=PLANE('',#11298);
#11301=ORIENTED_EDGE('',*,*,#11300,.T.);
#11302=ORIENTED_EDGE('',*,*,#11064,.T.);
#11303=ORIENTED_EDGE('',*,*,#11046,.F.);
#11304=ORIENTED_EDGE('',*,*,#9132,.T.);
#11305=EDGE_LOOP('',(#11301,#11302,#11303,#11304));
#11306=FACE_OUTER_BOUND('',#11305,.F.);
#11307=ADVANCED_FACE('',(#11306),#11299,.F.);
#11308=CARTESIAN_POINT('',(1.1345E1,1.72E0,-3.85E0));
#11309=DIRECTION('',(1.E0,0.E0,0.E0));
#11310=DIRECTION('',(0.E0,0.E0,-1.E0));
#11311=AXIS2_PLACEMENT_3D('',#11308,#11309,#11310);
#11312=PLANE('',#11311);
#11313=ORIENTED_EDGE('',*,*,#11066,.F.);
#11314=ORIENTED_EDGE('',*,*,#11300,.F.);
#11315=ORIENTED_EDGE('',*,*,#9130,.F.);
#11316=ORIENTED_EDGE('',*,*,#9474,.F.);
#11317=EDGE_LOOP('',(#11313,#11314,#11315,#11316));
#11318=FACE_OUTER_BOUND('',#11317,.F.);
#11319=ADVANCED_FACE('',(#11318),#11312,.T.);
#11320=CARTESIAN_POINT('',(1.1055E1,1.72E0,-3.85E0));
#11321=DIRECTION('',(1.E0,0.E0,0.E0));
#11322=DIRECTION('',(0.E0,0.E0,-1.E0));
#11323=AXIS2_PLACEMENT_3D('',#11320,#11321,#11322);
#11324=PLANE('',#11323);
#11326=ORIENTED_EDGE('',*,*,#11325,.T.);
#11327=ORIENTED_EDGE('',*,*,#9477,.T.);
#11328=ORIENTED_EDGE('',*,*,#9126,.T.);
#11330=ORIENTED_EDGE('',*,*,#11329,.T.);
#11331=EDGE_LOOP('',(#11326,#11327,#11328,#11330));
#11332=FACE_OUTER_BOUND('',#11331,.F.);
#11333=ADVANCED_FACE('',(#11332),#11324,.F.);
#11334=CARTESIAN_POINT('',(1.095E1,1.62E0,-3.85E0));
#11335=DIRECTION('',(0.E0,1.E0,0.E0));
#11336=DIRECTION('',(0.E0,0.E0,1.E0));
#11337=AXIS2_PLACEMENT_3D('',#11334,#11335,#11336);
#11338=PLANE('',#11337);
#11340=ORIENTED_EDGE('',*,*,#11339,.T.);
#11342=ORIENTED_EDGE('',*,*,#11341,.T.);
#11344=ORIENTED_EDGE('',*,*,#11343,.F.);
#11345=ORIENTED_EDGE('',*,*,#9479,.F.);
#11346=ORIENTED_EDGE('',*,*,#11325,.F.);
#11348=ORIENTED_EDGE('',*,*,#11347,.F.);
#11350=ORIENTED_EDGE('',*,*,#11349,.T.);
#11351=ORIENTED_EDGE('',*,*,#9487,.F.);
#11352=EDGE_LOOP('',(#11340,#11342,#11344,#11345,#11346,#11348,#11350,#11351));
#11353=FACE_OUTER_BOUND('',#11352,.F.);
#11354=ADVANCED_FACE('',(#11353),#11338,.T.);
#11355=CARTESIAN_POINT('',(1.0855E1,1.06E0,-2.8E0));
#11356=DIRECTION('',(1.E0,0.E0,0.E0));
#11357=DIRECTION('',(0.E0,1.E0,0.E0));
#11358=AXIS2_PLACEMENT_3D('',#11355,#11356,#11357);
#11359=PLANE('',#11358);
#11360=ORIENTED_EDGE('',*,*,#8744,.T.);
#11362=ORIENTED_EDGE('',*,*,#11361,.T.);
#11364=ORIENTED_EDGE('',*,*,#11363,.T.);
#11366=ORIENTED_EDGE('',*,*,#11365,.T.);
#11367=EDGE_LOOP('',(#11360,#11362,#11364,#11366));
#11368=FACE_OUTER_BOUND('',#11367,.F.);
#11369=ADVANCED_FACE('',(#11368),#11359,.F.);
#11370=CARTESIAN_POINT('',(1.0855E1,1.06E0,-2.8E0));
#11371=DIRECTION('',(1.E0,0.E0,0.E0));
#11372=DIRECTION('',(0.E0,1.E0,0.E0));
#11373=AXIS2_PLACEMENT_3D('',#11370,#11371,#11372);
#11374=PLANE('',#11373);
#11375=ORIENTED_EDGE('',*,*,#9485,.T.);
#11377=ORIENTED_EDGE('',*,*,#11376,.T.);
#11379=ORIENTED_EDGE('',*,*,#11378,.T.);
#11381=ORIENTED_EDGE('',*,*,#11380,.T.);
#11383=ORIENTED_EDGE('',*,*,#11382,.T.);
#11385=ORIENTED_EDGE('',*,*,#11384,.T.);
#11387=ORIENTED_EDGE('',*,*,#11386,.T.);
#11389=ORIENTED_EDGE('',*,*,#11388,.T.);
#11391=ORIENTED_EDGE('',*,*,#11390,.T.);
#11392=ORIENTED_EDGE('',*,*,#11339,.F.);
#11393=EDGE_LOOP('',(#11375,#11377,#11379,#11381,#11383,#11385,#11387,#11389,
#11391,#11392));
#11394=FACE_OUTER_BOUND('',#11393,.F.);
#11395=ADVANCED_FACE('',(#11394),#11374,.F.);
#11396=CARTESIAN_POINT('',(1.084959327086E1,1.349243459677E0,
-9.893449050845E-1));
#11397=DIRECTION('',(1.E0,0.E0,0.E0));
#11398=DIRECTION('',(0.E0,1.E0,0.E0));
#11399=AXIS2_PLACEMENT_3D('',#11396,#11397,#11398);
#11400=CYLINDRICAL_SURFACE('',#11399,3.E-1);
#11401=ORIENTED_EDGE('',*,*,#8750,.T.);
#11403=ORIENTED_EDGE('',*,*,#11402,.T.);
#11405=ORIENTED_EDGE('',*,*,#11404,.T.);
#11406=ORIENTED_EDGE('',*,*,#11361,.F.);
#11407=EDGE_LOOP('',(#11401,#11403,#11405,#11406));
#11408=FACE_OUTER_BOUND('',#11407,.F.);
#11409=ADVANCED_FACE('',(#11408),#11400,.T.);
#11410=CARTESIAN_POINT('',(1.1045E1,1.06E0,-2.8E0));
#11411=DIRECTION('',(1.E0,0.E0,0.E0));
#11412=DIRECTION('',(0.E0,1.E0,0.E0));
#11413=AXIS2_PLACEMENT_3D('',#11410,#11411,#11412);
#11414=PLANE('',#11413);
#11415=ORIENTED_EDGE('',*,*,#8748,.F.);
#11417=ORIENTED_EDGE('',*,*,#11416,.F.);
#11419=ORIENTED_EDGE('',*,*,#11418,.F.);
#11420=ORIENTED_EDGE('',*,*,#11402,.F.);
#11421=EDGE_LOOP('',(#11415,#11417,#11419,#11420));
#11422=FACE_OUTER_BOUND('',#11421,.F.);
#11423=ADVANCED_FACE('',(#11422),#11414,.T.);
#11424=CARTESIAN_POINT('',(1.1045E1,1.06E0,-2.8E0));
#11425=DIRECTION('',(1.E0,0.E0,0.E0));
#11426=DIRECTION('',(0.E0,1.E0,0.E0));
#11427=AXIS2_PLACEMENT_3D('',#11424,#11425,#11426);
#11428=PLANE('',#11427);
#11429=ORIENTED_EDGE('',*,*,#9481,.F.);
#11430=ORIENTED_EDGE('',*,*,#11343,.T.);
#11432=ORIENTED_EDGE('',*,*,#11431,.T.);
#11434=ORIENTED_EDGE('',*,*,#11433,.F.);
#11436=ORIENTED_EDGE('',*,*,#11435,.F.);
#11438=ORIENTED_EDGE('',*,*,#11437,.T.);
#11440=ORIENTED_EDGE('',*,*,#11439,.F.);
#11442=ORIENTED_EDGE('',*,*,#11441,.F.);
#11444=ORIENTED_EDGE('',*,*,#11443,.T.);
#11446=ORIENTED_EDGE('',*,*,#11445,.F.);
#11447=EDGE_LOOP('',(#11429,#11430,#11432,#11434,#11436,#11438,#11440,#11442,
#11444,#11446));
#11448=FACE_OUTER_BOUND('',#11447,.F.);
#11449=ADVANCED_FACE('',(#11448),#11428,.T.);
#11450=CARTESIAN_POINT('',(1.095E1,1.128400759486E0,-2.020110536160E0));
#11451=DIRECTION('',(0.E0,9.985927540074E-1,5.303311836814E-2));
#11452=DIRECTION('',(0.E0,5.303311836814E-2,-9.985927540074E-1));
#11453=AXIS2_PLACEMENT_3D('',#11450,#11451,#11452);
#11454=PLANE('',#11453);
#11455=ORIENTED_EDGE('',*,*,#8746,.T.);
#11456=ORIENTED_EDGE('',*,*,#11365,.F.);
#11458=ORIENTED_EDGE('',*,*,#11457,.F.);
#11459=ORIENTED_EDGE('',*,*,#11416,.T.);
#11460=EDGE_LOOP('',(#11455,#11456,#11458,#11459));
#11461=FACE_OUTER_BOUND('',#11460,.F.);
#11462=ADVANCED_FACE('',(#11461),#11454,.F.);
#11463=CARTESIAN_POINT('',(1.095E1,1.072671389431E0,-8.725951488022E-1));
#11464=DIRECTION('',(0.E0,9.063077870423E-1,-4.226182617286E-1));
#11465=DIRECTION('',(0.E0,-4.226182617286E-1,-9.063077870423E-1));
#11466=AXIS2_PLACEMENT_3D('',#11463,#11464,#11465);
#11467=PLANE('',#11466);
#11468=ORIENTED_EDGE('',*,*,#11457,.T.);
#11469=ORIENTED_EDGE('',*,*,#11363,.F.);
#11470=ORIENTED_EDGE('',*,*,#11404,.F.);
#11471=ORIENTED_EDGE('',*,*,#11418,.T.);
#11472=EDGE_LOOP('',(#11468,#11469,#11470,#11471));
#11473=FACE_OUTER_BOUND('',#11472,.F.);
#11474=ADVANCED_FACE('',(#11473),#11467,.F.);
#11475=CARTESIAN_POINT('',(1.095E1,1.611315326090E0,-4.09E0));
#11476=DIRECTION('',(0.E0,0.E0,1.E0));
#11477=DIRECTION('',(0.E0,-1.E0,0.E0));
#11478=AXIS2_PLACEMENT_3D('',#11475,#11476,#11477);
#11479=PLANE('',#11478);
#11480=ORIENTED_EDGE('',*,*,#11341,.F.);
#11481=ORIENTED_EDGE('',*,*,#11390,.F.);
#11483=ORIENTED_EDGE('',*,*,#11482,.F.);
#11484=ORIENTED_EDGE('',*,*,#11431,.F.);
#11485=EDGE_LOOP('',(#11480,#11481,#11483,#11484));
#11486=FACE_OUTER_BOUND('',#11485,.F.);
#11487=ADVANCED_FACE('',(#11486),#11479,.T.);
#11488=CARTESIAN_POINT('',(1.105040672914E1,1.732653242109E0,-4.19E0));
#11489=DIRECTION('',(-1.E0,0.E0,0.E0));
#11490=DIRECTION('',(0.E0,0.E0,1.E0));
#11491=AXIS2_PLACEMENT_3D('',#11488,#11489,#11490);
#11492=CYLINDRICAL_SURFACE('',#11491,1.E-1);
#11493=ORIENTED_EDGE('',*,*,#11388,.F.);
#11495=ORIENTED_EDGE('',*,*,#11494,.T.);
#11496=ORIENTED_EDGE('',*,*,#11433,.T.);
#11497=ORIENTED_EDGE('',*,*,#11482,.T.);
#11498=EDGE_LOOP('',(#11493,#11495,#11496,#11497));
#11499=FACE_OUTER_BOUND('',#11498,.F.);
#11500=ADVANCED_FACE('',(#11499),#11492,.T.);
#11501=CARTESIAN_POINT('',(1.095E1,1.851258097792E0,-4.542383202188E0));
#11502=DIRECTION('',(0.E0,9.986295347546E-1,5.233595624309E-2));
#11503=DIRECTION('',(0.E0,-5.233595624309E-2,9.986295347546E-1));
#11504=AXIS2_PLACEMENT_3D('',#11501,#11502,#11503);
#11505=PLANE('',#11504);
#11506=ORIENTED_EDGE('',*,*,#11494,.F.);
#11507=ORIENTED_EDGE('',*,*,#11386,.F.);
#11509=ORIENTED_EDGE('',*,*,#11508,.F.);
#11510=ORIENTED_EDGE('',*,*,#11435,.T.);
#11511=EDGE_LOOP('',(#11506,#11507,#11509,#11510));
#11512=FACE_OUTER_BOUND('',#11511,.F.);
#11513=ADVANCED_FACE('',(#11512),#11505,.T.);
#11514=CARTESIAN_POINT('',(1.095E1,1.77E0,-4.9E0));
#11515=DIRECTION('',(0.E0,0.E0,1.E0));
#11516=DIRECTION('',(0.E0,1.E0,0.E0));
#11517=AXIS2_PLACEMENT_3D('',#11514,#11515,#11516);
#11518=PLANE('',#11517);
#11519=ORIENTED_EDGE('',*,*,#11384,.F.);
#11521=ORIENTED_EDGE('',*,*,#11520,.F.);
#11522=ORIENTED_EDGE('',*,*,#11437,.F.);
#11523=ORIENTED_EDGE('',*,*,#11508,.T.);
#11524=EDGE_LOOP('',(#11519,#11521,#11522,#11523));
#11525=FACE_OUTER_BOUND('',#11524,.F.);
#11526=ADVANCED_FACE('',(#11525),#11518,.F.);
#11527=CARTESIAN_POINT('',(1.095E1,1.659381303582E0,-4.697383202188E0));
#11528=DIRECTION('',(0.E0,9.986295347546E-1,5.233595624285E-2));
#11529=DIRECTION('',(0.E0,5.233595624285E-2,-9.986295347546E-1));
#11530=AXIS2_PLACEMENT_3D('',#11527,#11528,#11529);
#11531=PLANE('',#11530);
#11533=ORIENTED_EDGE('',*,*,#11532,.T.);
#11534=ORIENTED_EDGE('',*,*,#11439,.T.);
#11535=ORIENTED_EDGE('',*,*,#11520,.T.);
#11536=ORIENTED_EDGE('',*,*,#11382,.F.);
#11537=EDGE_LOOP('',(#11533,#11534,#11535,#11536));
#11538=FACE_OUTER_BOUND('',#11537,.F.);
#11539=ADVANCED_FACE('',(#11538),#11531,.F.);
#11540=CARTESIAN_POINT('',(1.084959327086E1,1.548899653687E0,-4.5E0));
#11541=DIRECTION('',(1.E0,0.E0,0.E0));
#11542=DIRECTION('',(0.E0,9.986295347547E-1,5.233595624025E-2));
#11543=AXIS2_PLACEMENT_3D('',#11540,#11541,#11542);
#11544=CYLINDRICAL_SURFACE('',#11543,9.999999999953E-2);
#11545=ORIENTED_EDGE('',*,*,#11532,.F.);
#11546=ORIENTED_EDGE('',*,*,#11380,.F.);
#11548=ORIENTED_EDGE('',*,*,#11547,.F.);
#11549=ORIENTED_EDGE('',*,*,#11441,.T.);
#11550=EDGE_LOOP('',(#11545,#11546,#11548,#11549));
#11551=FACE_OUTER_BOUND('',#11550,.F.);
#11552=ADVANCED_FACE('',(#11551),#11544,.F.);
#11553=CARTESIAN_POINT('',(1.095E1,1.124449826844E0,-4.4E0));
#11554=DIRECTION('',(0.E0,0.E0,1.E0));
#11555=DIRECTION('',(0.E0,1.E0,0.E0));
#11556=AXIS2_PLACEMENT_3D('',#11553,#11554,#11555);
#11557=PLANE('',#11556);
#11559=ORIENTED_EDGE('',*,*,#11558,.F.);
#11560=ORIENTED_EDGE('',*,*,#11443,.F.);
#11561=ORIENTED_EDGE('',*,*,#11547,.T.);
#11562=ORIENTED_EDGE('',*,*,#11378,.F.);
#11563=EDGE_LOOP('',(#11559,#11560,#11561,#11562));
#11564=FACE_OUTER_BOUND('',#11563,.F.);
#11565=ADVANCED_FACE('',(#11564),#11557,.F.);
#11566=CARTESIAN_POINT('',(1.095E1,4.75E-1,-4.3E0));
#11567=DIRECTION('',(0.E0,4.061384660534E-1,9.138115486203E-1));
#11568=DIRECTION('',(0.E0,-9.138115486203E-1,4.061384660534E-1));
#11569=AXIS2_PLACEMENT_3D('',#11566,#11567,#11568);
#11570=PLANE('',#11569);
#11571=ORIENTED_EDGE('',*,*,#9483,.F.);
#11572=ORIENTED_EDGE('',*,*,#11445,.T.);
#11573=ORIENTED_EDGE('',*,*,#11558,.T.);
#11574=ORIENTED_EDGE('',*,*,#11376,.F.);
#11575=EDGE_LOOP('',(#11571,#11572,#11573,#11574));
#11576=FACE_OUTER_BOUND('',#11575,.F.);
#11577=ADVANCED_FACE('',(#11576),#11570,.F.);
#11578=CARTESIAN_POINT('',(1.095E1,1.72E0,-3.5E0));
#11579=DIRECTION('',(0.E0,0.E0,1.E0));
#11580=DIRECTION('',(0.E0,-1.E0,0.E0));
#11581=AXIS2_PLACEMENT_3D('',#11578,#11579,#11580);
#11582=PLANE('',#11581);
#11584=ORIENTED_EDGE('',*,*,#11583,.T.);
#11585=ORIENTED_EDGE('',*,*,#11347,.T.);
#11586=ORIENTED_EDGE('',*,*,#11329,.F.);
#11587=ORIENTED_EDGE('',*,*,#9124,.T.);
#11588=EDGE_LOOP('',(#11584,#11585,#11586,#11587));
#11589=FACE_OUTER_BOUND('',#11588,.F.);
#11590=ADVANCED_FACE('',(#11589),#11582,.F.);
#11591=CARTESIAN_POINT('',(1.0845E1,1.72E0,-3.85E0));
#11592=DIRECTION('',(1.E0,0.E0,0.E0));
#11593=DIRECTION('',(0.E0,0.E0,-1.E0));
#11594=AXIS2_PLACEMENT_3D('',#11591,#11592,#11593);
#11595=PLANE('',#11594);
#11596=ORIENTED_EDGE('',*,*,#11349,.F.);
#11597=ORIENTED_EDGE('',*,*,#11583,.F.);
#11598=ORIENTED_EDGE('',*,*,#9122,.F.);
#11599=ORIENTED_EDGE('',*,*,#9489,.F.);
#11600=EDGE_LOOP('',(#11596,#11597,#11598,#11599));
#11601=FACE_OUTER_BOUND('',#11600,.F.);
#11602=ADVANCED_FACE('',(#11601),#11595,.T.);
#11603=CARTESIAN_POINT('',(1.0555E1,1.72E0,-3.85E0));
#11604=DIRECTION('',(1.E0,0.E0,0.E0));
#11605=DIRECTION('',(0.E0,0.E0,-1.E0));
#11606=AXIS2_PLACEMENT_3D('',#11603,#11604,#11605);
#11607=PLANE('',#11606);
#11609=ORIENTED_EDGE('',*,*,#11608,.T.);
#11610=ORIENTED_EDGE('',*,*,#9492,.T.);
#11611=ORIENTED_EDGE('',*,*,#9118,.T.);
#11613=ORIENTED_EDGE('',*,*,#11612,.T.);
#11614=EDGE_LOOP('',(#11609,#11610,#11611,#11613));
#11615=FACE_OUTER_BOUND('',#11614,.F.);
#11616=ADVANCED_FACE('',(#11615),#11607,.F.);
#11617=CARTESIAN_POINT('',(1.045E1,1.62E0,-3.85E0));
#11618=DIRECTION('',(0.E0,1.E0,0.E0));
#11619=DIRECTION('',(0.E0,0.E0,1.E0));
#11620=AXIS2_PLACEMENT_3D('',#11617,#11618,#11619);
#11621=PLANE('',#11620);
#11623=ORIENTED_EDGE('',*,*,#11622,.T.);
#11625=ORIENTED_EDGE('',*,*,#11624,.T.);
#11627=ORIENTED_EDGE('',*,*,#11626,.F.);
#11628=ORIENTED_EDGE('',*,*,#9494,.F.);
#11629=ORIENTED_EDGE('',*,*,#11608,.F.);
#11631=ORIENTED_EDGE('',*,*,#11630,.F.);
#11633=ORIENTED_EDGE('',*,*,#11632,.T.);
#11634=ORIENTED_EDGE('',*,*,#9502,.F.);
#11635=EDGE_LOOP('',(#11623,#11625,#11627,#11628,#11629,#11631,#11633,#11634));
#11636=FACE_OUTER_BOUND('',#11635,.F.);
#11637=ADVANCED_FACE('',(#11636),#11621,.T.);
#11638=CARTESIAN_POINT('',(1.0355E1,1.06E0,-2.8E0));
#11639=DIRECTION('',(1.E0,0.E0,0.E0));
#11640=DIRECTION('',(0.E0,1.E0,0.E0));
#11641=AXIS2_PLACEMENT_3D('',#11638,#11639,#11640);
#11642=PLANE('',#11641);
#11643=ORIENTED_EDGE('',*,*,#8754,.T.);
#11645=ORIENTED_EDGE('',*,*,#11644,.T.);
#11647=ORIENTED_EDGE('',*,*,#11646,.T.);
#11649=ORIENTED_EDGE('',*,*,#11648,.T.);
#11650=EDGE_LOOP('',(#11643,#11645,#11647,#11649));
#11651=FACE_OUTER_BOUND('',#11650,.F.);
#11652=ADVANCED_FACE('',(#11651),#11642,.F.);
#11653=CARTESIAN_POINT('',(1.0355E1,1.06E0,-2.8E0));
#11654=DIRECTION('',(1.E0,0.E0,0.E0));
#11655=DIRECTION('',(0.E0,1.E0,0.E0));
#11656=AXIS2_PLACEMENT_3D('',#11653,#11654,#11655);
#11657=PLANE('',#11656);
#11658=ORIENTED_EDGE('',*,*,#9500,.T.);
#11660=ORIENTED_EDGE('',*,*,#11659,.T.);
#11662=ORIENTED_EDGE('',*,*,#11661,.T.);
#11664=ORIENTED_EDGE('',*,*,#11663,.T.);
#11666=ORIENTED_EDGE('',*,*,#11665,.T.);
#11668=ORIENTED_EDGE('',*,*,#11667,.T.);
#11670=ORIENTED_EDGE('',*,*,#11669,.T.);
#11672=ORIENTED_EDGE('',*,*,#11671,.T.);
#11674=ORIENTED_EDGE('',*,*,#11673,.T.);
#11675=ORIENTED_EDGE('',*,*,#11622,.F.);
#11676=EDGE_LOOP('',(#11658,#11660,#11662,#11664,#11666,#11668,#11670,#11672,
#11674,#11675));
#11677=FACE_OUTER_BOUND('',#11676,.F.);
#11678=ADVANCED_FACE('',(#11677),#11657,.F.);
#11679=CARTESIAN_POINT('',(1.034959327086E1,1.349243459677E0,
-9.893449050845E-1));
#11680=DIRECTION('',(1.E0,0.E0,0.E0));
#11681=DIRECTION('',(0.E0,1.E0,0.E0));
#11682=AXIS2_PLACEMENT_3D('',#11679,#11680,#11681);
#11683=CYLINDRICAL_SURFACE('',#11682,3.E-1);
#11684=ORIENTED_EDGE('',*,*,#8760,.T.);
#11686=ORIENTED_EDGE('',*,*,#11685,.T.);
#11688=ORIENTED_EDGE('',*,*,#11687,.T.);
#11689=ORIENTED_EDGE('',*,*,#11644,.F.);
#11690=EDGE_LOOP('',(#11684,#11686,#11688,#11689));
#11691=FACE_OUTER_BOUND('',#11690,.F.);
#11692=ADVANCED_FACE('',(#11691),#11683,.T.);
#11693=CARTESIAN_POINT('',(1.0545E1,1.06E0,-2.8E0));
#11694=DIRECTION('',(1.E0,0.E0,0.E0));
#11695=DIRECTION('',(0.E0,1.E0,0.E0));
#11696=AXIS2_PLACEMENT_3D('',#11693,#11694,#11695);
#11697=PLANE('',#11696);
#11698=ORIENTED_EDGE('',*,*,#8758,.F.);
#11700=ORIENTED_EDGE('',*,*,#11699,.F.);
#11702=ORIENTED_EDGE('',*,*,#11701,.F.);
#11703=ORIENTED_EDGE('',*,*,#11685,.F.);
#11704=EDGE_LOOP('',(#11698,#11700,#11702,#11703));
#11705=FACE_OUTER_BOUND('',#11704,.F.);
#11706=ADVANCED_FACE('',(#11705),#11697,.T.);
#11707=CARTESIAN_POINT('',(1.0545E1,1.06E0,-2.8E0));
#11708=DIRECTION('',(1.E0,0.E0,0.E0));
#11709=DIRECTION('',(0.E0,1.E0,0.E0));
#11710=AXIS2_PLACEMENT_3D('',#11707,#11708,#11709);
#11711=PLANE('',#11710);
#11712=ORIENTED_EDGE('',*,*,#9496,.F.);
#11713=ORIENTED_EDGE('',*,*,#11626,.T.);
#11715=ORIENTED_EDGE('',*,*,#11714,.T.);
#11717=ORIENTED_EDGE('',*,*,#11716,.F.);
#11719=ORIENTED_EDGE('',*,*,#11718,.F.);
#11721=ORIENTED_EDGE('',*,*,#11720,.T.);
#11723=ORIENTED_EDGE('',*,*,#11722,.F.);
#11725=ORIENTED_EDGE('',*,*,#11724,.F.);
#11727=ORIENTED_EDGE('',*,*,#11726,.T.);
#11729=ORIENTED_EDGE('',*,*,#11728,.F.);
#11730=EDGE_LOOP('',(#11712,#11713,#11715,#11717,#11719,#11721,#11723,#11725,
#11727,#11729));
#11731=FACE_OUTER_BOUND('',#11730,.F.);
#11732=ADVANCED_FACE('',(#11731),#11711,.T.);
#11733=CARTESIAN_POINT('',(1.045E1,1.128400759486E0,-2.020110536160E0));
#11734=DIRECTION('',(0.E0,9.985927540074E-1,5.303311836814E-2));
#11735=DIRECTION('',(0.E0,5.303311836814E-2,-9.985927540074E-1));
#11736=AXIS2_PLACEMENT_3D('',#11733,#11734,#11735);
#11737=PLANE('',#11736);
#11738=ORIENTED_EDGE('',*,*,#8756,.T.);
#11739=ORIENTED_EDGE('',*,*,#11648,.F.);
#11741=ORIENTED_EDGE('',*,*,#11740,.F.);
#11742=ORIENTED_EDGE('',*,*,#11699,.T.);
#11743=EDGE_LOOP('',(#11738,#11739,#11741,#11742));
#11744=FACE_OUTER_BOUND('',#11743,.F.);
#11745=ADVANCED_FACE('',(#11744),#11737,.F.);
#11746=CARTESIAN_POINT('',(1.045E1,1.072671389431E0,-8.725951488022E-1));
#11747=DIRECTION('',(0.E0,9.063077870423E-1,-4.226182617286E-1));
#11748=DIRECTION('',(0.E0,-4.226182617286E-1,-9.063077870423E-1));
#11749=AXIS2_PLACEMENT_3D('',#11746,#11747,#11748);
#11750=PLANE('',#11749);
#11751=ORIENTED_EDGE('',*,*,#11740,.T.);
#11752=ORIENTED_EDGE('',*,*,#11646,.F.);
#11753=ORIENTED_EDGE('',*,*,#11687,.F.);
#11754=ORIENTED_EDGE('',*,*,#11701,.T.);
#11755=EDGE_LOOP('',(#11751,#11752,#11753,#11754));
#11756=FACE_OUTER_BOUND('',#11755,.F.);
#11757=ADVANCED_FACE('',(#11756),#11750,.F.);
#11758=CARTESIAN_POINT('',(1.045E1,1.611315326090E0,-4.09E0));
#11759=DIRECTION('',(0.E0,0.E0,1.E0));
#11760=DIRECTION('',(0.E0,-1.E0,0.E0));
#11761=AXIS2_PLACEMENT_3D('',#11758,#11759,#11760);
#11762=PLANE('',#11761);
#11763=ORIENTED_EDGE('',*,*,#11624,.F.);
#11764=ORIENTED_EDGE('',*,*,#11673,.F.);
#11766=ORIENTED_EDGE('',*,*,#11765,.F.);
#11767=ORIENTED_EDGE('',*,*,#11714,.F.);
#11768=EDGE_LOOP('',(#11763,#11764,#11766,#11767));
#11769=FACE_OUTER_BOUND('',#11768,.F.);
#11770=ADVANCED_FACE('',(#11769),#11762,.T.);
#11771=CARTESIAN_POINT('',(1.055040672914E1,1.732653242109E0,-4.19E0));
#11772=DIRECTION('',(-1.E0,0.E0,0.E0));
#11773=DIRECTION('',(0.E0,0.E0,1.E0));
#11774=AXIS2_PLACEMENT_3D('',#11771,#11772,#11773);
#11775=CYLINDRICAL_SURFACE('',#11774,1.E-1);
#11776=ORIENTED_EDGE('',*,*,#11671,.F.);
#11778=ORIENTED_EDGE('',*,*,#11777,.T.);
#11779=ORIENTED_EDGE('',*,*,#11716,.T.);
#11780=ORIENTED_EDGE('',*,*,#11765,.T.);
#11781=EDGE_LOOP('',(#11776,#11778,#11779,#11780));
#11782=FACE_OUTER_BOUND('',#11781,.F.);
#11783=ADVANCED_FACE('',(#11782),#11775,.T.);
#11784=CARTESIAN_POINT('',(1.045E1,1.851258097792E0,-4.542383202188E0));
#11785=DIRECTION('',(0.E0,9.986295347546E-1,5.233595624309E-2));
#11786=DIRECTION('',(0.E0,-5.233595624309E-2,9.986295347546E-1));
#11787=AXIS2_PLACEMENT_3D('',#11784,#11785,#11786);
#11788=PLANE('',#11787);
#11789=ORIENTED_EDGE('',*,*,#11777,.F.);
#11790=ORIENTED_EDGE('',*,*,#11669,.F.);
#11792=ORIENTED_EDGE('',*,*,#11791,.F.);
#11793=ORIENTED_EDGE('',*,*,#11718,.T.);
#11794=EDGE_LOOP('',(#11789,#11790,#11792,#11793));
#11795=FACE_OUTER_BOUND('',#11794,.F.);
#11796=ADVANCED_FACE('',(#11795),#11788,.T.);
#11797=CARTESIAN_POINT('',(1.045E1,1.77E0,-4.9E0));
#11798=DIRECTION('',(0.E0,0.E0,1.E0));
#11799=DIRECTION('',(0.E0,1.E0,0.E0));
#11800=AXIS2_PLACEMENT_3D('',#11797,#11798,#11799);
#11801=PLANE('',#11800);
#11802=ORIENTED_EDGE('',*,*,#11667,.F.);
#11804=ORIENTED_EDGE('',*,*,#11803,.F.);
#11805=ORIENTED_EDGE('',*,*,#11720,.F.);
#11806=ORIENTED_EDGE('',*,*,#11791,.T.);
#11807=EDGE_LOOP('',(#11802,#11804,#11805,#11806));
#11808=FACE_OUTER_BOUND('',#11807,.F.);
#11809=ADVANCED_FACE('',(#11808),#11801,.F.);
#11810=CARTESIAN_POINT('',(1.045E1,1.659381303582E0,-4.697383202188E0));
#11811=DIRECTION('',(0.E0,9.986295347546E-1,5.233595624285E-2));
#11812=DIRECTION('',(0.E0,5.233595624285E-2,-9.986295347546E-1));
#11813=AXIS2_PLACEMENT_3D('',#11810,#11811,#11812);
#11814=PLANE('',#11813);
#11816=ORIENTED_EDGE('',*,*,#11815,.T.);
#11817=ORIENTED_EDGE('',*,*,#11722,.T.);
#11818=ORIENTED_EDGE('',*,*,#11803,.T.);
#11819=ORIENTED_EDGE('',*,*,#11665,.F.);
#11820=EDGE_LOOP('',(#11816,#11817,#11818,#11819));
#11821=FACE_OUTER_BOUND('',#11820,.F.);
#11822=ADVANCED_FACE('',(#11821),#11814,.F.);
#11823=CARTESIAN_POINT('',(1.034959327086E1,1.548899653687E0,-4.5E0));
#11824=DIRECTION('',(1.E0,0.E0,0.E0));
#11825=DIRECTION('',(0.E0,9.986295347547E-1,5.233595624025E-2));
#11826=AXIS2_PLACEMENT_3D('',#11823,#11824,#11825);
#11827=CYLINDRICAL_SURFACE('',#11826,9.999999999953E-2);
#11828=ORIENTED_EDGE('',*,*,#11815,.F.);
#11829=ORIENTED_EDGE('',*,*,#11663,.F.);
#11831=ORIENTED_EDGE('',*,*,#11830,.F.);
#11832=ORIENTED_EDGE('',*,*,#11724,.T.);
#11833=EDGE_LOOP('',(#11828,#11829,#11831,#11832));
#11834=FACE_OUTER_BOUND('',#11833,.F.);
#11835=ADVANCED_FACE('',(#11834),#11827,.F.);
#11836=CARTESIAN_POINT('',(1.045E1,1.124449826844E0,-4.4E0));
#11837=DIRECTION('',(0.E0,0.E0,1.E0));
#11838=DIRECTION('',(0.E0,1.E0,0.E0));
#11839=AXIS2_PLACEMENT_3D('',#11836,#11837,#11838);
#11840=PLANE('',#11839);
#11842=ORIENTED_EDGE('',*,*,#11841,.F.);
#11843=ORIENTED_EDGE('',*,*,#11726,.F.);
#11844=ORIENTED_EDGE('',*,*,#11830,.T.);
#11845=ORIENTED_EDGE('',*,*,#11661,.F.);
#11846=EDGE_LOOP('',(#11842,#11843,#11844,#11845));
#11847=FACE_OUTER_BOUND('',#11846,.F.);
#11848=ADVANCED_FACE('',(#11847),#11840,.F.);
#11849=CARTESIAN_POINT('',(1.045E1,4.75E-1,-4.3E0));
#11850=DIRECTION('',(0.E0,4.061384660534E-1,9.138115486203E-1));
#11851=DIRECTION('',(0.E0,-9.138115486203E-1,4.061384660534E-1));
#11852=AXIS2_PLACEMENT_3D('',#11849,#11850,#11851);
#11853=PLANE('',#11852);
#11854=ORIENTED_EDGE('',*,*,#9498,.F.);
#11855=ORIENTED_EDGE('',*,*,#11728,.T.);
#11856=ORIENTED_EDGE('',*,*,#11841,.T.);
#11857=ORIENTED_EDGE('',*,*,#11659,.F.);
#11858=EDGE_LOOP('',(#11854,#11855,#11856,#11857));
#11859=FACE_OUTER_BOUND('',#11858,.F.);
#11860=ADVANCED_FACE('',(#11859),#11853,.F.);
#11861=CARTESIAN_POINT('',(1.045E1,1.72E0,-3.5E0));
#11862=DIRECTION('',(0.E0,0.E0,1.E0));
#11863=DIRECTION('',(0.E0,-1.E0,0.E0));
#11864=AXIS2_PLACEMENT_3D('',#11861,#11862,#11863);
#11865=PLANE('',#11864);
#11867=ORIENTED_EDGE('',*,*,#11866,.T.);
#11868=ORIENTED_EDGE('',*,*,#11630,.T.);
#11869=ORIENTED_EDGE('',*,*,#11612,.F.);
#11870=ORIENTED_EDGE('',*,*,#9116,.T.);
#11871=EDGE_LOOP('',(#11867,#11868,#11869,#11870));
#11872=FACE_OUTER_BOUND('',#11871,.F.);
#11873=ADVANCED_FACE('',(#11872),#11865,.F.);
#11874=CARTESIAN_POINT('',(1.0345E1,1.72E0,-3.85E0));
#11875=DIRECTION('',(1.E0,0.E0,0.E0));
#11876=DIRECTION('',(0.E0,0.E0,-1.E0));
#11877=AXIS2_PLACEMENT_3D('',#11874,#11875,#11876);
#11878=PLANE('',#11877);
#11879=ORIENTED_EDGE('',*,*,#11632,.F.);
#11880=ORIENTED_EDGE('',*,*,#11866,.F.);
#11881=ORIENTED_EDGE('',*,*,#9114,.F.);
#11882=ORIENTED_EDGE('',*,*,#9504,.F.);
#11883=EDGE_LOOP('',(#11879,#11880,#11881,#11882));
#11884=FACE_OUTER_BOUND('',#11883,.F.);
#11885=ADVANCED_FACE('',(#11884),#11878,.T.);
#11886=CARTESIAN_POINT('',(1.0055E1,1.72E0,-3.85E0));
#11887=DIRECTION('',(1.E0,0.E0,0.E0));
#11888=DIRECTION('',(0.E0,0.E0,-1.E0));
#11889=AXIS2_PLACEMENT_3D('',#11886,#11887,#11888);
#11890=PLANE('',#11889);
#11892=ORIENTED_EDGE('',*,*,#11891,.T.);
#11893=ORIENTED_EDGE('',*,*,#9507,.T.);
#11894=ORIENTED_EDGE('',*,*,#9110,.T.);
#11896=ORIENTED_EDGE('',*,*,#11895,.T.);
#11897=EDGE_LOOP('',(#11892,#11893,#11894,#11896));
#11898=FACE_OUTER_BOUND('',#11897,.F.);
#11899=ADVANCED_FACE('',(#11898),#11890,.F.);
#11900=CARTESIAN_POINT('',(9.95E0,1.62E0,-3.85E0));
#11901=DIRECTION('',(0.E0,1.E0,0.E0));
#11902=DIRECTION('',(0.E0,0.E0,1.E0));
#11903=AXIS2_PLACEMENT_3D('',#11900,#11901,#11902);
#11904=PLANE('',#11903);
#11906=ORIENTED_EDGE('',*,*,#11905,.T.);
#11908=ORIENTED_EDGE('',*,*,#11907,.T.);
#11910=ORIENTED_EDGE('',*,*,#11909,.F.);
#11911=ORIENTED_EDGE('',*,*,#9509,.F.);
#11912=ORIENTED_EDGE('',*,*,#11891,.F.);
#11914=ORIENTED_EDGE('',*,*,#11913,.F.);
#11916=ORIENTED_EDGE('',*,*,#11915,.T.);
#11917=ORIENTED_EDGE('',*,*,#9517,.F.);
#11918=EDGE_LOOP('',(#11906,#11908,#11910,#11911,#11912,#11914,#11916,#11917));
#11919=FACE_OUTER_BOUND('',#11918,.F.);
#11920=ADVANCED_FACE('',(#11919),#11904,.T.);
#11921=CARTESIAN_POINT('',(9.855E0,1.06E0,-2.8E0));
#11922=DIRECTION('',(1.E0,0.E0,0.E0));
#11923=DIRECTION('',(0.E0,1.E0,0.E0));
#11924=AXIS2_PLACEMENT_3D('',#11921,#11922,#11923);
#11925=PLANE('',#11924);
#11926=ORIENTED_EDGE('',*,*,#8764,.T.);
#11928=ORIENTED_EDGE('',*,*,#11927,.T.);
#11930=ORIENTED_EDGE('',*,*,#11929,.T.);
#11932=ORIENTED_EDGE('',*,*,#11931,.T.);
#11933=EDGE_LOOP('',(#11926,#11928,#11930,#11932));
#11934=FACE_OUTER_BOUND('',#11933,.F.);
#11935=ADVANCED_FACE('',(#11934),#11925,.F.);
#11936=CARTESIAN_POINT('',(9.855E0,1.06E0,-2.8E0));
#11937=DIRECTION('',(1.E0,0.E0,0.E0));
#11938=DIRECTION('',(0.E0,1.E0,0.E0));
#11939=AXIS2_PLACEMENT_3D('',#11936,#11937,#11938);
#11940=PLANE('',#11939);
#11941=ORIENTED_EDGE('',*,*,#9515,.T.);
#11943=ORIENTED_EDGE('',*,*,#11942,.T.);
#11945=ORIENTED_EDGE('',*,*,#11944,.T.);
#11947=ORIENTED_EDGE('',*,*,#11946,.T.);
#11949=ORIENTED_EDGE('',*,*,#11948,.T.);
#11951=ORIENTED_EDGE('',*,*,#11950,.T.);
#11953=ORIENTED_EDGE('',*,*,#11952,.T.);
#11955=ORIENTED_EDGE('',*,*,#11954,.T.);
#11957=ORIENTED_EDGE('',*,*,#11956,.T.);
#11958=ORIENTED_EDGE('',*,*,#11905,.F.);
#11959=EDGE_LOOP('',(#11941,#11943,#11945,#11947,#11949,#11951,#11953,#11955,
#11957,#11958));
#11960=FACE_OUTER_BOUND('',#11959,.F.);
#11961=ADVANCED_FACE('',(#11960),#11940,.F.);
#11962=CARTESIAN_POINT('',(9.849593270859E0,1.349243459677E0,
-9.893449050845E-1));
#11963=DIRECTION('',(1.E0,0.E0,0.E0));
#11964=DIRECTION('',(0.E0,1.E0,0.E0));
#11965=AXIS2_PLACEMENT_3D('',#11962,#11963,#11964);
#11966=CYLINDRICAL_SURFACE('',#11965,3.E-1);
#11967=ORIENTED_EDGE('',*,*,#8770,.T.);
#11969=ORIENTED_EDGE('',*,*,#11968,.T.);
#11971=ORIENTED_EDGE('',*,*,#11970,.T.);
#11972=ORIENTED_EDGE('',*,*,#11927,.F.);
#11973=EDGE_LOOP('',(#11967,#11969,#11971,#11972));
#11974=FACE_OUTER_BOUND('',#11973,.F.);
#11975=ADVANCED_FACE('',(#11974),#11966,.T.);
#11976=CARTESIAN_POINT('',(1.0045E1,1.06E0,-2.8E0));
#11977=DIRECTION('',(1.E0,0.E0,0.E0));
#11978=DIRECTION('',(0.E0,1.E0,0.E0));
#11979=AXIS2_PLACEMENT_3D('',#11976,#11977,#11978);
#11980=PLANE('',#11979);
#11981=ORIENTED_EDGE('',*,*,#8768,.F.);
#11983=ORIENTED_EDGE('',*,*,#11982,.F.);
#11985=ORIENTED_EDGE('',*,*,#11984,.F.);
#11986=ORIENTED_EDGE('',*,*,#11968,.F.);
#11987=EDGE_LOOP('',(#11981,#11983,#11985,#11986));
#11988=FACE_OUTER_BOUND('',#11987,.F.);
#11989=ADVANCED_FACE('',(#11988),#11980,.T.);
#11990=CARTESIAN_POINT('',(1.0045E1,1.06E0,-2.8E0));
#11991=DIRECTION('',(1.E0,0.E0,0.E0));
#11992=DIRECTION('',(0.E0,1.E0,0.E0));
#11993=AXIS2_PLACEMENT_3D('',#11990,#11991,#11992);
#11994=PLANE('',#11993);
#11995=ORIENTED_EDGE('',*,*,#9511,.F.);
#11996=ORIENTED_EDGE('',*,*,#11909,.T.);
#11998=ORIENTED_EDGE('',*,*,#11997,.T.);
#12000=ORIENTED_EDGE('',*,*,#11999,.F.);
#12002=ORIENTED_EDGE('',*,*,#12001,.F.);
#12004=ORIENTED_EDGE('',*,*,#12003,.T.);
#12006=ORIENTED_EDGE('',*,*,#12005,.F.);
#12008=ORIENTED_EDGE('',*,*,#12007,.F.);
#12010=ORIENTED_EDGE('',*,*,#12009,.T.);
#12012=ORIENTED_EDGE('',*,*,#12011,.F.);
#12013=EDGE_LOOP('',(#11995,#11996,#11998,#12000,#12002,#12004,#12006,#12008,
#12010,#12012));
#12014=FACE_OUTER_BOUND('',#12013,.F.);
#12015=ADVANCED_FACE('',(#12014),#11994,.T.);
#12016=CARTESIAN_POINT('',(9.95E0,1.128400759486E0,-2.020110536160E0));
#12017=DIRECTION('',(0.E0,9.985927540074E-1,5.303311836814E-2));
#12018=DIRECTION('',(0.E0,5.303311836814E-2,-9.985927540074E-1));
#12019=AXIS2_PLACEMENT_3D('',#12016,#12017,#12018);
#12020=PLANE('',#12019);
#12021=ORIENTED_EDGE('',*,*,#8766,.T.);
#12022=ORIENTED_EDGE('',*,*,#11931,.F.);
#12024=ORIENTED_EDGE('',*,*,#12023,.F.);
#12025=ORIENTED_EDGE('',*,*,#11982,.T.);
#12026=EDGE_LOOP('',(#12021,#12022,#12024,#12025));
#12027=FACE_OUTER_BOUND('',#12026,.F.);
#12028=ADVANCED_FACE('',(#12027),#12020,.F.);
#12029=CARTESIAN_POINT('',(9.95E0,1.072671389431E0,-8.725951488022E-1));
#12030=DIRECTION('',(0.E0,9.063077870423E-1,-4.226182617286E-1));
#12031=DIRECTION('',(0.E0,-4.226182617286E-1,-9.063077870423E-1));
#12032=AXIS2_PLACEMENT_3D('',#12029,#12030,#12031);
#12033=PLANE('',#12032);
#12034=ORIENTED_EDGE('',*,*,#12023,.T.);
#12035=ORIENTED_EDGE('',*,*,#11929,.F.);
#12036=ORIENTED_EDGE('',*,*,#11970,.F.);
#12037=ORIENTED_EDGE('',*,*,#11984,.T.);
#12038=EDGE_LOOP('',(#12034,#12035,#12036,#12037));
#12039=FACE_OUTER_BOUND('',#12038,.F.);
#12040=ADVANCED_FACE('',(#12039),#12033,.F.);
#12041=CARTESIAN_POINT('',(9.95E0,1.611315326090E0,-4.09E0));
#12042=DIRECTION('',(0.E0,0.E0,1.E0));
#12043=DIRECTION('',(0.E0,-1.E0,0.E0));
#12044=AXIS2_PLACEMENT_3D('',#12041,#12042,#12043);
#12045=PLANE('',#12044);
#12046=ORIENTED_EDGE('',*,*,#11907,.F.);
#12047=ORIENTED_EDGE('',*,*,#11956,.F.);
#12049=ORIENTED_EDGE('',*,*,#12048,.F.);
#12050=ORIENTED_EDGE('',*,*,#11997,.F.);
#12051=EDGE_LOOP('',(#12046,#12047,#12049,#12050));
#12052=FACE_OUTER_BOUND('',#12051,.F.);
#12053=ADVANCED_FACE('',(#12052),#12045,.T.);
#12054=CARTESIAN_POINT('',(1.005040672914E1,1.732653242109E0,-4.19E0));
#12055=DIRECTION('',(-1.E0,0.E0,0.E0));
#12056=DIRECTION('',(0.E0,0.E0,1.E0));
#12057=AXIS2_PLACEMENT_3D('',#12054,#12055,#12056);
#12058=CYLINDRICAL_SURFACE('',#12057,1.E-1);
#12059=ORIENTED_EDGE('',*,*,#11954,.F.);
#12061=ORIENTED_EDGE('',*,*,#12060,.T.);
#12062=ORIENTED_EDGE('',*,*,#11999,.T.);
#12063=ORIENTED_EDGE('',*,*,#12048,.T.);
#12064=EDGE_LOOP('',(#12059,#12061,#12062,#12063));
#12065=FACE_OUTER_BOUND('',#12064,.F.);
#12066=ADVANCED_FACE('',(#12065),#12058,.T.);
#12067=CARTESIAN_POINT('',(9.95E0,1.851258097792E0,-4.542383202188E0));
#12068=DIRECTION('',(0.E0,9.986295347546E-1,5.233595624309E-2));
#12069=DIRECTION('',(0.E0,-5.233595624309E-2,9.986295347546E-1));
#12070=AXIS2_PLACEMENT_3D('',#12067,#12068,#12069);
#12071=PLANE('',#12070);
#12072=ORIENTED_EDGE('',*,*,#12060,.F.);
#12073=ORIENTED_EDGE('',*,*,#11952,.F.);
#12075=ORIENTED_EDGE('',*,*,#12074,.F.);
#12076=ORIENTED_EDGE('',*,*,#12001,.T.);
#12077=EDGE_LOOP('',(#12072,#12073,#12075,#12076));
#12078=FACE_OUTER_BOUND('',#12077,.F.);
#12079=ADVANCED_FACE('',(#12078),#12071,.T.);
#12080=CARTESIAN_POINT('',(9.95E0,1.77E0,-4.9E0));
#12081=DIRECTION('',(0.E0,0.E0,1.E0));
#12082=DIRECTION('',(0.E0,1.E0,0.E0));
#12083=AXIS2_PLACEMENT_3D('',#12080,#12081,#12082);
#12084=PLANE('',#12083);
#12085=ORIENTED_EDGE('',*,*,#11950,.F.);
#12087=ORIENTED_EDGE('',*,*,#12086,.F.);
#12088=ORIENTED_EDGE('',*,*,#12003,.F.);
#12089=ORIENTED_EDGE('',*,*,#12074,.T.);
#12090=EDGE_LOOP('',(#12085,#12087,#12088,#12089));
#12091=FACE_OUTER_BOUND('',#12090,.F.);
#12092=ADVANCED_FACE('',(#12091),#12084,.F.);
#12093=CARTESIAN_POINT('',(9.95E0,1.659381303582E0,-4.697383202188E0));
#12094=DIRECTION('',(0.E0,9.986295347546E-1,5.233595624285E-2));
#12095=DIRECTION('',(0.E0,5.233595624285E-2,-9.986295347546E-1));
#12096=AXIS2_PLACEMENT_3D('',#12093,#12094,#12095);
#12097=PLANE('',#12096);
#12099=ORIENTED_EDGE('',*,*,#12098,.T.);
#12100=ORIENTED_EDGE('',*,*,#12005,.T.);
#12101=ORIENTED_EDGE('',*,*,#12086,.T.);
#12102=ORIENTED_EDGE('',*,*,#11948,.F.);
#12103=EDGE_LOOP('',(#12099,#12100,#12101,#12102));
#12104=FACE_OUTER_BOUND('',#12103,.F.);
#12105=ADVANCED_FACE('',(#12104),#12097,.F.);
#12106=CARTESIAN_POINT('',(9.849593270859E0,1.548899653687E0,-4.5E0));
#12107=DIRECTION('',(1.E0,0.E0,0.E0));
#12108=DIRECTION('',(0.E0,9.986295347547E-1,5.233595624025E-2));
#12109=AXIS2_PLACEMENT_3D('',#12106,#12107,#12108);
#12110=CYLINDRICAL_SURFACE('',#12109,9.999999999953E-2);
#12111=ORIENTED_EDGE('',*,*,#12098,.F.);
#12112=ORIENTED_EDGE('',*,*,#11946,.F.);
#12114=ORIENTED_EDGE('',*,*,#12113,.F.);
#12115=ORIENTED_EDGE('',*,*,#12007,.T.);
#12116=EDGE_LOOP('',(#12111,#12112,#12114,#12115));
#12117=FACE_OUTER_BOUND('',#12116,.F.);
#12118=ADVANCED_FACE('',(#12117),#12110,.F.);
#12119=CARTESIAN_POINT('',(9.95E0,1.124449826844E0,-4.4E0));
#12120=DIRECTION('',(0.E0,0.E0,1.E0));
#12121=DIRECTION('',(0.E0,1.E0,0.E0));
#12122=AXIS2_PLACEMENT_3D('',#12119,#12120,#12121);
#12123=PLANE('',#12122);
#12125=ORIENTED_EDGE('',*,*,#12124,.F.);
#12126=ORIENTED_EDGE('',*,*,#12009,.F.);
#12127=ORIENTED_EDGE('',*,*,#12113,.T.);
#12128=ORIENTED_EDGE('',*,*,#11944,.F.);
#12129=EDGE_LOOP('',(#12125,#12126,#12127,#12128));
#12130=FACE_OUTER_BOUND('',#12129,.F.);
#12131=ADVANCED_FACE('',(#12130),#12123,.F.);
#12132=CARTESIAN_POINT('',(9.95E0,4.75E-1,-4.3E0));
#12133=DIRECTION('',(0.E0,4.061384660534E-1,9.138115486203E-1));
#12134=DIRECTION('',(0.E0,-9.138115486203E-1,4.061384660534E-1));
#12135=AXIS2_PLACEMENT_3D('',#12132,#12133,#12134);
#12136=PLANE('',#12135);
#12137=ORIENTED_EDGE('',*,*,#9513,.F.);
#12138=ORIENTED_EDGE('',*,*,#12011,.T.);
#12139=ORIENTED_EDGE('',*,*,#12124,.T.);
#12140=ORIENTED_EDGE('',*,*,#11942,.F.);
#12141=EDGE_LOOP('',(#12137,#12138,#12139,#12140));
#12142=FACE_OUTER_BOUND('',#12141,.F.);
#12143=ADVANCED_FACE('',(#12142),#12136,.F.);
#12144=CARTESIAN_POINT('',(9.95E0,1.72E0,-3.5E0));
#12145=DIRECTION('',(0.E0,0.E0,1.E0));
#12146=DIRECTION('',(0.E0,-1.E0,0.E0));
#12147=AXIS2_PLACEMENT_3D('',#12144,#12145,#12146);
#12148=PLANE('',#12147);
#12150=ORIENTED_EDGE('',*,*,#12149,.T.);
#12151=ORIENTED_EDGE('',*,*,#11913,.T.);
#12152=ORIENTED_EDGE('',*,*,#11895,.F.);
#12153=ORIENTED_EDGE('',*,*,#9108,.T.);
#12154=EDGE_LOOP('',(#12150,#12151,#12152,#12153));
#12155=FACE_OUTER_BOUND('',#12154,.F.);
#12156=ADVANCED_FACE('',(#12155),#12148,.F.);
#12157=CARTESIAN_POINT('',(9.845E0,1.72E0,-3.85E0));
#12158=DIRECTION('',(1.E0,0.E0,0.E0));
#12159=DIRECTION('',(0.E0,0.E0,-1.E0));
#12160=AXIS2_PLACEMENT_3D('',#12157,#12158,#12159);
#12161=PLANE('',#12160);
#12162=ORIENTED_EDGE('',*,*,#11915,.F.);
#12163=ORIENTED_EDGE('',*,*,#12149,.F.);
#12164=ORIENTED_EDGE('',*,*,#9106,.F.);
#12165=ORIENTED_EDGE('',*,*,#9519,.F.);
#12166=EDGE_LOOP('',(#12162,#12163,#12164,#12165));
#12167=FACE_OUTER_BOUND('',#12166,.F.);
#12168=ADVANCED_FACE('',(#12167),#12161,.T.);
#12169=CARTESIAN_POINT('',(9.555E0,1.72E0,-3.85E0));
#12170=DIRECTION('',(1.E0,0.E0,0.E0));
#12171=DIRECTION('',(0.E0,0.E0,-1.E0));
#12172=AXIS2_PLACEMENT_3D('',#12169,#12170,#12171);
#12173=PLANE('',#12172);
#12175=ORIENTED_EDGE('',*,*,#12174,.T.);
#12176=ORIENTED_EDGE('',*,*,#9522,.T.);
#12177=ORIENTED_EDGE('',*,*,#9102,.T.);
#12179=ORIENTED_EDGE('',*,*,#12178,.T.);
#12180=EDGE_LOOP('',(#12175,#12176,#12177,#12179));
#12181=FACE_OUTER_BOUND('',#12180,.F.);
#12182=ADVANCED_FACE('',(#12181),#12173,.F.);
#12183=CARTESIAN_POINT('',(9.45E0,1.62E0,-3.85E0));
#12184=DIRECTION('',(0.E0,1.E0,0.E0));
#12185=DIRECTION('',(0.E0,0.E0,1.E0));
#12186=AXIS2_PLACEMENT_3D('',#12183,#12184,#12185);
#12187=PLANE('',#12186);
#12189=ORIENTED_EDGE('',*,*,#12188,.T.);
#12191=ORIENTED_EDGE('',*,*,#12190,.T.);
#12193=ORIENTED_EDGE('',*,*,#12192,.F.);
#12194=ORIENTED_EDGE('',*,*,#9524,.F.);
#12195=ORIENTED_EDGE('',*,*,#12174,.F.);
#12197=ORIENTED_EDGE('',*,*,#12196,.F.);
#12199=ORIENTED_EDGE('',*,*,#12198,.T.);
#12200=ORIENTED_EDGE('',*,*,#9532,.F.);
#12201=EDGE_LOOP('',(#12189,#12191,#12193,#12194,#12195,#12197,#12199,#12200));
#12202=FACE_OUTER_BOUND('',#12201,.F.);
#12203=ADVANCED_FACE('',(#12202),#12187,.T.);
#12204=CARTESIAN_POINT('',(9.355E0,1.06E0,-2.8E0));
#12205=DIRECTION('',(1.E0,0.E0,0.E0));
#12206=DIRECTION('',(0.E0,1.E0,0.E0));
#12207=AXIS2_PLACEMENT_3D('',#12204,#12205,#12206);
#12208=PLANE('',#12207);
#12209=ORIENTED_EDGE('',*,*,#8774,.T.);
#12211=ORIENTED_EDGE('',*,*,#12210,.T.);
#12213=ORIENTED_EDGE('',*,*,#12212,.T.);
#12215=ORIENTED_EDGE('',*,*,#12214,.T.);
#12216=EDGE_LOOP('',(#12209,#12211,#12213,#12215));
#12217=FACE_OUTER_BOUND('',#12216,.F.);
#12218=ADVANCED_FACE('',(#12217),#12208,.F.);
#12219=CARTESIAN_POINT('',(9.355E0,1.06E0,-2.8E0));
#12220=DIRECTION('',(1.E0,0.E0,0.E0));
#12221=DIRECTION('',(0.E0,1.E0,0.E0));
#12222=AXIS2_PLACEMENT_3D('',#12219,#12220,#12221);
#12223=PLANE('',#12222);
#12224=ORIENTED_EDGE('',*,*,#9530,.T.);
#12226=ORIENTED_EDGE('',*,*,#12225,.T.);
#12228=ORIENTED_EDGE('',*,*,#12227,.T.);
#12230=ORIENTED_EDGE('',*,*,#12229,.T.);
#12232=ORIENTED_EDGE('',*,*,#12231,.T.);
#12234=ORIENTED_EDGE('',*,*,#12233,.T.);
#12236=ORIENTED_EDGE('',*,*,#12235,.T.);
#12238=ORIENTED_EDGE('',*,*,#12237,.T.);
#12240=ORIENTED_EDGE('',*,*,#12239,.T.);
#12241=ORIENTED_EDGE('',*,*,#12188,.F.);
#12242=EDGE_LOOP('',(#12224,#12226,#12228,#12230,#12232,#12234,#12236,#12238,
#12240,#12241));
#12243=FACE_OUTER_BOUND('',#12242,.F.);
#12244=ADVANCED_FACE('',(#12243),#12223,.F.);
#12245=CARTESIAN_POINT('',(9.349593270859E0,1.349243459677E0,
-9.893449050845E-1));
#12246=DIRECTION('',(1.E0,0.E0,0.E0));
#12247=DIRECTION('',(0.E0,1.E0,0.E0));
#12248=AXIS2_PLACEMENT_3D('',#12245,#12246,#12247);
#12249=CYLINDRICAL_SURFACE('',#12248,3.E-1);
#12250=ORIENTED_EDGE('',*,*,#8780,.T.);
#12252=ORIENTED_EDGE('',*,*,#12251,.T.);
#12254=ORIENTED_EDGE('',*,*,#12253,.T.);
#12255=ORIENTED_EDGE('',*,*,#12210,.F.);
#12256=EDGE_LOOP('',(#12250,#12252,#12254,#12255));
#12257=FACE_OUTER_BOUND('',#12256,.F.);
#12258=ADVANCED_FACE('',(#12257),#12249,.T.);
#12259=CARTESIAN_POINT('',(9.545E0,1.06E0,-2.8E0));
#12260=DIRECTION('',(1.E0,0.E0,0.E0));
#12261=DIRECTION('',(0.E0,1.E0,0.E0));
#12262=AXIS2_PLACEMENT_3D('',#12259,#12260,#12261);
#12263=PLANE('',#12262);
#12264=ORIENTED_EDGE('',*,*,#8778,.F.);
#12266=ORIENTED_EDGE('',*,*,#12265,.F.);
#12268=ORIENTED_EDGE('',*,*,#12267,.F.);
#12269=ORIENTED_EDGE('',*,*,#12251,.F.);
#12270=EDGE_LOOP('',(#12264,#12266,#12268,#12269));
#12271=FACE_OUTER_BOUND('',#12270,.F.);
#12272=ADVANCED_FACE('',(#12271),#12263,.T.);
#12273=CARTESIAN_POINT('',(9.545E0,1.06E0,-2.8E0));
#12274=DIRECTION('',(1.E0,0.E0,0.E0));
#12275=DIRECTION('',(0.E0,1.E0,0.E0));
#12276=AXIS2_PLACEMENT_3D('',#12273,#12274,#12275);
#12277=PLANE('',#12276);
#12278=ORIENTED_EDGE('',*,*,#9526,.F.);
#12279=ORIENTED_EDGE('',*,*,#12192,.T.);
#12281=ORIENTED_EDGE('',*,*,#12280,.T.);
#12283=ORIENTED_EDGE('',*,*,#12282,.F.);
#12285=ORIENTED_EDGE('',*,*,#12284,.F.);
#12287=ORIENTED_EDGE('',*,*,#12286,.T.);
#12289=ORIENTED_EDGE('',*,*,#12288,.F.);
#12291=ORIENTED_EDGE('',*,*,#12290,.F.);
#12293=ORIENTED_EDGE('',*,*,#12292,.T.);
#12295=ORIENTED_EDGE('',*,*,#12294,.F.);
#12296=EDGE_LOOP('',(#12278,#12279,#12281,#12283,#12285,#12287,#12289,#12291,
#12293,#12295));
#12297=FACE_OUTER_BOUND('',#12296,.F.);
#12298=ADVANCED_FACE('',(#12297),#12277,.T.);
#12299=CARTESIAN_POINT('',(9.45E0,1.128400759486E0,-2.020110536160E0));
#12300=DIRECTION('',(0.E0,9.985927540074E-1,5.303311836814E-2));
#12301=DIRECTION('',(0.E0,5.303311836814E-2,-9.985927540074E-1));
#12302=AXIS2_PLACEMENT_3D('',#12299,#12300,#12301);
#12303=PLANE('',#12302);
#12304=ORIENTED_EDGE('',*,*,#8776,.T.);
#12305=ORIENTED_EDGE('',*,*,#12214,.F.);
#12307=ORIENTED_EDGE('',*,*,#12306,.F.);
#12308=ORIENTED_EDGE('',*,*,#12265,.T.);
#12309=EDGE_LOOP('',(#12304,#12305,#12307,#12308));
#12310=FACE_OUTER_BOUND('',#12309,.F.);
#12311=ADVANCED_FACE('',(#12310),#12303,.F.);
#12312=CARTESIAN_POINT('',(9.45E0,1.072671389431E0,-8.725951488022E-1));
#12313=DIRECTION('',(0.E0,9.063077870423E-1,-4.226182617286E-1));
#12314=DIRECTION('',(0.E0,-4.226182617286E-1,-9.063077870423E-1));
#12315=AXIS2_PLACEMENT_3D('',#12312,#12313,#12314);
#12316=PLANE('',#12315);
#12317=ORIENTED_EDGE('',*,*,#12306,.T.);
#12318=ORIENTED_EDGE('',*,*,#12212,.F.);
#12319=ORIENTED_EDGE('',*,*,#12253,.F.);
#12320=ORIENTED_EDGE('',*,*,#12267,.T.);
#12321=EDGE_LOOP('',(#12317,#12318,#12319,#12320));
#12322=FACE_OUTER_BOUND('',#12321,.F.);
#12323=ADVANCED_FACE('',(#12322),#12316,.F.);
#12324=CARTESIAN_POINT('',(9.45E0,1.611315326090E0,-4.09E0));
#12325=DIRECTION('',(0.E0,0.E0,1.E0));
#12326=DIRECTION('',(0.E0,-1.E0,0.E0));
#12327=AXIS2_PLACEMENT_3D('',#12324,#12325,#12326);
#12328=PLANE('',#12327);
#12329=ORIENTED_EDGE('',*,*,#12190,.F.);
#12330=ORIENTED_EDGE('',*,*,#12239,.F.);
#12332=ORIENTED_EDGE('',*,*,#12331,.F.);
#12333=ORIENTED_EDGE('',*,*,#12280,.F.);
#12334=EDGE_LOOP('',(#12329,#12330,#12332,#12333));
#12335=FACE_OUTER_BOUND('',#12334,.F.);
#12336=ADVANCED_FACE('',(#12335),#12328,.T.);
#12337=CARTESIAN_POINT('',(9.550406729141E0,1.732653242109E0,-4.19E0));
#12338=DIRECTION('',(-1.E0,0.E0,0.E0));
#12339=DIRECTION('',(0.E0,0.E0,1.E0));
#12340=AXIS2_PLACEMENT_3D('',#12337,#12338,#12339);
#12341=CYLINDRICAL_SURFACE('',#12340,1.E-1);
#12342=ORIENTED_EDGE('',*,*,#12237,.F.);
#12344=ORIENTED_EDGE('',*,*,#12343,.T.);
#12345=ORIENTED_EDGE('',*,*,#12282,.T.);
#12346=ORIENTED_EDGE('',*,*,#12331,.T.);
#12347=EDGE_LOOP('',(#12342,#12344,#12345,#12346));
#12348=FACE_OUTER_BOUND('',#12347,.F.);
#12349=ADVANCED_FACE('',(#12348),#12341,.T.);
#12350=CARTESIAN_POINT('',(9.45E0,1.851258097792E0,-4.542383202188E0));
#12351=DIRECTION('',(0.E0,9.986295347546E-1,5.233595624309E-2));
#12352=DIRECTION('',(0.E0,-5.233595624309E-2,9.986295347546E-1));
#12353=AXIS2_PLACEMENT_3D('',#12350,#12351,#12352);
#12354=PLANE('',#12353);
#12355=ORIENTED_EDGE('',*,*,#12343,.F.);
#12356=ORIENTED_EDGE('',*,*,#12235,.F.);
#12358=ORIENTED_EDGE('',*,*,#12357,.F.);
#12359=ORIENTED_EDGE('',*,*,#12284,.T.);
#12360=EDGE_LOOP('',(#12355,#12356,#12358,#12359));
#12361=FACE_OUTER_BOUND('',#12360,.F.);
#12362=ADVANCED_FACE('',(#12361),#12354,.T.);
#12363=CARTESIAN_POINT('',(9.45E0,1.77E0,-4.9E0));
#12364=DIRECTION('',(0.E0,0.E0,1.E0));
#12365=DIRECTION('',(0.E0,1.E0,0.E0));
#12366=AXIS2_PLACEMENT_3D('',#12363,#12364,#12365);
#12367=PLANE('',#12366);
#12368=ORIENTED_EDGE('',*,*,#12233,.F.);
#12370=ORIENTED_EDGE('',*,*,#12369,.F.);
#12371=ORIENTED_EDGE('',*,*,#12286,.F.);
#12372=ORIENTED_EDGE('',*,*,#12357,.T.);
#12373=EDGE_LOOP('',(#12368,#12370,#12371,#12372));
#12374=FACE_OUTER_BOUND('',#12373,.F.);
#12375=ADVANCED_FACE('',(#12374),#12367,.F.);
#12376=CARTESIAN_POINT('',(9.45E0,1.659381303582E0,-4.697383202188E0));
#12377=DIRECTION('',(0.E0,9.986295347546E-1,5.233595624285E-2));
#12378=DIRECTION('',(0.E0,5.233595624285E-2,-9.986295347546E-1));
#12379=AXIS2_PLACEMENT_3D('',#12376,#12377,#12378);
#12380=PLANE('',#12379);
#12382=ORIENTED_EDGE('',*,*,#12381,.T.);
#12383=ORIENTED_EDGE('',*,*,#12288,.T.);
#12384=ORIENTED_EDGE('',*,*,#12369,.T.);
#12385=ORIENTED_EDGE('',*,*,#12231,.F.);
#12386=EDGE_LOOP('',(#12382,#12383,#12384,#12385));
#12387=FACE_OUTER_BOUND('',#12386,.F.);
#12388=ADVANCED_FACE('',(#12387),#12380,.F.);
#12389=CARTESIAN_POINT('',(9.349593270859E0,1.548899653687E0,-4.5E0));
#12390=DIRECTION('',(1.E0,0.E0,0.E0));
#12391=DIRECTION('',(0.E0,9.986295347547E-1,5.233595624025E-2));
#12392=AXIS2_PLACEMENT_3D('',#12389,#12390,#12391);
#12393=CYLINDRICAL_SURFACE('',#12392,9.999999999953E-2);
#12394=ORIENTED_EDGE('',*,*,#12381,.F.);
#12395=ORIENTED_EDGE('',*,*,#12229,.F.);
#12397=ORIENTED_EDGE('',*,*,#12396,.F.);
#12398=ORIENTED_EDGE('',*,*,#12290,.T.);
#12399=EDGE_LOOP('',(#12394,#12395,#12397,#12398));
#12400=FACE_OUTER_BOUND('',#12399,.F.);
#12401=ADVANCED_FACE('',(#12400),#12393,.F.);
#12402=CARTESIAN_POINT('',(9.45E0,1.124449826844E0,-4.4E0));
#12403=DIRECTION('',(0.E0,0.E0,1.E0));
#12404=DIRECTION('',(0.E0,1.E0,0.E0));
#12405=AXIS2_PLACEMENT_3D('',#12402,#12403,#12404);
#12406=PLANE('',#12405);
#12408=ORIENTED_EDGE('',*,*,#12407,.F.);
#12409=ORIENTED_EDGE('',*,*,#12292,.F.);
#12410=ORIENTED_EDGE('',*,*,#12396,.T.);
#12411=ORIENTED_EDGE('',*,*,#12227,.F.);
#12412=EDGE_LOOP('',(#12408,#12409,#12410,#12411));
#12413=FACE_OUTER_BOUND('',#12412,.F.);
#12414=ADVANCED_FACE('',(#12413),#12406,.F.);
#12415=CARTESIAN_POINT('',(9.45E0,4.75E-1,-4.3E0));
#12416=DIRECTION('',(0.E0,4.061384660534E-1,9.138115486203E-1));
#12417=DIRECTION('',(0.E0,-9.138115486203E-1,4.061384660534E-1));
#12418=AXIS2_PLACEMENT_3D('',#12415,#12416,#12417);
#12419=PLANE('',#12418);
#12420=ORIENTED_EDGE('',*,*,#9528,.F.);
#12421=ORIENTED_EDGE('',*,*,#12294,.T.);
#12422=ORIENTED_EDGE('',*,*,#12407,.T.);
#12423=ORIENTED_EDGE('',*,*,#12225,.F.);
#12424=EDGE_LOOP('',(#12420,#12421,#12422,#12423));
#12425=FACE_OUTER_BOUND('',#12424,.F.);
#12426=ADVANCED_FACE('',(#12425),#12419,.F.);
#12427=CARTESIAN_POINT('',(9.45E0,1.72E0,-3.5E0));
#12428=DIRECTION('',(0.E0,0.E0,1.E0));
#12429=DIRECTION('',(0.E0,-1.E0,0.E0));
#12430=AXIS2_PLACEMENT_3D('',#12427,#12428,#12429);
#12431=PLANE('',#12430);
#12433=ORIENTED_EDGE('',*,*,#12432,.T.);
#12434=ORIENTED_EDGE('',*,*,#12196,.T.);
#12435=ORIENTED_EDGE('',*,*,#12178,.F.);
#12436=ORIENTED_EDGE('',*,*,#9100,.T.);
#12437=EDGE_LOOP('',(#12433,#12434,#12435,#12436));
#12438=FACE_OUTER_BOUND('',#12437,.F.);
#12439=ADVANCED_FACE('',(#12438),#12431,.F.);
#12440=CARTESIAN_POINT('',(9.345E0,1.72E0,-3.85E0));
#12441=DIRECTION('',(1.E0,0.E0,0.E0));
#12442=DIRECTION('',(0.E0,0.E0,-1.E0));
#12443=AXIS2_PLACEMENT_3D('',#12440,#12441,#12442);
#12444=PLANE('',#12443);
#12445=ORIENTED_EDGE('',*,*,#12198,.F.);
#12446=ORIENTED_EDGE('',*,*,#12432,.F.);
#12447=ORIENTED_EDGE('',*,*,#9098,.F.);
#12448=ORIENTED_EDGE('',*,*,#9534,.F.);
#12449=EDGE_LOOP('',(#12445,#12446,#12447,#12448));
#12450=FACE_OUTER_BOUND('',#12449,.F.);
#12451=ADVANCED_FACE('',(#12450),#12444,.T.);
#12452=CARTESIAN_POINT('',(9.055E0,1.72E0,-3.85E0));
#12453=DIRECTION('',(1.E0,0.E0,0.E0));
#12454=DIRECTION('',(0.E0,0.E0,-1.E0));
#12455=AXIS2_PLACEMENT_3D('',#12452,#12453,#12454);
#12456=PLANE('',#12455);
#12458=ORIENTED_EDGE('',*,*,#12457,.T.);
#12459=ORIENTED_EDGE('',*,*,#9537,.T.);
#12460=ORIENTED_EDGE('',*,*,#9094,.T.);
#12462=ORIENTED_EDGE('',*,*,#12461,.T.);
#12463=EDGE_LOOP('',(#12458,#12459,#12460,#12462));
#12464=FACE_OUTER_BOUND('',#12463,.F.);
#12465=ADVANCED_FACE('',(#12464),#12456,.F.);
#12466=CARTESIAN_POINT('',(8.95E0,1.62E0,-3.85E0));
#12467=DIRECTION('',(0.E0,1.E0,0.E0));
#12468=DIRECTION('',(0.E0,0.E0,1.E0));
#12469=AXIS2_PLACEMENT_3D('',#12466,#12467,#12468);
#12470=PLANE('',#12469);
#12472=ORIENTED_EDGE('',*,*,#12471,.T.);
#12474=ORIENTED_EDGE('',*,*,#12473,.T.);
#12476=ORIENTED_EDGE('',*,*,#12475,.F.);
#12477=ORIENTED_EDGE('',*,*,#9539,.F.);
#12478=ORIENTED_EDGE('',*,*,#12457,.F.);
#12480=ORIENTED_EDGE('',*,*,#12479,.F.);
#12482=ORIENTED_EDGE('',*,*,#12481,.T.);
#12483=ORIENTED_EDGE('',*,*,#9547,.F.);
#12484=EDGE_LOOP('',(#12472,#12474,#12476,#12477,#12478,#12480,#12482,#12483));
#12485=FACE_OUTER_BOUND('',#12484,.F.);
#12486=ADVANCED_FACE('',(#12485),#12470,.T.);
#12487=CARTESIAN_POINT('',(8.855E0,1.06E0,-2.8E0));
#12488=DIRECTION('',(1.E0,0.E0,0.E0));
#12489=DIRECTION('',(0.E0,1.E0,0.E0));
#12490=AXIS2_PLACEMENT_3D('',#12487,#12488,#12489);
#12491=PLANE('',#12490);
#12492=ORIENTED_EDGE('',*,*,#8784,.T.);
#12494=ORIENTED_EDGE('',*,*,#12493,.T.);
#12496=ORIENTED_EDGE('',*,*,#12495,.T.);
#12498=ORIENTED_EDGE('',*,*,#12497,.T.);
#12499=EDGE_LOOP('',(#12492,#12494,#12496,#12498));
#12500=FACE_OUTER_BOUND('',#12499,.F.);
#12501=ADVANCED_FACE('',(#12500),#12491,.F.);
#12502=CARTESIAN_POINT('',(8.855E0,1.06E0,-2.8E0));
#12503=DIRECTION('',(1.E0,0.E0,0.E0));
#12504=DIRECTION('',(0.E0,1.E0,0.E0));
#12505=AXIS2_PLACEMENT_3D('',#12502,#12503,#12504);
#12506=PLANE('',#12505);
#12507=ORIENTED_EDGE('',*,*,#9545,.T.);
#12509=ORIENTED_EDGE('',*,*,#12508,.T.);
#12511=ORIENTED_EDGE('',*,*,#12510,.T.);
#12513=ORIENTED_EDGE('',*,*,#12512,.T.);
#12515=ORIENTED_EDGE('',*,*,#12514,.T.);
#12517=ORIENTED_EDGE('',*,*,#12516,.T.);
#12519=ORIENTED_EDGE('',*,*,#12518,.T.);
#12521=ORIENTED_EDGE('',*,*,#12520,.T.);
#12523=ORIENTED_EDGE('',*,*,#12522,.T.);
#12524=ORIENTED_EDGE('',*,*,#12471,.F.);
#12525=EDGE_LOOP('',(#12507,#12509,#12511,#12513,#12515,#12517,#12519,#12521,
#12523,#12524));
#12526=FACE_OUTER_BOUND('',#12525,.F.);
#12527=ADVANCED_FACE('',(#12526),#12506,.F.);
#12528=CARTESIAN_POINT('',(8.849593270859E0,1.349243459677E0,
-9.893449050845E-1));
#12529=DIRECTION('',(1.E0,0.E0,0.E0));
#12530=DIRECTION('',(0.E0,1.E0,0.E0));
#12531=AXIS2_PLACEMENT_3D('',#12528,#12529,#12530);
#12532=CYLINDRICAL_SURFACE('',#12531,3.E-1);
#12533=ORIENTED_EDGE('',*,*,#8790,.T.);
#12535=ORIENTED_EDGE('',*,*,#12534,.T.);
#12537=ORIENTED_EDGE('',*,*,#12536,.T.);
#12538=ORIENTED_EDGE('',*,*,#12493,.F.);
#12539=EDGE_LOOP('',(#12533,#12535,#12537,#12538));
#12540=FACE_OUTER_BOUND('',#12539,.F.);
#12541=ADVANCED_FACE('',(#12540),#12532,.T.);
#12542=CARTESIAN_POINT('',(9.045E0,1.06E0,-2.8E0));
#12543=DIRECTION('',(1.E0,0.E0,0.E0));
#12544=DIRECTION('',(0.E0,1.E0,0.E0));
#12545=AXIS2_PLACEMENT_3D('',#12542,#12543,#12544);
#12546=PLANE('',#12545);
#12547=ORIENTED_EDGE('',*,*,#8788,.F.);
#12549=ORIENTED_EDGE('',*,*,#12548,.F.);
#12551=ORIENTED_EDGE('',*,*,#12550,.F.);
#12552=ORIENTED_EDGE('',*,*,#12534,.F.);
#12553=EDGE_LOOP('',(#12547,#12549,#12551,#12552));
#12554=FACE_OUTER_BOUND('',#12553,.F.);
#12555=ADVANCED_FACE('',(#12554),#12546,.T.);
#12556=CARTESIAN_POINT('',(9.045E0,1.06E0,-2.8E0));
#12557=DIRECTION('',(1.E0,0.E0,0.E0));
#12558=DIRECTION('',(0.E0,1.E0,0.E0));
#12559=AXIS2_PLACEMENT_3D('',#12556,#12557,#12558);
#12560=PLANE('',#12559);
#12561=ORIENTED_EDGE('',*,*,#9541,.F.);
#12562=ORIENTED_EDGE('',*,*,#12475,.T.);
#12564=ORIENTED_EDGE('',*,*,#12563,.T.);
#12566=ORIENTED_EDGE('',*,*,#12565,.F.);
#12568=ORIENTED_EDGE('',*,*,#12567,.F.);
#12570=ORIENTED_EDGE('',*,*,#12569,.T.);
#12572=ORIENTED_EDGE('',*,*,#12571,.F.);
#12574=ORIENTED_EDGE('',*,*,#12573,.F.);
#12576=ORIENTED_EDGE('',*,*,#12575,.T.);
#12578=ORIENTED_EDGE('',*,*,#12577,.F.);
#12579=EDGE_LOOP('',(#12561,#12562,#12564,#12566,#12568,#12570,#12572,#12574,
#12576,#12578));
#12580=FACE_OUTER_BOUND('',#12579,.F.);
#12581=ADVANCED_FACE('',(#12580),#12560,.T.);
#12582=CARTESIAN_POINT('',(8.95E0,1.128400759486E0,-2.020110536160E0));
#12583=DIRECTION('',(0.E0,9.985927540074E-1,5.303311836814E-2));
#12584=DIRECTION('',(0.E0,5.303311836814E-2,-9.985927540074E-1));
#12585=AXIS2_PLACEMENT_3D('',#12582,#12583,#12584);
#12586=PLANE('',#12585);
#12587=ORIENTED_EDGE('',*,*,#8786,.T.);
#12588=ORIENTED_EDGE('',*,*,#12497,.F.);
#12590=ORIENTED_EDGE('',*,*,#12589,.F.);
#12591=ORIENTED_EDGE('',*,*,#12548,.T.);
#12592=EDGE_LOOP('',(#12587,#12588,#12590,#12591));
#12593=FACE_OUTER_BOUND('',#12592,.F.);
#12594=ADVANCED_FACE('',(#12593),#12586,.F.);
#12595=CARTESIAN_POINT('',(8.95E0,1.072671389431E0,-8.725951488022E-1));
#12596=DIRECTION('',(0.E0,9.063077870423E-1,-4.226182617286E-1));
#12597=DIRECTION('',(0.E0,-4.226182617286E-1,-9.063077870423E-1));
#12598=AXIS2_PLACEMENT_3D('',#12595,#12596,#12597);
#12599=PLANE('',#12598);
#12600=ORIENTED_EDGE('',*,*,#12589,.T.);
#12601=ORIENTED_EDGE('',*,*,#12495,.F.);
#12602=ORIENTED_EDGE('',*,*,#12536,.F.);
#12603=ORIENTED_EDGE('',*,*,#12550,.T.);
#12604=EDGE_LOOP('',(#12600,#12601,#12602,#12603));
#12605=FACE_OUTER_BOUND('',#12604,.F.);
#12606=ADVANCED_FACE('',(#12605),#12599,.F.);
#12607=CARTESIAN_POINT('',(8.95E0,1.611315326090E0,-4.09E0));
#12608=DIRECTION('',(0.E0,0.E0,1.E0));
#12609=DIRECTION('',(0.E0,-1.E0,0.E0));
#12610=AXIS2_PLACEMENT_3D('',#12607,#12608,#12609);
#12611=PLANE('',#12610);
#12612=ORIENTED_EDGE('',*,*,#12473,.F.);
#12613=ORIENTED_EDGE('',*,*,#12522,.F.);
#12615=ORIENTED_EDGE('',*,*,#12614,.F.);
#12616=ORIENTED_EDGE('',*,*,#12563,.F.);
#12617=EDGE_LOOP('',(#12612,#12613,#12615,#12616));
#12618=FACE_OUTER_BOUND('',#12617,.F.);
#12619=ADVANCED_FACE('',(#12618),#12611,.T.);
#12620=CARTESIAN_POINT('',(9.050406729141E0,1.732653242109E0,-4.19E0));
#12621=DIRECTION('',(-1.E0,0.E0,0.E0));
#12622=DIRECTION('',(0.E0,0.E0,1.E0));
#12623=AXIS2_PLACEMENT_3D('',#12620,#12621,#12622);
#12624=CYLINDRICAL_SURFACE('',#12623,1.E-1);
#12625=ORIENTED_EDGE('',*,*,#12520,.F.);
#12627=ORIENTED_EDGE('',*,*,#12626,.T.);
#12628=ORIENTED_EDGE('',*,*,#12565,.T.);
#12629=ORIENTED_EDGE('',*,*,#12614,.T.);
#12630=EDGE_LOOP('',(#12625,#12627,#12628,#12629));
#12631=FACE_OUTER_BOUND('',#12630,.F.);
#12632=ADVANCED_FACE('',(#12631),#12624,.T.);
#12633=CARTESIAN_POINT('',(8.95E0,1.851258097792E0,-4.542383202188E0));
#12634=DIRECTION('',(0.E0,9.986295347546E-1,5.233595624309E-2));
#12635=DIRECTION('',(0.E0,-5.233595624309E-2,9.986295347546E-1));
#12636=AXIS2_PLACEMENT_3D('',#12633,#12634,#12635);
#12637=PLANE('',#12636);
#12638=ORIENTED_EDGE('',*,*,#12626,.F.);
#12639=ORIENTED_EDGE('',*,*,#12518,.F.);
#12641=ORIENTED_EDGE('',*,*,#12640,.F.);
#12642=ORIENTED_EDGE('',*,*,#12567,.T.);
#12643=EDGE_LOOP('',(#12638,#12639,#12641,#12642));
#12644=FACE_OUTER_BOUND('',#12643,.F.);
#12645=ADVANCED_FACE('',(#12644),#12637,.T.);
#12646=CARTESIAN_POINT('',(8.95E0,1.77E0,-4.9E0));
#12647=DIRECTION('',(0.E0,0.E0,1.E0));
#12648=DIRECTION('',(0.E0,1.E0,0.E0));
#12649=AXIS2_PLACEMENT_3D('',#12646,#12647,#12648);
#12650=PLANE('',#12649);
#12651=ORIENTED_EDGE('',*,*,#12516,.F.);
#12653=ORIENTED_EDGE('',*,*,#12652,.F.);
#12654=ORIENTED_EDGE('',*,*,#12569,.F.);
#12655=ORIENTED_EDGE('',*,*,#12640,.T.);
#12656=EDGE_LOOP('',(#12651,#12653,#12654,#12655));
#12657=FACE_OUTER_BOUND('',#12656,.F.);
#12658=ADVANCED_FACE('',(#12657),#12650,.F.);
#12659=CARTESIAN_POINT('',(8.95E0,1.659381303582E0,-4.697383202188E0));
#12660=DIRECTION('',(0.E0,9.986295347546E-1,5.233595624285E-2));
#12661=DIRECTION('',(0.E0,5.233595624285E-2,-9.986295347546E-1));
#12662=AXIS2_PLACEMENT_3D('',#12659,#12660,#12661);
#12663=PLANE('',#12662);
#12665=ORIENTED_EDGE('',*,*,#12664,.T.);
#12666=ORIENTED_EDGE('',*,*,#12571,.T.);
#12667=ORIENTED_EDGE('',*,*,#12652,.T.);
#12668=ORIENTED_EDGE('',*,*,#12514,.F.);
#12669=EDGE_LOOP('',(#12665,#12666,#12667,#12668));
#12670=FACE_OUTER_BOUND('',#12669,.F.);
#12671=ADVANCED_FACE('',(#12670),#12663,.F.);
#12672=CARTESIAN_POINT('',(8.849593270859E0,1.548899653687E0,-4.5E0));
#12673=DIRECTION('',(1.E0,0.E0,0.E0));
#12674=DIRECTION('',(0.E0,9.986295347547E-1,5.233595624025E-2));
#12675=AXIS2_PLACEMENT_3D('',#12672,#12673,#12674);
#12676=CYLINDRICAL_SURFACE('',#12675,9.999999999953E-2);
#12677=ORIENTED_EDGE('',*,*,#12664,.F.);
#12678=ORIENTED_EDGE('',*,*,#12512,.F.);
#12680=ORIENTED_EDGE('',*,*,#12679,.F.);
#12681=ORIENTED_EDGE('',*,*,#12573,.T.);
#12682=EDGE_LOOP('',(#12677,#12678,#12680,#12681));
#12683=FACE_OUTER_BOUND('',#12682,.F.);
#12684=ADVANCED_FACE('',(#12683),#12676,.F.);
#12685=CARTESIAN_POINT('',(8.95E0,1.124449826844E0,-4.4E0));
#12686=DIRECTION('',(0.E0,0.E0,1.E0));
#12687=DIRECTION('',(0.E0,1.E0,0.E0));
#12688=AXIS2_PLACEMENT_3D('',#12685,#12686,#12687);
#12689=PLANE('',#12688);
#12691=ORIENTED_EDGE('',*,*,#12690,.F.);
#12692=ORIENTED_EDGE('',*,*,#12575,.F.);
#12693=ORIENTED_EDGE('',*,*,#12679,.T.);
#12694=ORIENTED_EDGE('',*,*,#12510,.F.);
#12695=EDGE_LOOP('',(#12691,#12692,#12693,#12694));
#12696=FACE_OUTER_BOUND('',#12695,.F.);
#12697=ADVANCED_FACE('',(#12696),#12689,.F.);
#12698=CARTESIAN_POINT('',(8.95E0,4.75E-1,-4.3E0));
#12699=DIRECTION('',(0.E0,4.061384660534E-1,9.138115486203E-1));
#12700=DIRECTION('',(0.E0,-9.138115486203E-1,4.061384660534E-1));
#12701=AXIS2_PLACEMENT_3D('',#12698,#12699,#12700);
#12702=PLANE('',#12701);
#12703=ORIENTED_EDGE('',*,*,#9543,.F.);
#12704=ORIENTED_EDGE('',*,*,#12577,.T.);
#12705=ORIENTED_EDGE('',*,*,#12690,.T.);
#12706=ORIENTED_EDGE('',*,*,#12508,.F.);
#12707=EDGE_LOOP('',(#12703,#12704,#12705,#12706));
#12708=FACE_OUTER_BOUND('',#12707,.F.);
#12709=ADVANCED_FACE('',(#12708),#12702,.F.);
#12710=CARTESIAN_POINT('',(8.95E0,1.72E0,-3.5E0));
#12711=DIRECTION('',(0.E0,0.E0,1.E0));
#12712=DIRECTION('',(0.E0,-1.E0,0.E0));
#12713=AXIS2_PLACEMENT_3D('',#12710,#12711,#12712);
#12714=PLANE('',#12713);
#12716=ORIENTED_EDGE('',*,*,#12715,.T.);
#12717=ORIENTED_EDGE('',*,*,#12479,.T.);
#12718=ORIENTED_EDGE('',*,*,#12461,.F.);
#12719=ORIENTED_EDGE('',*,*,#9092,.T.);
#12720=EDGE_LOOP('',(#12716,#12717,#12718,#12719));
#12721=FACE_OUTER_BOUND('',#12720,.F.);
#12722=ADVANCED_FACE('',(#12721),#12714,.F.);
#12723=CARTESIAN_POINT('',(8.845E0,1.72E0,-3.85E0));
#12724=DIRECTION('',(1.E0,0.E0,0.E0));
#12725=DIRECTION('',(0.E0,0.E0,-1.E0));
#12726=AXIS2_PLACEMENT_3D('',#12723,#12724,#12725);
#12727=PLANE('',#12726);
#12728=ORIENTED_EDGE('',*,*,#12481,.F.);
#12729=ORIENTED_EDGE('',*,*,#12715,.F.);
#12730=ORIENTED_EDGE('',*,*,#9090,.F.);
#12731=ORIENTED_EDGE('',*,*,#9549,.F.);
#12732=EDGE_LOOP('',(#12728,#12729,#12730,#12731));
#12733=FACE_OUTER_BOUND('',#12732,.F.);
#12734=ADVANCED_FACE('',(#12733),#12727,.T.);
#12735=CARTESIAN_POINT('',(8.555E0,1.72E0,-3.85E0));
#12736=DIRECTION('',(1.E0,0.E0,0.E0));
#12737=DIRECTION('',(0.E0,0.E0,-1.E0));
#12738=AXIS2_PLACEMENT_3D('',#12735,#12736,#12737);
#12739=PLANE('',#12738);
#12741=ORIENTED_EDGE('',*,*,#12740,.T.);
#12742=ORIENTED_EDGE('',*,*,#9552,.T.);
#12743=ORIENTED_EDGE('',*,*,#9086,.T.);
#12745=ORIENTED_EDGE('',*,*,#12744,.T.);
#12746=EDGE_LOOP('',(#12741,#12742,#12743,#12745));
#12747=FACE_OUTER_BOUND('',#12746,.F.);
#12748=ADVANCED_FACE('',(#12747),#12739,.F.);
#12749=CARTESIAN_POINT('',(8.45E0,1.62E0,-3.85E0));
#12750=DIRECTION('',(0.E0,1.E0,0.E0));
#12751=DIRECTION('',(0.E0,0.E0,1.E0));
#12752=AXIS2_PLACEMENT_3D('',#12749,#12750,#12751);
#12753=PLANE('',#12752);
#12755=ORIENTED_EDGE('',*,*,#12754,.T.);
#12757=ORIENTED_EDGE('',*,*,#12756,.T.);
#12759=ORIENTED_EDGE('',*,*,#12758,.F.);
#12760=ORIENTED_EDGE('',*,*,#9554,.F.);
#12761=ORIENTED_EDGE('',*,*,#12740,.F.);
#12763=ORIENTED_EDGE('',*,*,#12762,.F.);
#12765=ORIENTED_EDGE('',*,*,#12764,.T.);
#12766=ORIENTED_EDGE('',*,*,#9562,.F.);
#12767=EDGE_LOOP('',(#12755,#12757,#12759,#12760,#12761,#12763,#12765,#12766));
#12768=FACE_OUTER_BOUND('',#12767,.F.);
#12769=ADVANCED_FACE('',(#12768),#12753,.T.);
#12770=CARTESIAN_POINT('',(8.355E0,1.06E0,-2.8E0));
#12771=DIRECTION('',(1.E0,0.E0,0.E0));
#12772=DIRECTION('',(0.E0,1.E0,0.E0));
#12773=AXIS2_PLACEMENT_3D('',#12770,#12771,#12772);
#12774=PLANE('',#12773);
#12775=ORIENTED_EDGE('',*,*,#8794,.T.);
#12777=ORIENTED_EDGE('',*,*,#12776,.T.);
#12779=ORIENTED_EDGE('',*,*,#12778,.T.);
#12781=ORIENTED_EDGE('',*,*,#12780,.T.);
#12782=EDGE_LOOP('',(#12775,#12777,#12779,#12781));
#12783=FACE_OUTER_BOUND('',#12782,.F.);
#12784=ADVANCED_FACE('',(#12783),#12774,.F.);
#12785=CARTESIAN_POINT('',(8.355E0,1.06E0,-2.8E0));
#12786=DIRECTION('',(1.E0,0.E0,0.E0));
#12787=DIRECTION('',(0.E0,1.E0,0.E0));
#12788=AXIS2_PLACEMENT_3D('',#12785,#12786,#12787);
#12789=PLANE('',#12788);
#12790=ORIENTED_EDGE('',*,*,#9560,.T.);
#12792=ORIENTED_EDGE('',*,*,#12791,.T.);
#12794=ORIENTED_EDGE('',*,*,#12793,.T.);
#12796=ORIENTED_EDGE('',*,*,#12795,.T.);
#12798=ORIENTED_EDGE('',*,*,#12797,.T.);
#12800=ORIENTED_EDGE('',*,*,#12799,.T.);
#12802=ORIENTED_EDGE('',*,*,#12801,.T.);
#12804=ORIENTED_EDGE('',*,*,#12803,.T.);
#12806=ORIENTED_EDGE('',*,*,#12805,.T.);
#12807=ORIENTED_EDGE('',*,*,#12754,.F.);
#12808=EDGE_LOOP('',(#12790,#12792,#12794,#12796,#12798,#12800,#12802,#12804,
#12806,#12807));
#12809=FACE_OUTER_BOUND('',#12808,.F.);
#12810=ADVANCED_FACE('',(#12809),#12789,.F.);
#12811=CARTESIAN_POINT('',(8.349593270859E0,1.349243459677E0,
-9.893449050845E-1));
#12812=DIRECTION('',(1.E0,0.E0,0.E0));
#12813=DIRECTION('',(0.E0,1.E0,0.E0));
#12814=AXIS2_PLACEMENT_3D('',#12811,#12812,#12813);
#12815=CYLINDRICAL_SURFACE('',#12814,3.E-1);
#12816=ORIENTED_EDGE('',*,*,#8800,.T.);
#12818=ORIENTED_EDGE('',*,*,#12817,.T.);
#12820=ORIENTED_EDGE('',*,*,#12819,.T.);
#12821=ORIENTED_EDGE('',*,*,#12776,.F.);
#12822=EDGE_LOOP('',(#12816,#12818,#12820,#12821));
#12823=FACE_OUTER_BOUND('',#12822,.F.);
#12824=ADVANCED_FACE('',(#12823),#12815,.T.);
#12825=CARTESIAN_POINT('',(8.545E0,1.06E0,-2.8E0));
#12826=DIRECTION('',(1.E0,0.E0,0.E0));
#12827=DIRECTION('',(0.E0,1.E0,0.E0));
#12828=AXIS2_PLACEMENT_3D('',#12825,#12826,#12827);
#12829=PLANE('',#12828);
#12830=ORIENTED_EDGE('',*,*,#8798,.F.);
#12832=ORIENTED_EDGE('',*,*,#12831,.F.);
#12834=ORIENTED_EDGE('',*,*,#12833,.F.);
#12835=ORIENTED_EDGE('',*,*,#12817,.F.);
#12836=EDGE_LOOP('',(#12830,#12832,#12834,#12835));
#12837=FACE_OUTER_BOUND('',#12836,.F.);
#12838=ADVANCED_FACE('',(#12837),#12829,.T.);
#12839=CARTESIAN_POINT('',(8.545E0,1.06E0,-2.8E0));
#12840=DIRECTION('',(1.E0,0.E0,0.E0));
#12841=DIRECTION('',(0.E0,1.E0,0.E0));
#12842=AXIS2_PLACEMENT_3D('',#12839,#12840,#12841);
#12843=PLANE('',#12842);
#12844=ORIENTED_EDGE('',*,*,#9556,.F.);
#12845=ORIENTED_EDGE('',*,*,#12758,.T.);
#12847=ORIENTED_EDGE('',*,*,#12846,.T.);
#12849=ORIENTED_EDGE('',*,*,#12848,.F.);
#12851=ORIENTED_EDGE('',*,*,#12850,.F.);
#12853=ORIENTED_EDGE('',*,*,#12852,.T.);
#12855=ORIENTED_EDGE('',*,*,#12854,.F.);
#12857=ORIENTED_EDGE('',*,*,#12856,.F.);
#12859=ORIENTED_EDGE('',*,*,#12858,.T.);
#12861=ORIENTED_EDGE('',*,*,#12860,.F.);
#12862=EDGE_LOOP('',(#12844,#12845,#12847,#12849,#12851,#12853,#12855,#12857,
#12859,#12861));
#12863=FACE_OUTER_BOUND('',#12862,.F.);
#12864=ADVANCED_FACE('',(#12863),#12843,.T.);
#12865=CARTESIAN_POINT('',(8.45E0,1.128400759486E0,-2.020110536160E0));
#12866=DIRECTION('',(0.E0,9.985927540074E-1,5.303311836814E-2));
#12867=DIRECTION('',(0.E0,5.303311836814E-2,-9.985927540074E-1));
#12868=AXIS2_PLACEMENT_3D('',#12865,#12866,#12867);
#12869=PLANE('',#12868);
#12870=ORIENTED_EDGE('',*,*,#8796,.T.);
#12871=ORIENTED_EDGE('',*,*,#12780,.F.);
#12873=ORIENTED_EDGE('',*,*,#12872,.F.);
#12874=ORIENTED_EDGE('',*,*,#12831,.T.);
#12875=EDGE_LOOP('',(#12870,#12871,#12873,#12874));
#12876=FACE_OUTER_BOUND('',#12875,.F.);
#12877=ADVANCED_FACE('',(#12876),#12869,.F.);
#12878=CARTESIAN_POINT('',(8.45E0,1.072671389431E0,-8.725951488022E-1));
#12879=DIRECTION('',(0.E0,9.063077870423E-1,-4.226182617286E-1));
#12880=DIRECTION('',(0.E0,-4.226182617286E-1,-9.063077870423E-1));
#12881=AXIS2_PLACEMENT_3D('',#12878,#12879,#12880);
#12882=PLANE('',#12881);
#12883=ORIENTED_EDGE('',*,*,#12872,.T.);
#12884=ORIENTED_EDGE('',*,*,#12778,.F.);
#12885=ORIENTED_EDGE('',*,*,#12819,.F.);
#12886=ORIENTED_EDGE('',*,*,#12833,.T.);
#12887=EDGE_LOOP('',(#12883,#12884,#12885,#12886));
#12888=FACE_OUTER_BOUND('',#12887,.F.);
#12889=ADVANCED_FACE('',(#12888),#12882,.F.);
#12890=CARTESIAN_POINT('',(8.45E0,1.611315326090E0,-4.09E0));
#12891=DIRECTION('',(0.E0,0.E0,1.E0));
#12892=DIRECTION('',(0.E0,-1.E0,0.E0));
#12893=AXIS2_PLACEMENT_3D('',#12890,#12891,#12892);
#12894=PLANE('',#12893);
#12895=ORIENTED_EDGE('',*,*,#12756,.F.);
#12896=ORIENTED_EDGE('',*,*,#12805,.F.);
#12898=ORIENTED_EDGE('',*,*,#12897,.F.);
#12899=ORIENTED_EDGE('',*,*,#12846,.F.);
#12900=EDGE_LOOP('',(#12895,#12896,#12898,#12899));
#12901=FACE_OUTER_BOUND('',#12900,.F.);
#12902=ADVANCED_FACE('',(#12901),#12894,.T.);
#12903=CARTESIAN_POINT('',(8.550406729141E0,1.732653242109E0,-4.19E0));
#12904=DIRECTION('',(-1.E0,0.E0,0.E0));
#12905=DIRECTION('',(0.E0,0.E0,1.E0));
#12906=AXIS2_PLACEMENT_3D('',#12903,#12904,#12905);
#12907=CYLINDRICAL_SURFACE('',#12906,1.E-1);
#12908=ORIENTED_EDGE('',*,*,#12803,.F.);
#12910=ORIENTED_EDGE('',*,*,#12909,.T.);
#12911=ORIENTED_EDGE('',*,*,#12848,.T.);
#12912=ORIENTED_EDGE('',*,*,#12897,.T.);
#12913=EDGE_LOOP('',(#12908,#12910,#12911,#12912));
#12914=FACE_OUTER_BOUND('',#12913,.F.);
#12915=ADVANCED_FACE('',(#12914),#12907,.T.);
#12916=CARTESIAN_POINT('',(8.45E0,1.851258097792E0,-4.542383202188E0));
#12917=DIRECTION('',(0.E0,9.986295347546E-1,5.233595624309E-2));
#12918=DIRECTION('',(0.E0,-5.233595624309E-2,9.986295347546E-1));
#12919=AXIS2_PLACEMENT_3D('',#12916,#12917,#12918);
#12920=PLANE('',#12919);
#12921=ORIENTED_EDGE('',*,*,#12909,.F.);
#12922=ORIENTED_EDGE('',*,*,#12801,.F.);
#12924=ORIENTED_EDGE('',*,*,#12923,.F.);
#12925=ORIENTED_EDGE('',*,*,#12850,.T.);
#12926=EDGE_LOOP('',(#12921,#12922,#12924,#12925));
#12927=FACE_OUTER_BOUND('',#12926,.F.);
#12928=ADVANCED_FACE('',(#12927),#12920,.T.);
#12929=CARTESIAN_POINT('',(8.45E0,1.77E0,-4.9E0));
#12930=DIRECTION('',(0.E0,0.E0,1.E0));
#12931=DIRECTION('',(0.E0,1.E0,0.E0));
#12932=AXIS2_PLACEMENT_3D('',#12929,#12930,#12931);
#12933=PLANE('',#12932);
#12934=ORIENTED_EDGE('',*,*,#12799,.F.);
#12936=ORIENTED_EDGE('',*,*,#12935,.F.);
#12937=ORIENTED_EDGE('',*,*,#12852,.F.);
#12938=ORIENTED_EDGE('',*,*,#12923,.T.);
#12939=EDGE_LOOP('',(#12934,#12936,#12937,#12938));
#12940=FACE_OUTER_BOUND('',#12939,.F.);
#12941=ADVANCED_FACE('',(#12940),#12933,.F.);
#12942=CARTESIAN_POINT('',(8.45E0,1.659381303582E0,-4.697383202188E0));
#12943=DIRECTION('',(0.E0,9.986295347546E-1,5.233595624285E-2));
#12944=DIRECTION('',(0.E0,5.233595624285E-2,-9.986295347546E-1));
#12945=AXIS2_PLACEMENT_3D('',#12942,#12943,#12944);
#12946=PLANE('',#12945);
#12948=ORIENTED_EDGE('',*,*,#12947,.T.);
#12949=ORIENTED_EDGE('',*,*,#12854,.T.);
#12950=ORIENTED_EDGE('',*,*,#12935,.T.);
#12951=ORIENTED_EDGE('',*,*,#12797,.F.);
#12952=EDGE_LOOP('',(#12948,#12949,#12950,#12951));
#12953=FACE_OUTER_BOUND('',#12952,.F.);
#12954=ADVANCED_FACE('',(#12953),#12946,.F.);
#12955=CARTESIAN_POINT('',(8.349593270859E0,1.548899653687E0,-4.5E0));
#12956=DIRECTION('',(1.E0,0.E0,0.E0));
#12957=DIRECTION('',(0.E0,9.986295347547E-1,5.233595624025E-2));
#12958=AXIS2_PLACEMENT_3D('',#12955,#12956,#12957);
#12959=CYLINDRICAL_SURFACE('',#12958,9.999999999953E-2);
#12960=ORIENTED_EDGE('',*,*,#12947,.F.);
#12961=ORIENTED_EDGE('',*,*,#12795,.F.);
#12963=ORIENTED_EDGE('',*,*,#12962,.F.);
#12964=ORIENTED_EDGE('',*,*,#12856,.T.);
#12965=EDGE_LOOP('',(#12960,#12961,#12963,#12964));
#12966=FACE_OUTER_BOUND('',#12965,.F.);
#12967=ADVANCED_FACE('',(#12966),#12959,.F.);
#12968=CARTESIAN_POINT('',(8.45E0,1.124449826844E0,-4.4E0));
#12969=DIRECTION('',(0.E0,0.E0,1.E0));
#12970=DIRECTION('',(0.E0,1.E0,0.E0));
#12971=AXIS2_PLACEMENT_3D('',#12968,#12969,#12970);
#12972=PLANE('',#12971);
#12974=ORIENTED_EDGE('',*,*,#12973,.F.);
#12975=ORIENTED_EDGE('',*,*,#12858,.F.);
#12976=ORIENTED_EDGE('',*,*,#12962,.T.);
#12977=ORIENTED_EDGE('',*,*,#12793,.F.);
#12978=EDGE_LOOP('',(#12974,#12975,#12976,#12977));
#12979=FACE_OUTER_BOUND('',#12978,.F.);
#12980=ADVANCED_FACE('',(#12979),#12972,.F.);
#12981=CARTESIAN_POINT('',(8.45E0,4.75E-1,-4.3E0));
#12982=DIRECTION('',(0.E0,4.061384660534E-1,9.138115486203E-1));
#12983=DIRECTION('',(0.E0,-9.138115486203E-1,4.061384660534E-1));
#12984=AXIS2_PLACEMENT_3D('',#12981,#12982,#12983);
#12985=PLANE('',#12984);
#12986=ORIENTED_EDGE('',*,*,#9558,.F.);
#12987=ORIENTED_EDGE('',*,*,#12860,.T.);
#12988=ORIENTED_EDGE('',*,*,#12973,.T.);
#12989=ORIENTED_EDGE('',*,*,#12791,.F.);
#12990=EDGE_LOOP('',(#12986,#12987,#12988,#12989));
#12991=FACE_OUTER_BOUND('',#12990,.F.);
#12992=ADVANCED_FACE('',(#12991),#12985,.F.);
#12993=CARTESIAN_POINT('',(8.45E0,1.72E0,-3.5E0));
#12994=DIRECTION('',(0.E0,0.E0,1.E0));
#12995=DIRECTION('',(0.E0,-1.E0,0.E0));
#12996=AXIS2_PLACEMENT_3D('',#12993,#12994,#12995);
#12997=PLANE('',#12996);
#12999=ORIENTED_EDGE('',*,*,#12998,.T.);
#13000=ORIENTED_EDGE('',*,*,#12762,.T.);
#13001=ORIENTED_EDGE('',*,*,#12744,.F.);
#13002=ORIENTED_EDGE('',*,*,#9084,.T.);
#13003=EDGE_LOOP('',(#12999,#13000,#13001,#13002));
#13004=FACE_OUTER_BOUND('',#13003,.F.);
#13005=ADVANCED_FACE('',(#13004),#12997,.F.);
#13006=CARTESIAN_POINT('',(8.345E0,1.72E0,-3.85E0));
#13007=DIRECTION('',(1.E0,0.E0,0.E0));
#13008=DIRECTION('',(0.E0,0.E0,-1.E0));
#13009=AXIS2_PLACEMENT_3D('',#13006,#13007,#13008);
#13010=PLANE('',#13009);
#13011=ORIENTED_EDGE('',*,*,#12764,.F.);
#13012=ORIENTED_EDGE('',*,*,#12998,.F.);
#13013=ORIENTED_EDGE('',*,*,#9082,.F.);
#13014=ORIENTED_EDGE('',*,*,#9564,.F.);
#13015=EDGE_LOOP('',(#13011,#13012,#13013,#13014));
#13016=FACE_OUTER_BOUND('',#13015,.F.);
#13017=ADVANCED_FACE('',(#13016),#13010,.T.);
#13018=CARTESIAN_POINT('',(8.055E0,1.72E0,-3.85E0));
#13019=DIRECTION('',(1.E0,0.E0,0.E0));
#13020=DIRECTION('',(0.E0,0.E0,-1.E0));
#13021=AXIS2_PLACEMENT_3D('',#13018,#13019,#13020);
#13022=PLANE('',#13021);
#13024=ORIENTED_EDGE('',*,*,#13023,.T.);
#13025=ORIENTED_EDGE('',*,*,#9567,.T.);
#13026=ORIENTED_EDGE('',*,*,#9078,.T.);
#13028=ORIENTED_EDGE('',*,*,#13027,.T.);
#13029=EDGE_LOOP('',(#13024,#13025,#13026,#13028));
#13030=FACE_OUTER_BOUND('',#13029,.F.);
#13031=ADVANCED_FACE('',(#13030),#13022,.F.);
#13032=CARTESIAN_POINT('',(7.95E0,1.62E0,-3.85E0));
#13033=DIRECTION('',(0.E0,1.E0,0.E0));
#13034=DIRECTION('',(0.E0,0.E0,1.E0));
#13035=AXIS2_PLACEMENT_3D('',#13032,#13033,#13034);
#13036=PLANE('',#13035);
#13038=ORIENTED_EDGE('',*,*,#13037,.T.);
#13040=ORIENTED_EDGE('',*,*,#13039,.T.);
#13042=ORIENTED_EDGE('',*,*,#13041,.F.);
#13043=ORIENTED_EDGE('',*,*,#9569,.F.);
#13044=ORIENTED_EDGE('',*,*,#13023,.F.);
#13046=ORIENTED_EDGE('',*,*,#13045,.F.);
#13048=ORIENTED_EDGE('',*,*,#13047,.T.);
#13049=ORIENTED_EDGE('',*,*,#9577,.F.);
#13050=EDGE_LOOP('',(#13038,#13040,#13042,#13043,#13044,#13046,#13048,#13049));
#13051=FACE_OUTER_BOUND('',#13050,.F.);
#13052=ADVANCED_FACE('',(#13051),#13036,.T.);
#13053=CARTESIAN_POINT('',(7.855E0,1.06E0,-2.8E0));
#13054=DIRECTION('',(1.E0,0.E0,0.E0));
#13055=DIRECTION('',(0.E0,1.E0,0.E0));
#13056=AXIS2_PLACEMENT_3D('',#13053,#13054,#13055);
#13057=PLANE('',#13056);
#13058=ORIENTED_EDGE('',*,*,#8804,.T.);
#13060=ORIENTED_EDGE('',*,*,#13059,.T.);
#13062=ORIENTED_EDGE('',*,*,#13061,.T.);
#13064=ORIENTED_EDGE('',*,*,#13063,.T.);
#13065=EDGE_LOOP('',(#13058,#13060,#13062,#13064));
#13066=FACE_OUTER_BOUND('',#13065,.F.);
#13067=ADVANCED_FACE('',(#13066),#13057,.F.);
#13068=CARTESIAN_POINT('',(7.855E0,1.06E0,-2.8E0));
#13069=DIRECTION('',(1.E0,0.E0,0.E0));
#13070=DIRECTION('',(0.E0,1.E0,0.E0));
#13071=AXIS2_PLACEMENT_3D('',#13068,#13069,#13070);
#13072=PLANE('',#13071);
#13073=ORIENTED_EDGE('',*,*,#9575,.T.);
#13075=ORIENTED_EDGE('',*,*,#13074,.T.);
#13077=ORIENTED_EDGE('',*,*,#13076,.T.);
#13079=ORIENTED_EDGE('',*,*,#13078,.T.);
#13081=ORIENTED_EDGE('',*,*,#13080,.T.);
#13083=ORIENTED_EDGE('',*,*,#13082,.T.);
#13085=ORIENTED_EDGE('',*,*,#13084,.T.);
#13087=ORIENTED_EDGE('',*,*,#13086,.T.);
#13089=ORIENTED_EDGE('',*,*,#13088,.T.);
#13090=ORIENTED_EDGE('',*,*,#13037,.F.);
#13091=EDGE_LOOP('',(#13073,#13075,#13077,#13079,#13081,#13083,#13085,#13087,
#13089,#13090));
#13092=FACE_OUTER_BOUND('',#13091,.F.);
#13093=ADVANCED_FACE('',(#13092),#13072,.F.);
#13094=CARTESIAN_POINT('',(7.849593270859E0,1.349243459677E0,
-9.893449050845E-1));
#13095=DIRECTION('',(1.E0,0.E0,0.E0));
#13096=DIRECTION('',(0.E0,1.E0,0.E0));
#13097=AXIS2_PLACEMENT_3D('',#13094,#13095,#13096);
#13098=CYLINDRICAL_SURFACE('',#13097,3.E-1);
#13099=ORIENTED_EDGE('',*,*,#8810,.T.);
#13101=ORIENTED_EDGE('',*,*,#13100,.T.);
#13103=ORIENTED_EDGE('',*,*,#13102,.T.);
#13104=ORIENTED_EDGE('',*,*,#13059,.F.);
#13105=EDGE_LOOP('',(#13099,#13101,#13103,#13104));
#13106=FACE_OUTER_BOUND('',#13105,.F.);
#13107=ADVANCED_FACE('',(#13106),#13098,.T.);
#13108=CARTESIAN_POINT('',(8.045E0,1.06E0,-2.8E0));
#13109=DIRECTION('',(1.E0,0.E0,0.E0));
#13110=DIRECTION('',(0.E0,1.E0,0.E0));
#13111=AXIS2_PLACEMENT_3D('',#13108,#13109,#13110);
#13112=PLANE('',#13111);
#13113=ORIENTED_EDGE('',*,*,#8808,.F.);
#13115=ORIENTED_EDGE('',*,*,#13114,.F.);
#13117=ORIENTED_EDGE('',*,*,#13116,.F.);
#13118=ORIENTED_EDGE('',*,*,#13100,.F.);
#13119=EDGE_LOOP('',(#13113,#13115,#13117,#13118));
#13120=FACE_OUTER_BOUND('',#13119,.F.);
#13121=ADVANCED_FACE('',(#13120),#13112,.T.);
#13122=CARTESIAN_POINT('',(8.045E0,1.06E0,-2.8E0));
#13123=DIRECTION('',(1.E0,0.E0,0.E0));
#13124=DIRECTION('',(0.E0,1.E0,0.E0));
#13125=AXIS2_PLACEMENT_3D('',#13122,#13123,#13124);
#13126=PLANE('',#13125);
#13127=ORIENTED_EDGE('',*,*,#9571,.F.);
#13128=ORIENTED_EDGE('',*,*,#13041,.T.);
#13130=ORIENTED_EDGE('',*,*,#13129,.T.);
#13132=ORIENTED_EDGE('',*,*,#13131,.F.);
#13134=ORIENTED_EDGE('',*,*,#13133,.F.);
#13136=ORIENTED_EDGE('',*,*,#13135,.T.);
#13138=ORIENTED_EDGE('',*,*,#13137,.F.);
#13140=ORIENTED_EDGE('',*,*,#13139,.F.);
#13142=ORIENTED_EDGE('',*,*,#13141,.T.);
#13144=ORIENTED_EDGE('',*,*,#13143,.F.);
#13145=EDGE_LOOP('',(#13127,#13128,#13130,#13132,#13134,#13136,#13138,#13140,
#13142,#13144));
#13146=FACE_OUTER_BOUND('',#13145,.F.);
#13147=ADVANCED_FACE('',(#13146),#13126,.T.);
#13148=CARTESIAN_POINT('',(7.95E0,1.128400759486E0,-2.020110536160E0));
#13149=DIRECTION('',(0.E0,9.985927540074E-1,5.303311836814E-2));
#13150=DIRECTION('',(0.E0,5.303311836814E-2,-9.985927540074E-1));
#13151=AXIS2_PLACEMENT_3D('',#13148,#13149,#13150);
#13152=PLANE('',#13151);
#13153=ORIENTED_EDGE('',*,*,#8806,.T.);
#13154=ORIENTED_EDGE('',*,*,#13063,.F.);
#13156=ORIENTED_EDGE('',*,*,#13155,.F.);
#13157=ORIENTED_EDGE('',*,*,#13114,.T.);
#13158=EDGE_LOOP('',(#13153,#13154,#13156,#13157));
#13159=FACE_OUTER_BOUND('',#13158,.F.);
#13160=ADVANCED_FACE('',(#13159),#13152,.F.);
#13161=CARTESIAN_POINT('',(7.95E0,1.072671389431E0,-8.725951488022E-1));
#13162=DIRECTION('',(0.E0,9.063077870423E-1,-4.226182617286E-1));
#13163=DIRECTION('',(0.E0,-4.226182617286E-1,-9.063077870423E-1));
#13164=AXIS2_PLACEMENT_3D('',#13161,#13162,#13163);
#13165=PLANE('',#13164);
#13166=ORIENTED_EDGE('',*,*,#13155,.T.);
#13167=ORIENTED_EDGE('',*,*,#13061,.F.);
#13168=ORIENTED_EDGE('',*,*,#13102,.F.);
#13169=ORIENTED_EDGE('',*,*,#13116,.T.);
#13170=EDGE_LOOP('',(#13166,#13167,#13168,#13169));
#13171=FACE_OUTER_BOUND('',#13170,.F.);
#13172=ADVANCED_FACE('',(#13171),#13165,.F.);
#13173=CARTESIAN_POINT('',(7.95E0,1.611315326090E0,-4.09E0));
#13174=DIRECTION('',(0.E0,0.E0,1.E0));
#13175=DIRECTION('',(0.E0,-1.E0,0.E0));
#13176=AXIS2_PLACEMENT_3D('',#13173,#13174,#13175);
#13177=PLANE('',#13176);
#13178=ORIENTED_EDGE('',*,*,#13039,.F.);
#13179=ORIENTED_EDGE('',*,*,#13088,.F.);
#13181=ORIENTED_EDGE('',*,*,#13180,.F.);
#13182=ORIENTED_EDGE('',*,*,#13129,.F.);
#13183=EDGE_LOOP('',(#13178,#13179,#13181,#13182));
#13184=FACE_OUTER_BOUND('',#13183,.F.);
#13185=ADVANCED_FACE('',(#13184),#13177,.T.);
#13186=CARTESIAN_POINT('',(8.050406729141E0,1.732653242109E0,-4.19E0));
#13187=DIRECTION('',(-1.E0,0.E0,0.E0));
#13188=DIRECTION('',(0.E0,0.E0,1.E0));
#13189=AXIS2_PLACEMENT_3D('',#13186,#13187,#13188);
#13190=CYLINDRICAL_SURFACE('',#13189,1.E-1);
#13191=ORIENTED_EDGE('',*,*,#13086,.F.);
#13193=ORIENTED_EDGE('',*,*,#13192,.T.);
#13194=ORIENTED_EDGE('',*,*,#13131,.T.);
#13195=ORIENTED_EDGE('',*,*,#13180,.T.);
#13196=EDGE_LOOP('',(#13191,#13193,#13194,#13195));
#13197=FACE_OUTER_BOUND('',#13196,.F.);
#13198=ADVANCED_FACE('',(#13197),#13190,.T.);
#13199=CARTESIAN_POINT('',(7.95E0,1.851258097792E0,-4.542383202188E0));
#13200=DIRECTION('',(0.E0,9.986295347546E-1,5.233595624309E-2));
#13201=DIRECTION('',(0.E0,-5.233595624309E-2,9.986295347546E-1));
#13202=AXIS2_PLACEMENT_3D('',#13199,#13200,#13201);
#13203=PLANE('',#13202);
#13204=ORIENTED_EDGE('',*,*,#13192,.F.);
#13205=ORIENTED_EDGE('',*,*,#13084,.F.);
#13207=ORIENTED_EDGE('',*,*,#13206,.F.);
#13208=ORIENTED_EDGE('',*,*,#13133,.T.);
#13209=EDGE_LOOP('',(#13204,#13205,#13207,#13208));
#13210=FACE_OUTER_BOUND('',#13209,.F.);
#13211=ADVANCED_FACE('',(#13210),#13203,.T.);
#13212=CARTESIAN_POINT('',(7.95E0,1.77E0,-4.9E0));
#13213=DIRECTION('',(0.E0,0.E0,1.E0));
#13214=DIRECTION('',(0.E0,1.E0,0.E0));
#13215=AXIS2_PLACEMENT_3D('',#13212,#13213,#13214);
#13216=PLANE('',#13215);
#13217=ORIENTED_EDGE('',*,*,#13082,.F.);
#13219=ORIENTED_EDGE('',*,*,#13218,.F.);
#13220=ORIENTED_EDGE('',*,*,#13135,.F.);
#13221=ORIENTED_EDGE('',*,*,#13206,.T.);
#13222=EDGE_LOOP('',(#13217,#13219,#13220,#13221));
#13223=FACE_OUTER_BOUND('',#13222,.F.);
#13224=ADVANCED_FACE('',(#13223),#13216,.F.);
#13225=CARTESIAN_POINT('',(7.95E0,1.659381303582E0,-4.697383202188E0));
#13226=DIRECTION('',(0.E0,9.986295347546E-1,5.233595624285E-2));
#13227=DIRECTION('',(0.E0,5.233595624285E-2,-9.986295347546E-1));
#13228=AXIS2_PLACEMENT_3D('',#13225,#13226,#13227);
#13229=PLANE('',#13228);
#13231=ORIENTED_EDGE('',*,*,#13230,.T.);
#13232=ORIENTED_EDGE('',*,*,#13137,.T.);
#13233=ORIENTED_EDGE('',*,*,#13218,.T.);
#13234=ORIENTED_EDGE('',*,*,#13080,.F.);
#13235=EDGE_LOOP('',(#13231,#13232,#13233,#13234));
#13236=FACE_OUTER_BOUND('',#13235,.F.);
#13237=ADVANCED_FACE('',(#13236),#13229,.F.);
#13238=CARTESIAN_POINT('',(7.849593270859E0,1.548899653687E0,-4.5E0));
#13239=DIRECTION('',(1.E0,0.E0,0.E0));
#13240=DIRECTION('',(0.E0,9.986295347547E-1,5.233595624025E-2));
#13241=AXIS2_PLACEMENT_3D('',#13238,#13239,#13240);
#13242=CYLINDRICAL_SURFACE('',#13241,9.999999999953E-2);
#13243=ORIENTED_EDGE('',*,*,#13230,.F.);
#13244=ORIENTED_EDGE('',*,*,#13078,.F.);
#13246=ORIENTED_EDGE('',*,*,#13245,.F.);
#13247=ORIENTED_EDGE('',*,*,#13139,.T.);
#13248=EDGE_LOOP('',(#13243,#13244,#13246,#13247));
#13249=FACE_OUTER_BOUND('',#13248,.F.);
#13250=ADVANCED_FACE('',(#13249),#13242,.F.);
#13251=CARTESIAN_POINT('',(7.95E0,1.124449826844E0,-4.4E0));
#13252=DIRECTION('',(0.E0,0.E0,1.E0));
#13253=DIRECTION('',(0.E0,1.E0,0.E0));
#13254=AXIS2_PLACEMENT_3D('',#13251,#13252,#13253);
#13255=PLANE('',#13254);
#13257=ORIENTED_EDGE('',*,*,#13256,.F.);
#13258=ORIENTED_EDGE('',*,*,#13141,.F.);
#13259=ORIENTED_EDGE('',*,*,#13245,.T.);
#13260=ORIENTED_EDGE('',*,*,#13076,.F.);
#13261=EDGE_LOOP('',(#13257,#13258,#13259,#13260));
#13262=FACE_OUTER_BOUND('',#13261,.F.);
#13263=ADVANCED_FACE('',(#13262),#13255,.F.);
#13264=CARTESIAN_POINT('',(7.95E0,4.75E-1,-4.3E0));
#13265=DIRECTION('',(0.E0,4.061384660534E-1,9.138115486203E-1));
#13266=DIRECTION('',(0.E0,-9.138115486203E-1,4.061384660534E-1));
#13267=AXIS2_PLACEMENT_3D('',#13264,#13265,#13266);
#13268=PLANE('',#13267);
#13269=ORIENTED_EDGE('',*,*,#9573,.F.);
#13270=ORIENTED_EDGE('',*,*,#13143,.T.);
#13271=ORIENTED_EDGE('',*,*,#13256,.T.);
#13272=ORIENTED_EDGE('',*,*,#13074,.F.);
#13273=EDGE_LOOP('',(#13269,#13270,#13271,#13272));
#13274=FACE_OUTER_BOUND('',#13273,.F.);
#13275=ADVANCED_FACE('',(#13274),#13268,.F.);
#13276=CARTESIAN_POINT('',(7.95E0,1.72E0,-3.5E0));
#13277=DIRECTION('',(0.E0,0.E0,1.E0));
#13278=DIRECTION('',(0.E0,-1.E0,0.E0));
#13279=AXIS2_PLACEMENT_3D('',#13276,#13277,#13278);
#13280=PLANE('',#13279);
#13282=ORIENTED_EDGE('',*,*,#13281,.T.);
#13283=ORIENTED_EDGE('',*,*,#13045,.T.);
#13284=ORIENTED_EDGE('',*,*,#13027,.F.);
#13285=ORIENTED_EDGE('',*,*,#9076,.T.);
#13286=EDGE_LOOP('',(#13282,#13283,#13284,#13285));
#13287=FACE_OUTER_BOUND('',#13286,.F.);
#13288=ADVANCED_FACE('',(#13287),#13280,.F.);
#13289=CARTESIAN_POINT('',(7.845E0,1.72E0,-3.85E0));
#13290=DIRECTION('',(1.E0,0.E0,0.E0));
#13291=DIRECTION('',(0.E0,0.E0,-1.E0));
#13292=AXIS2_PLACEMENT_3D('',#13289,#13290,#13291);
#13293=PLANE('',#13292);
#13294=ORIENTED_EDGE('',*,*,#13047,.F.);
#13295=ORIENTED_EDGE('',*,*,#13281,.F.);
#13296=ORIENTED_EDGE('',*,*,#9074,.F.);
#13297=ORIENTED_EDGE('',*,*,#9579,.F.);
#13298=EDGE_LOOP('',(#13294,#13295,#13296,#13297));
#13299=FACE_OUTER_BOUND('',#13298,.F.);
#13300=ADVANCED_FACE('',(#13299),#13293,.T.);
#13301=CARTESIAN_POINT('',(7.555E0,1.72E0,-3.85E0));
#13302=DIRECTION('',(1.E0,0.E0,0.E0));
#13303=DIRECTION('',(0.E0,0.E0,-1.E0));
#13304=AXIS2_PLACEMENT_3D('',#13301,#13302,#13303);
#13305=PLANE('',#13304);
#13307=ORIENTED_EDGE('',*,*,#13306,.T.);
#13308=ORIENTED_EDGE('',*,*,#9582,.T.);
#13309=ORIENTED_EDGE('',*,*,#9070,.T.);
#13311=ORIENTED_EDGE('',*,*,#13310,.T.);
#13312=EDGE_LOOP('',(#13307,#13308,#13309,#13311));
#13313=FACE_OUTER_BOUND('',#13312,.F.);
#13314=ADVANCED_FACE('',(#13313),#13305,.F.);
#13315=CARTESIAN_POINT('',(7.45E0,1.62E0,-3.85E0));
#13316=DIRECTION('',(0.E0,1.E0,0.E0));
#13317=DIRECTION('',(0.E0,0.E0,1.E0));
#13318=AXIS2_PLACEMENT_3D('',#13315,#13316,#13317);
#13319=PLANE('',#13318);
#13321=ORIENTED_EDGE('',*,*,#13320,.T.);
#13323=ORIENTED_EDGE('',*,*,#13322,.T.);
#13325=ORIENTED_EDGE('',*,*,#13324,.F.);
#13326=ORIENTED_EDGE('',*,*,#9584,.F.);
#13327=ORIENTED_EDGE('',*,*,#13306,.F.);
#13329=ORIENTED_EDGE('',*,*,#13328,.F.);
#13331=ORIENTED_EDGE('',*,*,#13330,.T.);
#13332=ORIENTED_EDGE('',*,*,#9592,.F.);
#13333=EDGE_LOOP('',(#13321,#13323,#13325,#13326,#13327,#13329,#13331,#13332));
#13334=FACE_OUTER_BOUND('',#13333,.F.);
#13335=ADVANCED_FACE('',(#13334),#13319,.T.);
#13336=CARTESIAN_POINT('',(7.355E0,1.06E0,-2.8E0));
#13337=DIRECTION('',(1.E0,0.E0,0.E0));
#13338=DIRECTION('',(0.E0,1.E0,0.E0));
#13339=AXIS2_PLACEMENT_3D('',#13336,#13337,#13338);
#13340=PLANE('',#13339);
#13341=ORIENTED_EDGE('',*,*,#8814,.T.);
#13343=ORIENTED_EDGE('',*,*,#13342,.T.);
#13345=ORIENTED_EDGE('',*,*,#13344,.T.);
#13347=ORIENTED_EDGE('',*,*,#13346,.T.);
#13348=EDGE_LOOP('',(#13341,#13343,#13345,#13347));
#13349=FACE_OUTER_BOUND('',#13348,.F.);
#13350=ADVANCED_FACE('',(#13349),#13340,.F.);
#13351=CARTESIAN_POINT('',(7.355E0,1.06E0,-2.8E0));
#13352=DIRECTION('',(1.E0,0.E0,0.E0));
#13353=DIRECTION('',(0.E0,1.E0,0.E0));
#13354=AXIS2_PLACEMENT_3D('',#13351,#13352,#13353);
#13355=PLANE('',#13354);
#13356=ORIENTED_EDGE('',*,*,#9590,.T.);
#13358=ORIENTED_EDGE('',*,*,#13357,.T.);
#13360=ORIENTED_EDGE('',*,*,#13359,.T.);
#13362=ORIENTED_EDGE('',*,*,#13361,.T.);
#13364=ORIENTED_EDGE('',*,*,#13363,.T.);
#13366=ORIENTED_EDGE('',*,*,#13365,.T.);
#13368=ORIENTED_EDGE('',*,*,#13367,.T.);
#13370=ORIENTED_EDGE('',*,*,#13369,.T.);
#13372=ORIENTED_EDGE('',*,*,#13371,.T.);
#13373=ORIENTED_EDGE('',*,*,#13320,.F.);
#13374=EDGE_LOOP('',(#13356,#13358,#13360,#13362,#13364,#13366,#13368,#13370,
#13372,#13373));
#13375=FACE_OUTER_BOUND('',#13374,.F.);
#13376=ADVANCED_FACE('',(#13375),#13355,.F.);
#13377=CARTESIAN_POINT('',(7.349593270859E0,1.349243459677E0,
-9.893449050845E-1));
#13378=DIRECTION('',(1.E0,0.E0,0.E0));
#13379=DIRECTION('',(0.E0,1.E0,0.E0));
#13380=AXIS2_PLACEMENT_3D('',#13377,#13378,#13379);
#13381=CYLINDRICAL_SURFACE('',#13380,3.E-1);
#13382=ORIENTED_EDGE('',*,*,#8820,.T.);
#13384=ORIENTED_EDGE('',*,*,#13383,.T.);
#13386=ORIENTED_EDGE('',*,*,#13385,.T.);
#13387=ORIENTED_EDGE('',*,*,#13342,.F.);
#13388=EDGE_LOOP('',(#13382,#13384,#13386,#13387));
#13389=FACE_OUTER_BOUND('',#13388,.F.);
#13390=ADVANCED_FACE('',(#13389),#13381,.T.);
#13391=CARTESIAN_POINT('',(7.545E0,1.06E0,-2.8E0));
#13392=DIRECTION('',(1.E0,0.E0,0.E0));
#13393=DIRECTION('',(0.E0,1.E0,0.E0));
#13394=AXIS2_PLACEMENT_3D('',#13391,#13392,#13393);
#13395=PLANE('',#13394);
#13396=ORIENTED_EDGE('',*,*,#8818,.F.);
#13398=ORIENTED_EDGE('',*,*,#13397,.F.);
#13400=ORIENTED_EDGE('',*,*,#13399,.F.);
#13401=ORIENTED_EDGE('',*,*,#13383,.F.);
#13402=EDGE_LOOP('',(#13396,#13398,#13400,#13401));
#13403=FACE_OUTER_BOUND('',#13402,.F.);
#13404=ADVANCED_FACE('',(#13403),#13395,.T.);
#13405=CARTESIAN_POINT('',(7.545E0,1.06E0,-2.8E0));
#13406=DIRECTION('',(1.E0,0.E0,0.E0));
#13407=DIRECTION('',(0.E0,1.E0,0.E0));
#13408=AXIS2_PLACEMENT_3D('',#13405,#13406,#13407);
#13409=PLANE('',#13408);
#13410=ORIENTED_EDGE('',*,*,#9586,.F.);
#13411=ORIENTED_EDGE('',*,*,#13324,.T.);
#13413=ORIENTED_EDGE('',*,*,#13412,.T.);
#13415=ORIENTED_EDGE('',*,*,#13414,.F.);
#13417=ORIENTED_EDGE('',*,*,#13416,.F.);
#13419=ORIENTED_EDGE('',*,*,#13418,.T.);
#13421=ORIENTED_EDGE('',*,*,#13420,.F.);
#13423=ORIENTED_EDGE('',*,*,#13422,.F.);
#13425=ORIENTED_EDGE('',*,*,#13424,.T.);
#13427=ORIENTED_EDGE('',*,*,#13426,.F.);
#13428=EDGE_LOOP('',(#13410,#13411,#13413,#13415,#13417,#13419,#13421,#13423,
#13425,#13427));
#13429=FACE_OUTER_BOUND('',#13428,.F.);
#13430=ADVANCED_FACE('',(#13429),#13409,.T.);
#13431=CARTESIAN_POINT('',(7.45E0,1.128400759486E0,-2.020110536160E0));
#13432=DIRECTION('',(0.E0,9.985927540074E-1,5.303311836814E-2));
#13433=DIRECTION('',(0.E0,5.303311836814E-2,-9.985927540074E-1));
#13434=AXIS2_PLACEMENT_3D('',#13431,#13432,#13433);
#13435=PLANE('',#13434);
#13436=ORIENTED_EDGE('',*,*,#8816,.T.);
#13437=ORIENTED_EDGE('',*,*,#13346,.F.);
#13439=ORIENTED_EDGE('',*,*,#13438,.F.);
#13440=ORIENTED_EDGE('',*,*,#13397,.T.);
#13441=EDGE_LOOP('',(#13436,#13437,#13439,#13440));
#13442=FACE_OUTER_BOUND('',#13441,.F.);
#13443=ADVANCED_FACE('',(#13442),#13435,.F.);
#13444=CARTESIAN_POINT('',(7.45E0,1.072671389431E0,-8.725951488022E-1));
#13445=DIRECTION('',(0.E0,9.063077870423E-1,-4.226182617286E-1));
#13446=DIRECTION('',(0.E0,-4.226182617286E-1,-9.063077870423E-1));
#13447=AXIS2_PLACEMENT_3D('',#13444,#13445,#13446);
#13448=PLANE('',#13447);
#13449=ORIENTED_EDGE('',*,*,#13438,.T.);
#13450=ORIENTED_EDGE('',*,*,#13344,.F.);
#13451=ORIENTED_EDGE('',*,*,#13385,.F.);
#13452=ORIENTED_EDGE('',*,*,#13399,.T.);
#13453=EDGE_LOOP('',(#13449,#13450,#13451,#13452));
#13454=FACE_OUTER_BOUND('',#13453,.F.);
#13455=ADVANCED_FACE('',(#13454),#13448,.F.);
#13456=CARTESIAN_POINT('',(7.45E0,1.611315326090E0,-4.09E0));
#13457=DIRECTION('',(0.E0,0.E0,1.E0));
#13458=DIRECTION('',(0.E0,-1.E0,0.E0));
#13459=AXIS2_PLACEMENT_3D('',#13456,#13457,#13458);
#13460=PLANE('',#13459);
#13461=ORIENTED_EDGE('',*,*,#13322,.F.);
#13462=ORIENTED_EDGE('',*,*,#13371,.F.);
#13464=ORIENTED_EDGE('',*,*,#13463,.F.);
#13465=ORIENTED_EDGE('',*,*,#13412,.F.);
#13466=EDGE_LOOP('',(#13461,#13462,#13464,#13465));
#13467=FACE_OUTER_BOUND('',#13466,.F.);
#13468=ADVANCED_FACE('',(#13467),#13460,.T.);
#13469=CARTESIAN_POINT('',(7.550406729141E0,1.732653242109E0,-4.19E0));
#13470=DIRECTION('',(-1.E0,0.E0,0.E0));
#13471=DIRECTION('',(0.E0,0.E0,1.E0));
#13472=AXIS2_PLACEMENT_3D('',#13469,#13470,#13471);
#13473=CYLINDRICAL_SURFACE('',#13472,1.E-1);
#13474=ORIENTED_EDGE('',*,*,#13369,.F.);
#13476=ORIENTED_EDGE('',*,*,#13475,.T.);
#13477=ORIENTED_EDGE('',*,*,#13414,.T.);
#13478=ORIENTED_EDGE('',*,*,#13463,.T.);
#13479=EDGE_LOOP('',(#13474,#13476,#13477,#13478));
#13480=FACE_OUTER_BOUND('',#13479,.F.);
#13481=ADVANCED_FACE('',(#13480),#13473,.T.);
#13482=CARTESIAN_POINT('',(7.45E0,1.851258097792E0,-4.542383202188E0));
#13483=DIRECTION('',(0.E0,9.986295347546E-1,5.233595624309E-2));
#13484=DIRECTION('',(0.E0,-5.233595624309E-2,9.986295347546E-1));
#13485=AXIS2_PLACEMENT_3D('',#13482,#13483,#13484);
#13486=PLANE('',#13485);
#13487=ORIENTED_EDGE('',*,*,#13475,.F.);
#13488=ORIENTED_EDGE('',*,*,#13367,.F.);
#13490=ORIENTED_EDGE('',*,*,#13489,.F.);
#13491=ORIENTED_EDGE('',*,*,#13416,.T.);
#13492=EDGE_LOOP('',(#13487,#13488,#13490,#13491));
#13493=FACE_OUTER_BOUND('',#13492,.F.);
#13494=ADVANCED_FACE('',(#13493),#13486,.T.);
#13495=CARTESIAN_POINT('',(7.45E0,1.77E0,-4.9E0));
#13496=DIRECTION('',(0.E0,0.E0,1.E0));
#13497=DIRECTION('',(0.E0,1.E0,0.E0));
#13498=AXIS2_PLACEMENT_3D('',#13495,#13496,#13497);
#13499=PLANE('',#13498);
#13500=ORIENTED_EDGE('',*,*,#13365,.F.);
#13502=ORIENTED_EDGE('',*,*,#13501,.F.);
#13503=ORIENTED_EDGE('',*,*,#13418,.F.);
#13504=ORIENTED_EDGE('',*,*,#13489,.T.);
#13505=EDGE_LOOP('',(#13500,#13502,#13503,#13504));
#13506=FACE_OUTER_BOUND('',#13505,.F.);
#13507=ADVANCED_FACE('',(#13506),#13499,.F.);
#13508=CARTESIAN_POINT('',(7.45E0,1.659381303582E0,-4.697383202188E0));
#13509=DIRECTION('',(0.E0,9.986295347546E-1,5.233595624285E-2));
#13510=DIRECTION('',(0.E0,5.233595624285E-2,-9.986295347546E-1));
#13511=AXIS2_PLACEMENT_3D('',#13508,#13509,#13510);
#13512=PLANE('',#13511);
#13514=ORIENTED_EDGE('',*,*,#13513,.T.);
#13515=ORIENTED_EDGE('',*,*,#13420,.T.);
#13516=ORIENTED_EDGE('',*,*,#13501,.T.);
#13517=ORIENTED_EDGE('',*,*,#13363,.F.);
#13518=EDGE_LOOP('',(#13514,#13515,#13516,#13517));
#13519=FACE_OUTER_BOUND('',#13518,.F.);
#13520=ADVANCED_FACE('',(#13519),#13512,.F.);
#13521=CARTESIAN_POINT('',(7.349593270859E0,1.548899653687E0,-4.5E0));
#13522=DIRECTION('',(1.E0,0.E0,0.E0));
#13523=DIRECTION('',(0.E0,9.986295347547E-1,5.233595624025E-2));
#13524=AXIS2_PLACEMENT_3D('',#13521,#13522,#13523);
#13525=CYLINDRICAL_SURFACE('',#13524,9.999999999953E-2);
#13526=ORIENTED_EDGE('',*,*,#13513,.F.);
#13527=ORIENTED_EDGE('',*,*,#13361,.F.);
#13529=ORIENTED_EDGE('',*,*,#13528,.F.);
#13530=ORIENTED_EDGE('',*,*,#13422,.T.);
#13531=EDGE_LOOP('',(#13526,#13527,#13529,#13530));
#13532=FACE_OUTER_BOUND('',#13531,.F.);
#13533=ADVANCED_FACE('',(#13532),#13525,.F.);
#13534=CARTESIAN_POINT('',(7.45E0,1.124449826844E0,-4.4E0));
#13535=DIRECTION('',(0.E0,0.E0,1.E0));
#13536=DIRECTION('',(0.E0,1.E0,0.E0));
#13537=AXIS2_PLACEMENT_3D('',#13534,#13535,#13536);
#13538=PLANE('',#13537);
#13540=ORIENTED_EDGE('',*,*,#13539,.F.);
#13541=ORIENTED_EDGE('',*,*,#13424,.F.);
#13542=ORIENTED_EDGE('',*,*,#13528,.T.);
#13543=ORIENTED_EDGE('',*,*,#13359,.F.);
#13544=EDGE_LOOP('',(#13540,#13541,#13542,#13543));
#13545=FACE_OUTER_BOUND('',#13544,.F.);
#13546=ADVANCED_FACE('',(#13545),#13538,.F.);
#13547=CARTESIAN_POINT('',(7.45E0,4.75E-1,-4.3E0));
#13548=DIRECTION('',(0.E0,4.061384660534E-1,9.138115486203E-1));
#13549=DIRECTION('',(0.E0,-9.138115486203E-1,4.061384660534E-1));
#13550=AXIS2_PLACEMENT_3D('',#13547,#13548,#13549);
#13551=PLANE('',#13550);
#13552=ORIENTED_EDGE('',*,*,#9588,.F.);
#13553=ORIENTED_EDGE('',*,*,#13426,.T.);
#13554=ORIENTED_EDGE('',*,*,#13539,.T.);
#13555=ORIENTED_EDGE('',*,*,#13357,.F.);
#13556=EDGE_LOOP('',(#13552,#13553,#13554,#13555));
#13557=FACE_OUTER_BOUND('',#13556,.F.);
#13558=ADVANCED_FACE('',(#13557),#13551,.F.);
#13559=CARTESIAN_POINT('',(7.45E0,1.72E0,-3.5E0));
#13560=DIRECTION('',(0.E0,0.E0,1.E0));
#13561=DIRECTION('',(0.E0,-1.E0,0.E0));
#13562=AXIS2_PLACEMENT_3D('',#13559,#13560,#13561);
#13563=PLANE('',#13562);
#13564=ORIENTED_EDGE('',*,*,#13328,.T.);
#13565=ORIENTED_EDGE('',*,*,#13310,.F.);
#13566=ORIENTED_EDGE('',*,*,#9068,.T.);
#13568=ORIENTED_EDGE('',*,*,#13567,.T.);
#13569=EDGE_LOOP('',(#13564,#13565,#13566,#13568));
#13570=FACE_OUTER_BOUND('',#13569,.F.);
#13571=ADVANCED_FACE('',(#13570),#13563,.F.);
#13572=CARTESIAN_POINT('',(7.345E0,1.72E0,-3.85E0));
#13573=DIRECTION('',(1.E0,0.E0,0.E0));
#13574=DIRECTION('',(0.E0,0.E0,-1.E0));
#13575=AXIS2_PLACEMENT_3D('',#13572,#13573,#13574);
#13576=PLANE('',#13575);
#13577=ORIENTED_EDGE('',*,*,#13330,.F.);
#13578=ORIENTED_EDGE('',*,*,#13567,.F.);
#13579=ORIENTED_EDGE('',*,*,#9066,.F.);
#13580=ORIENTED_EDGE('',*,*,#9594,.F.);
#13581=EDGE_LOOP('',(#13577,#13578,#13579,#13580));
#13582=FACE_OUTER_BOUND('',#13581,.F.);
#13583=ADVANCED_FACE('',(#13582),#13576,.T.);
#13584=CARTESIAN_POINT('',(7.055E0,1.72E0,-3.85E0));
#13585=DIRECTION('',(1.E0,0.E0,0.E0));
#13586=DIRECTION('',(0.E0,0.E0,-1.E0));
#13587=AXIS2_PLACEMENT_3D('',#13584,#13585,#13586);
#13588=PLANE('',#13587);
#13590=ORIENTED_EDGE('',*,*,#13589,.T.);
#13591=ORIENTED_EDGE('',*,*,#9597,.T.);
#13592=ORIENTED_EDGE('',*,*,#9062,.T.);
#13594=ORIENTED_EDGE('',*,*,#13593,.T.);
#13595=EDGE_LOOP('',(#13590,#13591,#13592,#13594));
#13596=FACE_OUTER_BOUND('',#13595,.F.);
#13597=ADVANCED_FACE('',(#13596),#13588,.F.);
#13598=CARTESIAN_POINT('',(6.95E0,1.62E0,-3.85E0));
#13599=DIRECTION('',(0.E0,1.E0,0.E0));
#13600=DIRECTION('',(0.E0,0.E0,1.E0));
#13601=AXIS2_PLACEMENT_3D('',#13598,#13599,#13600);
#13602=PLANE('',#13601);
#13604=ORIENTED_EDGE('',*,*,#13603,.T.);
#13606=ORIENTED_EDGE('',*,*,#13605,.T.);
#13608=ORIENTED_EDGE('',*,*,#13607,.F.);
#13609=ORIENTED_EDGE('',*,*,#9599,.F.);
#13610=ORIENTED_EDGE('',*,*,#13589,.F.);
#13612=ORIENTED_EDGE('',*,*,#13611,.F.);
#13614=ORIENTED_EDGE('',*,*,#13613,.T.);
#13615=ORIENTED_EDGE('',*,*,#9607,.F.);
#13616=EDGE_LOOP('',(#13604,#13606,#13608,#13609,#13610,#13612,#13614,#13615));
#13617=FACE_OUTER_BOUND('',#13616,.F.);
#13618=ADVANCED_FACE('',(#13617),#13602,.T.);
#13619=CARTESIAN_POINT('',(6.855E0,1.06E0,-2.8E0));
#13620=DIRECTION('',(1.E0,0.E0,0.E0));
#13621=DIRECTION('',(0.E0,1.E0,0.E0));
#13622=AXIS2_PLACEMENT_3D('',#13619,#13620,#13621);
#13623=PLANE('',#13622);
#13624=ORIENTED_EDGE('',*,*,#8824,.T.);
#13626=ORIENTED_EDGE('',*,*,#13625,.T.);
#13628=ORIENTED_EDGE('',*,*,#13627,.T.);
#13630=ORIENTED_EDGE('',*,*,#13629,.T.);
#13631=EDGE_LOOP('',(#13624,#13626,#13628,#13630));
#13632=FACE_OUTER_BOUND('',#13631,.F.);
#13633=ADVANCED_FACE('',(#13632),#13623,.F.);
#13634=CARTESIAN_POINT('',(6.855E0,1.06E0,-2.8E0));
#13635=DIRECTION('',(1.E0,0.E0,0.E0));
#13636=DIRECTION('',(0.E0,1.E0,0.E0));
#13637=AXIS2_PLACEMENT_3D('',#13634,#13635,#13636);
#13638=PLANE('',#13637);
#13639=ORIENTED_EDGE('',*,*,#9605,.T.);
#13641=ORIENTED_EDGE('',*,*,#13640,.T.);
#13643=ORIENTED_EDGE('',*,*,#13642,.T.);
#13645=ORIENTED_EDGE('',*,*,#13644,.T.);
#13647=ORIENTED_EDGE('',*,*,#13646,.T.);
#13649=ORIENTED_EDGE('',*,*,#13648,.T.);
#13651=ORIENTED_EDGE('',*,*,#13650,.T.);
#13653=ORIENTED_EDGE('',*,*,#13652,.T.);
#13655=ORIENTED_EDGE('',*,*,#13654,.T.);
#13656=ORIENTED_EDGE('',*,*,#13603,.F.);
#13657=EDGE_LOOP('',(#13639,#13641,#13643,#13645,#13647,#13649,#13651,#13653,
#13655,#13656));
#13658=FACE_OUTER_BOUND('',#13657,.F.);
#13659=ADVANCED_FACE('',(#13658),#13638,.F.);
#13660=CARTESIAN_POINT('',(6.849593270859E0,1.349243459677E0,
-9.893449050845E-1));
#13661=DIRECTION('',(1.E0,0.E0,0.E0));
#13662=DIRECTION('',(0.E0,1.E0,0.E0));
#13663=AXIS2_PLACEMENT_3D('',#13660,#13661,#13662);
#13664=CYLINDRICAL_SURFACE('',#13663,3.E-1);
#13665=ORIENTED_EDGE('',*,*,#8830,.T.);
#13667=ORIENTED_EDGE('',*,*,#13666,.T.);
#13669=ORIENTED_EDGE('',*,*,#13668,.T.);
#13670=ORIENTED_EDGE('',*,*,#13625,.F.);
#13671=EDGE_LOOP('',(#13665,#13667,#13669,#13670));
#13672=FACE_OUTER_BOUND('',#13671,.F.);
#13673=ADVANCED_FACE('',(#13672),#13664,.T.);
#13674=CARTESIAN_POINT('',(7.045E0,1.06E0,-2.8E0));
#13675=DIRECTION('',(1.E0,0.E0,0.E0));
#13676=DIRECTION('',(0.E0,1.E0,0.E0));
#13677=AXIS2_PLACEMENT_3D('',#13674,#13675,#13676);
#13678=PLANE('',#13677);
#13679=ORIENTED_EDGE('',*,*,#8828,.F.);
#13681=ORIENTED_EDGE('',*,*,#13680,.F.);
#13683=ORIENTED_EDGE('',*,*,#13682,.F.);
#13684=ORIENTED_EDGE('',*,*,#13666,.F.);
#13685=EDGE_LOOP('',(#13679,#13681,#13683,#13684));
#13686=FACE_OUTER_BOUND('',#13685,.F.);
#13687=ADVANCED_FACE('',(#13686),#13678,.T.);
#13688=CARTESIAN_POINT('',(7.045E0,1.06E0,-2.8E0));
#13689=DIRECTION('',(1.E0,0.E0,0.E0));
#13690=DIRECTION('',(0.E0,1.E0,0.E0));
#13691=AXIS2_PLACEMENT_3D('',#13688,#13689,#13690);
#13692=PLANE('',#13691);
#13693=ORIENTED_EDGE('',*,*,#9601,.F.);
#13694=ORIENTED_EDGE('',*,*,#13607,.T.);
#13696=ORIENTED_EDGE('',*,*,#13695,.T.);
#13698=ORIENTED_EDGE('',*,*,#13697,.F.);
#13700=ORIENTED_EDGE('',*,*,#13699,.F.);
#13702=ORIENTED_EDGE('',*,*,#13701,.T.);
#13704=ORIENTED_EDGE('',*,*,#13703,.F.);
#13706=ORIENTED_EDGE('',*,*,#13705,.F.);
#13708=ORIENTED_EDGE('',*,*,#13707,.T.);
#13710=ORIENTED_EDGE('',*,*,#13709,.F.);
#13711=EDGE_LOOP('',(#13693,#13694,#13696,#13698,#13700,#13702,#13704,#13706,
#13708,#13710));
#13712=FACE_OUTER_BOUND('',#13711,.F.);
#13713=ADVANCED_FACE('',(#13712),#13692,.T.);
#13714=CARTESIAN_POINT('',(6.95E0,1.128400759486E0,-2.020110536160E0));
#13715=DIRECTION('',(0.E0,9.985927540074E-1,5.303311836814E-2));
#13716=DIRECTION('',(0.E0,5.303311836814E-2,-9.985927540074E-1));
#13717=AXIS2_PLACEMENT_3D('',#13714,#13715,#13716);
#13718=PLANE('',#13717);
#13719=ORIENTED_EDGE('',*,*,#8826,.T.);
#13720=ORIENTED_EDGE('',*,*,#13629,.F.);
#13722=ORIENTED_EDGE('',*,*,#13721,.F.);
#13723=ORIENTED_EDGE('',*,*,#13680,.T.);
#13724=EDGE_LOOP('',(#13719,#13720,#13722,#13723));
#13725=FACE_OUTER_BOUND('',#13724,.F.);
#13726=ADVANCED_FACE('',(#13725),#13718,.F.);
#13727=CARTESIAN_POINT('',(6.95E0,1.072671389431E0,-8.725951488022E-1));
#13728=DIRECTION('',(0.E0,9.063077870423E-1,-4.226182617286E-1));
#13729=DIRECTION('',(0.E0,-4.226182617286E-1,-9.063077870423E-1));
#13730=AXIS2_PLACEMENT_3D('',#13727,#13728,#13729);
#13731=PLANE('',#13730);
#13732=ORIENTED_EDGE('',*,*,#13721,.T.);
#13733=ORIENTED_EDGE('',*,*,#13627,.F.);
#13734=ORIENTED_EDGE('',*,*,#13668,.F.);
#13735=ORIENTED_EDGE('',*,*,#13682,.T.);
#13736=EDGE_LOOP('',(#13732,#13733,#13734,#13735));
#13737=FACE_OUTER_BOUND('',#13736,.F.);
#13738=ADVANCED_FACE('',(#13737),#13731,.F.);
#13739=CARTESIAN_POINT('',(6.95E0,1.611315326090E0,-4.09E0));
#13740=DIRECTION('',(0.E0,0.E0,1.E0));
#13741=DIRECTION('',(0.E0,-1.E0,0.E0));
#13742=AXIS2_PLACEMENT_3D('',#13739,#13740,#13741);
#13743=PLANE('',#13742);
#13744=ORIENTED_EDGE('',*,*,#13605,.F.);
#13745=ORIENTED_EDGE('',*,*,#13654,.F.);
#13747=ORIENTED_EDGE('',*,*,#13746,.F.);
#13748=ORIENTED_EDGE('',*,*,#13695,.F.);
#13749=EDGE_LOOP('',(#13744,#13745,#13747,#13748));
#13750=FACE_OUTER_BOUND('',#13749,.F.);
#13751=ADVANCED_FACE('',(#13750),#13743,.T.);
#13752=CARTESIAN_POINT('',(7.050406729141E0,1.732653242109E0,-4.19E0));
#13753=DIRECTION('',(-1.E0,0.E0,0.E0));
#13754=DIRECTION('',(0.E0,0.E0,1.E0));
#13755=AXIS2_PLACEMENT_3D('',#13752,#13753,#13754);
#13756=CYLINDRICAL_SURFACE('',#13755,1.E-1);
#13757=ORIENTED_EDGE('',*,*,#13652,.F.);
#13759=ORIENTED_EDGE('',*,*,#13758,.T.);
#13760=ORIENTED_EDGE('',*,*,#13697,.T.);
#13761=ORIENTED_EDGE('',*,*,#13746,.T.);
#13762=EDGE_LOOP('',(#13757,#13759,#13760,#13761));
#13763=FACE_OUTER_BOUND('',#13762,.F.);
#13764=ADVANCED_FACE('',(#13763),#13756,.T.);
#13765=CARTESIAN_POINT('',(6.95E0,1.851258097792E0,-4.542383202188E0));
#13766=DIRECTION('',(0.E0,9.986295347546E-1,5.233595624309E-2));
#13767=DIRECTION('',(0.E0,-5.233595624309E-2,9.986295347546E-1));
#13768=AXIS2_PLACEMENT_3D('',#13765,#13766,#13767);
#13769=PLANE('',#13768);
#13770=ORIENTED_EDGE('',*,*,#13758,.F.);
#13771=ORIENTED_EDGE('',*,*,#13650,.F.);
#13773=ORIENTED_EDGE('',*,*,#13772,.F.);
#13774=ORIENTED_EDGE('',*,*,#13699,.T.);
#13775=EDGE_LOOP('',(#13770,#13771,#13773,#13774));
#13776=FACE_OUTER_BOUND('',#13775,.F.);
#13777=ADVANCED_FACE('',(#13776),#13769,.T.);
#13778=CARTESIAN_POINT('',(6.95E0,1.77E0,-4.9E0));
#13779=DIRECTION('',(0.E0,0.E0,1.E0));
#13780=DIRECTION('',(0.E0,1.E0,0.E0));
#13781=AXIS2_PLACEMENT_3D('',#13778,#13779,#13780);
#13782=PLANE('',#13781);
#13783=ORIENTED_EDGE('',*,*,#13648,.F.);
#13785=ORIENTED_EDGE('',*,*,#13784,.F.);
#13786=ORIENTED_EDGE('',*,*,#13701,.F.);
#13787=ORIENTED_EDGE('',*,*,#13772,.T.);
#13788=EDGE_LOOP('',(#13783,#13785,#13786,#13787));
#13789=FACE_OUTER_BOUND('',#13788,.F.);
#13790=ADVANCED_FACE('',(#13789),#13782,.F.);
#13791=CARTESIAN_POINT('',(6.95E0,1.659381303582E0,-4.697383202188E0));
#13792=DIRECTION('',(0.E0,9.986295347546E-1,5.233595624285E-2));
#13793=DIRECTION('',(0.E0,5.233595624285E-2,-9.986295347546E-1));
#13794=AXIS2_PLACEMENT_3D('',#13791,#13792,#13793);
#13795=PLANE('',#13794);
#13797=ORIENTED_EDGE('',*,*,#13796,.T.);
#13798=ORIENTED_EDGE('',*,*,#13703,.T.);
#13799=ORIENTED_EDGE('',*,*,#13784,.T.);
#13800=ORIENTED_EDGE('',*,*,#13646,.F.);
#13801=EDGE_LOOP('',(#13797,#13798,#13799,#13800));
#13802=FACE_OUTER_BOUND('',#13801,.F.);
#13803=ADVANCED_FACE('',(#13802),#13795,.F.);
#13804=CARTESIAN_POINT('',(6.849593270859E0,1.548899653687E0,-4.5E0));
#13805=DIRECTION('',(1.E0,0.E0,0.E0));
#13806=DIRECTION('',(0.E0,9.986295347547E-1,5.233595624025E-2));
#13807=AXIS2_PLACEMENT_3D('',#13804,#13805,#13806);
#13808=CYLINDRICAL_SURFACE('',#13807,9.999999999953E-2);
#13809=ORIENTED_EDGE('',*,*,#13796,.F.);
#13810=ORIENTED_EDGE('',*,*,#13644,.F.);
#13812=ORIENTED_EDGE('',*,*,#13811,.F.);
#13813=ORIENTED_EDGE('',*,*,#13705,.T.);
#13814=EDGE_LOOP('',(#13809,#13810,#13812,#13813));
#13815=FACE_OUTER_BOUND('',#13814,.F.);
#13816=ADVANCED_FACE('',(#13815),#13808,.F.);
#13817=CARTESIAN_POINT('',(6.95E0,1.124449826844E0,-4.4E0));
#13818=DIRECTION('',(0.E0,0.E0,1.E0));
#13819=DIRECTION('',(0.E0,1.E0,0.E0));
#13820=AXIS2_PLACEMENT_3D('',#13817,#13818,#13819);
#13821=PLANE('',#13820);
#13823=ORIENTED_EDGE('',*,*,#13822,.F.);
#13824=ORIENTED_EDGE('',*,*,#13707,.F.);
#13825=ORIENTED_EDGE('',*,*,#13811,.T.);
#13826=ORIENTED_EDGE('',*,*,#13642,.F.);
#13827=EDGE_LOOP('',(#13823,#13824,#13825,#13826));
#13828=FACE_OUTER_BOUND('',#13827,.F.);
#13829=ADVANCED_FACE('',(#13828),#13821,.F.);
#13830=CARTESIAN_POINT('',(6.95E0,4.75E-1,-4.3E0));
#13831=DIRECTION('',(0.E0,4.061384660534E-1,9.138115486203E-1));
#13832=DIRECTION('',(0.E0,-9.138115486203E-1,4.061384660534E-1));
#13833=AXIS2_PLACEMENT_3D('',#13830,#13831,#13832);
#13834=PLANE('',#13833);
#13835=ORIENTED_EDGE('',*,*,#9603,.F.);
#13836=ORIENTED_EDGE('',*,*,#13709,.T.);
#13837=ORIENTED_EDGE('',*,*,#13822,.T.);
#13838=ORIENTED_EDGE('',*,*,#13640,.F.);
#13839=EDGE_LOOP('',(#13835,#13836,#13837,#13838));
#13840=FACE_OUTER_BOUND('',#13839,.F.);
#13841=ADVANCED_FACE('',(#13840),#13834,.F.);
#13842=CARTESIAN_POINT('',(6.95E0,1.72E0,-3.5E0));
#13843=DIRECTION('',(0.E0,0.E0,1.E0));
#13844=DIRECTION('',(0.E0,-1.E0,0.E0));
#13845=AXIS2_PLACEMENT_3D('',#13842,#13843,#13844);
#13846=PLANE('',#13845);
#13847=ORIENTED_EDGE('',*,*,#13611,.T.);
#13848=ORIENTED_EDGE('',*,*,#13593,.F.);
#13849=ORIENTED_EDGE('',*,*,#9060,.T.);
#13851=ORIENTED_EDGE('',*,*,#13850,.T.);
#13852=EDGE_LOOP('',(#13847,#13848,#13849,#13851));
#13853=FACE_OUTER_BOUND('',#13852,.F.);
#13854=ADVANCED_FACE('',(#13853),#13846,.F.);
#13855=CARTESIAN_POINT('',(6.845E0,1.72E0,-3.85E0));
#13856=DIRECTION('',(1.E0,0.E0,0.E0));
#13857=DIRECTION('',(0.E0,0.E0,-1.E0));
#13858=AXIS2_PLACEMENT_3D('',#13855,#13856,#13857);
#13859=PLANE('',#13858);
#13860=ORIENTED_EDGE('',*,*,#13613,.F.);
#13861=ORIENTED_EDGE('',*,*,#13850,.F.);
#13862=ORIENTED_EDGE('',*,*,#9058,.F.);
#13863=ORIENTED_EDGE('',*,*,#9609,.F.);
#13864=EDGE_LOOP('',(#13860,#13861,#13862,#13863));
#13865=FACE_OUTER_BOUND('',#13864,.F.);
#13866=ADVANCED_FACE('',(#13865),#13859,.T.);
#13867=CARTESIAN_POINT('',(6.555E0,1.72E0,-3.85E0));
#13868=DIRECTION('',(1.E0,0.E0,0.E0));
#13869=DIRECTION('',(0.E0,0.E0,-1.E0));
#13870=AXIS2_PLACEMENT_3D('',#13867,#13868,#13869);
#13871=PLANE('',#13870);
#13873=ORIENTED_EDGE('',*,*,#13872,.T.);
#13874=ORIENTED_EDGE('',*,*,#9612,.T.);
#13875=ORIENTED_EDGE('',*,*,#9054,.T.);
#13877=ORIENTED_EDGE('',*,*,#13876,.T.);
#13878=EDGE_LOOP('',(#13873,#13874,#13875,#13877));
#13879=FACE_OUTER_BOUND('',#13878,.F.);
#13880=ADVANCED_FACE('',(#13879),#13871,.F.);
#13881=CARTESIAN_POINT('',(6.45E0,1.62E0,-3.85E0));
#13882=DIRECTION('',(0.E0,1.E0,0.E0));
#13883=DIRECTION('',(0.E0,0.E0,1.E0));
#13884=AXIS2_PLACEMENT_3D('',#13881,#13882,#13883);
#13885=PLANE('',#13884);
#13887=ORIENTED_EDGE('',*,*,#13886,.T.);
#13889=ORIENTED_EDGE('',*,*,#13888,.T.);
#13891=ORIENTED_EDGE('',*,*,#13890,.F.);
#13892=ORIENTED_EDGE('',*,*,#9614,.F.);
#13893=ORIENTED_EDGE('',*,*,#13872,.F.);
#13895=ORIENTED_EDGE('',*,*,#13894,.F.);
#13897=ORIENTED_EDGE('',*,*,#13896,.T.);
#13898=ORIENTED_EDGE('',*,*,#9622,.F.);
#13899=EDGE_LOOP('',(#13887,#13889,#13891,#13892,#13893,#13895,#13897,#13898));
#13900=FACE_OUTER_BOUND('',#13899,.F.);
#13901=ADVANCED_FACE('',(#13900),#13885,.T.);
#13902=CARTESIAN_POINT('',(6.355E0,1.06E0,-2.8E0));
#13903=DIRECTION('',(1.E0,0.E0,0.E0));
#13904=DIRECTION('',(0.E0,1.E0,0.E0));
#13905=AXIS2_PLACEMENT_3D('',#13902,#13903,#13904);
#13906=PLANE('',#13905);
#13907=ORIENTED_EDGE('',*,*,#8834,.T.);
#13909=ORIENTED_EDGE('',*,*,#13908,.T.);
#13911=ORIENTED_EDGE('',*,*,#13910,.T.);
#13913=ORIENTED_EDGE('',*,*,#13912,.T.);
#13914=EDGE_LOOP('',(#13907,#13909,#13911,#13913));
#13915=FACE_OUTER_BOUND('',#13914,.F.);
#13916=ADVANCED_FACE('',(#13915),#13906,.F.);
#13917=CARTESIAN_POINT('',(6.355E0,1.06E0,-2.8E0));
#13918=DIRECTION('',(1.E0,0.E0,0.E0));
#13919=DIRECTION('',(0.E0,1.E0,0.E0));
#13920=AXIS2_PLACEMENT_3D('',#13917,#13918,#13919);
#13921=PLANE('',#13920);
#13922=ORIENTED_EDGE('',*,*,#9620,.T.);
#13924=ORIENTED_EDGE('',*,*,#13923,.T.);
#13926=ORIENTED_EDGE('',*,*,#13925,.T.);
#13928=ORIENTED_EDGE('',*,*,#13927,.T.);
#13930=ORIENTED_EDGE('',*,*,#13929,.T.);
#13932=ORIENTED_EDGE('',*,*,#13931,.T.);
#13934=ORIENTED_EDGE('',*,*,#13933,.T.);
#13936=ORIENTED_EDGE('',*,*,#13935,.T.);
#13938=ORIENTED_EDGE('',*,*,#13937,.T.);
#13939=ORIENTED_EDGE('',*,*,#13886,.F.);
#13940=EDGE_LOOP('',(#13922,#13924,#13926,#13928,#13930,#13932,#13934,#13936,
#13938,#13939));
#13941=FACE_OUTER_BOUND('',#13940,.F.);
#13942=ADVANCED_FACE('',(#13941),#13921,.F.);
#13943=CARTESIAN_POINT('',(6.349593270859E0,1.349243459677E0,
-9.893449050845E-1));
#13944=DIRECTION('',(1.E0,0.E0,0.E0));
#13945=DIRECTION('',(0.E0,1.E0,0.E0));
#13946=AXIS2_PLACEMENT_3D('',#13943,#13944,#13945);
#13947=CYLINDRICAL_SURFACE('',#13946,3.E-1);
#13948=ORIENTED_EDGE('',*,*,#8840,.T.);
#13950=ORIENTED_EDGE('',*,*,#13949,.T.);
#13952=ORIENTED_EDGE('',*,*,#13951,.T.);
#13953=ORIENTED_EDGE('',*,*,#13908,.F.);
#13954=EDGE_LOOP('',(#13948,#13950,#13952,#13953));
#13955=FACE_OUTER_BOUND('',#13954,.F.);
#13956=ADVANCED_FACE('',(#13955),#13947,.T.);
#13957=CARTESIAN_POINT('',(6.545E0,1.06E0,-2.8E0));
#13958=DIRECTION('',(1.E0,0.E0,0.E0));
#13959=DIRECTION('',(0.E0,1.E0,0.E0));
#13960=AXIS2_PLACEMENT_3D('',#13957,#13958,#13959);
#13961=PLANE('',#13960);
#13962=ORIENTED_EDGE('',*,*,#8838,.F.);
#13964=ORIENTED_EDGE('',*,*,#13963,.F.);
#13966=ORIENTED_EDGE('',*,*,#13965,.F.);
#13967=ORIENTED_EDGE('',*,*,#13949,.F.);
#13968=EDGE_LOOP('',(#13962,#13964,#13966,#13967));
#13969=FACE_OUTER_BOUND('',#13968,.F.);
#13970=ADVANCED_FACE('',(#13969),#13961,.T.);
#13971=CARTESIAN_POINT('',(6.545E0,1.06E0,-2.8E0));
#13972=DIRECTION('',(1.E0,0.E0,0.E0));
#13973=DIRECTION('',(0.E0,1.E0,0.E0));
#13974=AXIS2_PLACEMENT_3D('',#13971,#13972,#13973);
#13975=PLANE('',#13974);
#13976=ORIENTED_EDGE('',*,*,#9616,.F.);
#13977=ORIENTED_EDGE('',*,*,#13890,.T.);
#13979=ORIENTED_EDGE('',*,*,#13978,.T.);
#13981=ORIENTED_EDGE('',*,*,#13980,.F.);
#13983=ORIENTED_EDGE('',*,*,#13982,.F.);
#13985=ORIENTED_EDGE('',*,*,#13984,.T.);
#13987=ORIENTED_EDGE('',*,*,#13986,.F.);
#13989=ORIENTED_EDGE('',*,*,#13988,.F.);
#13991=ORIENTED_EDGE('',*,*,#13990,.T.);
#13993=ORIENTED_EDGE('',*,*,#13992,.F.);
#13994=EDGE_LOOP('',(#13976,#13977,#13979,#13981,#13983,#13985,#13987,#13989,
#13991,#13993));
#13995=FACE_OUTER_BOUND('',#13994,.F.);
#13996=ADVANCED_FACE('',(#13995),#13975,.T.);
#13997=CARTESIAN_POINT('',(6.45E0,1.128400759486E0,-2.020110536160E0));
#13998=DIRECTION('',(0.E0,9.985927540074E-1,5.303311836814E-2));
#13999=DIRECTION('',(0.E0,5.303311836814E-2,-9.985927540074E-1));
#14000=AXIS2_PLACEMENT_3D('',#13997,#13998,#13999);
#14001=PLANE('',#14000);
#14002=ORIENTED_EDGE('',*,*,#8836,.T.);
#14003=ORIENTED_EDGE('',*,*,#13912,.F.);
#14005=ORIENTED_EDGE('',*,*,#14004,.F.);
#14006=ORIENTED_EDGE('',*,*,#13963,.T.);
#14007=EDGE_LOOP('',(#14002,#14003,#14005,#14006));
#14008=FACE_OUTER_BOUND('',#14007,.F.);
#14009=ADVANCED_FACE('',(#14008),#14001,.F.);
#14010=CARTESIAN_POINT('',(6.45E0,1.072671389431E0,-8.725951488022E-1));
#14011=DIRECTION('',(0.E0,9.063077870423E-1,-4.226182617286E-1));
#14012=DIRECTION('',(0.E0,-4.226182617286E-1,-9.063077870423E-1));
#14013=AXIS2_PLACEMENT_3D('',#14010,#14011,#14012);
#14014=PLANE('',#14013);
#14015=ORIENTED_EDGE('',*,*,#14004,.T.);
#14016=ORIENTED_EDGE('',*,*,#13910,.F.);
#14017=ORIENTED_EDGE('',*,*,#13951,.F.);
#14018=ORIENTED_EDGE('',*,*,#13965,.T.);
#14019=EDGE_LOOP('',(#14015,#14016,#14017,#14018));
#14020=FACE_OUTER_BOUND('',#14019,.F.);
#14021=ADVANCED_FACE('',(#14020),#14014,.F.);
#14022=CARTESIAN_POINT('',(6.45E0,1.611315326090E0,-4.09E0));
#14023=DIRECTION('',(0.E0,0.E0,1.E0));
#14024=DIRECTION('',(0.E0,-1.E0,0.E0));
#14025=AXIS2_PLACEMENT_3D('',#14022,#14023,#14024);
#14026=PLANE('',#14025);
#14027=ORIENTED_EDGE('',*,*,#13888,.F.);
#14028=ORIENTED_EDGE('',*,*,#13937,.F.);
#14030=ORIENTED_EDGE('',*,*,#14029,.F.);
#14031=ORIENTED_EDGE('',*,*,#13978,.F.);
#14032=EDGE_LOOP('',(#14027,#14028,#14030,#14031));
#14033=FACE_OUTER_BOUND('',#14032,.F.);
#14034=ADVANCED_FACE('',(#14033),#14026,.T.);
#14035=CARTESIAN_POINT('',(6.550406729141E0,1.732653242109E0,-4.19E0));
#14036=DIRECTION('',(-1.E0,0.E0,0.E0));
#14037=DIRECTION('',(0.E0,0.E0,1.E0));
#14038=AXIS2_PLACEMENT_3D('',#14035,#14036,#14037);
#14039=CYLINDRICAL_SURFACE('',#14038,1.E-1);
#14040=ORIENTED_EDGE('',*,*,#13935,.F.);
#14042=ORIENTED_EDGE('',*,*,#14041,.T.);
#14043=ORIENTED_EDGE('',*,*,#13980,.T.);
#14044=ORIENTED_EDGE('',*,*,#14029,.T.);
#14045=EDGE_LOOP('',(#14040,#14042,#14043,#14044));
#14046=FACE_OUTER_BOUND('',#14045,.F.);
#14047=ADVANCED_FACE('',(#14046),#14039,.T.);
#14048=CARTESIAN_POINT('',(6.45E0,1.851258097792E0,-4.542383202188E0));
#14049=DIRECTION('',(0.E0,9.986295347546E-1,5.233595624309E-2));
#14050=DIRECTION('',(0.E0,-5.233595624309E-2,9.986295347546E-1));
#14051=AXIS2_PLACEMENT_3D('',#14048,#14049,#14050);
#14052=PLANE('',#14051);
#14053=ORIENTED_EDGE('',*,*,#14041,.F.);
#14054=ORIENTED_EDGE('',*,*,#13933,.F.);
#14056=ORIENTED_EDGE('',*,*,#14055,.F.);
#14057=ORIENTED_EDGE('',*,*,#13982,.T.);
#14058=EDGE_LOOP('',(#14053,#14054,#14056,#14057));
#14059=FACE_OUTER_BOUND('',#14058,.F.);
#14060=ADVANCED_FACE('',(#14059),#14052,.T.);
#14061=CARTESIAN_POINT('',(6.45E0,1.77E0,-4.9E0));
#14062=DIRECTION('',(0.E0,0.E0,1.E0));
#14063=DIRECTION('',(0.E0,1.E0,0.E0));
#14064=AXIS2_PLACEMENT_3D('',#14061,#14062,#14063);
#14065=PLANE('',#14064);
#14066=ORIENTED_EDGE('',*,*,#13931,.F.);
#14068=ORIENTED_EDGE('',*,*,#14067,.F.);
#14069=ORIENTED_EDGE('',*,*,#13984,.F.);
#14070=ORIENTED_EDGE('',*,*,#14055,.T.);
#14071=EDGE_LOOP('',(#14066,#14068,#14069,#14070));
#14072=FACE_OUTER_BOUND('',#14071,.F.);
#14073=ADVANCED_FACE('',(#14072),#14065,.F.);
#14074=CARTESIAN_POINT('',(6.45E0,1.659381303582E0,-4.697383202188E0));
#14075=DIRECTION('',(0.E0,9.986295347546E-1,5.233595624285E-2));
#14076=DIRECTION('',(0.E0,5.233595624285E-2,-9.986295347546E-1));
#14077=AXIS2_PLACEMENT_3D('',#14074,#14075,#14076);
#14078=PLANE('',#14077);
#14080=ORIENTED_EDGE('',*,*,#14079,.T.);
#14081=ORIENTED_EDGE('',*,*,#13986,.T.);
#14082=ORIENTED_EDGE('',*,*,#14067,.T.);
#14083=ORIENTED_EDGE('',*,*,#13929,.F.);
#14084=EDGE_LOOP('',(#14080,#14081,#14082,#14083));
#14085=FACE_OUTER_BOUND('',#14084,.F.);
#14086=ADVANCED_FACE('',(#14085),#14078,.F.);
#14087=CARTESIAN_POINT('',(6.349593270859E0,1.548899653687E0,-4.5E0));
#14088=DIRECTION('',(1.E0,0.E0,0.E0));
#14089=DIRECTION('',(0.E0,9.986295347547E-1,5.233595624025E-2));
#14090=AXIS2_PLACEMENT_3D('',#14087,#14088,#14089);
#14091=CYLINDRICAL_SURFACE('',#14090,9.999999999953E-2);
#14092=ORIENTED_EDGE('',*,*,#14079,.F.);
#14093=ORIENTED_EDGE('',*,*,#13927,.F.);
#14095=ORIENTED_EDGE('',*,*,#14094,.F.);
#14096=ORIENTED_EDGE('',*,*,#13988,.T.);
#14097=EDGE_LOOP('',(#14092,#14093,#14095,#14096));
#14098=FACE_OUTER_BOUND('',#14097,.F.);
#14099=ADVANCED_FACE('',(#14098),#14091,.F.);
#14100=CARTESIAN_POINT('',(6.45E0,1.124449826844E0,-4.4E0));
#14101=DIRECTION('',(0.E0,0.E0,1.E0));
#14102=DIRECTION('',(0.E0,1.E0,0.E0));
#14103=AXIS2_PLACEMENT_3D('',#14100,#14101,#14102);
#14104=PLANE('',#14103);
#14106=ORIENTED_EDGE('',*,*,#14105,.F.);
#14107=ORIENTED_EDGE('',*,*,#13990,.F.);
#14108=ORIENTED_EDGE('',*,*,#14094,.T.);
#14109=ORIENTED_EDGE('',*,*,#13925,.F.);
#14110=EDGE_LOOP('',(#14106,#14107,#14108,#14109));
#14111=FACE_OUTER_BOUND('',#14110,.F.);
#14112=ADVANCED_FACE('',(#14111),#14104,.F.);
#14113=CARTESIAN_POINT('',(6.45E0,4.75E-1,-4.3E0));
#14114=DIRECTION('',(0.E0,4.061384660534E-1,9.138115486203E-1));
#14115=DIRECTION('',(0.E0,-9.138115486203E-1,4.061384660534E-1));
#14116=AXIS2_PLACEMENT_3D('',#14113,#14114,#14115);
#14117=PLANE('',#14116);
#14118=ORIENTED_EDGE('',*,*,#9618,.F.);
#14119=ORIENTED_EDGE('',*,*,#13992,.T.);
#14120=ORIENTED_EDGE('',*,*,#14105,.T.);
#14121=ORIENTED_EDGE('',*,*,#13923,.F.);
#14122=EDGE_LOOP('',(#14118,#14119,#14120,#14121));
#14123=FACE_OUTER_BOUND('',#14122,.F.);
#14124=ADVANCED_FACE('',(#14123),#14117,.F.);
#14125=CARTESIAN_POINT('',(6.45E0,1.72E0,-3.5E0));
#14126=DIRECTION('',(0.E0,0.E0,1.E0));
#14127=DIRECTION('',(0.E0,-1.E0,0.E0));
#14128=AXIS2_PLACEMENT_3D('',#14125,#14126,#14127);
#14129=PLANE('',#14128);
#14130=ORIENTED_EDGE('',*,*,#13894,.T.);
#14131=ORIENTED_EDGE('',*,*,#13876,.F.);
#14132=ORIENTED_EDGE('',*,*,#9052,.T.);
#14134=ORIENTED_EDGE('',*,*,#14133,.T.);
#14135=EDGE_LOOP('',(#14130,#14131,#14132,#14134));
#14136=FACE_OUTER_BOUND('',#14135,.F.);
#14137=ADVANCED_FACE('',(#14136),#14129,.F.);
#14138=CARTESIAN_POINT('',(6.345E0,1.72E0,-3.85E0));
#14139=DIRECTION('',(1.E0,0.E0,0.E0));
#14140=DIRECTION('',(0.E0,0.E0,-1.E0));
#14141=AXIS2_PLACEMENT_3D('',#14138,#14139,#14140);
#14142=PLANE('',#14141);
#14143=ORIENTED_EDGE('',*,*,#13896,.F.);
#14144=ORIENTED_EDGE('',*,*,#14133,.F.);
#14145=ORIENTED_EDGE('',*,*,#9050,.F.);
#14146=ORIENTED_EDGE('',*,*,#9624,.F.);
#14147=EDGE_LOOP('',(#14143,#14144,#14145,#14146));
#14148=FACE_OUTER_BOUND('',#14147,.F.);
#14149=ADVANCED_FACE('',(#14148),#14142,.T.);
#14150=CARTESIAN_POINT('',(6.055E0,1.72E0,-3.85E0));
#14151=DIRECTION('',(1.E0,0.E0,0.E0));
#14152=DIRECTION('',(0.E0,0.E0,-1.E0));
#14153=AXIS2_PLACEMENT_3D('',#14150,#14151,#14152);
#14154=PLANE('',#14153);
#14156=ORIENTED_EDGE('',*,*,#14155,.T.);
#14157=ORIENTED_EDGE('',*,*,#9627,.T.);
#14158=ORIENTED_EDGE('',*,*,#9046,.T.);
#14160=ORIENTED_EDGE('',*,*,#14159,.T.);
#14161=EDGE_LOOP('',(#14156,#14157,#14158,#14160));
#14162=FACE_OUTER_BOUND('',#14161,.F.);
#14163=ADVANCED_FACE('',(#14162),#14154,.F.);
#14164=CARTESIAN_POINT('',(5.95E0,1.62E0,-3.85E0));
#14165=DIRECTION('',(0.E0,1.E0,0.E0));
#14166=DIRECTION('',(0.E0,0.E0,1.E0));
#14167=AXIS2_PLACEMENT_3D('',#14164,#14165,#14166);
#14168=PLANE('',#14167);
#14170=ORIENTED_EDGE('',*,*,#14169,.T.);
#14172=ORIENTED_EDGE('',*,*,#14171,.T.);
#14174=ORIENTED_EDGE('',*,*,#14173,.F.);
#14175=ORIENTED_EDGE('',*,*,#9629,.F.);
#14176=ORIENTED_EDGE('',*,*,#14155,.F.);
#14178=ORIENTED_EDGE('',*,*,#14177,.F.);
#14180=ORIENTED_EDGE('',*,*,#14179,.T.);
#14181=ORIENTED_EDGE('',*,*,#9637,.F.);
#14182=EDGE_LOOP('',(#14170,#14172,#14174,#14175,#14176,#14178,#14180,#14181));
#14183=FACE_OUTER_BOUND('',#14182,.F.);
#14184=ADVANCED_FACE('',(#14183),#14168,.T.);
#14185=CARTESIAN_POINT('',(5.855E0,1.06E0,-2.8E0));
#14186=DIRECTION('',(1.E0,0.E0,0.E0));
#14187=DIRECTION('',(0.E0,1.E0,0.E0));
#14188=AXIS2_PLACEMENT_3D('',#14185,#14186,#14187);
#14189=PLANE('',#14188);
#14190=ORIENTED_EDGE('',*,*,#8844,.T.);
#14192=ORIENTED_EDGE('',*,*,#14191,.T.);
#14194=ORIENTED_EDGE('',*,*,#14193,.T.);
#14196=ORIENTED_EDGE('',*,*,#14195,.T.);
#14197=EDGE_LOOP('',(#14190,#14192,#14194,#14196));
#14198=FACE_OUTER_BOUND('',#14197,.F.);
#14199=ADVANCED_FACE('',(#14198),#14189,.F.);
#14200=CARTESIAN_POINT('',(5.855E0,1.06E0,-2.8E0));
#14201=DIRECTION('',(1.E0,0.E0,0.E0));
#14202=DIRECTION('',(0.E0,1.E0,0.E0));
#14203=AXIS2_PLACEMENT_3D('',#14200,#14201,#14202);
#14204=PLANE('',#14203);
#14205=ORIENTED_EDGE('',*,*,#9635,.T.);
#14207=ORIENTED_EDGE('',*,*,#14206,.T.);
#14209=ORIENTED_EDGE('',*,*,#14208,.T.);
#14211=ORIENTED_EDGE('',*,*,#14210,.T.);
#14213=ORIENTED_EDGE('',*,*,#14212,.T.);
#14215=ORIENTED_EDGE('',*,*,#14214,.T.);
#14217=ORIENTED_EDGE('',*,*,#14216,.T.);
#14219=ORIENTED_EDGE('',*,*,#14218,.T.);
#14221=ORIENTED_EDGE('',*,*,#14220,.T.);
#14222=ORIENTED_EDGE('',*,*,#14169,.F.);
#14223=EDGE_LOOP('',(#14205,#14207,#14209,#14211,#14213,#14215,#14217,#14219,
#14221,#14222));
#14224=FACE_OUTER_BOUND('',#14223,.F.);
#14225=ADVANCED_FACE('',(#14224),#14204,.F.);
#14226=CARTESIAN_POINT('',(5.849593270859E0,1.349243459677E0,
-9.893449050845E-1));
#14227=DIRECTION('',(1.E0,0.E0,0.E0));
#14228=DIRECTION('',(0.E0,1.E0,0.E0));
#14229=AXIS2_PLACEMENT_3D('',#14226,#14227,#14228);
#14230=CYLINDRICAL_SURFACE('',#14229,3.E-1);
#14231=ORIENTED_EDGE('',*,*,#8850,.T.);
#14233=ORIENTED_EDGE('',*,*,#14232,.T.);
#14235=ORIENTED_EDGE('',*,*,#14234,.T.);
#14236=ORIENTED_EDGE('',*,*,#14191,.F.);
#14237=EDGE_LOOP('',(#14231,#14233,#14235,#14236));
#14238=FACE_OUTER_BOUND('',#14237,.F.);
#14239=ADVANCED_FACE('',(#14238),#14230,.T.);
#14240=CARTESIAN_POINT('',(6.045E0,1.06E0,-2.8E0));
#14241=DIRECTION('',(1.E0,0.E0,0.E0));
#14242=DIRECTION('',(0.E0,1.E0,0.E0));
#14243=AXIS2_PLACEMENT_3D('',#14240,#14241,#14242);
#14244=PLANE('',#14243);
#14245=ORIENTED_EDGE('',*,*,#8848,.F.);
#14247=ORIENTED_EDGE('',*,*,#14246,.F.);
#14249=ORIENTED_EDGE('',*,*,#14248,.F.);
#14250=ORIENTED_EDGE('',*,*,#14232,.F.);
#14251=EDGE_LOOP('',(#14245,#14247,#14249,#14250));
#14252=FACE_OUTER_BOUND('',#14251,.F.);
#14253=ADVANCED_FACE('',(#14252),#14244,.T.);
#14254=CARTESIAN_POINT('',(6.045E0,1.06E0,-2.8E0));
#14255=DIRECTION('',(1.E0,0.E0,0.E0));
#14256=DIRECTION('',(0.E0,1.E0,0.E0));
#14257=AXIS2_PLACEMENT_3D('',#14254,#14255,#14256);
#14258=PLANE('',#14257);
#14259=ORIENTED_EDGE('',*,*,#9631,.F.);
#14260=ORIENTED_EDGE('',*,*,#14173,.T.);
#14262=ORIENTED_EDGE('',*,*,#14261,.T.);
#14264=ORIENTED_EDGE('',*,*,#14263,.F.);
#14266=ORIENTED_EDGE('',*,*,#14265,.F.);
#14268=ORIENTED_EDGE('',*,*,#14267,.T.);
#14270=ORIENTED_EDGE('',*,*,#14269,.F.);
#14272=ORIENTED_EDGE('',*,*,#14271,.F.);
#14274=ORIENTED_EDGE('',*,*,#14273,.T.);
#14276=ORIENTED_EDGE('',*,*,#14275,.F.);
#14277=EDGE_LOOP('',(#14259,#14260,#14262,#14264,#14266,#14268,#14270,#14272,
#14274,#14276));
#14278=FACE_OUTER_BOUND('',#14277,.F.);
#14279=ADVANCED_FACE('',(#14278),#14258,.T.);
#14280=CARTESIAN_POINT('',(5.95E0,1.128400759486E0,-2.020110536160E0));
#14281=DIRECTION('',(0.E0,9.985927540074E-1,5.303311836814E-2));
#14282=DIRECTION('',(0.E0,5.303311836814E-2,-9.985927540074E-1));
#14283=AXIS2_PLACEMENT_3D('',#14280,#14281,#14282);
#14284=PLANE('',#14283);
#14285=ORIENTED_EDGE('',*,*,#8846,.T.);
#14286=ORIENTED_EDGE('',*,*,#14195,.F.);
#14288=ORIENTED_EDGE('',*,*,#14287,.F.);
#14289=ORIENTED_EDGE('',*,*,#14246,.T.);
#14290=EDGE_LOOP('',(#14285,#14286,#14288,#14289));
#14291=FACE_OUTER_BOUND('',#14290,.F.);
#14292=ADVANCED_FACE('',(#14291),#14284,.F.);
#14293=CARTESIAN_POINT('',(5.95E0,1.072671389431E0,-8.725951488022E-1));
#14294=DIRECTION('',(0.E0,9.063077870423E-1,-4.226182617286E-1));
#14295=DIRECTION('',(0.E0,-4.226182617286E-1,-9.063077870423E-1));
#14296=AXIS2_PLACEMENT_3D('',#14293,#14294,#14295);
#14297=PLANE('',#14296);
#14298=ORIENTED_EDGE('',*,*,#14287,.T.);
#14299=ORIENTED_EDGE('',*,*,#14193,.F.);
#14300=ORIENTED_EDGE('',*,*,#14234,.F.);
#14301=ORIENTED_EDGE('',*,*,#14248,.T.);
#14302=EDGE_LOOP('',(#14298,#14299,#14300,#14301));
#14303=FACE_OUTER_BOUND('',#14302,.F.);
#14304=ADVANCED_FACE('',(#14303),#14297,.F.);
#14305=CARTESIAN_POINT('',(5.95E0,1.611315326090E0,-4.09E0));
#14306=DIRECTION('',(0.E0,0.E0,1.E0));
#14307=DIRECTION('',(0.E0,-1.E0,0.E0));
#14308=AXIS2_PLACEMENT_3D('',#14305,#14306,#14307);
#14309=PLANE('',#14308);
#14310=ORIENTED_EDGE('',*,*,#14171,.F.);
#14311=ORIENTED_EDGE('',*,*,#14220,.F.);
#14313=ORIENTED_EDGE('',*,*,#14312,.F.);
#14314=ORIENTED_EDGE('',*,*,#14261,.F.);
#14315=EDGE_LOOP('',(#14310,#14311,#14313,#14314));
#14316=FACE_OUTER_BOUND('',#14315,.F.);
#14317=ADVANCED_FACE('',(#14316),#14309,.T.);
#14318=CARTESIAN_POINT('',(6.050406729141E0,1.732653242109E0,-4.19E0));
#14319=DIRECTION('',(-1.E0,0.E0,0.E0));
#14320=DIRECTION('',(0.E0,0.E0,1.E0));
#14321=AXIS2_PLACEMENT_3D('',#14318,#14319,#14320);
#14322=CYLINDRICAL_SURFACE('',#14321,1.E-1);
#14323=ORIENTED_EDGE('',*,*,#14218,.F.);
#14325=ORIENTED_EDGE('',*,*,#14324,.T.);
#14326=ORIENTED_EDGE('',*,*,#14263,.T.);
#14327=ORIENTED_EDGE('',*,*,#14312,.T.);
#14328=EDGE_LOOP('',(#14323,#14325,#14326,#14327));
#14329=FACE_OUTER_BOUND('',#14328,.F.);
#14330=ADVANCED_FACE('',(#14329),#14322,.T.);
#14331=CARTESIAN_POINT('',(5.95E0,1.851258097792E0,-4.542383202188E0));
#14332=DIRECTION('',(0.E0,9.986295347546E-1,5.233595624309E-2));
#14333=DIRECTION('',(0.E0,-5.233595624309E-2,9.986295347546E-1));
#14334=AXIS2_PLACEMENT_3D('',#14331,#14332,#14333);
#14335=PLANE('',#14334);
#14336=ORIENTED_EDGE('',*,*,#14324,.F.);
#14337=ORIENTED_EDGE('',*,*,#14216,.F.);
#14339=ORIENTED_EDGE('',*,*,#14338,.F.);
#14340=ORIENTED_EDGE('',*,*,#14265,.T.);
#14341=EDGE_LOOP('',(#14336,#14337,#14339,#14340));
#14342=FACE_OUTER_BOUND('',#14341,.F.);
#14343=ADVANCED_FACE('',(#14342),#14335,.T.);
#14344=CARTESIAN_POINT('',(5.95E0,1.77E0,-4.9E0));
#14345=DIRECTION('',(0.E0,0.E0,1.E0));
#14346=DIRECTION('',(0.E0,1.E0,0.E0));
#14347=AXIS2_PLACEMENT_3D('',#14344,#14345,#14346);
#14348=PLANE('',#14347);
#14349=ORIENTED_EDGE('',*,*,#14214,.F.);
#14351=ORIENTED_EDGE('',*,*,#14350,.F.);
#14352=ORIENTED_EDGE('',*,*,#14267,.F.);
#14353=ORIENTED_EDGE('',*,*,#14338,.T.);
#14354=EDGE_LOOP('',(#14349,#14351,#14352,#14353));
#14355=FACE_OUTER_BOUND('',#14354,.F.);
#14356=ADVANCED_FACE('',(#14355),#14348,.F.);
#14357=CARTESIAN_POINT('',(5.95E0,1.659381303582E0,-4.697383202188E0));
#14358=DIRECTION('',(0.E0,9.986295347546E-1,5.233595624285E-2));
#14359=DIRECTION('',(0.E0,5.233595624285E-2,-9.986295347546E-1));
#14360=AXIS2_PLACEMENT_3D('',#14357,#14358,#14359);
#14361=PLANE('',#14360);
#14363=ORIENTED_EDGE('',*,*,#14362,.T.);
#14364=ORIENTED_EDGE('',*,*,#14269,.T.);
#14365=ORIENTED_EDGE('',*,*,#14350,.T.);
#14366=ORIENTED_EDGE('',*,*,#14212,.F.);
#14367=EDGE_LOOP('',(#14363,#14364,#14365,#14366));
#14368=FACE_OUTER_BOUND('',#14367,.F.);
#14369=ADVANCED_FACE('',(#14368),#14361,.F.);
#14370=CARTESIAN_POINT('',(5.849593270859E0,1.548899653687E0,-4.5E0));
#14371=DIRECTION('',(1.E0,0.E0,0.E0));
#14372=DIRECTION('',(0.E0,9.986295347547E-1,5.233595624025E-2));
#14373=AXIS2_PLACEMENT_3D('',#14370,#14371,#14372);
#14374=CYLINDRICAL_SURFACE('',#14373,9.999999999953E-2);
#14375=ORIENTED_EDGE('',*,*,#14362,.F.);
#14376=ORIENTED_EDGE('',*,*,#14210,.F.);
#14378=ORIENTED_EDGE('',*,*,#14377,.F.);
#14379=ORIENTED_EDGE('',*,*,#14271,.T.);
#14380=EDGE_LOOP('',(#14375,#14376,#14378,#14379));
#14381=FACE_OUTER_BOUND('',#14380,.F.);
#14382=ADVANCED_FACE('',(#14381),#14374,.F.);
#14383=CARTESIAN_POINT('',(5.95E0,1.124449826844E0,-4.4E0));
#14384=DIRECTION('',(0.E0,0.E0,1.E0));
#14385=DIRECTION('',(0.E0,1.E0,0.E0));
#14386=AXIS2_PLACEMENT_3D('',#14383,#14384,#14385);
#14387=PLANE('',#14386);
#14389=ORIENTED_EDGE('',*,*,#14388,.F.);
#14390=ORIENTED_EDGE('',*,*,#14273,.F.);
#14391=ORIENTED_EDGE('',*,*,#14377,.T.);
#14392=ORIENTED_EDGE('',*,*,#14208,.F.);
#14393=EDGE_LOOP('',(#14389,#14390,#14391,#14392));
#14394=FACE_OUTER_BOUND('',#14393,.F.);
#14395=ADVANCED_FACE('',(#14394),#14387,.F.);
#14396=CARTESIAN_POINT('',(5.95E0,4.75E-1,-4.3E0));
#14397=DIRECTION('',(0.E0,4.061384660534E-1,9.138115486203E-1));
#14398=DIRECTION('',(0.E0,-9.138115486203E-1,4.061384660534E-1));
#14399=AXIS2_PLACEMENT_3D('',#14396,#14397,#14398);
#14400=PLANE('',#14399);
#14401=ORIENTED_EDGE('',*,*,#9633,.F.);
#14402=ORIENTED_EDGE('',*,*,#14275,.T.);
#14403=ORIENTED_EDGE('',*,*,#14388,.T.);
#14404=ORIENTED_EDGE('',*,*,#14206,.F.);
#14405=EDGE_LOOP('',(#14401,#14402,#14403,#14404));
#14406=FACE_OUTER_BOUND('',#14405,.F.);
#14407=ADVANCED_FACE('',(#14406),#14400,.F.);
#14408=CARTESIAN_POINT('',(5.95E0,1.72E0,-3.5E0));
#14409=DIRECTION('',(0.E0,0.E0,1.E0));
#14410=DIRECTION('',(0.E0,-1.E0,0.E0));
#14411=AXIS2_PLACEMENT_3D('',#14408,#14409,#14410);
#14412=PLANE('',#14411);
#14413=ORIENTED_EDGE('',*,*,#14177,.T.);
#14414=ORIENTED_EDGE('',*,*,#14159,.F.);
#14415=ORIENTED_EDGE('',*,*,#9044,.T.);
#14417=ORIENTED_EDGE('',*,*,#14416,.T.);
#14418=EDGE_LOOP('',(#14413,#14414,#14415,#14417));
#14419=FACE_OUTER_BOUND('',#14418,.F.);
#14420=ADVANCED_FACE('',(#14419),#14412,.F.);
#14421=CARTESIAN_POINT('',(5.845E0,1.72E0,-3.85E0));
#14422=DIRECTION('',(1.E0,0.E0,0.E0));
#14423=DIRECTION('',(0.E0,0.E0,-1.E0));
#14424=AXIS2_PLACEMENT_3D('',#14421,#14422,#14423);
#14425=PLANE('',#14424);
#14426=ORIENTED_EDGE('',*,*,#14179,.F.);
#14427=ORIENTED_EDGE('',*,*,#14416,.F.);
#14428=ORIENTED_EDGE('',*,*,#9042,.F.);
#14429=ORIENTED_EDGE('',*,*,#9639,.F.);
#14430=EDGE_LOOP('',(#14426,#14427,#14428,#14429));
#14431=FACE_OUTER_BOUND('',#14430,.F.);
#14432=ADVANCED_FACE('',(#14431),#14425,.T.);
#14433=CARTESIAN_POINT('',(5.555E0,1.72E0,-3.85E0));
#14434=DIRECTION('',(1.E0,0.E0,0.E0));
#14435=DIRECTION('',(0.E0,0.E0,-1.E0));
#14436=AXIS2_PLACEMENT_3D('',#14433,#14434,#14435);
#14437=PLANE('',#14436);
#14439=ORIENTED_EDGE('',*,*,#14438,.T.);
#14440=ORIENTED_EDGE('',*,*,#9642,.T.);
#14441=ORIENTED_EDGE('',*,*,#9038,.T.);
#14443=ORIENTED_EDGE('',*,*,#14442,.T.);
#14444=EDGE_LOOP('',(#14439,#14440,#14441,#14443));
#14445=FACE_OUTER_BOUND('',#14444,.F.);
#14446=ADVANCED_FACE('',(#14445),#14437,.F.);
#14447=CARTESIAN_POINT('',(5.45E0,1.62E0,-3.85E0));
#14448=DIRECTION('',(0.E0,1.E0,0.E0));
#14449=DIRECTION('',(0.E0,0.E0,1.E0));
#14450=AXIS2_PLACEMENT_3D('',#14447,#14448,#14449);
#14451=PLANE('',#14450);
#14453=ORIENTED_EDGE('',*,*,#14452,.T.);
#14455=ORIENTED_EDGE('',*,*,#14454,.T.);
#14457=ORIENTED_EDGE('',*,*,#14456,.F.);
#14458=ORIENTED_EDGE('',*,*,#9644,.F.);
#14459=ORIENTED_EDGE('',*,*,#14438,.F.);
#14461=ORIENTED_EDGE('',*,*,#14460,.F.);
#14463=ORIENTED_EDGE('',*,*,#14462,.T.);
#14464=ORIENTED_EDGE('',*,*,#9652,.F.);
#14465=EDGE_LOOP('',(#14453,#14455,#14457,#14458,#14459,#14461,#14463,#14464));
#14466=FACE_OUTER_BOUND('',#14465,.F.);
#14467=ADVANCED_FACE('',(#14466),#14451,.T.);
#14468=CARTESIAN_POINT('',(5.355E0,1.06E0,-2.8E0));
#14469=DIRECTION('',(1.E0,0.E0,0.E0));
#14470=DIRECTION('',(0.E0,1.E0,0.E0));
#14471=AXIS2_PLACEMENT_3D('',#14468,#14469,#14470);
#14472=PLANE('',#14471);
#14473=ORIENTED_EDGE('',*,*,#8854,.T.);
#14475=ORIENTED_EDGE('',*,*,#14474,.T.);
#14477=ORIENTED_EDGE('',*,*,#14476,.T.);
#14479=ORIENTED_EDGE('',*,*,#14478,.T.);
#14480=EDGE_LOOP('',(#14473,#14475,#14477,#14479));
#14481=FACE_OUTER_BOUND('',#14480,.F.);
#14482=ADVANCED_FACE('',(#14481),#14472,.F.);
#14483=CARTESIAN_POINT('',(5.355E0,1.06E0,-2.8E0));
#14484=DIRECTION('',(1.E0,0.E0,0.E0));
#14485=DIRECTION('',(0.E0,1.E0,0.E0));
#14486=AXIS2_PLACEMENT_3D('',#14483,#14484,#14485);
#14487=PLANE('',#14486);
#14488=ORIENTED_EDGE('',*,*,#9650,.T.);
#14490=ORIENTED_EDGE('',*,*,#14489,.T.);
#14492=ORIENTED_EDGE('',*,*,#14491,.T.);
#14494=ORIENTED_EDGE('',*,*,#14493,.T.);
#14496=ORIENTED_EDGE('',*,*,#14495,.T.);
#14498=ORIENTED_EDGE('',*,*,#14497,.T.);
#14500=ORIENTED_EDGE('',*,*,#14499,.T.);
#14502=ORIENTED_EDGE('',*,*,#14501,.T.);
#14504=ORIENTED_EDGE('',*,*,#14503,.T.);
#14505=ORIENTED_EDGE('',*,*,#14452,.F.);
#14506=EDGE_LOOP('',(#14488,#14490,#14492,#14494,#14496,#14498,#14500,#14502,
#14504,#14505));
#14507=FACE_OUTER_BOUND('',#14506,.F.);
#14508=ADVANCED_FACE('',(#14507),#14487,.F.);
#14509=CARTESIAN_POINT('',(5.349593270859E0,1.349243459677E0,
-9.893449050845E-1));
#14510=DIRECTION('',(1.E0,0.E0,0.E0));
#14511=DIRECTION('',(0.E0,1.E0,0.E0));
#14512=AXIS2_PLACEMENT_3D('',#14509,#14510,#14511);
#14513=CYLINDRICAL_SURFACE('',#14512,3.E-1);
#14514=ORIENTED_EDGE('',*,*,#8860,.T.);
#14516=ORIENTED_EDGE('',*,*,#14515,.T.);
#14518=ORIENTED_EDGE('',*,*,#14517,.T.);
#14519=ORIENTED_EDGE('',*,*,#14474,.F.);
#14520=EDGE_LOOP('',(#14514,#14516,#14518,#14519));
#14521=FACE_OUTER_BOUND('',#14520,.F.);
#14522=ADVANCED_FACE('',(#14521),#14513,.T.);
#14523=CARTESIAN_POINT('',(5.545E0,1.06E0,-2.8E0));
#14524=DIRECTION('',(1.E0,0.E0,0.E0));
#14525=DIRECTION('',(0.E0,1.E0,0.E0));
#14526=AXIS2_PLACEMENT_3D('',#14523,#14524,#14525);
#14527=PLANE('',#14526);
#14528=ORIENTED_EDGE('',*,*,#8858,.F.);
#14530=ORIENTED_EDGE('',*,*,#14529,.F.);
#14532=ORIENTED_EDGE('',*,*,#14531,.F.);
#14533=ORIENTED_EDGE('',*,*,#14515,.F.);
#14534=EDGE_LOOP('',(#14528,#14530,#14532,#14533));
#14535=FACE_OUTER_BOUND('',#14534,.F.);
#14536=ADVANCED_FACE('',(#14535),#14527,.T.);
#14537=CARTESIAN_POINT('',(5.545E0,1.06E0,-2.8E0));
#14538=DIRECTION('',(1.E0,0.E0,0.E0));
#14539=DIRECTION('',(0.E0,1.E0,0.E0));
#14540=AXIS2_PLACEMENT_3D('',#14537,#14538,#14539);
#14541=PLANE('',#14540);
#14542=ORIENTED_EDGE('',*,*,#9646,.F.);
#14543=ORIENTED_EDGE('',*,*,#14456,.T.);
#14545=ORIENTED_EDGE('',*,*,#14544,.T.);
#14547=ORIENTED_EDGE('',*,*,#14546,.F.);
#14549=ORIENTED_EDGE('',*,*,#14548,.F.);
#14551=ORIENTED_EDGE('',*,*,#14550,.T.);
#14553=ORIENTED_EDGE('',*,*,#14552,.F.);
#14555=ORIENTED_EDGE('',*,*,#14554,.F.);
#14557=ORIENTED_EDGE('',*,*,#14556,.T.);
#14559=ORIENTED_EDGE('',*,*,#14558,.F.);
#14560=EDGE_LOOP('',(#14542,#14543,#14545,#14547,#14549,#14551,#14553,#14555,
#14557,#14559));
#14561=FACE_OUTER_BOUND('',#14560,.F.);
#14562=ADVANCED_FACE('',(#14561),#14541,.T.);
#14563=CARTESIAN_POINT('',(5.45E0,1.128400759486E0,-2.020110536160E0));
#14564=DIRECTION('',(0.E0,9.985927540074E-1,5.303311836814E-2));
#14565=DIRECTION('',(0.E0,5.303311836814E-2,-9.985927540074E-1));
#14566=AXIS2_PLACEMENT_3D('',#14563,#14564,#14565);
#14567=PLANE('',#14566);
#14568=ORIENTED_EDGE('',*,*,#8856,.T.);
#14569=ORIENTED_EDGE('',*,*,#14478,.F.);
#14571=ORIENTED_EDGE('',*,*,#14570,.F.);
#14572=ORIENTED_EDGE('',*,*,#14529,.T.);
#14573=EDGE_LOOP('',(#14568,#14569,#14571,#14572));
#14574=FACE_OUTER_BOUND('',#14573,.F.);
#14575=ADVANCED_FACE('',(#14574),#14567,.F.);
#14576=CARTESIAN_POINT('',(5.45E0,1.072671389431E0,-8.725951488022E-1));
#14577=DIRECTION('',(0.E0,9.063077870423E-1,-4.226182617286E-1));
#14578=DIRECTION('',(0.E0,-4.226182617286E-1,-9.063077870423E-1));
#14579=AXIS2_PLACEMENT_3D('',#14576,#14577,#14578);
#14580=PLANE('',#14579);
#14581=ORIENTED_EDGE('',*,*,#14570,.T.);
#14582=ORIENTED_EDGE('',*,*,#14476,.F.);
#14583=ORIENTED_EDGE('',*,*,#14517,.F.);
#14584=ORIENTED_EDGE('',*,*,#14531,.T.);
#14585=EDGE_LOOP('',(#14581,#14582,#14583,#14584));
#14586=FACE_OUTER_BOUND('',#14585,.F.);
#14587=ADVANCED_FACE('',(#14586),#14580,.F.);
#14588=CARTESIAN_POINT('',(5.45E0,1.611315326090E0,-4.09E0));
#14589=DIRECTION('',(0.E0,0.E0,1.E0));
#14590=DIRECTION('',(0.E0,-1.E0,0.E0));
#14591=AXIS2_PLACEMENT_3D('',#14588,#14589,#14590);
#14592=PLANE('',#14591);
#14593=ORIENTED_EDGE('',*,*,#14454,.F.);
#14594=ORIENTED_EDGE('',*,*,#14503,.F.);
#14596=ORIENTED_EDGE('',*,*,#14595,.F.);
#14597=ORIENTED_EDGE('',*,*,#14544,.F.);
#14598=EDGE_LOOP('',(#14593,#14594,#14596,#14597));
#14599=FACE_OUTER_BOUND('',#14598,.F.);
#14600=ADVANCED_FACE('',(#14599),#14592,.T.);
#14601=CARTESIAN_POINT('',(5.550406729141E0,1.732653242109E0,-4.19E0));
#14602=DIRECTION('',(-1.E0,0.E0,0.E0));
#14603=DIRECTION('',(0.E0,0.E0,1.E0));
#14604=AXIS2_PLACEMENT_3D('',#14601,#14602,#14603);
#14605=CYLINDRICAL_SURFACE('',#14604,1.E-1);
#14606=ORIENTED_EDGE('',*,*,#14501,.F.);
#14608=ORIENTED_EDGE('',*,*,#14607,.T.);
#14609=ORIENTED_EDGE('',*,*,#14546,.T.);
#14610=ORIENTED_EDGE('',*,*,#14595,.T.);
#14611=EDGE_LOOP('',(#14606,#14608,#14609,#14610));
#14612=FACE_OUTER_BOUND('',#14611,.F.);
#14613=ADVANCED_FACE('',(#14612),#14605,.T.);
#14614=CARTESIAN_POINT('',(5.45E0,1.851258097792E0,-4.542383202188E0));
#14615=DIRECTION('',(0.E0,9.986295347546E-1,5.233595624309E-2));
#14616=DIRECTION('',(0.E0,-5.233595624309E-2,9.986295347546E-1));
#14617=AXIS2_PLACEMENT_3D('',#14614,#14615,#14616);
#14618=PLANE('',#14617);
#14619=ORIENTED_EDGE('',*,*,#14607,.F.);
#14620=ORIENTED_EDGE('',*,*,#14499,.F.);
#14622=ORIENTED_EDGE('',*,*,#14621,.F.);
#14623=ORIENTED_EDGE('',*,*,#14548,.T.);
#14624=EDGE_LOOP('',(#14619,#14620,#14622,#14623));
#14625=FACE_OUTER_BOUND('',#14624,.F.);
#14626=ADVANCED_FACE('',(#14625),#14618,.T.);
#14627=CARTESIAN_POINT('',(5.45E0,1.77E0,-4.9E0));
#14628=DIRECTION('',(0.E0,0.E0,1.E0));
#14629=DIRECTION('',(0.E0,1.E0,0.E0));
#14630=AXIS2_PLACEMENT_3D('',#14627,#14628,#14629);
#14631=PLANE('',#14630);
#14632=ORIENTED_EDGE('',*,*,#14497,.F.);
#14634=ORIENTED_EDGE('',*,*,#14633,.F.);
#14635=ORIENTED_EDGE('',*,*,#14550,.F.);
#14636=ORIENTED_EDGE('',*,*,#14621,.T.);
#14637=EDGE_LOOP('',(#14632,#14634,#14635,#14636));
#14638=FACE_OUTER_BOUND('',#14637,.F.);
#14639=ADVANCED_FACE('',(#14638),#14631,.F.);
#14640=CARTESIAN_POINT('',(5.45E0,1.659381303582E0,-4.697383202188E0));
#14641=DIRECTION('',(0.E0,9.986295347546E-1,5.233595624285E-2));
#14642=DIRECTION('',(0.E0,5.233595624285E-2,-9.986295347546E-1));
#14643=AXIS2_PLACEMENT_3D('',#14640,#14641,#14642);
#14644=PLANE('',#14643);
#14646=ORIENTED_EDGE('',*,*,#14645,.T.);
#14647=ORIENTED_EDGE('',*,*,#14552,.T.);
#14648=ORIENTED_EDGE('',*,*,#14633,.T.);
#14649=ORIENTED_EDGE('',*,*,#14495,.F.);
#14650=EDGE_LOOP('',(#14646,#14647,#14648,#14649));
#14651=FACE_OUTER_BOUND('',#14650,.F.);
#14652=ADVANCED_FACE('',(#14651),#14644,.F.);
#14653=CARTESIAN_POINT('',(5.349593270859E0,1.548899653687E0,-4.5E0));
#14654=DIRECTION('',(1.E0,0.E0,0.E0));
#14655=DIRECTION('',(0.E0,9.986295347547E-1,5.233595624025E-2));
#14656=AXIS2_PLACEMENT_3D('',#14653,#14654,#14655);
#14657=CYLINDRICAL_SURFACE('',#14656,9.999999999953E-2);
#14658=ORIENTED_EDGE('',*,*,#14645,.F.);
#14659=ORIENTED_EDGE('',*,*,#14493,.F.);
#14661=ORIENTED_EDGE('',*,*,#14660,.F.);
#14662=ORIENTED_EDGE('',*,*,#14554,.T.);
#14663=EDGE_LOOP('',(#14658,#14659,#14661,#14662));
#14664=FACE_OUTER_BOUND('',#14663,.F.);
#14665=ADVANCED_FACE('',(#14664),#14657,.F.);
#14666=CARTESIAN_POINT('',(5.45E0,1.124449826844E0,-4.4E0));
#14667=DIRECTION('',(0.E0,0.E0,1.E0));
#14668=DIRECTION('',(0.E0,1.E0,0.E0));
#14669=AXIS2_PLACEMENT_3D('',#14666,#14667,#14668);
#14670=PLANE('',#14669);
#14672=ORIENTED_EDGE('',*,*,#14671,.F.);
#14673=ORIENTED_EDGE('',*,*,#14556,.F.);
#14674=ORIENTED_EDGE('',*,*,#14660,.T.);
#14675=ORIENTED_EDGE('',*,*,#14491,.F.);
#14676=EDGE_LOOP('',(#14672,#14673,#14674,#14675));
#14677=FACE_OUTER_BOUND('',#14676,.F.);
#14678=ADVANCED_FACE('',(#14677),#14670,.F.);
#14679=CARTESIAN_POINT('',(5.45E0,4.75E-1,-4.3E0));
#14680=DIRECTION('',(0.E0,4.061384660534E-1,9.138115486203E-1));
#14681=DIRECTION('',(0.E0,-9.138115486203E-1,4.061384660534E-1));
#14682=AXIS2_PLACEMENT_3D('',#14679,#14680,#14681);
#14683=PLANE('',#14682);
#14684=ORIENTED_EDGE('',*,*,#9648,.F.);
#14685=ORIENTED_EDGE('',*,*,#14558,.T.);
#14686=ORIENTED_EDGE('',*,*,#14671,.T.);
#14687=ORIENTED_EDGE('',*,*,#14489,.F.);
#14688=EDGE_LOOP('',(#14684,#14685,#14686,#14687));
#14689=FACE_OUTER_BOUND('',#14688,.F.);
#14690=ADVANCED_FACE('',(#14689),#14683,.F.);
#14691=CARTESIAN_POINT('',(5.45E0,1.72E0,-3.5E0));
#14692=DIRECTION('',(0.E0,0.E0,1.E0));
#14693=DIRECTION('',(0.E0,-1.E0,0.E0));
#14694=AXIS2_PLACEMENT_3D('',#14691,#14692,#14693);
#14695=PLANE('',#14694);
#14696=ORIENTED_EDGE('',*,*,#14460,.T.);
#14697=ORIENTED_EDGE('',*,*,#14442,.F.);
#14698=ORIENTED_EDGE('',*,*,#9036,.T.);
#14700=ORIENTED_EDGE('',*,*,#14699,.T.);
#14701=EDGE_LOOP('',(#14696,#14697,#14698,#14700));
#14702=FACE_OUTER_BOUND('',#14701,.F.);
#14703=ADVANCED_FACE('',(#14702),#14695,.F.);
#14704=CARTESIAN_POINT('',(5.345E0,1.72E0,-3.85E0));
#14705=DIRECTION('',(1.E0,0.E0,0.E0));
#14706=DIRECTION('',(0.E0,0.E0,-1.E0));
#14707=AXIS2_PLACEMENT_3D('',#14704,#14705,#14706);
#14708=PLANE('',#14707);
#14709=ORIENTED_EDGE('',*,*,#14462,.F.);
#14710=ORIENTED_EDGE('',*,*,#14699,.F.);
#14711=ORIENTED_EDGE('',*,*,#9034,.F.);
#14712=ORIENTED_EDGE('',*,*,#9654,.F.);
#14713=EDGE_LOOP('',(#14709,#14710,#14711,#14712));
#14714=FACE_OUTER_BOUND('',#14713,.F.);
#14715=ADVANCED_FACE('',(#14714),#14708,.T.);
#14716=CARTESIAN_POINT('',(5.055E0,1.72E0,-3.85E0));
#14717=DIRECTION('',(1.E0,0.E0,0.E0));
#14718=DIRECTION('',(0.E0,0.E0,-1.E0));
#14719=AXIS2_PLACEMENT_3D('',#14716,#14717,#14718);
#14720=PLANE('',#14719);
#14722=ORIENTED_EDGE('',*,*,#14721,.T.);
#14723=ORIENTED_EDGE('',*,*,#9657,.T.);
#14724=ORIENTED_EDGE('',*,*,#9030,.T.);
#14726=ORIENTED_EDGE('',*,*,#14725,.T.);
#14727=EDGE_LOOP('',(#14722,#14723,#14724,#14726));
#14728=FACE_OUTER_BOUND('',#14727,.F.);
#14729=ADVANCED_FACE('',(#14728),#14720,.F.);
#14730=CARTESIAN_POINT('',(4.95E0,1.62E0,-3.85E0));
#14731=DIRECTION('',(0.E0,1.E0,0.E0));
#14732=DIRECTION('',(0.E0,0.E0,1.E0));
#14733=AXIS2_PLACEMENT_3D('',#14730,#14731,#14732);
#14734=PLANE('',#14733);
#14736=ORIENTED_EDGE('',*,*,#14735,.T.);
#14738=ORIENTED_EDGE('',*,*,#14737,.T.);
#14740=ORIENTED_EDGE('',*,*,#14739,.F.);
#14741=ORIENTED_EDGE('',*,*,#9659,.F.);
#14742=ORIENTED_EDGE('',*,*,#14721,.F.);
#14744=ORIENTED_EDGE('',*,*,#14743,.F.);
#14746=ORIENTED_EDGE('',*,*,#14745,.T.);
#14747=ORIENTED_EDGE('',*,*,#9667,.F.);
#14748=EDGE_LOOP('',(#14736,#14738,#14740,#14741,#14742,#14744,#14746,#14747));
#14749=FACE_OUTER_BOUND('',#14748,.F.);
#14750=ADVANCED_FACE('',(#14749),#14734,.T.);
#14751=CARTESIAN_POINT('',(4.855E0,1.06E0,-2.8E0));
#14752=DIRECTION('',(1.E0,0.E0,0.E0));
#14753=DIRECTION('',(0.E0,1.E0,0.E0));
#14754=AXIS2_PLACEMENT_3D('',#14751,#14752,#14753);
#14755=PLANE('',#14754);
#14756=ORIENTED_EDGE('',*,*,#8864,.T.);
#14758=ORIENTED_EDGE('',*,*,#14757,.T.);
#14760=ORIENTED_EDGE('',*,*,#14759,.T.);
#14762=ORIENTED_EDGE('',*,*,#14761,.T.);
#14763=EDGE_LOOP('',(#14756,#14758,#14760,#14762));
#14764=FACE_OUTER_BOUND('',#14763,.F.);
#14765=ADVANCED_FACE('',(#14764),#14755,.F.);
#14766=CARTESIAN_POINT('',(4.855E0,1.06E0,-2.8E0));
#14767=DIRECTION('',(1.E0,0.E0,0.E0));
#14768=DIRECTION('',(0.E0,1.E0,0.E0));
#14769=AXIS2_PLACEMENT_3D('',#14766,#14767,#14768);
#14770=PLANE('',#14769);
#14771=ORIENTED_EDGE('',*,*,#9665,.T.);
#14773=ORIENTED_EDGE('',*,*,#14772,.T.);
#14775=ORIENTED_EDGE('',*,*,#14774,.T.);
#14777=ORIENTED_EDGE('',*,*,#14776,.T.);
#14779=ORIENTED_EDGE('',*,*,#14778,.T.);
#14781=ORIENTED_EDGE('',*,*,#14780,.T.);
#14783=ORIENTED_EDGE('',*,*,#14782,.T.);
#14785=ORIENTED_EDGE('',*,*,#14784,.T.);
#14787=ORIENTED_EDGE('',*,*,#14786,.T.);
#14788=ORIENTED_EDGE('',*,*,#14735,.F.);
#14789=EDGE_LOOP('',(#14771,#14773,#14775,#14777,#14779,#14781,#14783,#14785,
#14787,#14788));
#14790=FACE_OUTER_BOUND('',#14789,.F.);
#14791=ADVANCED_FACE('',(#14790),#14770,.F.);
#14792=CARTESIAN_POINT('',(4.849593270859E0,1.349243459677E0,
-9.893449050845E-1));
#14793=DIRECTION('',(1.E0,0.E0,0.E0));
#14794=DIRECTION('',(0.E0,1.E0,0.E0));
#14795=AXIS2_PLACEMENT_3D('',#14792,#14793,#14794);
#14796=CYLINDRICAL_SURFACE('',#14795,3.E-1);
#14797=ORIENTED_EDGE('',*,*,#8870,.T.);
#14799=ORIENTED_EDGE('',*,*,#14798,.T.);
#14801=ORIENTED_EDGE('',*,*,#14800,.T.);
#14802=ORIENTED_EDGE('',*,*,#14757,.F.);
#14803=EDGE_LOOP('',(#14797,#14799,#14801,#14802));
#14804=FACE_OUTER_BOUND('',#14803,.F.);
#14805=ADVANCED_FACE('',(#14804),#14796,.T.);
#14806=CARTESIAN_POINT('',(5.045E0,1.06E0,-2.8E0));
#14807=DIRECTION('',(1.E0,0.E0,0.E0));
#14808=DIRECTION('',(0.E0,1.E0,0.E0));
#14809=AXIS2_PLACEMENT_3D('',#14806,#14807,#14808);
#14810=PLANE('',#14809);
#14811=ORIENTED_EDGE('',*,*,#8868,.F.);
#14813=ORIENTED_EDGE('',*,*,#14812,.F.);
#14815=ORIENTED_EDGE('',*,*,#14814,.F.);
#14816=ORIENTED_EDGE('',*,*,#14798,.F.);
#14817=EDGE_LOOP('',(#14811,#14813,#14815,#14816));
#14818=FACE_OUTER_BOUND('',#14817,.F.);
#14819=ADVANCED_FACE('',(#14818),#14810,.T.);
#14820=CARTESIAN_POINT('',(5.045E0,1.06E0,-2.8E0));
#14821=DIRECTION('',(1.E0,0.E0,0.E0));
#14822=DIRECTION('',(0.E0,1.E0,0.E0));
#14823=AXIS2_PLACEMENT_3D('',#14820,#14821,#14822);
#14824=PLANE('',#14823);
#14825=ORIENTED_EDGE('',*,*,#9661,.F.);
#14826=ORIENTED_EDGE('',*,*,#14739,.T.);
#14828=ORIENTED_EDGE('',*,*,#14827,.T.);
#14830=ORIENTED_EDGE('',*,*,#14829,.F.);
#14832=ORIENTED_EDGE('',*,*,#14831,.F.);
#14834=ORIENTED_EDGE('',*,*,#14833,.T.);
#14836=ORIENTED_EDGE('',*,*,#14835,.F.);
#14838=ORIENTED_EDGE('',*,*,#14837,.F.);
#14840=ORIENTED_EDGE('',*,*,#14839,.T.);
#14842=ORIENTED_EDGE('',*,*,#14841,.F.);
#14843=EDGE_LOOP('',(#14825,#14826,#14828,#14830,#14832,#14834,#14836,#14838,
#14840,#14842));
#14844=FACE_OUTER_BOUND('',#14843,.F.);
#14845=ADVANCED_FACE('',(#14844),#14824,.T.);
#14846=CARTESIAN_POINT('',(4.95E0,1.128400759486E0,-2.020110536160E0));
#14847=DIRECTION('',(0.E0,9.985927540074E-1,5.303311836814E-2));
#14848=DIRECTION('',(0.E0,5.303311836814E-2,-9.985927540074E-1));
#14849=AXIS2_PLACEMENT_3D('',#14846,#14847,#14848);
#14850=PLANE('',#14849);
#14851=ORIENTED_EDGE('',*,*,#8866,.T.);
#14852=ORIENTED_EDGE('',*,*,#14761,.F.);
#14854=ORIENTED_EDGE('',*,*,#14853,.F.);
#14855=ORIENTED_EDGE('',*,*,#14812,.T.);
#14856=EDGE_LOOP('',(#14851,#14852,#14854,#14855));
#14857=FACE_OUTER_BOUND('',#14856,.F.);
#14858=ADVANCED_FACE('',(#14857),#14850,.F.);
#14859=CARTESIAN_POINT('',(4.95E0,1.072671389431E0,-8.725951488022E-1));
#14860=DIRECTION('',(0.E0,9.063077870423E-1,-4.226182617286E-1));
#14861=DIRECTION('',(0.E0,-4.226182617286E-1,-9.063077870423E-1));
#14862=AXIS2_PLACEMENT_3D('',#14859,#14860,#14861);
#14863=PLANE('',#14862);
#14864=ORIENTED_EDGE('',*,*,#14853,.T.);
#14865=ORIENTED_EDGE('',*,*,#14759,.F.);
#14866=ORIENTED_EDGE('',*,*,#14800,.F.);
#14867=ORIENTED_EDGE('',*,*,#14814,.T.);
#14868=EDGE_LOOP('',(#14864,#14865,#14866,#14867));
#14869=FACE_OUTER_BOUND('',#14868,.F.);
#14870=ADVANCED_FACE('',(#14869),#14863,.F.);
#14871=CARTESIAN_POINT('',(4.95E0,1.611315326090E0,-4.09E0));
#14872=DIRECTION('',(0.E0,0.E0,1.E0));
#14873=DIRECTION('',(0.E0,-1.E0,0.E0));
#14874=AXIS2_PLACEMENT_3D('',#14871,#14872,#14873);
#14875=PLANE('',#14874);
#14876=ORIENTED_EDGE('',*,*,#14737,.F.);
#14877=ORIENTED_EDGE('',*,*,#14786,.F.);
#14879=ORIENTED_EDGE('',*,*,#14878,.F.);
#14880=ORIENTED_EDGE('',*,*,#14827,.F.);
#14881=EDGE_LOOP('',(#14876,#14877,#14879,#14880));
#14882=FACE_OUTER_BOUND('',#14881,.F.);
#14883=ADVANCED_FACE('',(#14882),#14875,.T.);
#14884=CARTESIAN_POINT('',(5.050406729141E0,1.732653242109E0,-4.19E0));
#14885=DIRECTION('',(-1.E0,0.E0,0.E0));
#14886=DIRECTION('',(0.E0,0.E0,1.E0));
#14887=AXIS2_PLACEMENT_3D('',#14884,#14885,#14886);
#14888=CYLINDRICAL_SURFACE('',#14887,1.E-1);
#14889=ORIENTED_EDGE('',*,*,#14784,.F.);
#14891=ORIENTED_EDGE('',*,*,#14890,.T.);
#14892=ORIENTED_EDGE('',*,*,#14829,.T.);
#14893=ORIENTED_EDGE('',*,*,#14878,.T.);
#14894=EDGE_LOOP('',(#14889,#14891,#14892,#14893));
#14895=FACE_OUTER_BOUND('',#14894,.F.);
#14896=ADVANCED_FACE('',(#14895),#14888,.T.);
#14897=CARTESIAN_POINT('',(4.95E0,1.851258097792E0,-4.542383202188E0));
#14898=DIRECTION('',(0.E0,9.986295347546E-1,5.233595624309E-2));
#14899=DIRECTION('',(0.E0,-5.233595624309E-2,9.986295347546E-1));
#14900=AXIS2_PLACEMENT_3D('',#14897,#14898,#14899);
#14901=PLANE('',#14900);
#14902=ORIENTED_EDGE('',*,*,#14890,.F.);
#14903=ORIENTED_EDGE('',*,*,#14782,.F.);
#14905=ORIENTED_EDGE('',*,*,#14904,.F.);
#14906=ORIENTED_EDGE('',*,*,#14831,.T.);
#14907=EDGE_LOOP('',(#14902,#14903,#14905,#14906));
#14908=FACE_OUTER_BOUND('',#14907,.F.);
#14909=ADVANCED_FACE('',(#14908),#14901,.T.);
#14910=CARTESIAN_POINT('',(4.95E0,1.77E0,-4.9E0));
#14911=DIRECTION('',(0.E0,0.E0,1.E0));
#14912=DIRECTION('',(0.E0,1.E0,0.E0));
#14913=AXIS2_PLACEMENT_3D('',#14910,#14911,#14912);
#14914=PLANE('',#14913);
#14915=ORIENTED_EDGE('',*,*,#14780,.F.);
#14917=ORIENTED_EDGE('',*,*,#14916,.F.);
#14918=ORIENTED_EDGE('',*,*,#14833,.F.);
#14919=ORIENTED_EDGE('',*,*,#14904,.T.);
#14920=EDGE_LOOP('',(#14915,#14917,#14918,#14919));
#14921=FACE_OUTER_BOUND('',#14920,.F.);
#14922=ADVANCED_FACE('',(#14921),#14914,.F.);
#14923=CARTESIAN_POINT('',(4.95E0,1.659381303582E0,-4.697383202188E0));
#14924=DIRECTION('',(0.E0,9.986295347546E-1,5.233595624285E-2));
#14925=DIRECTION('',(0.E0,5.233595624285E-2,-9.986295347546E-1));
#14926=AXIS2_PLACEMENT_3D('',#14923,#14924,#14925);
#14927=PLANE('',#14926);
#14929=ORIENTED_EDGE('',*,*,#14928,.T.);
#14930=ORIENTED_EDGE('',*,*,#14835,.T.);
#14931=ORIENTED_EDGE('',*,*,#14916,.T.);
#14932=ORIENTED_EDGE('',*,*,#14778,.F.);
#14933=EDGE_LOOP('',(#14929,#14930,#14931,#14932));
#14934=FACE_OUTER_BOUND('',#14933,.F.);
#14935=ADVANCED_FACE('',(#14934),#14927,.F.);
#14936=CARTESIAN_POINT('',(4.849593270859E0,1.548899653687E0,-4.5E0));
#14937=DIRECTION('',(1.E0,0.E0,0.E0));
#14938=DIRECTION('',(0.E0,9.986295347547E-1,5.233595624025E-2));
#14939=AXIS2_PLACEMENT_3D('',#14936,#14937,#14938);
#14940=CYLINDRICAL_SURFACE('',#14939,9.999999999953E-2);
#14941=ORIENTED_EDGE('',*,*,#14928,.F.);
#14942=ORIENTED_EDGE('',*,*,#14776,.F.);
#14944=ORIENTED_EDGE('',*,*,#14943,.F.);
#14945=ORIENTED_EDGE('',*,*,#14837,.T.);
#14946=EDGE_LOOP('',(#14941,#14942,#14944,#14945));
#14947=FACE_OUTER_BOUND('',#14946,.F.);
#14948=ADVANCED_FACE('',(#14947),#14940,.F.);
#14949=CARTESIAN_POINT('',(4.95E0,1.124449826844E0,-4.4E0));
#14950=DIRECTION('',(0.E0,0.E0,1.E0));
#14951=DIRECTION('',(0.E0,1.E0,0.E0));
#14952=AXIS2_PLACEMENT_3D('',#14949,#14950,#14951);
#14953=PLANE('',#14952);
#14955=ORIENTED_EDGE('',*,*,#14954,.F.);
#14956=ORIENTED_EDGE('',*,*,#14839,.F.);
#14957=ORIENTED_EDGE('',*,*,#14943,.T.);
#14958=ORIENTED_EDGE('',*,*,#14774,.F.);
#14959=EDGE_LOOP('',(#14955,#14956,#14957,#14958));
#14960=FACE_OUTER_BOUND('',#14959,.F.);
#14961=ADVANCED_FACE('',(#14960),#14953,.F.);
#14962=CARTESIAN_POINT('',(4.95E0,4.75E-1,-4.3E0));
#14963=DIRECTION('',(0.E0,4.061384660534E-1,9.138115486203E-1));
#14964=DIRECTION('',(0.E0,-9.138115486203E-1,4.061384660534E-1));
#14965=AXIS2_PLACEMENT_3D('',#14962,#14963,#14964);
#14966=PLANE('',#14965);
#14967=ORIENTED_EDGE('',*,*,#9663,.F.);
#14968=ORIENTED_EDGE('',*,*,#14841,.T.);
#14969=ORIENTED_EDGE('',*,*,#14954,.T.);
#14970=ORIENTED_EDGE('',*,*,#14772,.F.);
#14971=EDGE_LOOP('',(#14967,#14968,#14969,#14970));
#14972=FACE_OUTER_BOUND('',#14971,.F.);
#14973=ADVANCED_FACE('',(#14972),#14966,.F.);
#14974=CARTESIAN_POINT('',(4.95E0,1.72E0,-3.5E0));
#14975=DIRECTION('',(0.E0,0.E0,1.E0));
#14976=DIRECTION('',(0.E0,-1.E0,0.E0));
#14977=AXIS2_PLACEMENT_3D('',#14974,#14975,#14976);
#14978=PLANE('',#14977);
#14979=ORIENTED_EDGE('',*,*,#14743,.T.);
#14980=ORIENTED_EDGE('',*,*,#14725,.F.);
#14981=ORIENTED_EDGE('',*,*,#9028,.T.);
#14983=ORIENTED_EDGE('',*,*,#14982,.T.);
#14984=EDGE_LOOP('',(#14979,#14980,#14981,#14983));
#14985=FACE_OUTER_BOUND('',#14984,.F.);
#14986=ADVANCED_FACE('',(#14985),#14978,.F.);
#14987=CARTESIAN_POINT('',(4.845E0,1.72E0,-3.85E0));
#14988=DIRECTION('',(1.E0,0.E0,0.E0));
#14989=DIRECTION('',(0.E0,0.E0,-1.E0));
#14990=AXIS2_PLACEMENT_3D('',#14987,#14988,#14989);
#14991=PLANE('',#14990);
#14992=ORIENTED_EDGE('',*,*,#14745,.F.);
#14993=ORIENTED_EDGE('',*,*,#14982,.F.);
#14994=ORIENTED_EDGE('',*,*,#9026,.F.);
#14995=ORIENTED_EDGE('',*,*,#9669,.F.);
#14996=EDGE_LOOP('',(#14992,#14993,#14994,#14995));
#14997=FACE_OUTER_BOUND('',#14996,.F.);
#14998=ADVANCED_FACE('',(#14997),#14991,.T.);
#14999=CARTESIAN_POINT('',(4.555E0,1.72E0,-3.85E0));
#15000=DIRECTION('',(1.E0,0.E0,0.E0));
#15001=DIRECTION('',(0.E0,0.E0,-1.E0));
#15002=AXIS2_PLACEMENT_3D('',#14999,#15000,#15001);
#15003=PLANE('',#15002);
#15005=ORIENTED_EDGE('',*,*,#15004,.T.);
#15006=ORIENTED_EDGE('',*,*,#9672,.T.);
#15007=ORIENTED_EDGE('',*,*,#9022,.T.);
#15009=ORIENTED_EDGE('',*,*,#15008,.T.);
#15010=EDGE_LOOP('',(#15005,#15006,#15007,#15009));
#15011=FACE_OUTER_BOUND('',#15010,.F.);
#15012=ADVANCED_FACE('',(#15011),#15003,.F.);
#15013=CARTESIAN_POINT('',(4.45E0,1.62E0,-3.85E0));
#15014=DIRECTION('',(0.E0,1.E0,0.E0));
#15015=DIRECTION('',(0.E0,0.E0,1.E0));
#15016=AXIS2_PLACEMENT_3D('',#15013,#15014,#15015);
#15017=PLANE('',#15016);
#15019=ORIENTED_EDGE('',*,*,#15018,.T.);
#15021=ORIENTED_EDGE('',*,*,#15020,.T.);
#15023=ORIENTED_EDGE('',*,*,#15022,.F.);
#15024=ORIENTED_EDGE('',*,*,#9674,.F.);
#15025=ORIENTED_EDGE('',*,*,#15004,.F.);
#15027=ORIENTED_EDGE('',*,*,#15026,.F.);
#15029=ORIENTED_EDGE('',*,*,#15028,.T.);
#15030=ORIENTED_EDGE('',*,*,#9682,.F.);
#15031=EDGE_LOOP('',(#15019,#15021,#15023,#15024,#15025,#15027,#15029,#15030));
#15032=FACE_OUTER_BOUND('',#15031,.F.);
#15033=ADVANCED_FACE('',(#15032),#15017,.T.);
#15034=CARTESIAN_POINT('',(4.355E0,1.06E0,-2.8E0));
#15035=DIRECTION('',(1.E0,0.E0,0.E0));
#15036=DIRECTION('',(0.E0,1.E0,0.E0));
#15037=AXIS2_PLACEMENT_3D('',#15034,#15035,#15036);
#15038=PLANE('',#15037);
#15039=ORIENTED_EDGE('',*,*,#8874,.T.);
#15041=ORIENTED_EDGE('',*,*,#15040,.T.);
#15043=ORIENTED_EDGE('',*,*,#15042,.T.);
#15045=ORIENTED_EDGE('',*,*,#15044,.T.);
#15046=EDGE_LOOP('',(#15039,#15041,#15043,#15045));
#15047=FACE_OUTER_BOUND('',#15046,.F.);
#15048=ADVANCED_FACE('',(#15047),#15038,.F.);
#15049=CARTESIAN_POINT('',(4.355E0,1.06E0,-2.8E0));
#15050=DIRECTION('',(1.E0,0.E0,0.E0));
#15051=DIRECTION('',(0.E0,1.E0,0.E0));
#15052=AXIS2_PLACEMENT_3D('',#15049,#15050,#15051);
#15053=PLANE('',#15052);
#15054=ORIENTED_EDGE('',*,*,#9680,.T.);
#15056=ORIENTED_EDGE('',*,*,#15055,.T.);
#15058=ORIENTED_EDGE('',*,*,#15057,.T.);
#15060=ORIENTED_EDGE('',*,*,#15059,.T.);
#15062=ORIENTED_EDGE('',*,*,#15061,.T.);
#15064=ORIENTED_EDGE('',*,*,#15063,.T.);
#15066=ORIENTED_EDGE('',*,*,#15065,.T.);
#15068=ORIENTED_EDGE('',*,*,#15067,.T.);
#15070=ORIENTED_EDGE('',*,*,#15069,.T.);
#15071=ORIENTED_EDGE('',*,*,#15018,.F.);
#15072=EDGE_LOOP('',(#15054,#15056,#15058,#15060,#15062,#15064,#15066,#15068,
#15070,#15071));
#15073=FACE_OUTER_BOUND('',#15072,.F.);
#15074=ADVANCED_FACE('',(#15073),#15053,.F.);
#15075=CARTESIAN_POINT('',(4.349593270859E0,1.349243459677E0,
-9.893449050845E-1));
#15076=DIRECTION('',(1.E0,0.E0,0.E0));
#15077=DIRECTION('',(0.E0,1.E0,0.E0));
#15078=AXIS2_PLACEMENT_3D('',#15075,#15076,#15077);
#15079=CYLINDRICAL_SURFACE('',#15078,3.E-1);
#15080=ORIENTED_EDGE('',*,*,#8880,.T.);
#15082=ORIENTED_EDGE('',*,*,#15081,.T.);
#15084=ORIENTED_EDGE('',*,*,#15083,.T.);
#15085=ORIENTED_EDGE('',*,*,#15040,.F.);
#15086=EDGE_LOOP('',(#15080,#15082,#15084,#15085));
#15087=FACE_OUTER_BOUND('',#15086,.F.);
#15088=ADVANCED_FACE('',(#15087),#15079,.T.);
#15089=CARTESIAN_POINT('',(4.545E0,1.06E0,-2.8E0));
#15090=DIRECTION('',(1.E0,0.E0,0.E0));
#15091=DIRECTION('',(0.E0,1.E0,0.E0));
#15092=AXIS2_PLACEMENT_3D('',#15089,#15090,#15091);
#15093=PLANE('',#15092);
#15094=ORIENTED_EDGE('',*,*,#8878,.F.);
#15096=ORIENTED_EDGE('',*,*,#15095,.F.);
#15098=ORIENTED_EDGE('',*,*,#15097,.F.);
#15099=ORIENTED_EDGE('',*,*,#15081,.F.);
#15100=EDGE_LOOP('',(#15094,#15096,#15098,#15099));
#15101=FACE_OUTER_BOUND('',#15100,.F.);
#15102=ADVANCED_FACE('',(#15101),#15093,.T.);
#15103=CARTESIAN_POINT('',(4.545E0,1.06E0,-2.8E0));
#15104=DIRECTION('',(1.E0,0.E0,0.E0));
#15105=DIRECTION('',(0.E0,1.E0,0.E0));
#15106=AXIS2_PLACEMENT_3D('',#15103,#15104,#15105);
#15107=PLANE('',#15106);
#15108=ORIENTED_EDGE('',*,*,#9676,.F.);
#15109=ORIENTED_EDGE('',*,*,#15022,.T.);
#15111=ORIENTED_EDGE('',*,*,#15110,.T.);
#15113=ORIENTED_EDGE('',*,*,#15112,.F.);
#15115=ORIENTED_EDGE('',*,*,#15114,.F.);
#15117=ORIENTED_EDGE('',*,*,#15116,.T.);
#15119=ORIENTED_EDGE('',*,*,#15118,.F.);
#15121=ORIENTED_EDGE('',*,*,#15120,.F.);
#15123=ORIENTED_EDGE('',*,*,#15122,.T.);
#15125=ORIENTED_EDGE('',*,*,#15124,.F.);
#15126=EDGE_LOOP('',(#15108,#15109,#15111,#15113,#15115,#15117,#15119,#15121,
#15123,#15125));
#15127=FACE_OUTER_BOUND('',#15126,.F.);
#15128=ADVANCED_FACE('',(#15127),#15107,.T.);
#15129=CARTESIAN_POINT('',(4.45E0,1.128400759486E0,-2.020110536160E0));
#15130=DIRECTION('',(0.E0,9.985927540074E-1,5.303311836814E-2));
#15131=DIRECTION('',(0.E0,5.303311836814E-2,-9.985927540074E-1));
#15132=AXIS2_PLACEMENT_3D('',#15129,#15130,#15131);
#15133=PLANE('',#15132);
#15134=ORIENTED_EDGE('',*,*,#8876,.T.);
#15135=ORIENTED_EDGE('',*,*,#15044,.F.);
#15137=ORIENTED_EDGE('',*,*,#15136,.F.);
#15138=ORIENTED_EDGE('',*,*,#15095,.T.);
#15139=EDGE_LOOP('',(#15134,#15135,#15137,#15138));
#15140=FACE_OUTER_BOUND('',#15139,.F.);
#15141=ADVANCED_FACE('',(#15140),#15133,.F.);
#15142=CARTESIAN_POINT('',(4.45E0,1.072671389431E0,-8.725951488022E-1));
#15143=DIRECTION('',(0.E0,9.063077870423E-1,-4.226182617286E-1));
#15144=DIRECTION('',(0.E0,-4.226182617286E-1,-9.063077870423E-1));
#15145=AXIS2_PLACEMENT_3D('',#15142,#15143,#15144);
#15146=PLANE('',#15145);
#15147=ORIENTED_EDGE('',*,*,#15136,.T.);
#15148=ORIENTED_EDGE('',*,*,#15042,.F.);
#15149=ORIENTED_EDGE('',*,*,#15083,.F.);
#15150=ORIENTED_EDGE('',*,*,#15097,.T.);
#15151=EDGE_LOOP('',(#15147,#15148,#15149,#15150));
#15152=FACE_OUTER_BOUND('',#15151,.F.);
#15153=ADVANCED_FACE('',(#15152),#15146,.F.);
#15154=CARTESIAN_POINT('',(4.45E0,1.611315326090E0,-4.09E0));
#15155=DIRECTION('',(0.E0,0.E0,1.E0));
#15156=DIRECTION('',(0.E0,-1.E0,0.E0));
#15157=AXIS2_PLACEMENT_3D('',#15154,#15155,#15156);
#15158=PLANE('',#15157);
#15159=ORIENTED_EDGE('',*,*,#15020,.F.);
#15160=ORIENTED_EDGE('',*,*,#15069,.F.);
#15162=ORIENTED_EDGE('',*,*,#15161,.F.);
#15163=ORIENTED_EDGE('',*,*,#15110,.F.);
#15164=EDGE_LOOP('',(#15159,#15160,#15162,#15163));
#15165=FACE_OUTER_BOUND('',#15164,.F.);
#15166=ADVANCED_FACE('',(#15165),#15158,.T.);
#15167=CARTESIAN_POINT('',(4.550406729141E0,1.732653242109E0,-4.19E0));
#15168=DIRECTION('',(-1.E0,0.E0,0.E0));
#15169=DIRECTION('',(0.E0,0.E0,1.E0));
#15170=AXIS2_PLACEMENT_3D('',#15167,#15168,#15169);
#15171=CYLINDRICAL_SURFACE('',#15170,1.E-1);
#15172=ORIENTED_EDGE('',*,*,#15067,.F.);
#15174=ORIENTED_EDGE('',*,*,#15173,.T.);
#15175=ORIENTED_EDGE('',*,*,#15112,.T.);
#15176=ORIENTED_EDGE('',*,*,#15161,.T.);
#15177=EDGE_LOOP('',(#15172,#15174,#15175,#15176));
#15178=FACE_OUTER_BOUND('',#15177,.F.);
#15179=ADVANCED_FACE('',(#15178),#15171,.T.);
#15180=CARTESIAN_POINT('',(4.45E0,1.851258097792E0,-4.542383202188E0));
#15181=DIRECTION('',(0.E0,9.986295347546E-1,5.233595624309E-2));
#15182=DIRECTION('',(0.E0,-5.233595624309E-2,9.986295347546E-1));
#15183=AXIS2_PLACEMENT_3D('',#15180,#15181,#15182);
#15184=PLANE('',#15183);
#15185=ORIENTED_EDGE('',*,*,#15173,.F.);
#15186=ORIENTED_EDGE('',*,*,#15065,.F.);
#15188=ORIENTED_EDGE('',*,*,#15187,.F.);
#15189=ORIENTED_EDGE('',*,*,#15114,.T.);
#15190=EDGE_LOOP('',(#15185,#15186,#15188,#15189));
#15191=FACE_OUTER_BOUND('',#15190,.F.);
#15192=ADVANCED_FACE('',(#15191),#15184,.T.);
#15193=CARTESIAN_POINT('',(4.45E0,1.77E0,-4.9E0));
#15194=DIRECTION('',(0.E0,0.E0,1.E0));
#15195=DIRECTION('',(0.E0,1.E0,0.E0));
#15196=AXIS2_PLACEMENT_3D('',#15193,#15194,#15195);
#15197=PLANE('',#15196);
#15198=ORIENTED_EDGE('',*,*,#15063,.F.);
#15200=ORIENTED_EDGE('',*,*,#15199,.F.);
#15201=ORIENTED_EDGE('',*,*,#15116,.F.);
#15202=ORIENTED_EDGE('',*,*,#15187,.T.);
#15203=EDGE_LOOP('',(#15198,#15200,#15201,#15202));
#15204=FACE_OUTER_BOUND('',#15203,.F.);
#15205=ADVANCED_FACE('',(#15204),#15197,.F.);
#15206=CARTESIAN_POINT('',(4.45E0,1.659381303582E0,-4.697383202188E0));
#15207=DIRECTION('',(0.E0,9.986295347546E-1,5.233595624285E-2));
#15208=DIRECTION('',(0.E0,5.233595624285E-2,-9.986295347546E-1));
#15209=AXIS2_PLACEMENT_3D('',#15206,#15207,#15208);
#15210=PLANE('',#15209);
#15212=ORIENTED_EDGE('',*,*,#15211,.T.);
#15213=ORIENTED_EDGE('',*,*,#15118,.T.);
#15214=ORIENTED_EDGE('',*,*,#15199,.T.);
#15215=ORIENTED_EDGE('',*,*,#15061,.F.);
#15216=EDGE_LOOP('',(#15212,#15213,#15214,#15215));
#15217=FACE_OUTER_BOUND('',#15216,.F.);
#15218=ADVANCED_FACE('',(#15217),#15210,.F.);
#15219=CARTESIAN_POINT('',(4.349593270859E0,1.548899653687E0,-4.5E0));
#15220=DIRECTION('',(1.E0,0.E0,0.E0));
#15221=DIRECTION('',(0.E0,9.986295347547E-1,5.233595624025E-2));
#15222=AXIS2_PLACEMENT_3D('',#15219,#15220,#15221);
#15223=CYLINDRICAL_SURFACE('',#15222,9.999999999953E-2);
#15224=ORIENTED_EDGE('',*,*,#15211,.F.);
#15225=ORIENTED_EDGE('',*,*,#15059,.F.);
#15227=ORIENTED_EDGE('',*,*,#15226,.F.);
#15228=ORIENTED_EDGE('',*,*,#15120,.T.);
#15229=EDGE_LOOP('',(#15224,#15225,#15227,#15228));
#15230=FACE_OUTER_BOUND('',#15229,.F.);
#15231=ADVANCED_FACE('',(#15230),#15223,.F.);
#15232=CARTESIAN_POINT('',(4.45E0,1.124449826844E0,-4.4E0));
#15233=DIRECTION('',(0.E0,0.E0,1.E0));
#15234=DIRECTION('',(0.E0,1.E0,0.E0));
#15235=AXIS2_PLACEMENT_3D('',#15232,#15233,#15234);
#15236=PLANE('',#15235);
#15238=ORIENTED_EDGE('',*,*,#15237,.F.);
#15239=ORIENTED_EDGE('',*,*,#15122,.F.);
#15240=ORIENTED_EDGE('',*,*,#15226,.T.);
#15241=ORIENTED_EDGE('',*,*,#15057,.F.);
#15242=EDGE_LOOP('',(#15238,#15239,#15240,#15241));
#15243=FACE_OUTER_BOUND('',#15242,.F.);
#15244=ADVANCED_FACE('',(#15243),#15236,.F.);
#15245=CARTESIAN_POINT('',(4.45E0,4.75E-1,-4.3E0));
#15246=DIRECTION('',(0.E0,4.061384660534E-1,9.138115486203E-1));
#15247=DIRECTION('',(0.E0,-9.138115486203E-1,4.061384660534E-1));
#15248=AXIS2_PLACEMENT_3D('',#15245,#15246,#15247);
#15249=PLANE('',#15248);
#15250=ORIENTED_EDGE('',*,*,#9678,.F.);
#15251=ORIENTED_EDGE('',*,*,#15124,.T.);
#15252=ORIENTED_EDGE('',*,*,#15237,.T.);
#15253=ORIENTED_EDGE('',*,*,#15055,.F.);
#15254=EDGE_LOOP('',(#15250,#15251,#15252,#15253));
#15255=FACE_OUTER_BOUND('',#15254,.F.);
#15256=ADVANCED_FACE('',(#15255),#15249,.F.);
#15257=CARTESIAN_POINT('',(4.45E0,1.72E0,-3.5E0));
#15258=DIRECTION('',(0.E0,0.E0,1.E0));
#15259=DIRECTION('',(0.E0,-1.E0,0.E0));
#15260=AXIS2_PLACEMENT_3D('',#15257,#15258,#15259);
#15261=PLANE('',#15260);
#15262=ORIENTED_EDGE('',*,*,#15026,.T.);
#15263=ORIENTED_EDGE('',*,*,#15008,.F.);
#15264=ORIENTED_EDGE('',*,*,#9020,.T.);
#15266=ORIENTED_EDGE('',*,*,#15265,.T.);
#15267=EDGE_LOOP('',(#15262,#15263,#15264,#15266));
#15268=FACE_OUTER_BOUND('',#15267,.F.);
#15269=ADVANCED_FACE('',(#15268),#15261,.F.);
#15270=CARTESIAN_POINT('',(4.345E0,1.72E0,-3.85E0));
#15271=DIRECTION('',(1.E0,0.E0,0.E0));
#15272=DIRECTION('',(0.E0,0.E0,-1.E0));
#15273=AXIS2_PLACEMENT_3D('',#15270,#15271,#15272);
#15274=PLANE('',#15273);
#15275=ORIENTED_EDGE('',*,*,#15028,.F.);
#15276=ORIENTED_EDGE('',*,*,#15265,.F.);
#15277=ORIENTED_EDGE('',*,*,#9018,.F.);
#15278=ORIENTED_EDGE('',*,*,#9684,.F.);
#15279=EDGE_LOOP('',(#15275,#15276,#15277,#15278));
#15280=FACE_OUTER_BOUND('',#15279,.F.);
#15281=ADVANCED_FACE('',(#15280),#15274,.T.);
#15282=CARTESIAN_POINT('',(4.055E0,1.72E0,-3.85E0));
#15283=DIRECTION('',(1.E0,0.E0,0.E0));
#15284=DIRECTION('',(0.E0,0.E0,-1.E0));
#15285=AXIS2_PLACEMENT_3D('',#15282,#15283,#15284);
#15286=PLANE('',#15285);
#15288=ORIENTED_EDGE('',*,*,#15287,.T.);
#15289=ORIENTED_EDGE('',*,*,#9687,.T.);
#15290=ORIENTED_EDGE('',*,*,#9014,.T.);
#15292=ORIENTED_EDGE('',*,*,#15291,.T.);
#15293=EDGE_LOOP('',(#15288,#15289,#15290,#15292));
#15294=FACE_OUTER_BOUND('',#15293,.F.);
#15295=ADVANCED_FACE('',(#15294),#15286,.F.);
#15296=CARTESIAN_POINT('',(3.95E0,1.62E0,-3.85E0));
#15297=DIRECTION('',(0.E0,1.E0,0.E0));
#15298=DIRECTION('',(0.E0,0.E0,1.E0));
#15299=AXIS2_PLACEMENT_3D('',#15296,#15297,#15298);
#15300=PLANE('',#15299);
#15302=ORIENTED_EDGE('',*,*,#15301,.T.);
#15304=ORIENTED_EDGE('',*,*,#15303,.T.);
#15306=ORIENTED_EDGE('',*,*,#15305,.F.);
#15307=ORIENTED_EDGE('',*,*,#9689,.F.);
#15308=ORIENTED_EDGE('',*,*,#15287,.F.);
#15310=ORIENTED_EDGE('',*,*,#15309,.F.);
#15312=ORIENTED_EDGE('',*,*,#15311,.T.);
#15313=ORIENTED_EDGE('',*,*,#9697,.F.);
#15314=EDGE_LOOP('',(#15302,#15304,#15306,#15307,#15308,#15310,#15312,#15313));
#15315=FACE_OUTER_BOUND('',#15314,.F.);
#15316=ADVANCED_FACE('',(#15315),#15300,.T.);
#15317=CARTESIAN_POINT('',(3.855E0,1.06E0,-2.8E0));
#15318=DIRECTION('',(1.E0,0.E0,0.E0));
#15319=DIRECTION('',(0.E0,1.E0,0.E0));
#15320=AXIS2_PLACEMENT_3D('',#15317,#15318,#15319);
#15321=PLANE('',#15320);
#15322=ORIENTED_EDGE('',*,*,#8884,.T.);
#15324=ORIENTED_EDGE('',*,*,#15323,.T.);
#15326=ORIENTED_EDGE('',*,*,#15325,.T.);
#15328=ORIENTED_EDGE('',*,*,#15327,.T.);
#15329=EDGE_LOOP('',(#15322,#15324,#15326,#15328));
#15330=FACE_OUTER_BOUND('',#15329,.F.);
#15331=ADVANCED_FACE('',(#15330),#15321,.F.);
#15332=CARTESIAN_POINT('',(3.855E0,1.06E0,-2.8E0));
#15333=DIRECTION('',(1.E0,0.E0,0.E0));
#15334=DIRECTION('',(0.E0,1.E0,0.E0));
#15335=AXIS2_PLACEMENT_3D('',#15332,#15333,#15334);
#15336=PLANE('',#15335);
#15337=ORIENTED_EDGE('',*,*,#9695,.T.);
#15339=ORIENTED_EDGE('',*,*,#15338,.T.);
#15341=ORIENTED_EDGE('',*,*,#15340,.T.);
#15343=ORIENTED_EDGE('',*,*,#15342,.T.);
#15345=ORIENTED_EDGE('',*,*,#15344,.T.);
#15347=ORIENTED_EDGE('',*,*,#15346,.T.);
#15349=ORIENTED_EDGE('',*,*,#15348,.T.);
#15351=ORIENTED_EDGE('',*,*,#15350,.T.);
#15353=ORIENTED_EDGE('',*,*,#15352,.T.);
#15354=ORIENTED_EDGE('',*,*,#15301,.F.);
#15355=EDGE_LOOP('',(#15337,#15339,#15341,#15343,#15345,#15347,#15349,#15351,
#15353,#15354));
#15356=FACE_OUTER_BOUND('',#15355,.F.);
#15357=ADVANCED_FACE('',(#15356),#15336,.F.);
#15358=CARTESIAN_POINT('',(3.849593270859E0,1.349243459677E0,
-9.893449050845E-1));
#15359=DIRECTION('',(1.E0,0.E0,0.E0));
#15360=DIRECTION('',(0.E0,1.E0,0.E0));
#15361=AXIS2_PLACEMENT_3D('',#15358,#15359,#15360);
#15362=CYLINDRICAL_SURFACE('',#15361,3.E-1);
#15363=ORIENTED_EDGE('',*,*,#8890,.T.);
#15365=ORIENTED_EDGE('',*,*,#15364,.T.);
#15367=ORIENTED_EDGE('',*,*,#15366,.T.);
#15368=ORIENTED_EDGE('',*,*,#15323,.F.);
#15369=EDGE_LOOP('',(#15363,#15365,#15367,#15368));
#15370=FACE_OUTER_BOUND('',#15369,.F.);
#15371=ADVANCED_FACE('',(#15370),#15362,.T.);
#15372=CARTESIAN_POINT('',(4.045E0,1.06E0,-2.8E0));
#15373=DIRECTION('',(1.E0,0.E0,0.E0));
#15374=DIRECTION('',(0.E0,1.E0,0.E0));
#15375=AXIS2_PLACEMENT_3D('',#15372,#15373,#15374);
#15376=PLANE('',#15375);
#15377=ORIENTED_EDGE('',*,*,#8888,.F.);
#15379=ORIENTED_EDGE('',*,*,#15378,.F.);
#15381=ORIENTED_EDGE('',*,*,#15380,.F.);
#15382=ORIENTED_EDGE('',*,*,#15364,.F.);
#15383=EDGE_LOOP('',(#15377,#15379,#15381,#15382));
#15384=FACE_OUTER_BOUND('',#15383,.F.);
#15385=ADVANCED_FACE('',(#15384),#15376,.T.);
#15386=CARTESIAN_POINT('',(4.045E0,1.06E0,-2.8E0));
#15387=DIRECTION('',(1.E0,0.E0,0.E0));
#15388=DIRECTION('',(0.E0,1.E0,0.E0));
#15389=AXIS2_PLACEMENT_3D('',#15386,#15387,#15388);
#15390=PLANE('',#15389);
#15391=ORIENTED_EDGE('',*,*,#9691,.F.);
#15392=ORIENTED_EDGE('',*,*,#15305,.T.);
#15394=ORIENTED_EDGE('',*,*,#15393,.T.);
#15396=ORIENTED_EDGE('',*,*,#15395,.F.);
#15398=ORIENTED_EDGE('',*,*,#15397,.F.);
#15400=ORIENTED_EDGE('',*,*,#15399,.T.);
#15402=ORIENTED_EDGE('',*,*,#15401,.F.);
#15404=ORIENTED_EDGE('',*,*,#15403,.F.);
#15406=ORIENTED_EDGE('',*,*,#15405,.T.);
#15408=ORIENTED_EDGE('',*,*,#15407,.F.);
#15409=EDGE_LOOP('',(#15391,#15392,#15394,#15396,#15398,#15400,#15402,#15404,
#15406,#15408));
#15410=FACE_OUTER_BOUND('',#15409,.F.);
#15411=ADVANCED_FACE('',(#15410),#15390,.T.);
#15412=CARTESIAN_POINT('',(3.95E0,1.128400759486E0,-2.020110536160E0));
#15413=DIRECTION('',(0.E0,9.985927540074E-1,5.303311836814E-2));
#15414=DIRECTION('',(0.E0,5.303311836814E-2,-9.985927540074E-1));
#15415=AXIS2_PLACEMENT_3D('',#15412,#15413,#15414);
#15416=PLANE('',#15415);
#15417=ORIENTED_EDGE('',*,*,#8886,.T.);
#15418=ORIENTED_EDGE('',*,*,#15327,.F.);
#15420=ORIENTED_EDGE('',*,*,#15419,.F.);
#15421=ORIENTED_EDGE('',*,*,#15378,.T.);
#15422=EDGE_LOOP('',(#15417,#15418,#15420,#15421));
#15423=FACE_OUTER_BOUND('',#15422,.F.);
#15424=ADVANCED_FACE('',(#15423),#15416,.F.);
#15425=CARTESIAN_POINT('',(3.95E0,1.072671389431E0,-8.725951488022E-1));
#15426=DIRECTION('',(0.E0,9.063077870423E-1,-4.226182617286E-1));
#15427=DIRECTION('',(0.E0,-4.226182617286E-1,-9.063077870423E-1));
#15428=AXIS2_PLACEMENT_3D('',#15425,#15426,#15427);
#15429=PLANE('',#15428);
#15430=ORIENTED_EDGE('',*,*,#15419,.T.);
#15431=ORIENTED_EDGE('',*,*,#15325,.F.);
#15432=ORIENTED_EDGE('',*,*,#15366,.F.);
#15433=ORIENTED_EDGE('',*,*,#15380,.T.);
#15434=EDGE_LOOP('',(#15430,#15431,#15432,#15433));
#15435=FACE_OUTER_BOUND('',#15434,.F.);
#15436=ADVANCED_FACE('',(#15435),#15429,.F.);
#15437=CARTESIAN_POINT('',(3.95E0,1.611315326090E0,-4.09E0));
#15438=DIRECTION('',(0.E0,0.E0,1.E0));
#15439=DIRECTION('',(0.E0,-1.E0,0.E0));
#15440=AXIS2_PLACEMENT_3D('',#15437,#15438,#15439);
#15441=PLANE('',#15440);
#15442=ORIENTED_EDGE('',*,*,#15303,.F.);
#15443=ORIENTED_EDGE('',*,*,#15352,.F.);
#15445=ORIENTED_EDGE('',*,*,#15444,.F.);
#15446=ORIENTED_EDGE('',*,*,#15393,.F.);
#15447=EDGE_LOOP('',(#15442,#15443,#15445,#15446));
#15448=FACE_OUTER_BOUND('',#15447,.F.);
#15449=ADVANCED_FACE('',(#15448),#15441,.T.);
#15450=CARTESIAN_POINT('',(4.050406729141E0,1.732653242109E0,-4.19E0));
#15451=DIRECTION('',(-1.E0,0.E0,0.E0));
#15452=DIRECTION('',(0.E0,0.E0,1.E0));
#15453=AXIS2_PLACEMENT_3D('',#15450,#15451,#15452);
#15454=CYLINDRICAL_SURFACE('',#15453,1.E-1);
#15455=ORIENTED_EDGE('',*,*,#15350,.F.);
#15457=ORIENTED_EDGE('',*,*,#15456,.T.);
#15458=ORIENTED_EDGE('',*,*,#15395,.T.);
#15459=ORIENTED_EDGE('',*,*,#15444,.T.);
#15460=EDGE_LOOP('',(#15455,#15457,#15458,#15459));
#15461=FACE_OUTER_BOUND('',#15460,.F.);
#15462=ADVANCED_FACE('',(#15461),#15454,.T.);
#15463=CARTESIAN_POINT('',(3.95E0,1.851258097792E0,-4.542383202188E0));
#15464=DIRECTION('',(0.E0,9.986295347546E-1,5.233595624309E-2));
#15465=DIRECTION('',(0.E0,-5.233595624309E-2,9.986295347546E-1));
#15466=AXIS2_PLACEMENT_3D('',#15463,#15464,#15465);
#15467=PLANE('',#15466);
#15468=ORIENTED_EDGE('',*,*,#15456,.F.);
#15469=ORIENTED_EDGE('',*,*,#15348,.F.);
#15471=ORIENTED_EDGE('',*,*,#15470,.F.);
#15472=ORIENTED_EDGE('',*,*,#15397,.T.);
#15473=EDGE_LOOP('',(#15468,#15469,#15471,#15472));
#15474=FACE_OUTER_BOUND('',#15473,.F.);
#15475=ADVANCED_FACE('',(#15474),#15467,.T.);
#15476=CARTESIAN_POINT('',(3.95E0,1.77E0,-4.9E0));
#15477=DIRECTION('',(0.E0,0.E0,1.E0));
#15478=DIRECTION('',(0.E0,1.E0,0.E0));
#15479=AXIS2_PLACEMENT_3D('',#15476,#15477,#15478);
#15480=PLANE('',#15479);
#15481=ORIENTED_EDGE('',*,*,#15346,.F.);
#15483=ORIENTED_EDGE('',*,*,#15482,.F.);
#15484=ORIENTED_EDGE('',*,*,#15399,.F.);
#15485=ORIENTED_EDGE('',*,*,#15470,.T.);
#15486=EDGE_LOOP('',(#15481,#15483,#15484,#15485));
#15487=FACE_OUTER_BOUND('',#15486,.F.);
#15488=ADVANCED_FACE('',(#15487),#15480,.F.);
#15489=CARTESIAN_POINT('',(3.95E0,1.659381303582E0,-4.697383202188E0));
#15490=DIRECTION('',(0.E0,9.986295347546E-1,5.233595624285E-2));
#15491=DIRECTION('',(0.E0,5.233595624285E-2,-9.986295347546E-1));
#15492=AXIS2_PLACEMENT_3D('',#15489,#15490,#15491);
#15493=PLANE('',#15492);
#15495=ORIENTED_EDGE('',*,*,#15494,.T.);
#15496=ORIENTED_EDGE('',*,*,#15401,.T.);
#15497=ORIENTED_EDGE('',*,*,#15482,.T.);
#15498=ORIENTED_EDGE('',*,*,#15344,.F.);
#15499=EDGE_LOOP('',(#15495,#15496,#15497,#15498));
#15500=FACE_OUTER_BOUND('',#15499,.F.);
#15501=ADVANCED_FACE('',(#15500),#15493,.F.);
#15502=CARTESIAN_POINT('',(3.849593270859E0,1.548899653687E0,-4.5E0));
#15503=DIRECTION('',(1.E0,0.E0,0.E0));
#15504=DIRECTION('',(0.E0,9.986295347547E-1,5.233595624025E-2));
#15505=AXIS2_PLACEMENT_3D('',#15502,#15503,#15504);
#15506=CYLINDRICAL_SURFACE('',#15505,9.999999999953E-2);
#15507=ORIENTED_EDGE('',*,*,#15494,.F.);
#15508=ORIENTED_EDGE('',*,*,#15342,.F.);
#15510=ORIENTED_EDGE('',*,*,#15509,.F.);
#15511=ORIENTED_EDGE('',*,*,#15403,.T.);
#15512=EDGE_LOOP('',(#15507,#15508,#15510,#15511));
#15513=FACE_OUTER_BOUND('',#15512,.F.);
#15514=ADVANCED_FACE('',(#15513),#15506,.F.);
#15515=CARTESIAN_POINT('',(3.95E0,1.124449826844E0,-4.4E0));
#15516=DIRECTION('',(0.E0,0.E0,1.E0));
#15517=DIRECTION('',(0.E0,1.E0,0.E0));
#15518=AXIS2_PLACEMENT_3D('',#15515,#15516,#15517);
#15519=PLANE('',#15518);
#15521=ORIENTED_EDGE('',*,*,#15520,.F.);
#15522=ORIENTED_EDGE('',*,*,#15405,.F.);
#15523=ORIENTED_EDGE('',*,*,#15509,.T.);
#15524=ORIENTED_EDGE('',*,*,#15340,.F.);
#15525=EDGE_LOOP('',(#15521,#15522,#15523,#15524));
#15526=FACE_OUTER_BOUND('',#15525,.F.);
#15527=ADVANCED_FACE('',(#15526),#15519,.F.);
#15528=CARTESIAN_POINT('',(3.95E0,4.75E-1,-4.3E0));
#15529=DIRECTION('',(0.E0,4.061384660534E-1,9.138115486203E-1));
#15530=DIRECTION('',(0.E0,-9.138115486203E-1,4.061384660534E-1));
#15531=AXIS2_PLACEMENT_3D('',#15528,#15529,#15530);
#15532=PLANE('',#15531);
#15533=ORIENTED_EDGE('',*,*,#9693,.F.);
#15534=ORIENTED_EDGE('',*,*,#15407,.T.);
#15535=ORIENTED_EDGE('',*,*,#15520,.T.);
#15536=ORIENTED_EDGE('',*,*,#15338,.F.);
#15537=EDGE_LOOP('',(#15533,#15534,#15535,#15536));
#15538=FACE_OUTER_BOUND('',#15537,.F.);
#15539=ADVANCED_FACE('',(#15538),#15532,.F.);
#15540=CARTESIAN_POINT('',(3.95E0,1.72E0,-3.5E0));
#15541=DIRECTION('',(0.E0,0.E0,1.E0));
#15542=DIRECTION('',(0.E0,-1.E0,0.E0));
#15543=AXIS2_PLACEMENT_3D('',#15540,#15541,#15542);
#15544=PLANE('',#15543);
#15545=ORIENTED_EDGE('',*,*,#15309,.T.);
#15546=ORIENTED_EDGE('',*,*,#15291,.F.);
#15547=ORIENTED_EDGE('',*,*,#9012,.T.);
#15549=ORIENTED_EDGE('',*,*,#15548,.T.);
#15550=EDGE_LOOP('',(#15545,#15546,#15547,#15549));
#15551=FACE_OUTER_BOUND('',#15550,.F.);
#15552=ADVANCED_FACE('',(#15551),#15544,.F.);
#15553=CARTESIAN_POINT('',(3.845E0,1.72E0,-3.85E0));
#15554=DIRECTION('',(1.E0,0.E0,0.E0));
#15555=DIRECTION('',(0.E0,0.E0,-1.E0));
#15556=AXIS2_PLACEMENT_3D('',#15553,#15554,#15555);
#15557=PLANE('',#15556);
#15558=ORIENTED_EDGE('',*,*,#15311,.F.);
#15559=ORIENTED_EDGE('',*,*,#15548,.F.);
#15560=ORIENTED_EDGE('',*,*,#9010,.F.);
#15561=ORIENTED_EDGE('',*,*,#9699,.F.);
#15562=EDGE_LOOP('',(#15558,#15559,#15560,#15561));
#15563=FACE_OUTER_BOUND('',#15562,.F.);
#15564=ADVANCED_FACE('',(#15563),#15557,.T.);
#15565=CARTESIAN_POINT('',(3.555E0,1.72E0,-3.85E0));
#15566=DIRECTION('',(1.E0,0.E0,0.E0));
#15567=DIRECTION('',(0.E0,0.E0,-1.E0));
#15568=AXIS2_PLACEMENT_3D('',#15565,#15566,#15567);
#15569=PLANE('',#15568);
#15571=ORIENTED_EDGE('',*,*,#15570,.T.);
#15572=ORIENTED_EDGE('',*,*,#9702,.T.);
#15573=ORIENTED_EDGE('',*,*,#9006,.T.);
#15575=ORIENTED_EDGE('',*,*,#15574,.T.);
#15576=EDGE_LOOP('',(#15571,#15572,#15573,#15575));
#15577=FACE_OUTER_BOUND('',#15576,.F.);
#15578=ADVANCED_FACE('',(#15577),#15569,.F.);
#15579=CARTESIAN_POINT('',(3.45E0,1.62E0,-3.85E0));
#15580=DIRECTION('',(0.E0,1.E0,0.E0));
#15581=DIRECTION('',(0.E0,0.E0,1.E0));
#15582=AXIS2_PLACEMENT_3D('',#15579,#15580,#15581);
#15583=PLANE('',#15582);
#15585=ORIENTED_EDGE('',*,*,#15584,.T.);
#15587=ORIENTED_EDGE('',*,*,#15586,.T.);
#15589=ORIENTED_EDGE('',*,*,#15588,.F.);
#15590=ORIENTED_EDGE('',*,*,#9704,.F.);
#15591=ORIENTED_EDGE('',*,*,#15570,.F.);
#15593=ORIENTED_EDGE('',*,*,#15592,.F.);
#15595=ORIENTED_EDGE('',*,*,#15594,.T.);
#15596=ORIENTED_EDGE('',*,*,#9712,.F.);
#15597=EDGE_LOOP('',(#15585,#15587,#15589,#15590,#15591,#15593,#15595,#15596));
#15598=FACE_OUTER_BOUND('',#15597,.F.);
#15599=ADVANCED_FACE('',(#15598),#15583,.T.);
#15600=CARTESIAN_POINT('',(3.355E0,1.06E0,-2.8E0));
#15601=DIRECTION('',(1.E0,0.E0,0.E0));
#15602=DIRECTION('',(0.E0,1.E0,0.E0));
#15603=AXIS2_PLACEMENT_3D('',#15600,#15601,#15602);
#15604=PLANE('',#15603);
#15605=ORIENTED_EDGE('',*,*,#8894,.T.);
#15607=ORIENTED_EDGE('',*,*,#15606,.T.);
#15609=ORIENTED_EDGE('',*,*,#15608,.T.);
#15611=ORIENTED_EDGE('',*,*,#15610,.T.);
#15612=EDGE_LOOP('',(#15605,#15607,#15609,#15611));
#15613=FACE_OUTER_BOUND('',#15612,.F.);
#15614=ADVANCED_FACE('',(#15613),#15604,.F.);
#15615=CARTESIAN_POINT('',(3.355E0,1.06E0,-2.8E0));
#15616=DIRECTION('',(1.E0,0.E0,0.E0));
#15617=DIRECTION('',(0.E0,1.E0,0.E0));
#15618=AXIS2_PLACEMENT_3D('',#15615,#15616,#15617);
#15619=PLANE('',#15618);
#15620=ORIENTED_EDGE('',*,*,#9710,.T.);
#15622=ORIENTED_EDGE('',*,*,#15621,.T.);
#15624=ORIENTED_EDGE('',*,*,#15623,.T.);
#15626=ORIENTED_EDGE('',*,*,#15625,.T.);
#15628=ORIENTED_EDGE('',*,*,#15627,.T.);
#15630=ORIENTED_EDGE('',*,*,#15629,.T.);
#15632=ORIENTED_EDGE('',*,*,#15631,.T.);
#15634=ORIENTED_EDGE('',*,*,#15633,.T.);
#15636=ORIENTED_EDGE('',*,*,#15635,.T.);
#15637=ORIENTED_EDGE('',*,*,#15584,.F.);
#15638=EDGE_LOOP('',(#15620,#15622,#15624,#15626,#15628,#15630,#15632,#15634,
#15636,#15637));
#15639=FACE_OUTER_BOUND('',#15638,.F.);
#15640=ADVANCED_FACE('',(#15639),#15619,.F.);
#15641=CARTESIAN_POINT('',(3.349593270859E0,1.349243459677E0,
-9.893449050845E-1));
#15642=DIRECTION('',(1.E0,0.E0,0.E0));
#15643=DIRECTION('',(0.E0,1.E0,0.E0));
#15644=AXIS2_PLACEMENT_3D('',#15641,#15642,#15643);
#15645=CYLINDRICAL_SURFACE('',#15644,3.E-1);
#15646=ORIENTED_EDGE('',*,*,#8900,.T.);
#15648=ORIENTED_EDGE('',*,*,#15647,.T.);
#15650=ORIENTED_EDGE('',*,*,#15649,.T.);
#15651=ORIENTED_EDGE('',*,*,#15606,.F.);
#15652=EDGE_LOOP('',(#15646,#15648,#15650,#15651));
#15653=FACE_OUTER_BOUND('',#15652,.F.);
#15654=ADVANCED_FACE('',(#15653),#15645,.T.);
#15655=CARTESIAN_POINT('',(3.545E0,1.06E0,-2.8E0));
#15656=DIRECTION('',(1.E0,0.E0,0.E0));
#15657=DIRECTION('',(0.E0,1.E0,0.E0));
#15658=AXIS2_PLACEMENT_3D('',#15655,#15656,#15657);
#15659=PLANE('',#15658);
#15660=ORIENTED_EDGE('',*,*,#8898,.F.);
#15662=ORIENTED_EDGE('',*,*,#15661,.F.);
#15664=ORIENTED_EDGE('',*,*,#15663,.F.);
#15665=ORIENTED_EDGE('',*,*,#15647,.F.);
#15666=EDGE_LOOP('',(#15660,#15662,#15664,#15665));
#15667=FACE_OUTER_BOUND('',#15666,.F.);
#15668=ADVANCED_FACE('',(#15667),#15659,.T.);
#15669=CARTESIAN_POINT('',(3.545E0,1.06E0,-2.8E0));
#15670=DIRECTION('',(1.E0,0.E0,0.E0));
#15671=DIRECTION('',(0.E0,1.E0,0.E0));
#15672=AXIS2_PLACEMENT_3D('',#15669,#15670,#15671);
#15673=PLANE('',#15672);
#15674=ORIENTED_EDGE('',*,*,#9706,.F.);
#15675=ORIENTED_EDGE('',*,*,#15588,.T.);
#15677=ORIENTED_EDGE('',*,*,#15676,.T.);
#15679=ORIENTED_EDGE('',*,*,#15678,.F.);
#15681=ORIENTED_EDGE('',*,*,#15680,.F.);
#15683=ORIENTED_EDGE('',*,*,#15682,.T.);
#15685=ORIENTED_EDGE('',*,*,#15684,.F.);
#15687=ORIENTED_EDGE('',*,*,#15686,.F.);
#15689=ORIENTED_EDGE('',*,*,#15688,.T.);
#15691=ORIENTED_EDGE('',*,*,#15690,.F.);
#15692=EDGE_LOOP('',(#15674,#15675,#15677,#15679,#15681,#15683,#15685,#15687,
#15689,#15691));
#15693=FACE_OUTER_BOUND('',#15692,.F.);
#15694=ADVANCED_FACE('',(#15693),#15673,.T.);
#15695=CARTESIAN_POINT('',(3.45E0,1.128400759486E0,-2.020110536160E0));
#15696=DIRECTION('',(0.E0,9.985927540074E-1,5.303311836814E-2));
#15697=DIRECTION('',(0.E0,5.303311836814E-2,-9.985927540074E-1));
#15698=AXIS2_PLACEMENT_3D('',#15695,#15696,#15697);
#15699=PLANE('',#15698);
#15700=ORIENTED_EDGE('',*,*,#8896,.T.);
#15701=ORIENTED_EDGE('',*,*,#15610,.F.);
#15703=ORIENTED_EDGE('',*,*,#15702,.F.);
#15704=ORIENTED_EDGE('',*,*,#15661,.T.);
#15705=EDGE_LOOP('',(#15700,#15701,#15703,#15704));
#15706=FACE_OUTER_BOUND('',#15705,.F.);
#15707=ADVANCED_FACE('',(#15706),#15699,.F.);
#15708=CARTESIAN_POINT('',(3.45E0,1.072671389431E0,-8.725951488022E-1));
#15709=DIRECTION('',(0.E0,9.063077870423E-1,-4.226182617286E-1));
#15710=DIRECTION('',(0.E0,-4.226182617286E-1,-9.063077870423E-1));
#15711=AXIS2_PLACEMENT_3D('',#15708,#15709,#15710);
#15712=PLANE('',#15711);
#15713=ORIENTED_EDGE('',*,*,#15702,.T.);
#15714=ORIENTED_EDGE('',*,*,#15608,.F.);
#15715=ORIENTED_EDGE('',*,*,#15649,.F.);
#15716=ORIENTED_EDGE('',*,*,#15663,.T.);
#15717=EDGE_LOOP('',(#15713,#15714,#15715,#15716));
#15718=FACE_OUTER_BOUND('',#15717,.F.);
#15719=ADVANCED_FACE('',(#15718),#15712,.F.);
#15720=CARTESIAN_POINT('',(3.45E0,1.611315326090E0,-4.09E0));
#15721=DIRECTION('',(0.E0,0.E0,1.E0));
#15722=DIRECTION('',(0.E0,-1.E0,0.E0));
#15723=AXIS2_PLACEMENT_3D('',#15720,#15721,#15722);
#15724=PLANE('',#15723);
#15725=ORIENTED_EDGE('',*,*,#15586,.F.);
#15726=ORIENTED_EDGE('',*,*,#15635,.F.);
#15728=ORIENTED_EDGE('',*,*,#15727,.F.);
#15729=ORIENTED_EDGE('',*,*,#15676,.F.);
#15730=EDGE_LOOP('',(#15725,#15726,#15728,#15729));
#15731=FACE_OUTER_BOUND('',#15730,.F.);
#15732=ADVANCED_FACE('',(#15731),#15724,.T.);
#15733=CARTESIAN_POINT('',(3.550406729141E0,1.732653242109E0,-4.19E0));
#15734=DIRECTION('',(-1.E0,0.E0,0.E0));
#15735=DIRECTION('',(0.E0,0.E0,1.E0));
#15736=AXIS2_PLACEMENT_3D('',#15733,#15734,#15735);
#15737=CYLINDRICAL_SURFACE('',#15736,1.E-1);
#15738=ORIENTED_EDGE('',*,*,#15633,.F.);
#15740=ORIENTED_EDGE('',*,*,#15739,.T.);
#15741=ORIENTED_EDGE('',*,*,#15678,.T.);
#15742=ORIENTED_EDGE('',*,*,#15727,.T.);
#15743=EDGE_LOOP('',(#15738,#15740,#15741,#15742));
#15744=FACE_OUTER_BOUND('',#15743,.F.);
#15745=ADVANCED_FACE('',(#15744),#15737,.T.);
#15746=CARTESIAN_POINT('',(3.45E0,1.851258097792E0,-4.542383202188E0));
#15747=DIRECTION('',(0.E0,9.986295347546E-1,5.233595624309E-2));
#15748=DIRECTION('',(0.E0,-5.233595624309E-2,9.986295347546E-1));
#15749=AXIS2_PLACEMENT_3D('',#15746,#15747,#15748);
#15750=PLANE('',#15749);
#15751=ORIENTED_EDGE('',*,*,#15739,.F.);
#15752=ORIENTED_EDGE('',*,*,#15631,.F.);
#15754=ORIENTED_EDGE('',*,*,#15753,.F.);
#15755=ORIENTED_EDGE('',*,*,#15680,.T.);
#15756=EDGE_LOOP('',(#15751,#15752,#15754,#15755));
#15757=FACE_OUTER_BOUND('',#15756,.F.);
#15758=ADVANCED_FACE('',(#15757),#15750,.T.);
#15759=CARTESIAN_POINT('',(3.45E0,1.77E0,-4.9E0));
#15760=DIRECTION('',(0.E0,0.E0,1.E0));
#15761=DIRECTION('',(0.E0,1.E0,0.E0));
#15762=AXIS2_PLACEMENT_3D('',#15759,#15760,#15761);
#15763=PLANE('',#15762);
#15764=ORIENTED_EDGE('',*,*,#15629,.F.);
#15766=ORIENTED_EDGE('',*,*,#15765,.F.);
#15767=ORIENTED_EDGE('',*,*,#15682,.F.);
#15768=ORIENTED_EDGE('',*,*,#15753,.T.);
#15769=EDGE_LOOP('',(#15764,#15766,#15767,#15768));
#15770=FACE_OUTER_BOUND('',#15769,.F.);
#15771=ADVANCED_FACE('',(#15770),#15763,.F.);
#15772=CARTESIAN_POINT('',(3.45E0,1.659381303582E0,-4.697383202188E0));
#15773=DIRECTION('',(0.E0,9.986295347546E-1,5.233595624285E-2));
#15774=DIRECTION('',(0.E0,5.233595624285E-2,-9.986295347546E-1));
#15775=AXIS2_PLACEMENT_3D('',#15772,#15773,#15774);
#15776=PLANE('',#15775);
#15778=ORIENTED_EDGE('',*,*,#15777,.T.);
#15779=ORIENTED_EDGE('',*,*,#15684,.T.);
#15780=ORIENTED_EDGE('',*,*,#15765,.T.);
#15781=ORIENTED_EDGE('',*,*,#15627,.F.);
#15782=EDGE_LOOP('',(#15778,#15779,#15780,#15781));
#15783=FACE_OUTER_BOUND('',#15782,.F.);
#15784=ADVANCED_FACE('',(#15783),#15776,.F.);
#15785=CARTESIAN_POINT('',(3.349593270859E0,1.548899653687E0,-4.5E0));
#15786=DIRECTION('',(1.E0,0.E0,0.E0));
#15787=DIRECTION('',(0.E0,9.986295347547E-1,5.233595624025E-2));
#15788=AXIS2_PLACEMENT_3D('',#15785,#15786,#15787);
#15789=CYLINDRICAL_SURFACE('',#15788,9.999999999953E-2);
#15790=ORIENTED_EDGE('',*,*,#15777,.F.);
#15791=ORIENTED_EDGE('',*,*,#15625,.F.);
#15793=ORIENTED_EDGE('',*,*,#15792,.F.);
#15794=ORIENTED_EDGE('',*,*,#15686,.T.);
#15795=EDGE_LOOP('',(#15790,#15791,#15793,#15794));
#15796=FACE_OUTER_BOUND('',#15795,.F.);
#15797=ADVANCED_FACE('',(#15796),#15789,.F.);
#15798=CARTESIAN_POINT('',(3.45E0,1.124449826844E0,-4.4E0));
#15799=DIRECTION('',(0.E0,0.E0,1.E0));
#15800=DIRECTION('',(0.E0,1.E0,0.E0));
#15801=AXIS2_PLACEMENT_3D('',#15798,#15799,#15800);
#15802=PLANE('',#15801);
#15804=ORIENTED_EDGE('',*,*,#15803,.F.);
#15805=ORIENTED_EDGE('',*,*,#15688,.F.);
#15806=ORIENTED_EDGE('',*,*,#15792,.T.);
#15807=ORIENTED_EDGE('',*,*,#15623,.F.);
#15808=EDGE_LOOP('',(#15804,#15805,#15806,#15807));
#15809=FACE_OUTER_BOUND('',#15808,.F.);
#15810=ADVANCED_FACE('',(#15809),#15802,.F.);
#15811=CARTESIAN_POINT('',(3.45E0,4.75E-1,-4.3E0));
#15812=DIRECTION('',(0.E0,4.061384660534E-1,9.138115486203E-1));
#15813=DIRECTION('',(0.E0,-9.138115486203E-1,4.061384660534E-1));
#15814=AXIS2_PLACEMENT_3D('',#15811,#15812,#15813);
#15815=PLANE('',#15814);
#15816=ORIENTED_EDGE('',*,*,#9708,.F.);
#15817=ORIENTED_EDGE('',*,*,#15690,.T.);
#15818=ORIENTED_EDGE('',*,*,#15803,.T.);
#15819=ORIENTED_EDGE('',*,*,#15621,.F.);
#15820=EDGE_LOOP('',(#15816,#15817,#15818,#15819));
#15821=FACE_OUTER_BOUND('',#15820,.F.);
#15822=ADVANCED_FACE('',(#15821),#15815,.F.);
#15823=CARTESIAN_POINT('',(3.45E0,1.72E0,-3.5E0));
#15824=DIRECTION('',(0.E0,0.E0,1.E0));
#15825=DIRECTION('',(0.E0,-1.E0,0.E0));
#15826=AXIS2_PLACEMENT_3D('',#15823,#15824,#15825);
#15827=PLANE('',#15826);
#15828=ORIENTED_EDGE('',*,*,#15592,.T.);
#15829=ORIENTED_EDGE('',*,*,#15574,.F.);
#15830=ORIENTED_EDGE('',*,*,#9004,.T.);
#15832=ORIENTED_EDGE('',*,*,#15831,.T.);
#15833=EDGE_LOOP('',(#15828,#15829,#15830,#15832));
#15834=FACE_OUTER_BOUND('',#15833,.F.);
#15835=ADVANCED_FACE('',(#15834),#15827,.F.);
#15836=CARTESIAN_POINT('',(3.345E0,1.72E0,-3.85E0));
#15837=DIRECTION('',(1.E0,0.E0,0.E0));
#15838=DIRECTION('',(0.E0,0.E0,-1.E0));
#15839=AXIS2_PLACEMENT_3D('',#15836,#15837,#15838);
#15840=PLANE('',#15839);
#15841=ORIENTED_EDGE('',*,*,#15594,.F.);
#15842=ORIENTED_EDGE('',*,*,#15831,.F.);
#15843=ORIENTED_EDGE('',*,*,#9002,.F.);
#15844=ORIENTED_EDGE('',*,*,#9714,.F.);
#15845=EDGE_LOOP('',(#15841,#15842,#15843,#15844));
#15846=FACE_OUTER_BOUND('',#15845,.F.);
#15847=ADVANCED_FACE('',(#15846),#15840,.T.);
#15848=CARTESIAN_POINT('',(3.055E0,1.72E0,-3.85E0));
#15849=DIRECTION('',(1.E0,0.E0,0.E0));
#15850=DIRECTION('',(0.E0,0.E0,-1.E0));
#15851=AXIS2_PLACEMENT_3D('',#15848,#15849,#15850);
#15852=PLANE('',#15851);
#15854=ORIENTED_EDGE('',*,*,#15853,.T.);
#15855=ORIENTED_EDGE('',*,*,#9717,.T.);
#15856=ORIENTED_EDGE('',*,*,#8998,.T.);
#15858=ORIENTED_EDGE('',*,*,#15857,.T.);
#15859=EDGE_LOOP('',(#15854,#15855,#15856,#15858));
#15860=FACE_OUTER_BOUND('',#15859,.F.);
#15861=ADVANCED_FACE('',(#15860),#15852,.F.);
#15862=CARTESIAN_POINT('',(2.95E0,1.62E0,-3.85E0));
#15863=DIRECTION('',(0.E0,1.E0,0.E0));
#15864=DIRECTION('',(0.E0,0.E0,1.E0));
#15865=AXIS2_PLACEMENT_3D('',#15862,#15863,#15864);
#15866=PLANE('',#15865);
#15868=ORIENTED_EDGE('',*,*,#15867,.T.);
#15870=ORIENTED_EDGE('',*,*,#15869,.T.);
#15872=ORIENTED_EDGE('',*,*,#15871,.F.);
#15873=ORIENTED_EDGE('',*,*,#9719,.F.);
#15874=ORIENTED_EDGE('',*,*,#15853,.F.);
#15876=ORIENTED_EDGE('',*,*,#15875,.F.);
#15878=ORIENTED_EDGE('',*,*,#15877,.T.);
#15879=ORIENTED_EDGE('',*,*,#9727,.F.);
#15880=EDGE_LOOP('',(#15868,#15870,#15872,#15873,#15874,#15876,#15878,#15879));
#15881=FACE_OUTER_BOUND('',#15880,.F.);
#15882=ADVANCED_FACE('',(#15881),#15866,.T.);
#15883=CARTESIAN_POINT('',(2.855E0,1.06E0,-2.8E0));
#15884=DIRECTION('',(1.E0,0.E0,0.E0));
#15885=DIRECTION('',(0.E0,1.E0,0.E0));
#15886=AXIS2_PLACEMENT_3D('',#15883,#15884,#15885);
#15887=PLANE('',#15886);
#15888=ORIENTED_EDGE('',*,*,#8904,.T.);
#15890=ORIENTED_EDGE('',*,*,#15889,.T.);
#15892=ORIENTED_EDGE('',*,*,#15891,.T.);
#15894=ORIENTED_EDGE('',*,*,#15893,.T.);
#15895=EDGE_LOOP('',(#15888,#15890,#15892,#15894));
#15896=FACE_OUTER_BOUND('',#15895,.F.);
#15897=ADVANCED_FACE('',(#15896),#15887,.F.);
#15898=CARTESIAN_POINT('',(2.855E0,1.06E0,-2.8E0));
#15899=DIRECTION('',(1.E0,0.E0,0.E0));
#15900=DIRECTION('',(0.E0,1.E0,0.E0));
#15901=AXIS2_PLACEMENT_3D('',#15898,#15899,#15900);
#15902=PLANE('',#15901);
#15903=ORIENTED_EDGE('',*,*,#9725,.T.);
#15905=ORIENTED_EDGE('',*,*,#15904,.T.);
#15907=ORIENTED_EDGE('',*,*,#15906,.T.);
#15909=ORIENTED_EDGE('',*,*,#15908,.T.);
#15911=ORIENTED_EDGE('',*,*,#15910,.T.);
#15913=ORIENTED_EDGE('',*,*,#15912,.T.);
#15915=ORIENTED_EDGE('',*,*,#15914,.T.);
#15917=ORIENTED_EDGE('',*,*,#15916,.T.);
#15919=ORIENTED_EDGE('',*,*,#15918,.T.);
#15920=ORIENTED_EDGE('',*,*,#15867,.F.);
#15921=EDGE_LOOP('',(#15903,#15905,#15907,#15909,#15911,#15913,#15915,#15917,
#15919,#15920));
#15922=FACE_OUTER_BOUND('',#15921,.F.);
#15923=ADVANCED_FACE('',(#15922),#15902,.F.);
#15924=CARTESIAN_POINT('',(2.849593270859E0,1.349243459677E0,
-9.893449050845E-1));
#15925=DIRECTION('',(1.E0,0.E0,0.E0));
#15926=DIRECTION('',(0.E0,1.E0,0.E0));
#15927=AXIS2_PLACEMENT_3D('',#15924,#15925,#15926);
#15928=CYLINDRICAL_SURFACE('',#15927,3.E-1);
#15929=ORIENTED_EDGE('',*,*,#8910,.T.);
#15931=ORIENTED_EDGE('',*,*,#15930,.T.);
#15933=ORIENTED_EDGE('',*,*,#15932,.T.);
#15934=ORIENTED_EDGE('',*,*,#15889,.F.);
#15935=EDGE_LOOP('',(#15929,#15931,#15933,#15934));
#15936=FACE_OUTER_BOUND('',#15935,.F.);
#15937=ADVANCED_FACE('',(#15936),#15928,.T.);
#15938=CARTESIAN_POINT('',(3.045E0,1.06E0,-2.8E0));
#15939=DIRECTION('',(1.E0,0.E0,0.E0));
#15940=DIRECTION('',(0.E0,1.E0,0.E0));
#15941=AXIS2_PLACEMENT_3D('',#15938,#15939,#15940);
#15942=PLANE('',#15941);
#15943=ORIENTED_EDGE('',*,*,#8908,.F.);
#15945=ORIENTED_EDGE('',*,*,#15944,.F.);
#15947=ORIENTED_EDGE('',*,*,#15946,.F.);
#15948=ORIENTED_EDGE('',*,*,#15930,.F.);
#15949=EDGE_LOOP('',(#15943,#15945,#15947,#15948));
#15950=FACE_OUTER_BOUND('',#15949,.F.);
#15951=ADVANCED_FACE('',(#15950),#15942,.T.);
#15952=CARTESIAN_POINT('',(3.045E0,1.06E0,-2.8E0));
#15953=DIRECTION('',(1.E0,0.E0,0.E0));
#15954=DIRECTION('',(0.E0,1.E0,0.E0));
#15955=AXIS2_PLACEMENT_3D('',#15952,#15953,#15954);
#15956=PLANE('',#15955);
#15957=ORIENTED_EDGE('',*,*,#9721,.F.);
#15958=ORIENTED_EDGE('',*,*,#15871,.T.);
#15960=ORIENTED_EDGE('',*,*,#15959,.T.);
#15962=ORIENTED_EDGE('',*,*,#15961,.F.);
#15964=ORIENTED_EDGE('',*,*,#15963,.F.);
#15966=ORIENTED_EDGE('',*,*,#15965,.T.);
#15968=ORIENTED_EDGE('',*,*,#15967,.F.);
#15970=ORIENTED_EDGE('',*,*,#15969,.F.);
#15972=ORIENTED_EDGE('',*,*,#15971,.T.);
#15974=ORIENTED_EDGE('',*,*,#15973,.F.);
#15975=EDGE_LOOP('',(#15957,#15958,#15960,#15962,#15964,#15966,#15968,#15970,
#15972,#15974));
#15976=FACE_OUTER_BOUND('',#15975,.F.);
#15977=ADVANCED_FACE('',(#15976),#15956,.T.);
#15978=CARTESIAN_POINT('',(2.95E0,1.128400759486E0,-2.020110536160E0));
#15979=DIRECTION('',(0.E0,9.985927540074E-1,5.303311836814E-2));
#15980=DIRECTION('',(0.E0,5.303311836814E-2,-9.985927540074E-1));
#15981=AXIS2_PLACEMENT_3D('',#15978,#15979,#15980);
#15982=PLANE('',#15981);
#15983=ORIENTED_EDGE('',*,*,#8906,.T.);
#15984=ORIENTED_EDGE('',*,*,#15893,.F.);
#15986=ORIENTED_EDGE('',*,*,#15985,.F.);
#15987=ORIENTED_EDGE('',*,*,#15944,.T.);
#15988=EDGE_LOOP('',(#15983,#15984,#15986,#15987));
#15989=FACE_OUTER_BOUND('',#15988,.F.);
#15990=ADVANCED_FACE('',(#15989),#15982,.F.);
#15991=CARTESIAN_POINT('',(2.95E0,1.072671389431E0,-8.725951488022E-1));
#15992=DIRECTION('',(0.E0,9.063077870423E-1,-4.226182617286E-1));
#15993=DIRECTION('',(0.E0,-4.226182617286E-1,-9.063077870423E-1));
#15994=AXIS2_PLACEMENT_3D('',#15991,#15992,#15993);
#15995=PLANE('',#15994);
#15996=ORIENTED_EDGE('',*,*,#15985,.T.);
#15997=ORIENTED_EDGE('',*,*,#15891,.F.);
#15998=ORIENTED_EDGE('',*,*,#15932,.F.);
#15999=ORIENTED_EDGE('',*,*,#15946,.T.);
#16000=EDGE_LOOP('',(#15996,#15997,#15998,#15999));
#16001=FACE_OUTER_BOUND('',#16000,.F.);
#16002=ADVANCED_FACE('',(#16001),#15995,.F.);
#16003=CARTESIAN_POINT('',(2.95E0,1.611315326090E0,-4.09E0));
#16004=DIRECTION('',(0.E0,0.E0,1.E0));
#16005=DIRECTION('',(0.E0,-1.E0,0.E0));
#16006=AXIS2_PLACEMENT_3D('',#16003,#16004,#16005);
#16007=PLANE('',#16006);
#16008=ORIENTED_EDGE('',*,*,#15869,.F.);
#16009=ORIENTED_EDGE('',*,*,#15918,.F.);
#16011=ORIENTED_EDGE('',*,*,#16010,.F.);
#16012=ORIENTED_EDGE('',*,*,#15959,.F.);
#16013=EDGE_LOOP('',(#16008,#16009,#16011,#16012));
#16014=FACE_OUTER_BOUND('',#16013,.F.);
#16015=ADVANCED_FACE('',(#16014),#16007,.T.);
#16016=CARTESIAN_POINT('',(3.050406729141E0,1.732653242109E0,-4.19E0));
#16017=DIRECTION('',(-1.E0,0.E0,0.E0));
#16018=DIRECTION('',(0.E0,0.E0,1.E0));
#16019=AXIS2_PLACEMENT_3D('',#16016,#16017,#16018);
#16020=CYLINDRICAL_SURFACE('',#16019,1.E-1);
#16021=ORIENTED_EDGE('',*,*,#15916,.F.);
#16023=ORIENTED_EDGE('',*,*,#16022,.T.);
#16024=ORIENTED_EDGE('',*,*,#15961,.T.);
#16025=ORIENTED_EDGE('',*,*,#16010,.T.);
#16026=EDGE_LOOP('',(#16021,#16023,#16024,#16025));
#16027=FACE_OUTER_BOUND('',#16026,.F.);
#16028=ADVANCED_FACE('',(#16027),#16020,.T.);
#16029=CARTESIAN_POINT('',(2.95E0,1.851258097792E0,-4.542383202188E0));
#16030=DIRECTION('',(0.E0,9.986295347546E-1,5.233595624309E-2));
#16031=DIRECTION('',(0.E0,-5.233595624309E-2,9.986295347546E-1));
#16032=AXIS2_PLACEMENT_3D('',#16029,#16030,#16031);
#16033=PLANE('',#16032);
#16034=ORIENTED_EDGE('',*,*,#16022,.F.);
#16035=ORIENTED_EDGE('',*,*,#15914,.F.);
#16037=ORIENTED_EDGE('',*,*,#16036,.F.);
#16038=ORIENTED_EDGE('',*,*,#15963,.T.);
#16039=EDGE_LOOP('',(#16034,#16035,#16037,#16038));
#16040=FACE_OUTER_BOUND('',#16039,.F.);
#16041=ADVANCED_FACE('',(#16040),#16033,.T.);
#16042=CARTESIAN_POINT('',(2.95E0,1.77E0,-4.9E0));
#16043=DIRECTION('',(0.E0,0.E0,1.E0));
#16044=DIRECTION('',(0.E0,1.E0,0.E0));
#16045=AXIS2_PLACEMENT_3D('',#16042,#16043,#16044);
#16046=PLANE('',#16045);
#16047=ORIENTED_EDGE('',*,*,#15912,.F.);
#16049=ORIENTED_EDGE('',*,*,#16048,.F.);
#16050=ORIENTED_EDGE('',*,*,#15965,.F.);
#16051=ORIENTED_EDGE('',*,*,#16036,.T.);
#16052=EDGE_LOOP('',(#16047,#16049,#16050,#16051));
#16053=FACE_OUTER_BOUND('',#16052,.F.);
#16054=ADVANCED_FACE('',(#16053),#16046,.F.);
#16055=CARTESIAN_POINT('',(2.95E0,1.659381303582E0,-4.697383202188E0));
#16056=DIRECTION('',(0.E0,9.986295347546E-1,5.233595624285E-2));
#16057=DIRECTION('',(0.E0,5.233595624285E-2,-9.986295347546E-1));
#16058=AXIS2_PLACEMENT_3D('',#16055,#16056,#16057);
#16059=PLANE('',#16058);
#16061=ORIENTED_EDGE('',*,*,#16060,.T.);
#16062=ORIENTED_EDGE('',*,*,#15967,.T.);
#16063=ORIENTED_EDGE('',*,*,#16048,.T.);
#16064=ORIENTED_EDGE('',*,*,#15910,.F.);
#16065=EDGE_LOOP('',(#16061,#16062,#16063,#16064));
#16066=FACE_OUTER_BOUND('',#16065,.F.);
#16067=ADVANCED_FACE('',(#16066),#16059,.F.);
#16068=CARTESIAN_POINT('',(2.849593270859E0,1.548899653687E0,-4.5E0));
#16069=DIRECTION('',(1.E0,0.E0,0.E0));
#16070=DIRECTION('',(0.E0,9.986295347547E-1,5.233595624025E-2));
#16071=AXIS2_PLACEMENT_3D('',#16068,#16069,#16070);
#16072=CYLINDRICAL_SURFACE('',#16071,9.999999999953E-2);
#16073=ORIENTED_EDGE('',*,*,#16060,.F.);
#16074=ORIENTED_EDGE('',*,*,#15908,.F.);
#16076=ORIENTED_EDGE('',*,*,#16075,.F.);
#16077=ORIENTED_EDGE('',*,*,#15969,.T.);
#16078=EDGE_LOOP('',(#16073,#16074,#16076,#16077));
#16079=FACE_OUTER_BOUND('',#16078,.F.);
#16080=ADVANCED_FACE('',(#16079),#16072,.F.);
#16081=CARTESIAN_POINT('',(2.95E0,1.124449826844E0,-4.4E0));
#16082=DIRECTION('',(0.E0,0.E0,1.E0));
#16083=DIRECTION('',(0.E0,1.E0,0.E0));
#16084=AXIS2_PLACEMENT_3D('',#16081,#16082,#16083);
#16085=PLANE('',#16084);
#16087=ORIENTED_EDGE('',*,*,#16086,.F.);
#16088=ORIENTED_EDGE('',*,*,#15971,.F.);
#16089=ORIENTED_EDGE('',*,*,#16075,.T.);
#16090=ORIENTED_EDGE('',*,*,#15906,.F.);
#16091=EDGE_LOOP('',(#16087,#16088,#16089,#16090));
#16092=FACE_OUTER_BOUND('',#16091,.F.);
#16093=ADVANCED_FACE('',(#16092),#16085,.F.);
#16094=CARTESIAN_POINT('',(2.95E0,4.75E-1,-4.3E0));
#16095=DIRECTION('',(0.E0,4.061384660534E-1,9.138115486203E-1));
#16096=DIRECTION('',(0.E0,-9.138115486203E-1,4.061384660534E-1));
#16097=AXIS2_PLACEMENT_3D('',#16094,#16095,#16096);
#16098=PLANE('',#16097);
#16099=ORIENTED_EDGE('',*,*,#9723,.F.);
#16100=ORIENTED_EDGE('',*,*,#15973,.T.);
#16101=ORIENTED_EDGE('',*,*,#16086,.T.);
#16102=ORIENTED_EDGE('',*,*,#15904,.F.);
#16103=EDGE_LOOP('',(#16099,#16100,#16101,#16102));
#16104=FACE_OUTER_BOUND('',#16103,.F.);
#16105=ADVANCED_FACE('',(#16104),#16098,.F.);
#16106=CARTESIAN_POINT('',(2.95E0,1.72E0,-3.5E0));
#16107=DIRECTION('',(0.E0,0.E0,1.E0));
#16108=DIRECTION('',(0.E0,-1.E0,0.E0));
#16109=AXIS2_PLACEMENT_3D('',#16106,#16107,#16108);
#16110=PLANE('',#16109);
#16111=ORIENTED_EDGE('',*,*,#15875,.T.);
#16112=ORIENTED_EDGE('',*,*,#15857,.F.);
#16113=ORIENTED_EDGE('',*,*,#8996,.T.);
#16115=ORIENTED_EDGE('',*,*,#16114,.T.);
#16116=EDGE_LOOP('',(#16111,#16112,#16113,#16115));
#16117=FACE_OUTER_BOUND('',#16116,.F.);
#16118=ADVANCED_FACE('',(#16117),#16110,.F.);
#16119=CARTESIAN_POINT('',(2.845E0,1.72E0,-3.85E0));
#16120=DIRECTION('',(1.E0,0.E0,0.E0));
#16121=DIRECTION('',(0.E0,0.E0,-1.E0));
#16122=AXIS2_PLACEMENT_3D('',#16119,#16120,#16121);
#16123=PLANE('',#16122);
#16124=ORIENTED_EDGE('',*,*,#15877,.F.);
#16125=ORIENTED_EDGE('',*,*,#16114,.F.);
#16126=ORIENTED_EDGE('',*,*,#8994,.F.);
#16127=ORIENTED_EDGE('',*,*,#9729,.F.);
#16128=EDGE_LOOP('',(#16124,#16125,#16126,#16127));
#16129=FACE_OUTER_BOUND('',#16128,.F.);
#16130=ADVANCED_FACE('',(#16129),#16123,.T.);
#16131=CARTESIAN_POINT('',(2.555E0,1.72E0,-3.85E0));
#16132=DIRECTION('',(1.E0,0.E0,0.E0));
#16133=DIRECTION('',(0.E0,0.E0,-1.E0));
#16134=AXIS2_PLACEMENT_3D('',#16131,#16132,#16133);
#16135=PLANE('',#16134);
#16137=ORIENTED_EDGE('',*,*,#16136,.T.);
#16138=ORIENTED_EDGE('',*,*,#9732,.T.);
#16139=ORIENTED_EDGE('',*,*,#8990,.T.);
#16141=ORIENTED_EDGE('',*,*,#16140,.T.);
#16142=EDGE_LOOP('',(#16137,#16138,#16139,#16141));
#16143=FACE_OUTER_BOUND('',#16142,.F.);
#16144=ADVANCED_FACE('',(#16143),#16135,.F.);
#16145=CARTESIAN_POINT('',(2.45E0,1.62E0,-3.85E0));
#16146=DIRECTION('',(0.E0,1.E0,0.E0));
#16147=DIRECTION('',(0.E0,0.E0,1.E0));
#16148=AXIS2_PLACEMENT_3D('',#16145,#16146,#16147);
#16149=PLANE('',#16148);
#16151=ORIENTED_EDGE('',*,*,#16150,.T.);
#16153=ORIENTED_EDGE('',*,*,#16152,.T.);
#16155=ORIENTED_EDGE('',*,*,#16154,.F.);
#16156=ORIENTED_EDGE('',*,*,#9734,.F.);
#16157=ORIENTED_EDGE('',*,*,#16136,.F.);
#16159=ORIENTED_EDGE('',*,*,#16158,.F.);
#16161=ORIENTED_EDGE('',*,*,#16160,.T.);
#16162=ORIENTED_EDGE('',*,*,#9742,.F.);
#16163=EDGE_LOOP('',(#16151,#16153,#16155,#16156,#16157,#16159,#16161,#16162));
#16164=FACE_OUTER_BOUND('',#16163,.F.);
#16165=ADVANCED_FACE('',(#16164),#16149,.T.);
#16166=CARTESIAN_POINT('',(2.355E0,1.06E0,-2.8E0));
#16167=DIRECTION('',(1.E0,0.E0,0.E0));
#16168=DIRECTION('',(0.E0,1.E0,0.E0));
#16169=AXIS2_PLACEMENT_3D('',#16166,#16167,#16168);
#16170=PLANE('',#16169);
#16171=ORIENTED_EDGE('',*,*,#8914,.T.);
#16173=ORIENTED_EDGE('',*,*,#16172,.T.);
#16175=ORIENTED_EDGE('',*,*,#16174,.T.);
#16177=ORIENTED_EDGE('',*,*,#16176,.T.);
#16178=EDGE_LOOP('',(#16171,#16173,#16175,#16177));
#16179=FACE_OUTER_BOUND('',#16178,.F.);
#16180=ADVANCED_FACE('',(#16179),#16170,.F.);
#16181=CARTESIAN_POINT('',(2.355E0,1.06E0,-2.8E0));
#16182=DIRECTION('',(1.E0,0.E0,0.E0));
#16183=DIRECTION('',(0.E0,1.E0,0.E0));
#16184=AXIS2_PLACEMENT_3D('',#16181,#16182,#16183);
#16185=PLANE('',#16184);
#16186=ORIENTED_EDGE('',*,*,#9740,.T.);
#16188=ORIENTED_EDGE('',*,*,#16187,.T.);
#16190=ORIENTED_EDGE('',*,*,#16189,.T.);
#16192=ORIENTED_EDGE('',*,*,#16191,.T.);
#16194=ORIENTED_EDGE('',*,*,#16193,.T.);
#16196=ORIENTED_EDGE('',*,*,#16195,.T.);
#16198=ORIENTED_EDGE('',*,*,#16197,.T.);
#16200=ORIENTED_EDGE('',*,*,#16199,.T.);
#16202=ORIENTED_EDGE('',*,*,#16201,.T.);
#16203=ORIENTED_EDGE('',*,*,#16150,.F.);
#16204=EDGE_LOOP('',(#16186,#16188,#16190,#16192,#16194,#16196,#16198,#16200,
#16202,#16203));
#16205=FACE_OUTER_BOUND('',#16204,.F.);
#16206=ADVANCED_FACE('',(#16205),#16185,.F.);
#16207=CARTESIAN_POINT('',(2.349593270859E0,1.349243459677E0,
-9.893449050845E-1));
#16208=DIRECTION('',(1.E0,0.E0,0.E0));
#16209=DIRECTION('',(0.E0,1.E0,0.E0));
#16210=AXIS2_PLACEMENT_3D('',#16207,#16208,#16209);
#16211=CYLINDRICAL_SURFACE('',#16210,3.E-1);
#16212=ORIENTED_EDGE('',*,*,#8920,.T.);
#16214=ORIENTED_EDGE('',*,*,#16213,.T.);
#16216=ORIENTED_EDGE('',*,*,#16215,.T.);
#16217=ORIENTED_EDGE('',*,*,#16172,.F.);
#16218=EDGE_LOOP('',(#16212,#16214,#16216,#16217));
#16219=FACE_OUTER_BOUND('',#16218,.F.);
#16220=ADVANCED_FACE('',(#16219),#16211,.T.);
#16221=CARTESIAN_POINT('',(2.545E0,1.06E0,-2.8E0));
#16222=DIRECTION('',(1.E0,0.E0,0.E0));
#16223=DIRECTION('',(0.E0,1.E0,0.E0));
#16224=AXIS2_PLACEMENT_3D('',#16221,#16222,#16223);
#16225=PLANE('',#16224);
#16226=ORIENTED_EDGE('',*,*,#8918,.F.);
#16228=ORIENTED_EDGE('',*,*,#16227,.F.);
#16230=ORIENTED_EDGE('',*,*,#16229,.F.);
#16231=ORIENTED_EDGE('',*,*,#16213,.F.);
#16232=EDGE_LOOP('',(#16226,#16228,#16230,#16231));
#16233=FACE_OUTER_BOUND('',#16232,.F.);
#16234=ADVANCED_FACE('',(#16233),#16225,.T.);
#16235=CARTESIAN_POINT('',(2.545E0,1.06E0,-2.8E0));
#16236=DIRECTION('',(1.E0,0.E0,0.E0));
#16237=DIRECTION('',(0.E0,1.E0,0.E0));
#16238=AXIS2_PLACEMENT_3D('',#16235,#16236,#16237);
#16239=PLANE('',#16238);
#16240=ORIENTED_EDGE('',*,*,#9736,.F.);
#16241=ORIENTED_EDGE('',*,*,#16154,.T.);
#16243=ORIENTED_EDGE('',*,*,#16242,.T.);
#16245=ORIENTED_EDGE('',*,*,#16244,.F.);
#16247=ORIENTED_EDGE('',*,*,#16246,.F.);
#16249=ORIENTED_EDGE('',*,*,#16248,.T.);
#16251=ORIENTED_EDGE('',*,*,#16250,.F.);
#16253=ORIENTED_EDGE('',*,*,#16252,.F.);
#16255=ORIENTED_EDGE('',*,*,#16254,.T.);
#16257=ORIENTED_EDGE('',*,*,#16256,.F.);
#16258=EDGE_LOOP('',(#16240,#16241,#16243,#16245,#16247,#16249,#16251,#16253,
#16255,#16257));
#16259=FACE_OUTER_BOUND('',#16258,.F.);
#16260=ADVANCED_FACE('',(#16259),#16239,.T.);
#16261=CARTESIAN_POINT('',(2.45E0,1.128400759486E0,-2.020110536160E0));
#16262=DIRECTION('',(0.E0,9.985927540074E-1,5.303311836814E-2));
#16263=DIRECTION('',(0.E0,5.303311836814E-2,-9.985927540074E-1));
#16264=AXIS2_PLACEMENT_3D('',#16261,#16262,#16263);
#16265=PLANE('',#16264);
#16266=ORIENTED_EDGE('',*,*,#8916,.T.);
#16267=ORIENTED_EDGE('',*,*,#16176,.F.);
#16269=ORIENTED_EDGE('',*,*,#16268,.F.);
#16270=ORIENTED_EDGE('',*,*,#16227,.T.);
#16271=EDGE_LOOP('',(#16266,#16267,#16269,#16270));
#16272=FACE_OUTER_BOUND('',#16271,.F.);
#16273=ADVANCED_FACE('',(#16272),#16265,.F.);
#16274=CARTESIAN_POINT('',(2.45E0,1.072671389431E0,-8.725951488022E-1));
#16275=DIRECTION('',(0.E0,9.063077870423E-1,-4.226182617286E-1));
#16276=DIRECTION('',(0.E0,-4.226182617286E-1,-9.063077870423E-1));
#16277=AXIS2_PLACEMENT_3D('',#16274,#16275,#16276);
#16278=PLANE('',#16277);
#16279=ORIENTED_EDGE('',*,*,#16268,.T.);
#16280=ORIENTED_EDGE('',*,*,#16174,.F.);
#16281=ORIENTED_EDGE('',*,*,#16215,.F.);
#16282=ORIENTED_EDGE('',*,*,#16229,.T.);
#16283=EDGE_LOOP('',(#16279,#16280,#16281,#16282));
#16284=FACE_OUTER_BOUND('',#16283,.F.);
#16285=ADVANCED_FACE('',(#16284),#16278,.F.);
#16286=CARTESIAN_POINT('',(2.45E0,1.611315326090E0,-4.09E0));
#16287=DIRECTION('',(0.E0,0.E0,1.E0));
#16288=DIRECTION('',(0.E0,-1.E0,0.E0));
#16289=AXIS2_PLACEMENT_3D('',#16286,#16287,#16288);
#16290=PLANE('',#16289);
#16291=ORIENTED_EDGE('',*,*,#16152,.F.);
#16292=ORIENTED_EDGE('',*,*,#16201,.F.);
#16294=ORIENTED_EDGE('',*,*,#16293,.F.);
#16295=ORIENTED_EDGE('',*,*,#16242,.F.);
#16296=EDGE_LOOP('',(#16291,#16292,#16294,#16295));
#16297=FACE_OUTER_BOUND('',#16296,.F.);
#16298=ADVANCED_FACE('',(#16297),#16290,.T.);
#16299=CARTESIAN_POINT('',(2.550406729141E0,1.732653242109E0,-4.19E0));
#16300=DIRECTION('',(-1.E0,0.E0,0.E0));
#16301=DIRECTION('',(0.E0,0.E0,1.E0));
#16302=AXIS2_PLACEMENT_3D('',#16299,#16300,#16301);
#16303=CYLINDRICAL_SURFACE('',#16302,1.E-1);
#16304=ORIENTED_EDGE('',*,*,#16199,.F.);
#16306=ORIENTED_EDGE('',*,*,#16305,.T.);
#16307=ORIENTED_EDGE('',*,*,#16244,.T.);
#16308=ORIENTED_EDGE('',*,*,#16293,.T.);
#16309=EDGE_LOOP('',(#16304,#16306,#16307,#16308));
#16310=FACE_OUTER_BOUND('',#16309,.F.);
#16311=ADVANCED_FACE('',(#16310),#16303,.T.);
#16312=CARTESIAN_POINT('',(2.45E0,1.851258097792E0,-4.542383202188E0));
#16313=DIRECTION('',(0.E0,9.986295347546E-1,5.233595624309E-2));
#16314=DIRECTION('',(0.E0,-5.233595624309E-2,9.986295347546E-1));
#16315=AXIS2_PLACEMENT_3D('',#16312,#16313,#16314);
#16316=PLANE('',#16315);
#16317=ORIENTED_EDGE('',*,*,#16305,.F.);
#16318=ORIENTED_EDGE('',*,*,#16197,.F.);
#16320=ORIENTED_EDGE('',*,*,#16319,.F.);
#16321=ORIENTED_EDGE('',*,*,#16246,.T.);
#16322=EDGE_LOOP('',(#16317,#16318,#16320,#16321));
#16323=FACE_OUTER_BOUND('',#16322,.F.);
#16324=ADVANCED_FACE('',(#16323),#16316,.T.);
#16325=CARTESIAN_POINT('',(2.45E0,1.77E0,-4.9E0));
#16326=DIRECTION('',(0.E0,0.E0,1.E0));
#16327=DIRECTION('',(0.E0,1.E0,0.E0));
#16328=AXIS2_PLACEMENT_3D('',#16325,#16326,#16327);
#16329=PLANE('',#16328);
#16330=ORIENTED_EDGE('',*,*,#16195,.F.);
#16332=ORIENTED_EDGE('',*,*,#16331,.F.);
#16333=ORIENTED_EDGE('',*,*,#16248,.F.);
#16334=ORIENTED_EDGE('',*,*,#16319,.T.);
#16335=EDGE_LOOP('',(#16330,#16332,#16333,#16334));
#16336=FACE_OUTER_BOUND('',#16335,.F.);
#16337=ADVANCED_FACE('',(#16336),#16329,.F.);
#16338=CARTESIAN_POINT('',(2.45E0,1.659381303582E0,-4.697383202188E0));
#16339=DIRECTION('',(0.E0,9.986295347546E-1,5.233595624285E-2));
#16340=DIRECTION('',(0.E0,5.233595624285E-2,-9.986295347546E-1));
#16341=AXIS2_PLACEMENT_3D('',#16338,#16339,#16340);
#16342=PLANE('',#16341);
#16344=ORIENTED_EDGE('',*,*,#16343,.T.);
#16345=ORIENTED_EDGE('',*,*,#16250,.T.);
#16346=ORIENTED_EDGE('',*,*,#16331,.T.);
#16347=ORIENTED_EDGE('',*,*,#16193,.F.);
#16348=EDGE_LOOP('',(#16344,#16345,#16346,#16347));
#16349=FACE_OUTER_BOUND('',#16348,.F.);
#16350=ADVANCED_FACE('',(#16349),#16342,.F.);
#16351=CARTESIAN_POINT('',(2.349593270859E0,1.548899653687E0,-4.5E0));
#16352=DIRECTION('',(1.E0,0.E0,0.E0));
#16353=DIRECTION('',(0.E0,9.986295347547E-1,5.233595624025E-2));
#16354=AXIS2_PLACEMENT_3D('',#16351,#16352,#16353);
#16355=CYLINDRICAL_SURFACE('',#16354,9.999999999953E-2);
#16356=ORIENTED_EDGE('',*,*,#16343,.F.);
#16357=ORIENTED_EDGE('',*,*,#16191,.F.);
#16359=ORIENTED_EDGE('',*,*,#16358,.F.);
#16360=ORIENTED_EDGE('',*,*,#16252,.T.);
#16361=EDGE_LOOP('',(#16356,#16357,#16359,#16360));
#16362=FACE_OUTER_BOUND('',#16361,.F.);
#16363=ADVANCED_FACE('',(#16362),#16355,.F.);
#16364=CARTESIAN_POINT('',(2.45E0,1.124449826844E0,-4.4E0));
#16365=DIRECTION('',(0.E0,0.E0,1.E0));
#16366=DIRECTION('',(0.E0,1.E0,0.E0));
#16367=AXIS2_PLACEMENT_3D('',#16364,#16365,#16366);
#16368=PLANE('',#16367);
#16370=ORIENTED_EDGE('',*,*,#16369,.F.);
#16371=ORIENTED_EDGE('',*,*,#16254,.F.);
#16372=ORIENTED_EDGE('',*,*,#16358,.T.);
#16373=ORIENTED_EDGE('',*,*,#16189,.F.);
#16374=EDGE_LOOP('',(#16370,#16371,#16372,#16373));
#16375=FACE_OUTER_BOUND('',#16374,.F.);
#16376=ADVANCED_FACE('',(#16375),#16368,.F.);
#16377=CARTESIAN_POINT('',(2.45E0,4.75E-1,-4.3E0));
#16378=DIRECTION('',(0.E0,4.061384660534E-1,9.138115486203E-1));
#16379=DIRECTION('',(0.E0,-9.138115486203E-1,4.061384660534E-1));
#16380=AXIS2_PLACEMENT_3D('',#16377,#16378,#16379);
#16381=PLANE('',#16380);
#16382=ORIENTED_EDGE('',*,*,#9738,.F.);
#16383=ORIENTED_EDGE('',*,*,#16256,.T.);
#16384=ORIENTED_EDGE('',*,*,#16369,.T.);
#16385=ORIENTED_EDGE('',*,*,#16187,.F.);
#16386=EDGE_LOOP('',(#16382,#16383,#16384,#16385));
#16387=FACE_OUTER_BOUND('',#16386,.F.);
#16388=ADVANCED_FACE('',(#16387),#16381,.F.);
#16389=CARTESIAN_POINT('',(2.45E0,1.72E0,-3.5E0));
#16390=DIRECTION('',(0.E0,0.E0,1.E0));
#16391=DIRECTION('',(0.E0,-1.E0,0.E0));
#16392=AXIS2_PLACEMENT_3D('',#16389,#16390,#16391);
#16393=PLANE('',#16392);
#16394=ORIENTED_EDGE('',*,*,#16158,.T.);
#16395=ORIENTED_EDGE('',*,*,#16140,.F.);
#16396=ORIENTED_EDGE('',*,*,#8988,.T.);
#16398=ORIENTED_EDGE('',*,*,#16397,.T.);
#16399=EDGE_LOOP('',(#16394,#16395,#16396,#16398));
#16400=FACE_OUTER_BOUND('',#16399,.F.);
#16401=ADVANCED_FACE('',(#16400),#16393,.F.);
#16402=CARTESIAN_POINT('',(2.345E0,1.72E0,-3.85E0));
#16403=DIRECTION('',(1.E0,0.E0,0.E0));
#16404=DIRECTION('',(0.E0,0.E0,-1.E0));
#16405=AXIS2_PLACEMENT_3D('',#16402,#16403,#16404);
#16406=PLANE('',#16405);
#16407=ORIENTED_EDGE('',*,*,#16160,.F.);
#16408=ORIENTED_EDGE('',*,*,#16397,.F.);
#16409=ORIENTED_EDGE('',*,*,#8986,.F.);
#16410=ORIENTED_EDGE('',*,*,#9744,.F.);
#16411=EDGE_LOOP('',(#16407,#16408,#16409,#16410));
#16412=FACE_OUTER_BOUND('',#16411,.F.);
#16413=ADVANCED_FACE('',(#16412),#16406,.T.);
#16414=CARTESIAN_POINT('',(7.177836912395E-1,9.6E-1,-4.19E0));
#16415=DIRECTION('',(0.E0,0.E0,1.E0));
#16416=DIRECTION('',(1.E0,0.E0,0.E0));
#16417=AXIS2_PLACEMENT_3D('',#16414,#16415,#16416);
#16418=PLANE('',#16417);
#16419=ORIENTED_EDGE('',*,*,#8972,.T.);
#16421=ORIENTED_EDGE('',*,*,#16420,.T.);
#16423=ORIENTED_EDGE('',*,*,#16422,.T.);
#16425=ORIENTED_EDGE('',*,*,#16424,.F.);
#16426=ORIENTED_EDGE('',*,*,#9246,.T.);
#16428=ORIENTED_EDGE('',*,*,#16427,.T.);
#16429=ORIENTED_EDGE('',*,*,#9294,.F.);
#16430=ORIENTED_EDGE('',*,*,#9226,.T.);
#16431=EDGE_LOOP('',(#16419,#16421,#16423,#16425,#16426,#16428,#16429,#16430));
#16432=FACE_OUTER_BOUND('',#16431,.F.);
#16433=ADVANCED_FACE('',(#16432),#16418,.F.);
#16434=CARTESIAN_POINT('',(7.177836912395E-1,9.6E-1,-4.19E0));
#16435=DIRECTION('',(0.E0,0.E0,1.E0));
#16436=DIRECTION('',(1.E0,0.E0,0.E0));
#16437=AXIS2_PLACEMENT_3D('',#16434,#16435,#16436);
#16438=PLANE('',#16437);
#16439=ORIENTED_EDGE('',*,*,#9356,.T.);
#16441=ORIENTED_EDGE('',*,*,#16440,.F.);
#16443=ORIENTED_EDGE('',*,*,#16442,.T.);
#16444=ORIENTED_EDGE('',*,*,#9396,.F.);
#16445=EDGE_LOOP('',(#16439,#16441,#16443,#16444));
#16446=FACE_OUTER_BOUND('',#16445,.F.);
#16447=ADVANCED_FACE('',(#16446),#16438,.F.);
#16448=CARTESIAN_POINT('',(1.635567382480E0,9.6E-1,-3.24E0));
#16449=DIRECTION('',(1.E0,0.E0,0.E0));
#16450=DIRECTION('',(0.E0,0.E0,1.E0));
#16451=AXIS2_PLACEMENT_3D('',#16448,#16449,#16450);
#16452=PLANE('',#16451);
#16453=ORIENTED_EDGE('',*,*,#8970,.T.);
#16454=ORIENTED_EDGE('',*,*,#9198,.T.);
#16456=ORIENTED_EDGE('',*,*,#16455,.T.);
#16457=ORIENTED_EDGE('',*,*,#16420,.F.);
#16458=EDGE_LOOP('',(#16453,#16454,#16456,#16457));
#16459=FACE_OUTER_BOUND('',#16458,.F.);
#16460=ADVANCED_FACE('',(#16459),#16452,.T.);
#16461=CARTESIAN_POINT('',(3.677836912394E-1,1.87E0,-3.24E0));
#16462=DIRECTION('',(0.E0,1.E0,0.E0));
#16463=DIRECTION('',(1.E0,0.E0,0.E0));
#16464=AXIS2_PLACEMENT_3D('',#16461,#16462,#16463);
#16465=PLANE('',#16464);
#16466=ORIENTED_EDGE('',*,*,#16455,.F.);
#16467=ORIENTED_EDGE('',*,*,#9196,.T.);
#16469=ORIENTED_EDGE('',*,*,#16468,.F.);
#16471=ORIENTED_EDGE('',*,*,#16470,.F.);
#16473=ORIENTED_EDGE('',*,*,#16472,.F.);
#16475=ORIENTED_EDGE('',*,*,#16474,.T.);
#16477=ORIENTED_EDGE('',*,*,#16476,.F.);
#16479=ORIENTED_EDGE('',*,*,#16478,.F.);
#16481=ORIENTED_EDGE('',*,*,#16480,.F.);
#16482=ORIENTED_EDGE('',*,*,#16422,.F.);
#16483=EDGE_LOOP('',(#16466,#16467,#16469,#16471,#16473,#16475,#16477,#16479,
#16481,#16482));
#16484=FACE_OUTER_BOUND('',#16483,.F.);
#16485=ADVANCED_FACE('',(#16484),#16465,.T.);
#16486=CARTESIAN_POINT('',(5.055673824798E-1,1.77E0,-2.645E0));
#16487=DIRECTION('',(1.E0,0.E0,0.E0));
#16488=DIRECTION('',(0.E0,0.E0,-1.E0));
#16489=AXIS2_PLACEMENT_3D('',#16486,#16487,#16488);
#16490=PLANE('',#16489);
#16491=ORIENTED_EDGE('',*,*,#9260,.T.);
#16493=ORIENTED_EDGE('',*,*,#16492,.T.);
#16494=ORIENTED_EDGE('',*,*,#16468,.T.);
#16495=ORIENTED_EDGE('',*,*,#9194,.T.);
#16496=EDGE_LOOP('',(#16491,#16493,#16494,#16495));
#16497=FACE_OUTER_BOUND('',#16496,.F.);
#16498=ADVANCED_FACE('',(#16497),#16490,.F.);
#16499=CARTESIAN_POINT('',(-1.944326175202E-1,1.77E0,-3.E0));
#16500=DIRECTION('',(0.E0,0.E0,1.E0));
#16501=DIRECTION('',(-1.E0,0.E0,0.E0));
#16502=AXIS2_PLACEMENT_3D('',#16499,#16500,#16501);
#16503=PLANE('',#16502);
#16504=ORIENTED_EDGE('',*,*,#9258,.T.);
#16506=ORIENTED_EDGE('',*,*,#16505,.T.);
#16507=ORIENTED_EDGE('',*,*,#16470,.T.);
#16508=ORIENTED_EDGE('',*,*,#16492,.F.);
#16509=EDGE_LOOP('',(#16504,#16506,#16507,#16508));
#16510=FACE_OUTER_BOUND('',#16509,.F.);
#16511=ADVANCED_FACE('',(#16510),#16503,.T.);
#16512=CARTESIAN_POINT('',(-8.944326175202E-1,1.77E0,-3.09E0));
#16513=DIRECTION('',(1.E0,0.E0,0.E0));
#16514=DIRECTION('',(0.E0,0.E0,-1.E0));
#16515=AXIS2_PLACEMENT_3D('',#16512,#16513,#16514);
#16516=PLANE('',#16515);
#16518=ORIENTED_EDGE('',*,*,#16517,.T.);
#16519=ORIENTED_EDGE('',*,*,#16472,.T.);
#16520=ORIENTED_EDGE('',*,*,#16505,.F.);
#16521=ORIENTED_EDGE('',*,*,#9256,.T.);
#16522=EDGE_LOOP('',(#16518,#16519,#16520,#16521));
#16523=FACE_OUTER_BOUND('',#16522,.F.);
#16524=ADVANCED_FACE('',(#16523),#16516,.F.);
#16525=CARTESIAN_POINT('',(-8.972163087601E-1,1.77E0,-3.34E0));
#16526=DIRECTION('',(9.998486879257E-1,0.E0,-1.739543771106E-2));
#16527=DIRECTION('',(1.739543771106E-2,0.E0,9.998486879257E-1));
#16528=AXIS2_PLACEMENT_3D('',#16525,#16526,#16527);
#16529=PLANE('',#16528);
#16530=ORIENTED_EDGE('',*,*,#16517,.F.);
#16531=ORIENTED_EDGE('',*,*,#9254,.T.);
#16533=ORIENTED_EDGE('',*,*,#16532,.F.);
#16534=ORIENTED_EDGE('',*,*,#16474,.F.);
#16535=EDGE_LOOP('',(#16530,#16531,#16533,#16534));
#16536=FACE_OUTER_BOUND('',#16535,.F.);
#16537=ADVANCED_FACE('',(#16536),#16529,.F.);
#16538=CARTESIAN_POINT('',(-9.E-1,1.77E0,-3.59E0));
#16539=DIRECTION('',(1.E0,0.E0,0.E0));
#16540=DIRECTION('',(0.E0,0.E0,-1.E0));
#16541=AXIS2_PLACEMENT_3D('',#16538,#16539,#16540);
#16542=PLANE('',#16541);
#16543=ORIENTED_EDGE('',*,*,#16532,.T.);
#16544=ORIENTED_EDGE('',*,*,#9252,.T.);
#16546=ORIENTED_EDGE('',*,*,#16545,.T.);
#16547=ORIENTED_EDGE('',*,*,#16476,.T.);
#16548=EDGE_LOOP('',(#16543,#16544,#16546,#16547));
#16549=FACE_OUTER_BOUND('',#16548,.F.);
#16550=ADVANCED_FACE('',(#16549),#16542,.F.);
#16551=CARTESIAN_POINT('',(-5.5E-1,1.77E0,-3.68E0));
#16552=DIRECTION('',(0.E0,0.E0,1.E0));
#16553=DIRECTION('',(1.E0,0.E0,0.E0));
#16554=AXIS2_PLACEMENT_3D('',#16551,#16552,#16553);
#16555=PLANE('',#16554);
#16556=ORIENTED_EDGE('',*,*,#9250,.T.);
#16558=ORIENTED_EDGE('',*,*,#16557,.T.);
#16559=ORIENTED_EDGE('',*,*,#16478,.T.);
#16560=ORIENTED_EDGE('',*,*,#16545,.F.);
#16561=EDGE_LOOP('',(#16556,#16558,#16559,#16560));
#16562=FACE_OUTER_BOUND('',#16561,.F.);
#16563=ADVANCED_FACE('',(#16562),#16555,.F.);
#16564=CARTESIAN_POINT('',(-2.E-1,1.77E0,-3.935E0));
#16565=DIRECTION('',(1.E0,0.E0,0.E0));
#16566=DIRECTION('',(0.E0,0.E0,-1.E0));
#16567=AXIS2_PLACEMENT_3D('',#16564,#16565,#16566);
#16568=PLANE('',#16567);
#16569=ORIENTED_EDGE('',*,*,#9248,.T.);
#16570=ORIENTED_EDGE('',*,*,#16424,.T.);
#16571=ORIENTED_EDGE('',*,*,#16480,.T.);
#16572=ORIENTED_EDGE('',*,*,#16557,.F.);
#16573=EDGE_LOOP('',(#16569,#16570,#16571,#16572));
#16574=FACE_OUTER_BOUND('',#16573,.F.);
#16575=ADVANCED_FACE('',(#16574),#16568,.F.);
#16576=CARTESIAN_POINT('',(1.435567382480E0,9.6E-1,-3.49E0));
#16577=DIRECTION('',(1.E0,0.E0,0.E0));
#16578=DIRECTION('',(0.E0,0.E0,1.E0));
#16579=AXIS2_PLACEMENT_3D('',#16576,#16577,#16578);
#16580=PLANE('',#16579);
#16581=ORIENTED_EDGE('',*,*,#9296,.F.);
#16582=ORIENTED_EDGE('',*,*,#16427,.F.);
#16583=ORIENTED_EDGE('',*,*,#9244,.F.);
#16584=ORIENTED_EDGE('',*,*,#9274,.F.);
#16585=EDGE_LOOP('',(#16581,#16582,#16583,#16584));
#16586=FACE_OUTER_BOUND('',#16585,.F.);
#16587=ADVANCED_FACE('',(#16586),#16580,.F.);
#16588=CARTESIAN_POINT('',(6.855673824798E-1,1.5E-1,-3.24E0));
#16589=DIRECTION('',(1.E0,0.E0,0.E0));
#16590=DIRECTION('',(0.E0,0.E0,1.E0));
#16591=AXIS2_PLACEMENT_3D('',#16588,#16589,#16590);
#16592=PLANE('',#16591);
#16593=ORIENTED_EDGE('',*,*,#9354,.T.);
#16594=ORIENTED_EDGE('',*,*,#9379,.T.);
#16596=ORIENTED_EDGE('',*,*,#16595,.T.);
#16597=ORIENTED_EDGE('',*,*,#16440,.T.);
#16598=EDGE_LOOP('',(#16593,#16594,#16596,#16597));
#16599=FACE_OUTER_BOUND('',#16598,.F.);
#16600=ADVANCED_FACE('',(#16599),#16592,.F.);
#16601=CARTESIAN_POINT('',(1.160567382480E0,5.E-2,-3.24E0));
#16602=DIRECTION('',(0.E0,1.E0,0.E0));
#16603=DIRECTION('',(0.E0,0.E0,1.E0));
#16604=AXIS2_PLACEMENT_3D('',#16601,#16602,#16603);
#16605=PLANE('',#16604);
#16606=ORIENTED_EDGE('',*,*,#9398,.F.);
#16607=ORIENTED_EDGE('',*,*,#16442,.F.);
#16608=ORIENTED_EDGE('',*,*,#16595,.F.);
#16609=ORIENTED_EDGE('',*,*,#9377,.T.);
#16610=EDGE_LOOP('',(#16606,#16607,#16608,#16609));
#16611=FACE_OUTER_BOUND('',#16610,.F.);
#16612=ADVANCED_FACE('',(#16611),#16605,.F.);
#16613=CARTESIAN_POINT('',(1.295E1,1.511413043478E0,-3.65E-1));
#16614=DIRECTION('',(1.E0,0.E0,0.E0));
#16615=DIRECTION('',(0.E0,0.E0,-1.E0));
#16616=AXIS2_PLACEMENT_3D('',#16613,#16614,#16615);
#16617=PLANE('',#16616);
#16618=ORIENTED_EDGE('',*,*,#8149,.F.);
#16619=ORIENTED_EDGE('',*,*,#8710,.F.);
#16621=ORIENTED_EDGE('',*,*,#16620,.F.);
#16623=ORIENTED_EDGE('',*,*,#16622,.T.);
#16624=ORIENTED_EDGE('',*,*,#9169,.F.);
#16625=EDGE_LOOP('',(#16618,#16619,#16621,#16623,#16624));
#16626=FACE_OUTER_BOUND('',#16625,.F.);
#16627=ADVANCED_FACE('',(#16626),#16617,.T.);
#16628=CARTESIAN_POINT('',(7.2E0,1.21E0,-2.E-1));
#16629=DIRECTION('',(0.E0,1.E0,0.E0));
#16630=DIRECTION('',(0.E0,0.E0,1.E0));
#16631=AXIS2_PLACEMENT_3D('',#16628,#16629,#16630);
#16632=PLANE('',#16631);
#16633=ORIENTED_EDGE('',*,*,#8708,.T.);
#16634=ORIENTED_EDGE('',*,*,#8957,.T.);
#16636=ORIENTED_EDGE('',*,*,#16635,.T.);
#16637=ORIENTED_EDGE('',*,*,#16620,.T.);
#16638=EDGE_LOOP('',(#16633,#16634,#16636,#16637));
#16639=FACE_OUTER_BOUND('',#16638,.F.);
#16640=ADVANCED_FACE('',(#16639),#16632,.F.);
#16641=CARTESIAN_POINT('',(7.2E0,1.515E0,0.E0));
#16642=DIRECTION('',(0.E0,0.E0,1.E0));
#16643=DIRECTION('',(1.E0,0.E0,0.E0));
#16644=AXIS2_PLACEMENT_3D('',#16641,#16642,#16643);
#16645=PLANE('',#16644);
#16646=ORIENTED_EDGE('',*,*,#16622,.F.);
#16647=ORIENTED_EDGE('',*,*,#16635,.F.);
#16648=ORIENTED_EDGE('',*,*,#8955,.F.);
#16649=ORIENTED_EDGE('',*,*,#9171,.F.);
#16650=EDGE_LOOP('',(#16646,#16647,#16648,#16649));
#16651=FACE_OUTER_BOUND('',#16650,.F.);
#16652=ADVANCED_FACE('',(#16651),#16645,.T.);
#16653=CLOSED_SHELL('',(#8056,#8089,#8128,#8160,#8174,#8200,#8214,#8228,#8242,
#8264,#8278,#8292,#8306,#8332,#8345,#8358,#8371,#8384,#8397,#8410,#8444,#8457,
#8471,#8484,#8498,#8511,#8524,#8536,#8549,#8563,#8576,#8588,#8602,#8616,#8634,
#8648,#8662,#8679,#8692,#8934,#8946,#8962,#9183,#9202,#9220,#9235,#9265,#9279,
#9300,#9313,#9332,#9346,#9368,#9383,#9402,#9757,#9772,#9799,#9813,#9827,#9854,
#9867,#9879,#9899,#9912,#9925,#9938,#9951,#9964,#9977,#9990,#10002,#10015,
#10028,#10040,#10062,#10085,#10100,#10119,#10132,#10162,#10179,#10192,#10217,
#10230,#10243,#10256,#10269,#10282,#10295,#10307,#10321,#10340,#10359,#10380,
#10394,#10409,#10422,#10434,#10446,#10458,#10470,#10484,#10505,#10520,#10546,
#10560,#10574,#10600,#10613,#10625,#10638,#10651,#10664,#10677,#10690,#10703,
#10716,#10728,#10741,#10753,#10767,#10788,#10803,#10829,#10843,#10857,#10883,
#10896,#10908,#10921,#10934,#10947,#10960,#10973,#10986,#10999,#11011,#11024,
#11036,#11050,#11071,#11086,#11112,#11126,#11140,#11166,#11179,#11191,#11204,
#11217,#11230,#11243,#11256,#11269,#11282,#11294,#11307,#11319,#11333,#11354,
#11369,#11395,#11409,#11423,#11449,#11462,#11474,#11487,#11500,#11513,#11526,
#11539,#11552,#11565,#11577,#11590,#11602,#11616,#11637,#11652,#11678,#11692,
#11706,#11732,#11745,#11757,#11770,#11783,#11796,#11809,#11822,#11835,#11848,
#11860,#11873,#11885,#11899,#11920,#11935,#11961,#11975,#11989,#12015,#12028,
#12040,#12053,#12066,#12079,#12092,#12105,#12118,#12131,#12143,#12156,#12168,
#12182,#12203,#12218,#12244,#12258,#12272,#12298,#12311,#12323,#12336,#12349,
#12362,#12375,#12388,#12401,#12414,#12426,#12439,#12451,#12465,#12486,#12501,
#12527,#12541,#12555,#12581,#12594,#12606,#12619,#12632,#12645,#12658,#12671,
#12684,#12697,#12709,#12722,#12734,#12748,#12769,#12784,#12810,#12824,#12838,
#12864,#12877,#12889,#12902,#12915,#12928,#12941,#12954,#12967,#12980,#12992,
#13005,#13017,#13031,#13052,#13067,#13093,#13107,#13121,#13147,#13160,#13172,
#13185,#13198,#13211,#13224,#13237,#13250,#13263,#13275,#13288,#13300,#13314,
#13335,#13350,#13376,#13390,#13404,#13430,#13443,#13455,#13468,#13481,#13494,
#13507,#13520,#13533,#13546,#13558,#13571,#13583,#13597,#13618,#13633,#13659,
#13673,#13687,#13713,#13726,#13738,#13751,#13764,#13777,#13790,#13803,#13816,
#13829,#13841,#13854,#13866,#13880,#13901,#13916,#13942,#13956,#13970,#13996,
#14009,#14021,#14034,#14047,#14060,#14073,#14086,#14099,#14112,#14124,#14137,
#14149,#14163,#14184,#14199,#14225,#14239,#14253,#14279,#14292,#14304,#14317,
#14330,#14343,#14356,#14369,#14382,#14395,#14407,#14420,#14432,#14446,#14467,
#14482,#14508,#14522,#14536,#14562,#14575,#14587,#14600,#14613,#14626,#14639,
#14652,#14665,#14678,#14690,#14703,#14715,#14729,#14750,#14765,#14791,#14805,
#14819,#14845,#14858,#14870,#14883,#14896,#14909,#14922,#14935,#14948,#14961,
#14973,#14986,#14998,#15012,#15033,#15048,#15074,#15088,#15102,#15128,#15141,
#15153,#15166,#15179,#15192,#15205,#15218,#15231,#15244,#15256,#15269,#15281,
#15295,#15316,#15331,#15357,#15371,#15385,#15411,#15424,#15436,#15449,#15462,
#15475,#15488,#15501,#15514,#15527,#15539,#15552,#15564,#15578,#15599,#15614,
#15640,#15654,#15668,#15694,#15707,#15719,#15732,#15745,#15758,#15771,#15784,
#15797,#15810,#15822,#15835,#15847,#15861,#15882,#15897,#15923,#15937,#15951,
#15977,#15990,#16002,#16015,#16028,#16041,#16054,#16067,#16080,#16093,#16105,
#16118,#16130,#16144,#16165,#16180,#16206,#16220,#16234,#16260,#16273,#16285,
#16298,#16311,#16324,#16337,#16350,#16363,#16376,#16388,#16401,#16413,#16433,
#16447,#16460,#16485,#16498,#16511,#16524,#16537,#16550,#16563,#16575,#16587,
#16600,#16612,#16627,#16640,#16652));
#16654=MANIFOLD_SOLID_BREP('',#16653);
#16655=(LENGTH_UNIT()NAMED_UNIT(*)SI_UNIT(.MILLI.,.METRE.));
#16656=DIMENSIONAL_EXPONENTS(0.E0,0.E0,0.E0,0.E0,0.E0,0.E0,0.E0);
#16657=(NAMED_UNIT(*)PLANE_ANGLE_UNIT()SI_UNIT($,.RADIAN.));
#16658=PLANE_ANGLE_MEASURE_WITH_UNIT(PLANE_ANGLE_MEASURE(1.745329251994E-2),
#16657);
#16659=(CONVERSION_BASED_UNIT('DEGREE',#16658)NAMED_UNIT(#16656)PLANE_ANGLE_UNIT());
#16660=(NAMED_UNIT(*)SI_UNIT($,.STERADIAN.)SOLID_ANGLE_UNIT());
#16661=UNCERTAINTY_MEASURE_WITH_UNIT(LENGTH_MEASURE(1.731279642136E-3),#16655,
'closure',
'Maximum model space distance between geometric entities at asserted connectivities');
#16662=(GEOMETRIC_REPRESENTATION_CONTEXT(3)GLOBAL_UNCERTAINTY_ASSIGNED_CONTEXT((
#16661))GLOBAL_UNIT_ASSIGNED_CONTEXT((#16655,#16659,#16660))REPRESENTATION_CONTEXT('ID1','3'));
#16664=APPLICATION_CONTEXT(
'CONFIGURATION CONTROLLED 3D DESIGNS OF MECHANICAL PARTS AND ASSEMBLIES');
#16665=APPLICATION_PROTOCOL_DEFINITION('international standard',
'config_control_design',1994,#16664);
#16666=DESIGN_CONTEXT('',#16664,'design');
#16667=MECHANICAL_CONTEXT('',#16664,'mechanical');
#16668=PRODUCT('ISFV22R_1STLF','ISFV22R_1STLF','NOT SPECIFIED',(#16667));
#16669=PRODUCT_DEFINITION_FORMATION_WITH_SPECIFIED_SOURCE('','LAST_VERSION',
#16668,.MADE.);
#16673=PRODUCT_CATEGORY('part','');
#16674=PRODUCT_RELATED_PRODUCT_CATEGORY('detail','',(#16668));
#16675=PRODUCT_CATEGORY_RELATIONSHIP('','',#16673,#16674);
#16676=SECURITY_CLASSIFICATION_LEVEL('unclassified');
#16677=SECURITY_CLASSIFICATION('','',#16676);
#16678=CC_DESIGN_SECURITY_CLASSIFICATION(#16677,(#16669));
#16679=APPROVAL_STATUS('approved');
#16680=APPROVAL(#16679,'');
#16681=CC_DESIGN_APPROVAL(#16680,(#16677,#16669,#16670));
#16682=CALENDAR_DATE(107,3,9);
#16683=COORDINATED_UNIVERSAL_TIME_OFFSET(9,0,.AHEAD.);
#16684=LOCAL_TIME(13,1,3.1E1,#16683);
#16685=DATE_AND_TIME(#16682,#16684);
#16686=APPROVAL_DATE_TIME(#16685,#16680);
#16687=DATE_TIME_ROLE('creation_date');
#16688=CC_DESIGN_DATE_AND_TIME_ASSIGNMENT(#16685,#16687,(#16670));
#16689=DATE_TIME_ROLE('classification_date');
#16690=CC_DESIGN_DATE_AND_TIME_ASSIGNMENT(#16685,#16689,(#16677));
#16691=PERSON('UNSPECIFIED','UNSPECIFIED',$,$,$,$);
#16692=ORGANIZATION('UNSPECIFIED','UNSPECIFIED','UNSPECIFIED');
#16693=PERSON_AND_ORGANIZATION(#16691,#16692);
#16694=APPROVAL_ROLE('approver');
#16695=APPROVAL_PERSON_ORGANIZATION(#16693,#16680,#16694);
#16696=PERSON_AND_ORGANIZATION_ROLE('creator');
#16697=CC_DESIGN_PERSON_AND_ORGANIZATION_ASSIGNMENT(#16693,#16696,(#16669,
#16670));
#16698=PERSON_AND_ORGANIZATION_ROLE('design_supplier');
#16699=CC_DESIGN_PERSON_AND_ORGANIZATION_ASSIGNMENT(#16693,#16698,(#16669));
#16700=PERSON_AND_ORGANIZATION_ROLE('classification_officer');
#16701=CC_DESIGN_PERSON_AND_ORGANIZATION_ASSIGNMENT(#16693,#16700,(#16677));
#16702=PERSON_AND_ORGANIZATION_ROLE('design_owner');
#16703=CC_DESIGN_PERSON_AND_ORGANIZATION_ASSIGNMENT(#16693,#16702,(#16668));
#1385=CIRCLE('',#1384,3.E-1);
#1402=CIRCLE('',#1401,9.999999999953E-2);
#1415=CIRCLE('',#1414,1.E-1);
#1432=CIRCLE('',#1431,3.E-1);
#1437=CIRCLE('',#1436,1.E-1);
#1450=CIRCLE('',#1449,9.999999999953E-2);
#1919=CIRCLE('',#1918,3.E-1);
#1936=CIRCLE('',#1935,9.999999999953E-2);
#1949=CIRCLE('',#1948,1.E-1);
#1966=CIRCLE('',#1965,3.E-1);
#1971=CIRCLE('',#1970,1.E-1);
#1984=CIRCLE('',#1983,9.999999999953E-2);
#2113=CIRCLE('',#2112,3.E-1);
#2130=CIRCLE('',#2129,9.999999999953E-2);
#2143=CIRCLE('',#2142,1.E-1);
#2160=CIRCLE('',#2159,3.E-1);
#2165=CIRCLE('',#2164,1.E-1);
#2178=CIRCLE('',#2177,9.999999999953E-2);
#2303=CIRCLE('',#2302,3.E-1);
#2320=CIRCLE('',#2319,9.999999999953E-2);
#2333=CIRCLE('',#2332,1.E-1);
#2350=CIRCLE('',#2349,3.E-1);
#2355=CIRCLE('',#2354,1.E-1);
#2368=CIRCLE('',#2367,9.999999999953E-2);
#2493=CIRCLE('',#2492,3.E-1);
#2510=CIRCLE('',#2509,9.999999999953E-2);
#2523=CIRCLE('',#2522,1.E-1);
#2540=CIRCLE('',#2539,3.E-1);
#2545=CIRCLE('',#2544,1.E-1);
#2558=CIRCLE('',#2557,9.999999999953E-2);
#2683=CIRCLE('',#2682,3.E-1);
#2700=CIRCLE('',#2699,9.999999999953E-2);
#2713=CIRCLE('',#2712,1.E-1);
#2730=CIRCLE('',#2729,3.E-1);
#2735=CIRCLE('',#2734,1.E-1);
#2748=CIRCLE('',#2747,9.999999999953E-2);
#2873=CIRCLE('',#2872,3.E-1);
#2890=CIRCLE('',#2889,9.999999999953E-2);
#2903=CIRCLE('',#2902,1.E-1);
#2920=CIRCLE('',#2919,3.E-1);
#2925=CIRCLE('',#2924,1.E-1);
#2938=CIRCLE('',#2937,9.999999999953E-2);
#3063=CIRCLE('',#3062,3.E-1);
#3080=CIRCLE('',#3079,9.999999999953E-2);
#3093=CIRCLE('',#3092,1.E-1);
#3110=CIRCLE('',#3109,3.E-1);
#3115=CIRCLE('',#3114,1.E-1);
#3128=CIRCLE('',#3127,9.999999999953E-2);
#3253=CIRCLE('',#3252,3.E-1);
#3270=CIRCLE('',#3269,9.999999999953E-2);
#3283=CIRCLE('',#3282,1.E-1);
#3300=CIRCLE('',#3299,3.E-1);
#3305=CIRCLE('',#3304,1.E-1);
#3318=CIRCLE('',#3317,9.999999999953E-2);
#3443=CIRCLE('',#3442,3.E-1);
#3460=CIRCLE('',#3459,9.999999999953E-2);
#3473=CIRCLE('',#3472,1.E-1);
#3490=CIRCLE('',#3489,3.E-1);
#3495=CIRCLE('',#3494,1.E-1);
#3508=CIRCLE('',#3507,9.999999999953E-2);
#3633=CIRCLE('',#3632,3.E-1);
#3650=CIRCLE('',#3649,9.999999999953E-2);
#3663=CIRCLE('',#3662,1.E-1);
#3680=CIRCLE('',#3679,3.E-1);
#3685=CIRCLE('',#3684,1.E-1);
#3698=CIRCLE('',#3697,9.999999999953E-2);
#3823=CIRCLE('',#3822,3.E-1);
#3840=CIRCLE('',#3839,9.999999999953E-2);
#3853=CIRCLE('',#3852,1.E-1);
#3870=CIRCLE('',#3869,3.E-1);
#3875=CIRCLE('',#3874,1.E-1);
#3888=CIRCLE('',#3887,9.999999999953E-2);
#4013=CIRCLE('',#4012,3.E-1);
#4030=CIRCLE('',#4029,9.999999999953E-2);
#4043=CIRCLE('',#4042,1.E-1);
#4060=CIRCLE('',#4059,3.E-1);
#4065=CIRCLE('',#4064,1.E-1);
#4078=CIRCLE('',#4077,9.999999999953E-2);
#4203=CIRCLE('',#4202,3.E-1);
#4220=CIRCLE('',#4219,9.999999999953E-2);
#4233=CIRCLE('',#4232,1.E-1);
#4250=CIRCLE('',#4249,3.E-1);
#4255=CIRCLE('',#4254,1.E-1);
#4268=CIRCLE('',#4267,9.999999999953E-2);
#4393=CIRCLE('',#4392,3.E-1);
#4410=CIRCLE('',#4409,9.999999999953E-2);
#4423=CIRCLE('',#4422,1.E-1);
#4440=CIRCLE('',#4439,3.E-1);
#4445=CIRCLE('',#4444,1.E-1);
#4458=CIRCLE('',#4457,9.999999999953E-2);
#4583=CIRCLE('',#4582,3.E-1);
#4600=CIRCLE('',#4599,9.999999999953E-2);
#4613=CIRCLE('',#4612,1.E-1);
#4630=CIRCLE('',#4629,3.E-1);
#4635=CIRCLE('',#4634,1.E-1);
#4648=CIRCLE('',#4647,9.999999999953E-2);
#4773=CIRCLE('',#4772,3.E-1);
#4790=CIRCLE('',#4789,9.999999999953E-2);
#4803=CIRCLE('',#4802,1.E-1);
#4820=CIRCLE('',#4819,3.E-1);
#4825=CIRCLE('',#4824,1.E-1);
#4838=CIRCLE('',#4837,9.999999999953E-2);
#4963=CIRCLE('',#4962,3.E-1);
#4980=CIRCLE('',#4979,9.999999999953E-2);
#4993=CIRCLE('',#4992,1.E-1);
#5010=CIRCLE('',#5009,3.E-1);
#5015=CIRCLE('',#5014,1.E-1);
#5028=CIRCLE('',#5027,9.999999999953E-2);
#5153=CIRCLE('',#5152,3.E-1);
#5170=CIRCLE('',#5169,9.999999999953E-2);
#5183=CIRCLE('',#5182,1.E-1);
#5200=CIRCLE('',#5199,3.E-1);
#5205=CIRCLE('',#5204,1.E-1);
#5218=CIRCLE('',#5217,9.999999999953E-2);
#5343=CIRCLE('',#5342,3.E-1);
#5360=CIRCLE('',#5359,9.999999999953E-2);
#5373=CIRCLE('',#5372,1.E-1);
#5390=CIRCLE('',#5389,3.E-1);
#5395=CIRCLE('',#5394,1.E-1);
#5408=CIRCLE('',#5407,9.999999999953E-2);
#5533=CIRCLE('',#5532,3.E-1);
#5550=CIRCLE('',#5549,9.999999999953E-2);
#5563=CIRCLE('',#5562,1.E-1);
#5580=CIRCLE('',#5579,3.E-1);
#5585=CIRCLE('',#5584,1.E-1);
#5598=CIRCLE('',#5597,9.999999999953E-2);
#5723=CIRCLE('',#5722,3.E-1);
#5740=CIRCLE('',#5739,9.999999999953E-2);
#5753=CIRCLE('',#5752,1.E-1);
#5770=CIRCLE('',#5769,3.E-1);
#5775=CIRCLE('',#5774,1.E-1);
#5788=CIRCLE('',#5787,9.999999999953E-2);
#8030=EDGE_CURVE('',#7009,#7010,#8,.T.);
#8032=EDGE_CURVE('',#7010,#7030,#320,.T.);
#8034=EDGE_CURVE('',#7028,#7030,#348,.T.);
#8036=EDGE_CURVE('',#7028,#7026,#360,.T.);
#8038=EDGE_CURVE('',#7026,#7024,#100,.T.);
#8040=EDGE_CURVE('',#7024,#7022,#1802,.T.);
#8042=EDGE_CURVE('',#7020,#7022,#1866,.T.);
#8044=EDGE_CURVE('',#7018,#7020,#1586,.T.);
#8046=EDGE_CURVE('',#7018,#7016,#1028,.T.);
#8048=EDGE_CURVE('',#7016,#7014,#992,.T.);
#8050=EDGE_CURVE('',#7014,#7012,#956,.T.);
#8052=EDGE_CURVE('',#7012,#7009,#948,.T.);
#8062=EDGE_CURVE('',#7485,#7486,#4,.T.);
#8064=EDGE_CURVE('',#7486,#7010,#324,.T.);
#8067=EDGE_CURVE('',#7009,#7039,#944,.T.);
#8069=EDGE_CURVE('',#7039,#7040,#852,.T.);
#8071=EDGE_CURVE('',#7040,#7042,#812,.T.);
#8073=EDGE_CURVE('',#7042,#7489,#332,.T.);
#8075=EDGE_CURVE('',#7489,#7490,#12,.T.);
#8077=EDGE_CURVE('',#7498,#7490,#16,.T.);
#8079=EDGE_CURVE('',#7496,#7498,#20,.T.);
#8081=EDGE_CURVE('',#7494,#7496,#24,.T.);
#8083=EDGE_CURVE('',#7493,#7494,#28,.T.);
#8085=EDGE_CURVE('',#7485,#7493,#32,.T.);
#8095=EDGE_CURVE('',#7469,#7470,#72,.T.);
#8097=EDGE_CURVE('',#7469,#7500,#352,.T.);
#8099=EDGE_CURVE('',#7500,#7504,#340,.T.);
#8101=EDGE_CURVE('',#7504,#7486,#312,.T.);
#8104=EDGE_CURVE('',#7485,#6966,#200,.T.);
#8106=EDGE_CURVE('',#6964,#6966,#36,.T.);
#8108=EDGE_CURVE('',#6994,#6964,#40,.T.);
#8110=EDGE_CURVE('',#6996,#6994,#44,.T.);
#8112=EDGE_CURVE('',#6998,#6996,#48,.T.);
#8114=EDGE_CURVE('',#7000,#6998,#52,.T.);
#8116=EDGE_CURVE('',#7004,#7000,#56,.T.);
#8118=EDGE_CURVE('',#7006,#7004,#60,.T.);
#8120=EDGE_CURVE('',#6980,#7006,#64,.T.);
#8122=EDGE_CURVE('',#6979,#6980,#68,.T.);
#8124=EDGE_CURVE('',#6979,#7470,#104,.T.);
#8135=EDGE_CURVE('',#7470,#7482,#76,.T.);
#8137=EDGE_CURVE('',#7482,#7480,#80,.T.);
#8139=EDGE_CURVE('',#7479,#7480,#84,.T.);
#8141=EDGE_CURVE('',#7476,#7479,#88,.T.);
#8143=EDGE_CURVE('',#7474,#7476,#92,.T.);
#8145=EDGE_CURVE('',#7473,#7474,#96,.T.);
#8147=EDGE_CURVE('',#7473,#7033,#372,.T.);
#8149=EDGE_CURVE('',#7033,#7034,#6016,.T.);
#8151=EDGE_CURVE('',#7034,#7036,#844,.T.);
#8153=EDGE_CURVE('',#7036,#7024,#1806,.T.);
#8156=EDGE_CURVE('',#7026,#7469,#356,.T.);
#8168=EDGE_CURVE('',#6992,#6979,#108,.T.);
#8170=EDGE_CURVE('',#7482,#6992,#204,.T.);
#8181=EDGE_CURVE('',#6980,#6958,#116,.T.);
#8183=EDGE_CURVE('',#6949,#6958,#112,.T.);
#8185=EDGE_CURVE('',#6982,#6949,#280,.T.);
#8187=EDGE_CURVE('',#6982,#6984,#244,.T.);
#8189=EDGE_CURVE('',#6986,#6984,#236,.T.);
#8191=EDGE_CURVE('',#6988,#6986,#228,.T.);
#8193=EDGE_CURVE('',#6988,#6990,#220,.T.);
#8195=EDGE_CURVE('',#6992,#6990,#208,.T.);
#8208=EDGE_CURVE('',#6956,#7006,#120,.T.);
#8210=EDGE_CURVE('',#6958,#6956,#124,.T.);
#8222=EDGE_CURVE('',#6954,#7004,#128,.T.);
#8224=EDGE_CURVE('',#6956,#6954,#132,.T.);
#8236=EDGE_CURVE('',#6952,#7000,#136,.T.);
#8238=EDGE_CURVE('',#6954,#6952,#140,.T.);
#8250=EDGE_CURVE('',#6946,#6998,#144,.T.);
#8252=EDGE_CURVE('',#6937,#6946,#148,.T.);
#8254=EDGE_CURVE('',#6960,#6937,#152,.T.);
#8256=EDGE_CURVE('',#6960,#7002,#248,.T.);
#8258=EDGE_CURVE('',#6950,#7002,#272,.T.);
#8260=EDGE_CURVE('',#6952,#6950,#156,.T.);
#8272=EDGE_CURVE('',#6944,#6996,#160,.T.);
#8274=EDGE_CURVE('',#6946,#6944,#164,.T.);
#8286=EDGE_CURVE('',#6942,#6994,#168,.T.);
#8288=EDGE_CURVE('',#6944,#6942,#172,.T.);
#8300=EDGE_CURVE('',#6940,#6964,#176,.T.);
#8302=EDGE_CURVE('',#6942,#6940,#180,.T.);
#8314=EDGE_CURVE('',#6966,#6968,#196,.T.);
#8316=EDGE_CURVE('',#6970,#6968,#212,.T.);
#8318=EDGE_CURVE('',#6970,#6972,#304,.T.);
#8320=EDGE_CURVE('',#6974,#6972,#296,.T.);
#8322=EDGE_CURVE('',#6976,#6974,#288,.T.);
#8324=EDGE_CURVE('',#6976,#6962,#256,.T.);
#8326=EDGE_CURVE('',#6938,#6962,#184,.T.);
#8328=EDGE_CURVE('',#6940,#6938,#188,.T.);
#8339=EDGE_CURVE('',#6968,#7493,#192,.T.);
#8354=EDGE_CURVE('',#6990,#7480,#216,.T.);
#8365=EDGE_CURVE('',#7494,#6970,#308,.T.);
#8380=EDGE_CURVE('',#7479,#6988,#224,.T.);
#8393=EDGE_CURVE('',#6986,#7476,#232,.T.);
#8406=EDGE_CURVE('',#6984,#7474,#240,.T.);
#8419=EDGE_CURVE('',#7002,#6982,#276,.T.);
#8422=EDGE_CURVE('',#6962,#6960,#252,.T.);
#8425=EDGE_CURVE('',#7490,#6976,#260,.T.);
#8428=EDGE_CURVE('',#7506,#7489,#328,.T.);
#8430=EDGE_CURVE('',#7514,#7506,#436,.T.);
#8432=EDGE_CURVE('',#7514,#7516,#416,.T.);
#8434=EDGE_CURVE('',#7518,#7516,#264,.T.);
#8436=EDGE_CURVE('',#7508,#7518,#388,.T.);
#8438=EDGE_CURVE('',#7502,#7508,#376,.T.);
#8440=EDGE_CURVE('',#7473,#7502,#364,.T.);
#8450=EDGE_CURVE('',#6949,#6950,#268,.T.);
#8477=EDGE_CURVE('',#6937,#6938,#284,.T.);
#8507=EDGE_CURVE('',#7498,#6974,#292,.T.);
#8520=EDGE_CURVE('',#6972,#7496,#300,.T.);
#8543=EDGE_CURVE('',#7030,#7504,#316,.T.);
#8557=EDGE_CURVE('',#7046,#7042,#336,.T.);
#8559=EDGE_CURVE('',#7046,#7506,#440,.T.);
#8570=EDGE_CURVE('',#7500,#7028,#344,.T.);
#8595=EDGE_CURVE('',#7502,#7044,#384,.T.);
#8597=EDGE_CURVE('',#7033,#7044,#368,.T.);
#8609=EDGE_CURVE('',#7058,#7508,#408,.T.);
#8611=EDGE_CURVE('',#7044,#7058,#380,.T.);
#8623=EDGE_CURVE('',#7512,#7518,#392,.T.);
#8625=EDGE_CURVE('',#7512,#7061,#396,.T.);
#8627=EDGE_CURVE('',#7061,#7056,#400,.T.);
#8629=EDGE_CURVE('',#7056,#7058,#404,.T.);
#8640=EDGE_CURVE('',#7511,#7512,#412,.T.);
#8644=EDGE_CURVE('',#7511,#7516,#432,.T.);
#8655=EDGE_CURVE('',#7062,#7511,#428,.T.);
#8657=EDGE_CURVE('',#7061,#7062,#800,.T.);
#8669=EDGE_CURVE('',#7514,#7052,#420,.T.);
#8671=EDGE_CURVE('',#7052,#7054,#424,.T.);
#8673=EDGE_CURVE('',#7062,#7054,#804,.T.);
#8687=EDGE_CURVE('',#7052,#7046,#444,.T.);
#8701=EDGE_CURVE('',#7054,#7056,#808,.T.);
#8706=EDGE_CURVE('',#7042,#7050,#816,.T.);
#8708=EDGE_CURVE('',#7048,#7050,#6028,.T.);
#8710=EDGE_CURVE('',#7048,#7033,#6020,.T.);
#8714=EDGE_CURVE('',#7521,#7522,#448,.T.);
#8716=EDGE_CURVE('',#7526,#7521,#452,.T.);
#8718=EDGE_CURVE('',#7526,#7524,#456,.T.);
#8720=EDGE_CURVE('',#7522,#7524,#460,.T.);
#8724=EDGE_CURVE('',#7541,#7542,#464,.T.);
#8726=EDGE_CURVE('',#7546,#7541,#468,.T.);
#8728=EDGE_CURVE('',#7546,#7544,#472,.T.);
#8730=EDGE_CURVE('',#7542,#7544,#476,.T.);
#8734=EDGE_CURVE('',#7561,#7562,#480,.T.);
#8736=EDGE_CURVE('',#7566,#7561,#484,.T.);
#8738=EDGE_CURVE('',#7566,#7564,#488,.T.);
#8740=EDGE_CURVE('',#7562,#7564,#492,.T.);
#8744=EDGE_CURVE('',#7581,#7582,#496,.T.);
#8746=EDGE_CURVE('',#7586,#7581,#500,.T.);
#8748=EDGE_CURVE('',#7586,#7584,#504,.T.);
#8750=EDGE_CURVE('',#7582,#7584,#508,.T.);
#8754=EDGE_CURVE('',#7601,#7602,#512,.T.);
#8756=EDGE_CURVE('',#7606,#7601,#516,.T.);
#8758=EDGE_CURVE('',#7606,#7604,#520,.T.);
#8760=EDGE_CURVE('',#7602,#7604,#524,.T.);
#8764=EDGE_CURVE('',#7621,#7622,#528,.T.);
#8766=EDGE_CURVE('',#7626,#7621,#532,.T.);
#8768=EDGE_CURVE('',#7626,#7624,#536,.T.);
#8770=EDGE_CURVE('',#7622,#7624,#540,.T.);
#8774=EDGE_CURVE('',#7641,#7642,#544,.T.);
#8776=EDGE_CURVE('',#7646,#7641,#548,.T.);
#8778=EDGE_CURVE('',#7646,#7644,#552,.T.);
#8780=EDGE_CURVE('',#7642,#7644,#556,.T.);
#8784=EDGE_CURVE('',#7661,#7662,#560,.T.);
#8786=EDGE_CURVE('',#7666,#7661,#564,.T.);
#8788=EDGE_CURVE('',#7666,#7664,#568,.T.);
#8790=EDGE_CURVE('',#7662,#7664,#572,.T.);
#8794=EDGE_CURVE('',#7681,#7682,#576,.T.);
#8796=EDGE_CURVE('',#7686,#7681,#580,.T.);
#8798=EDGE_CURVE('',#7686,#7684,#584,.T.);
#8800=EDGE_CURVE('',#7682,#7684,#588,.T.);
#8804=EDGE_CURVE('',#7701,#7702,#592,.T.);
#8806=EDGE_CURVE('',#7706,#7701,#596,.T.);
#8808=EDGE_CURVE('',#7706,#7704,#600,.T.);
#8810=EDGE_CURVE('',#7702,#7704,#604,.T.);
#8814=EDGE_CURVE('',#7721,#7722,#608,.T.);
#8816=EDGE_CURVE('',#7726,#7721,#612,.T.);
#8818=EDGE_CURVE('',#7726,#7724,#616,.T.);
#8820=EDGE_CURVE('',#7722,#7724,#620,.T.);
#8824=EDGE_CURVE('',#7741,#7742,#624,.T.);
#8826=EDGE_CURVE('',#7746,#7741,#628,.T.);
#8828=EDGE_CURVE('',#7746,#7744,#632,.T.);
#8830=EDGE_CURVE('',#7742,#7744,#636,.T.);
#8834=EDGE_CURVE('',#7761,#7762,#640,.T.);
#8836=EDGE_CURVE('',#7766,#7761,#644,.T.);
#8838=EDGE_CURVE('',#7766,#7764,#648,.T.);
#8840=EDGE_CURVE('',#7762,#7764,#652,.T.);
#8844=EDGE_CURVE('',#7781,#7782,#656,.T.);
#8846=EDGE_CURVE('',#7786,#7781,#660,.T.);
#8848=EDGE_CURVE('',#7786,#7784,#664,.T.);
#8850=EDGE_CURVE('',#7782,#7784,#668,.T.);
#8854=EDGE_CURVE('',#7801,#7802,#672,.T.);
#8856=EDGE_CURVE('',#7806,#7801,#676,.T.);
#8858=EDGE_CURVE('',#7806,#7804,#680,.T.);
#8860=EDGE_CURVE('',#7802,#7804,#684,.T.);
#8864=EDGE_CURVE('',#7821,#7822,#688,.T.);
#8866=EDGE_CURVE('',#7826,#7821,#692,.T.);
#8868=EDGE_CURVE('',#7826,#7824,#696,.T.);
#8870=EDGE_CURVE('',#7822,#7824,#700,.T.);
#8874=EDGE_CURVE('',#7841,#7842,#704,.T.);
#8876=EDGE_CURVE('',#7846,#7841,#708,.T.);
#8878=EDGE_CURVE('',#7846,#7844,#712,.T.);
#8880=EDGE_CURVE('',#7842,#7844,#716,.T.);
#8884=EDGE_CURVE('',#7861,#7862,#720,.T.);
#8886=EDGE_CURVE('',#7866,#7861,#724,.T.);
#8888=EDGE_CURVE('',#7866,#7864,#728,.T.);
#8890=EDGE_CURVE('',#7862,#7864,#732,.T.);
#8894=EDGE_CURVE('',#7881,#7882,#736,.T.);
#8896=EDGE_CURVE('',#7886,#7881,#740,.T.);
#8898=EDGE_CURVE('',#7886,#7884,#744,.T.);
#8900=EDGE_CURVE('',#7882,#7884,#748,.T.);
#8904=EDGE_CURVE('',#7901,#7902,#752,.T.);
#8906=EDGE_CURVE('',#7906,#7901,#756,.T.);
#8908=EDGE_CURVE('',#7906,#7904,#760,.T.);
#8910=EDGE_CURVE('',#7902,#7904,#764,.T.);
#8914=EDGE_CURVE('',#7921,#7922,#768,.T.);
#8916=EDGE_CURVE('',#7926,#7921,#772,.T.);
#8918=EDGE_CURVE('',#7926,#7924,#776,.T.);
#8920=EDGE_CURVE('',#7922,#7924,#780,.T.);
#8924=EDGE_CURVE('',#7941,#7942,#784,.T.);
#8926=EDGE_CURVE('',#7946,#7941,#788,.T.);
#8928=EDGE_CURVE('',#7946,#7944,#792,.T.);
#8930=EDGE_CURVE('',#7942,#7944,#796,.T.);
#8953=EDGE_CURVE('',#7040,#7064,#848,.T.);
#8955=EDGE_CURVE('',#7064,#7066,#6048,.T.);
#8957=EDGE_CURVE('',#7050,#7066,#6032,.T.);
#8968=EDGE_CURVE('',#7995,#7996,#820,.T.);
#8970=EDGE_CURVE('',#7998,#7995,#824,.T.);
#8972=EDGE_CURVE('',#8000,#7998,#828,.T.);
#8974=EDGE_CURVE('',#7073,#8000,#884,.T.);
#8976=EDGE_CURVE('',#7073,#7074,#1016,.T.);
#8978=EDGE_CURVE('',#7074,#7076,#1566,.T.);
#8980=EDGE_CURVE('',#7078,#7076,#1554,.T.);
#8982=EDGE_CURVE('',#7080,#7078,#1542,.T.);
#8984=EDGE_CURVE('',#7080,#7082,#1372,.T.);
#8986=EDGE_CURVE('',#7082,#7084,#5868,.T.);
#8988=EDGE_CURVE('',#7086,#7084,#5856,.T.);
#8990=EDGE_CURVE('',#7088,#7086,#5694,.T.);
#8992=EDGE_CURVE('',#7088,#7090,#1356,.T.);
#8994=EDGE_CURVE('',#7090,#7092,#5678,.T.);
#8996=EDGE_CURVE('',#7094,#7092,#5666,.T.);
#8998=EDGE_CURVE('',#7096,#7094,#5504,.T.);
#9000=EDGE_CURVE('',#7096,#7098,#1340,.T.);
#9002=EDGE_CURVE('',#7098,#7100,#5488,.T.);
#9004=EDGE_CURVE('',#7102,#7100,#5476,.T.);
#9006=EDGE_CURVE('',#7104,#7102,#5314,.T.);
#9008=EDGE_CURVE('',#7104,#7106,#1324,.T.);
#9010=EDGE_CURVE('',#7106,#7108,#5298,.T.);
#9012=EDGE_CURVE('',#7110,#7108,#5286,.T.);
#9014=EDGE_CURVE('',#7112,#7110,#5124,.T.);
#9016=EDGE_CURVE('',#7112,#7114,#1308,.T.);
#9018=EDGE_CURVE('',#7114,#7116,#5108,.T.);
#9020=EDGE_CURVE('',#7118,#7116,#5096,.T.);
#9022=EDGE_CURVE('',#7120,#7118,#4934,.T.);
#9024=EDGE_CURVE('',#7120,#7122,#1292,.T.);
#9026=EDGE_CURVE('',#7122,#7124,#4918,.T.);
#9028=EDGE_CURVE('',#7126,#7124,#4906,.T.);
#9030=EDGE_CURVE('',#7128,#7126,#4744,.T.);
#9032=EDGE_CURVE('',#7128,#7130,#1276,.T.);
#9034=EDGE_CURVE('',#7130,#7132,#4728,.T.);
#9036=EDGE_CURVE('',#7134,#7132,#4716,.T.);
#9038=EDGE_CURVE('',#7136,#7134,#4554,.T.);
#9040=EDGE_CURVE('',#7136,#7138,#1260,.T.);
#9042=EDGE_CURVE('',#7138,#7140,#4538,.T.);
#9044=EDGE_CURVE('',#7142,#7140,#4526,.T.);
#9046=EDGE_CURVE('',#7144,#7142,#4364,.T.);
#9048=EDGE_CURVE('',#7144,#7146,#1244,.T.);
#9050=EDGE_CURVE('',#7146,#7148,#4348,.T.);
#9052=EDGE_CURVE('',#7150,#7148,#4336,.T.);
#9054=EDGE_CURVE('',#7152,#7150,#4174,.T.);
#9056=EDGE_CURVE('',#7152,#7154,#1228,.T.);
#9058=EDGE_CURVE('',#7154,#7156,#4158,.T.);
#9060=EDGE_CURVE('',#7158,#7156,#4146,.T.);
#9062=EDGE_CURVE('',#7160,#7158,#3984,.T.);
#9064=EDGE_CURVE('',#7160,#7162,#1212,.T.);
#9066=EDGE_CURVE('',#7162,#7164,#3968,.T.);
#9068=EDGE_CURVE('',#7166,#7164,#3956,.T.);
#9070=EDGE_CURVE('',#7168,#7166,#3794,.T.);
#9072=EDGE_CURVE('',#7168,#7170,#1196,.T.);
#9074=EDGE_CURVE('',#7170,#7172,#3778,.T.);
#9076=EDGE_CURVE('',#7174,#7172,#3766,.T.);
#9078=EDGE_CURVE('',#7176,#7174,#3604,.T.);
#9080=EDGE_CURVE('',#7176,#7178,#1180,.T.);
#9082=EDGE_CURVE('',#7178,#7180,#3588,.T.);
#9084=EDGE_CURVE('',#7182,#7180,#3576,.T.);
#9086=EDGE_CURVE('',#7184,#7182,#3414,.T.);
#9088=EDGE_CURVE('',#7184,#7186,#1164,.T.);
#9090=EDGE_CURVE('',#7186,#7188,#3398,.T.);
#9092=EDGE_CURVE('',#7190,#7188,#3386,.T.);
#9094=EDGE_CURVE('',#7192,#7190,#3224,.T.);
#9096=EDGE_CURVE('',#7192,#7194,#1148,.T.);
#9098=EDGE_CURVE('',#7194,#7196,#3208,.T.);
#9100=EDGE_CURVE('',#7198,#7196,#3196,.T.);
#9102=EDGE_CURVE('',#7200,#7198,#3034,.T.);
#9104=EDGE_CURVE('',#7200,#7202,#1132,.T.);
#9106=EDGE_CURVE('',#7202,#7204,#3018,.T.);
#9108=EDGE_CURVE('',#7206,#7204,#3006,.T.);
#9110=EDGE_CURVE('',#7208,#7206,#2844,.T.);
#9112=EDGE_CURVE('',#7208,#7210,#1116,.T.);
#9114=EDGE_CURVE('',#7210,#7212,#2828,.T.);
#9116=EDGE_CURVE('',#7214,#7212,#2816,.T.);
#9118=EDGE_CURVE('',#7216,#7214,#2654,.T.);
#9120=EDGE_CURVE('',#7216,#7218,#1100,.T.);
#9122=EDGE_CURVE('',#7218,#7220,#2638,.T.);
#9124=EDGE_CURVE('',#7222,#7220,#2626,.T.);
#9126=EDGE_CURVE('',#7224,#7222,#2464,.T.);
#9128=EDGE_CURVE('',#7224,#7226,#1084,.T.);
#9130=EDGE_CURVE('',#7226,#7228,#2448,.T.);
#9132=EDGE_CURVE('',#7230,#7228,#2436,.T.);
#9134=EDGE_CURVE('',#7232,#7230,#2274,.T.);
#9136=EDGE_CURVE('',#7232,#7234,#1068,.T.);
#9138=EDGE_CURVE('',#7234,#7236,#2258,.T.);
#9140=EDGE_CURVE('',#7238,#7236,#2242,.T.);
#9142=EDGE_CURVE('',#7240,#7238,#2084,.T.);
#9144=EDGE_CURVE('',#7240,#7242,#1052,.T.);
#9146=EDGE_CURVE('',#7242,#7244,#2068,.T.);
#9148=EDGE_CURVE('',#7246,#7244,#2056,.T.);
#9150=EDGE_CURVE('',#7248,#7246,#1890,.T.);
#9152=EDGE_CURVE('',#7248,#7250,#1036,.T.);
#9154=EDGE_CURVE('',#7250,#7966,#1638,.T.);
#9156=EDGE_CURVE('',#7966,#7961,#832,.T.);
#9158=EDGE_CURVE('',#7961,#7962,#836,.T.);
#9160=EDGE_CURVE('',#7962,#7964,#840,.T.);
#9162=EDGE_CURVE('',#7964,#7253,#1626,.T.);
#9164=EDGE_CURVE('',#7253,#7254,#1874,.T.);
#9166=EDGE_CURVE('',#7254,#7036,#1810,.T.);
#9169=EDGE_CURVE('',#7034,#7256,#6024,.T.);
#9171=EDGE_CURVE('',#7256,#7064,#6052,.T.);
#9175=EDGE_CURVE('',#7039,#7068,#940,.T.);
#9177=EDGE_CURVE('',#7070,#7068,#928,.T.);
#9179=EDGE_CURVE('',#7996,#7070,#868,.T.);
#9190=EDGE_CURVE('',#7996,#8015,#864,.T.);
#9192=EDGE_CURVE('',#8015,#6072,#856,.T.);
#9194=EDGE_CURVE('',#6076,#6072,#5920,.T.);
#9196=EDGE_CURVE('',#6075,#6076,#5900,.T.);
#9198=EDGE_CURVE('',#7995,#6075,#5892,.T.);
#9208=EDGE_CURVE('',#8015,#8016,#860,.T.);
#9212=EDGE_CURVE('',#7464,#7070,#936,.T.);
#9214=EDGE_CURVE('',#7464,#8018,#900,.T.);
#9216=EDGE_CURVE('',#8018,#8016,#872,.T.);
#9226=EDGE_CURVE('',#8020,#8000,#876,.T.);
#9228=EDGE_CURVE('',#8020,#7370,#916,.T.);
#9230=EDGE_CURVE('',#7370,#7073,#880,.T.);
#9242=EDGE_CURVE('',#6055,#8016,#892,.T.);
#9244=EDGE_CURVE('',#6055,#6056,#5992,.T.);
#9246=EDGE_CURVE('',#6058,#6056,#5884,.T.);
#9248=EDGE_CURVE('',#6060,#6058,#5976,.T.);
#9250=EDGE_CURVE('',#6062,#6060,#5964,.T.);
#9252=EDGE_CURVE('',#6064,#6062,#5952,.T.);
#9254=EDGE_CURVE('',#6066,#6064,#888,.T.);
#9256=EDGE_CURVE('',#6068,#6066,#5944,.T.);
#9258=EDGE_CURVE('',#6070,#6068,#5924,.T.);
#9260=EDGE_CURVE('',#6072,#6070,#5908,.T.);
#9272=EDGE_CURVE('',#8018,#8022,#896,.T.);
#9274=EDGE_CURVE('',#8022,#6055,#5996,.T.);
#9287=EDGE_CURVE('',#7264,#7464,#904,.T.);
#9289=EDGE_CURVE('',#7262,#7264,#908,.T.);
#9291=EDGE_CURVE('',#7370,#7262,#912,.T.);
#9294=EDGE_CURVE('',#8020,#8024,#920,.T.);
#9296=EDGE_CURVE('',#8024,#8022,#924,.T.);
#9307=EDGE_CURVE('',#7068,#7264,#932,.T.);
#9319=EDGE_CURVE('',#7012,#7258,#952,.T.);
#9321=EDGE_CURVE('',#7258,#7260,#972,.T.);
#9323=EDGE_CURVE('',#7260,#7262,#1020,.T.);
#9338=EDGE_CURVE('',#7266,#7258,#976,.T.);
#9342=EDGE_CURVE('',#7014,#7266,#988,.T.);
#9352=EDGE_CURVE('',#8003,#8004,#960,.T.);
#9354=EDGE_CURVE('',#8008,#8004,#964,.T.);
#9356=EDGE_CURVE('',#8007,#8008,#968,.T.);
#9358=EDGE_CURVE('',#8007,#7276,#1000,.T.);
#9360=EDGE_CURVE('',#7276,#7260,#1024,.T.);
#9364=EDGE_CURVE('',#7266,#8003,#984,.T.);
#9375=EDGE_CURVE('',#8003,#8010,#980,.T.);
#9377=EDGE_CURVE('',#6095,#8010,#6012,.T.);
#9379=EDGE_CURVE('',#8004,#6095,#6000,.T.);
#9393=EDGE_CURVE('',#7276,#7016,#996,.T.);
#9396=EDGE_CURVE('',#8007,#8012,#1004,.T.);
#9398=EDGE_CURVE('',#8012,#8010,#1008,.T.);
#9408=EDGE_CURVE('',#7949,#7950,#1012,.T.);
#9410=EDGE_CURVE('',#7949,#7368,#1478,.T.);
#9412=EDGE_CURVE('',#7368,#7074,#1570,.T.);
#9421=EDGE_CURVE('',#7270,#7018,#1582,.T.);
#9423=EDGE_CURVE('',#7269,#7270,#1032,.T.);
#9425=EDGE_CURVE('',#7269,#7278,#1790,.T.);
#9427=EDGE_CURVE('',#7280,#7278,#1774,.T.);
#9429=EDGE_CURVE('',#7280,#7250,#1642,.T.);
#9432=EDGE_CURVE('',#7282,#7248,#1886,.T.);
#9434=EDGE_CURVE('',#7282,#7534,#1906,.T.);
#9436=EDGE_CURVE('',#7534,#7532,#1040,.T.);
#9438=EDGE_CURVE('',#7532,#7530,#1044,.T.);
#9440=EDGE_CURVE('',#7529,#7530,#1048,.T.);
#9442=EDGE_CURVE('',#7529,#7284,#1914,.T.);
#9444=EDGE_CURVE('',#7284,#7242,#2072,.T.);
#9447=EDGE_CURVE('',#7286,#7240,#2080,.T.);
#9449=EDGE_CURVE('',#7286,#7554,#2104,.T.);
#9451=EDGE_CURVE('',#7554,#7552,#1056,.T.);
#9453=EDGE_CURVE('',#7552,#7550,#1060,.T.);
#9455=EDGE_CURVE('',#7549,#7550,#1064,.T.);
#9457=EDGE_CURVE('',#7549,#7288,#2108,.T.);
#9459=EDGE_CURVE('',#7288,#7234,#2262,.T.);
#9462=EDGE_CURVE('',#7290,#7232,#2270,.T.);
#9464=EDGE_CURVE('',#7290,#7574,#2294,.T.);
#9466=EDGE_CURVE('',#7574,#7572,#1072,.T.);
#9468=EDGE_CURVE('',#7572,#7570,#1076,.T.);
#9470=EDGE_CURVE('',#7569,#7570,#1080,.T.);
#9472=EDGE_CURVE('',#7569,#7292,#2298,.T.);
#9474=EDGE_CURVE('',#7292,#7226,#2452,.T.);
#9477=EDGE_CURVE('',#7294,#7224,#2460,.T.);
#9479=EDGE_CURVE('',#7294,#7594,#2484,.T.);
#9481=EDGE_CURVE('',#7594,#7592,#1088,.T.);
#9483=EDGE_CURVE('',#7592,#7590,#1092,.T.);
#9485=EDGE_CURVE('',#7589,#7590,#1096,.T.);
#9487=EDGE_CURVE('',#7589,#7296,#2488,.T.);
#9489=EDGE_CURVE('',#7296,#7218,#2642,.T.);
#9492=EDGE_CURVE('',#7298,#7216,#2650,.T.);
#9494=EDGE_CURVE('',#7298,#7614,#2674,.T.);
#9496=EDGE_CURVE('',#7614,#7612,#1104,.T.);
#9498=EDGE_CURVE('',#7612,#7610,#1108,.T.);
#9500=EDGE_CURVE('',#7609,#7610,#1112,.T.);
#9502=EDGE_CURVE('',#7609,#7300,#2678,.T.);
#9504=EDGE_CURVE('',#7300,#7210,#2832,.T.);
#9507=EDGE_CURVE('',#7302,#7208,#2840,.T.);
#9509=EDGE_CURVE('',#7302,#7634,#2864,.T.);
#9511=EDGE_CURVE('',#7634,#7632,#1120,.T.);
#9513=EDGE_CURVE('',#7632,#7630,#1124,.T.);
#9515=EDGE_CURVE('',#7629,#7630,#1128,.T.);
#9517=EDGE_CURVE('',#7629,#7304,#2868,.T.);
#9519=EDGE_CURVE('',#7304,#7202,#3022,.T.);
#9522=EDGE_CURVE('',#7306,#7200,#3030,.T.);
#9524=EDGE_CURVE('',#7306,#7654,#3054,.T.);
#9526=EDGE_CURVE('',#7654,#7652,#1136,.T.);
#9528=EDGE_CURVE('',#7652,#7650,#1140,.T.);
#9530=EDGE_CURVE('',#7649,#7650,#1144,.T.);
#9532=EDGE_CURVE('',#7649,#7308,#3058,.T.);
#9534=EDGE_CURVE('',#7308,#7194,#3212,.T.);
#9537=EDGE_CURVE('',#7310,#7192,#3220,.T.);
#9539=EDGE_CURVE('',#7310,#7674,#3244,.T.);
#9541=EDGE_CURVE('',#7674,#7672,#1152,.T.);
#9543=EDGE_CURVE('',#7672,#7670,#1156,.T.);
#9545=EDGE_CURVE('',#7669,#7670,#1160,.T.);
#9547=EDGE_CURVE('',#7669,#7312,#3248,.T.);
#9549=EDGE_CURVE('',#7312,#7186,#3402,.T.);
#9552=EDGE_CURVE('',#7314,#7184,#3410,.T.);
#9554=EDGE_CURVE('',#7314,#7694,#3434,.T.);
#9556=EDGE_CURVE('',#7694,#7692,#1168,.T.);
#9558=EDGE_CURVE('',#7692,#7690,#1172,.T.);
#9560=EDGE_CURVE('',#7689,#7690,#1176,.T.);
#9562=EDGE_CURVE('',#7689,#7316,#3438,.T.);
#9564=EDGE_CURVE('',#7316,#7178,#3592,.T.);
#9567=EDGE_CURVE('',#7318,#7176,#3600,.T.);
#9569=EDGE_CURVE('',#7318,#7714,#3624,.T.);
#9571=EDGE_CURVE('',#7714,#7712,#1184,.T.);
#9573=EDGE_CURVE('',#7712,#7710,#1188,.T.);
#9575=EDGE_CURVE('',#7709,#7710,#1192,.T.);
#9577=EDGE_CURVE('',#7709,#7320,#3628,.T.);
#9579=EDGE_CURVE('',#7320,#7170,#3782,.T.);
#9582=EDGE_CURVE('',#7322,#7168,#3790,.T.);
#9584=EDGE_CURVE('',#7322,#7734,#3814,.T.);
#9586=EDGE_CURVE('',#7734,#7732,#1200,.T.);
#9588=EDGE_CURVE('',#7732,#7730,#1204,.T.);
#9590=EDGE_CURVE('',#7729,#7730,#1208,.T.);
#9592=EDGE_CURVE('',#7729,#7324,#3818,.T.);
#9594=EDGE_CURVE('',#7324,#7162,#3972,.T.);
#9597=EDGE_CURVE('',#7326,#7160,#3980,.T.);
#9599=EDGE_CURVE('',#7326,#7754,#4004,.T.);
#9601=EDGE_CURVE('',#7754,#7752,#1216,.T.);
#9603=EDGE_CURVE('',#7752,#7750,#1220,.T.);
#9605=EDGE_CURVE('',#7749,#7750,#1224,.T.);
#9607=EDGE_CURVE('',#7749,#7328,#4008,.T.);
#9609=EDGE_CURVE('',#7328,#7154,#4162,.T.);
#9612=EDGE_CURVE('',#7330,#7152,#4170,.T.);
#9614=EDGE_CURVE('',#7330,#7774,#4194,.T.);
#9616=EDGE_CURVE('',#7774,#7772,#1232,.T.);
#9618=EDGE_CURVE('',#7772,#7770,#1236,.T.);
#9620=EDGE_CURVE('',#7769,#7770,#1240,.T.);
#9622=EDGE_CURVE('',#7769,#7332,#4198,.T.);
#9624=EDGE_CURVE('',#7332,#7146,#4352,.T.);
#9627=EDGE_CURVE('',#7334,#7144,#4360,.T.);
#9629=EDGE_CURVE('',#7334,#7794,#4384,.T.);
#9631=EDGE_CURVE('',#7794,#7792,#1248,.T.);
#9633=EDGE_CURVE('',#7792,#7790,#1252,.T.);
#9635=EDGE_CURVE('',#7789,#7790,#1256,.T.);
#9637=EDGE_CURVE('',#7789,#7336,#4388,.T.);
#9639=EDGE_CURVE('',#7336,#7138,#4542,.T.);
#9642=EDGE_CURVE('',#7338,#7136,#4550,.T.);
#9644=EDGE_CURVE('',#7338,#7814,#4574,.T.);
#9646=EDGE_CURVE('',#7814,#7812,#1264,.T.);
#9648=EDGE_CURVE('',#7812,#7810,#1268,.T.);
#9650=EDGE_CURVE('',#7809,#7810,#1272,.T.);
#9652=EDGE_CURVE('',#7809,#7340,#4578,.T.);
#9654=EDGE_CURVE('',#7340,#7130,#4732,.T.);
#9657=EDGE_CURVE('',#7342,#7128,#4740,.T.);
#9659=EDGE_CURVE('',#7342,#7834,#4764,.T.);
#9661=EDGE_CURVE('',#7834,#7832,#1280,.T.);
#9663=EDGE_CURVE('',#7832,#7830,#1284,.T.);
#9665=EDGE_CURVE('',#7829,#7830,#1288,.T.);
#9667=EDGE_CURVE('',#7829,#7344,#4768,.T.);
#9669=EDGE_CURVE('',#7344,#7122,#4922,.T.);
#9672=EDGE_CURVE('',#7346,#7120,#4930,.T.);
#9674=EDGE_CURVE('',#7346,#7854,#4954,.T.);
#9676=EDGE_CURVE('',#7854,#7852,#1296,.T.);
#9678=EDGE_CURVE('',#7852,#7850,#1300,.T.);
#9680=EDGE_CURVE('',#7849,#7850,#1304,.T.);
#9682=EDGE_CURVE('',#7849,#7348,#4958,.T.);
#9684=EDGE_CURVE('',#7348,#7114,#5112,.T.);
#9687=EDGE_CURVE('',#7350,#7112,#5120,.T.);
#9689=EDGE_CURVE('',#7350,#7874,#5144,.T.);
#9691=EDGE_CURVE('',#7874,#7872,#1312,.T.);
#9693=EDGE_CURVE('',#7872,#7870,#1316,.T.);
#9695=EDGE_CURVE('',#7869,#7870,#1320,.T.);
#9697=EDGE_CURVE('',#7869,#7352,#5148,.T.);
#9699=EDGE_CURVE('',#7352,#7106,#5302,.T.);
#9702=EDGE_CURVE('',#7354,#7104,#5310,.T.);
#9704=EDGE_CURVE('',#7354,#7894,#5334,.T.);
#9706=EDGE_CURVE('',#7894,#7892,#1328,.T.);
#9708=EDGE_CURVE('',#7892,#7890,#1332,.T.);
#9710=EDGE_CURVE('',#7889,#7890,#1336,.T.);
#9712=EDGE_CURVE('',#7889,#7356,#5338,.T.);
#9714=EDGE_CURVE('',#7356,#7098,#5492,.T.);
#9717=EDGE_CURVE('',#7358,#7096,#5500,.T.);
#9719=EDGE_CURVE('',#7358,#7914,#5524,.T.);
#9721=EDGE_CURVE('',#7914,#7912,#1344,.T.);
#9723=EDGE_CURVE('',#7912,#7910,#1348,.T.);
#9725=EDGE_CURVE('',#7909,#7910,#1352,.T.);
#9727=EDGE_CURVE('',#7909,#7360,#5528,.T.);
#9729=EDGE_CURVE('',#7360,#7090,#5682,.T.);
#9732=EDGE_CURVE('',#7362,#7088,#5690,.T.);
#9734=EDGE_CURVE('',#7362,#7934,#5714,.T.);
#9736=EDGE_CURVE('',#7934,#7932,#1360,.T.);
#9738=EDGE_CURVE('',#7932,#7930,#1364,.T.);
#9740=EDGE_CURVE('',#7929,#7930,#1368,.T.);
#9742=EDGE_CURVE('',#7929,#7364,#5718,.T.);
#9744=EDGE_CURVE('',#7364,#7082,#5872,.T.);
#9747=EDGE_CURVE('',#7366,#7080,#1538,.T.);
#9749=EDGE_CURVE('',#7366,#7954,#1474,.T.);
#9751=EDGE_CURVE('',#7954,#7952,#1376,.T.);
#9753=EDGE_CURVE('',#7952,#7950,#1380,.T.);
#9764=EDGE_CURVE('',#7942,#6649,#1385,.T.);
#9766=EDGE_CURVE('',#6649,#6650,#1389,.T.);
#9768=EDGE_CURVE('',#6650,#7941,#1393,.T.);
#9779=EDGE_CURVE('',#7950,#6664,#1397,.T.);
#9781=EDGE_CURVE('',#6664,#6662,#1530,.T.);
#9783=EDGE_CURVE('',#6662,#6660,#1402,.T.);
#9785=EDGE_CURVE('',#6660,#6658,#1406,.T.);
#9787=EDGE_CURVE('',#6658,#6656,#1502,.T.);
#9789=EDGE_CURVE('',#6656,#6653,#1410,.T.);
#9791=EDGE_CURVE('',#6653,#6654,#1415,.T.);
#9793=EDGE_CURVE('',#6654,#7956,#1482,.T.);
#9795=EDGE_CURVE('',#7949,#7956,#1462,.T.);
#9806=EDGE_CURVE('',#7944,#6671,#1432,.T.);
#9808=EDGE_CURVE('',#6671,#6649,#1419,.T.);
#9820=EDGE_CURVE('',#6672,#7946,#1423,.T.);
#9822=EDGE_CURVE('',#6671,#6672,#1427,.T.);
#9834=EDGE_CURVE('',#7954,#7958,#1470,.T.);
#9836=EDGE_CURVE('',#7958,#6676,#1486,.T.);
#9838=EDGE_CURVE('',#6675,#6676,#1437,.T.);
#9840=EDGE_CURVE('',#6678,#6675,#1441,.T.);
#9842=EDGE_CURVE('',#6678,#6680,#1510,.T.);
#9844=EDGE_CURVE('',#6682,#6680,#1445,.T.);
#9846=EDGE_CURVE('',#6668,#6682,#1450,.T.);
#9848=EDGE_CURVE('',#6668,#6666,#1526,.T.);
#9850=EDGE_CURVE('',#7952,#6666,#1454,.T.);
#9862=EDGE_CURVE('',#6672,#6650,#1458,.T.);
#9886=EDGE_CURVE('',#7956,#7958,#1466,.T.);
#9890=EDGE_CURVE('',#7382,#7366,#1534,.T.);
#9892=EDGE_CURVE('',#7381,#7382,#1550,.T.);
#9894=EDGE_CURVE('',#7381,#7368,#1558,.T.);
#9907=EDGE_CURVE('',#6676,#6654,#1494,.T.);
#9919=EDGE_CURVE('',#6653,#6675,#1490,.T.);
#9933=EDGE_CURVE('',#6678,#6656,#1498,.T.);
#9945=EDGE_CURVE('',#6680,#6658,#1506,.T.);
#9957=EDGE_CURVE('',#6660,#6682,#1514,.T.);
#9972=EDGE_CURVE('',#6668,#6662,#1518,.T.);
#9983=EDGE_CURVE('',#6666,#6664,#1522,.T.);
#10011=EDGE_CURVE('',#7078,#7382,#1546,.T.);
#10024=EDGE_CURVE('',#7076,#7381,#1562,.T.);
#10046=EDGE_CURVE('',#7969,#7978,#1574,.T.);
#10048=EDGE_CURVE('',#7969,#7270,#1578,.T.);
#10052=EDGE_CURVE('',#7274,#7020,#1862,.T.);
#10054=EDGE_CURVE('',#7274,#7976,#1590,.T.);
#10056=EDGE_CURVE('',#7976,#7980,#1594,.T.);
#10058=EDGE_CURVE('',#7978,#7980,#1598,.T.);
#10069=EDGE_CURVE('',#7988,#7966,#1634,.T.);
#10071=EDGE_CURVE('',#7988,#7983,#1770,.T.);
#10073=EDGE_CURVE('',#6100,#7983,#1602,.T.);
#10075=EDGE_CURVE('',#6102,#6100,#1606,.T.);
#10077=EDGE_CURVE('',#6102,#6118,#1714,.T.);
#10079=EDGE_CURVE('',#6118,#6120,#1678,.T.);
#10081=EDGE_CURVE('',#6120,#7961,#1662,.T.);
#10091=EDGE_CURVE('',#7969,#7970,#1814,.T.);
#10094=EDGE_CURVE('',#7978,#6142,#1850,.T.);
#10096=EDGE_CURVE('',#6142,#7970,#1830,.T.);
#10106=EDGE_CURVE('',#7991,#7992,#1610,.T.);
#10108=EDGE_CURVE('',#7986,#7991,#1614,.T.);
#10110=EDGE_CURVE('',#7374,#7986,#1618,.T.);
#10112=EDGE_CURVE('',#7253,#7374,#1622,.T.);
#10115=EDGE_CURVE('',#7964,#7992,#1630,.T.);
#10128=EDGE_CURVE('',#7988,#7280,#1646,.T.);
#10139=EDGE_CURVE('',#7992,#6116,#1658,.T.);
#10141=EDGE_CURVE('',#6116,#6114,#1754,.T.);
#10143=EDGE_CURVE('',#6114,#6112,#1746,.T.);
#10145=EDGE_CURVE('',#6112,#6110,#1742,.T.);
#10147=EDGE_CURVE('',#6110,#6108,#1650,.T.);
#10149=EDGE_CURVE('',#6108,#6106,#1730,.T.);
#10151=EDGE_CURVE('',#6106,#6104,#1718,.T.);
#10153=EDGE_CURVE('',#6104,#6102,#1710,.T.);
#10156=EDGE_CURVE('',#6099,#6100,#1762,.T.);
#10158=EDGE_CURVE('',#6099,#7991,#1878,.T.);
#10169=EDGE_CURVE('',#7962,#6136,#1666,.T.);
#10171=EDGE_CURVE('',#6136,#6134,#1670,.T.);
#10173=EDGE_CURVE('',#6116,#6134,#1654,.T.);
#10187=EDGE_CURVE('',#6120,#6136,#1674,.T.);
#10201=EDGE_CURVE('',#6122,#6118,#1682,.T.);
#10203=EDGE_CURVE('',#6124,#6122,#1686,.T.);
#10205=EDGE_CURVE('',#6126,#6124,#1690,.T.);
#10207=EDGE_CURVE('',#6128,#6126,#1694,.T.);
#10209=EDGE_CURVE('',#6130,#6128,#1698,.T.);
#10211=EDGE_CURVE('',#6132,#6130,#1702,.T.);
#10213=EDGE_CURVE('',#6134,#6132,#1706,.T.);
#10224=EDGE_CURVE('',#6104,#6122,#1722,.T.);
#10237=EDGE_CURVE('',#6106,#6124,#1726,.T.);
#10249=EDGE_CURVE('',#6108,#6126,#1734,.T.);
#10262=EDGE_CURVE('',#6110,#6128,#1738,.T.);
#10277=EDGE_CURVE('',#6112,#6130,#1750,.T.);
#10289=EDGE_CURVE('',#6114,#6132,#1758,.T.);
#10313=EDGE_CURVE('',#7983,#7984,#1766,.T.);
#10315=EDGE_CURVE('',#7984,#6099,#1882,.T.);
#10331=EDGE_CURVE('',#7278,#7372,#1778,.T.);
#10333=EDGE_CURVE('',#7372,#7374,#1782,.T.);
#10336=EDGE_CURVE('',#7986,#7984,#1786,.T.);
#10347=EDGE_CURVE('',#7273,#7269,#1794,.T.);
#10349=EDGE_CURVE('',#7022,#7273,#1798,.T.);
#10354=EDGE_CURVE('',#7254,#7372,#1870,.T.);
#10366=EDGE_CURVE('',#7970,#7973,#1818,.T.);
#10368=EDGE_CURVE('',#7973,#7974,#1822,.T.);
#10370=EDGE_CURVE('',#7976,#7974,#1826,.T.);
#10373=EDGE_CURVE('',#7273,#7274,#1858,.T.);
#10388=EDGE_CURVE('',#6139,#6142,#1834,.T.);
#10390=EDGE_CURVE('',#7973,#6139,#1838,.T.);
#10401=EDGE_CURVE('',#6140,#7980,#1842,.T.);
#10403=EDGE_CURVE('',#6139,#6140,#1846,.T.);
#10416=EDGE_CURVE('',#6140,#7974,#1854,.T.);
#10476=EDGE_CURVE('',#7376,#7282,#1910,.T.);
#10480=EDGE_CURVE('',#7376,#7246,#2052,.T.);
#10490=EDGE_CURVE('',#7529,#7536,#1894,.T.);
#10492=EDGE_CURVE('',#7536,#7538,#1898,.T.);
#10494=EDGE_CURVE('',#7534,#7538,#1902,.T.);
#10498=EDGE_CURVE('',#7378,#7376,#2048,.T.);
#10500=EDGE_CURVE('',#7378,#7284,#2064,.T.);
#10512=EDGE_CURVE('',#7522,#6145,#1919,.T.);
#10514=EDGE_CURVE('',#6145,#6146,#1923,.T.);
#10516=EDGE_CURVE('',#6146,#7521,#1927,.T.);
#10527=EDGE_CURVE('',#7530,#6160,#1931,.T.);
#10529=EDGE_CURVE('',#6160,#6158,#2044,.T.);
#10531=EDGE_CURVE('',#6158,#6156,#1936,.T.);
#10533=EDGE_CURVE('',#6156,#6154,#1940,.T.);
#10535=EDGE_CURVE('',#6154,#6152,#2016,.T.);
#10537=EDGE_CURVE('',#6152,#6149,#1944,.T.);
#10539=EDGE_CURVE('',#6149,#6150,#1949,.T.);
#10541=EDGE_CURVE('',#6150,#7536,#1996,.T.);
#10553=EDGE_CURVE('',#7524,#6167,#1966,.T.);
#10555=EDGE_CURVE('',#6167,#6145,#1953,.T.);
#10567=EDGE_CURVE('',#6168,#7526,#1957,.T.);
#10569=EDGE_CURVE('',#6167,#6168,#1961,.T.);
#10582=EDGE_CURVE('',#7538,#6172,#2000,.T.);
#10584=EDGE_CURVE('',#6171,#6172,#1971,.T.);
#10586=EDGE_CURVE('',#6174,#6171,#1975,.T.);
#10588=EDGE_CURVE('',#6174,#6176,#2024,.T.);
#10590=EDGE_CURVE('',#6178,#6176,#1979,.T.);
#10592=EDGE_CURVE('',#6164,#6178,#1984,.T.);
#10594=EDGE_CURVE('',#6164,#6162,#2040,.T.);
#10596=EDGE_CURVE('',#7532,#6162,#1988,.T.);
#10608=EDGE_CURVE('',#6168,#6146,#1992,.T.);
#10633=EDGE_CURVE('',#6172,#6150,#2008,.T.);
#10645=EDGE_CURVE('',#6149,#6171,#2004,.T.);
#10659=EDGE_CURVE('',#6174,#6152,#2012,.T.);
#10671=EDGE_CURVE('',#6176,#6154,#2020,.T.);
#10683=EDGE_CURVE('',#6156,#6178,#2028,.T.);
#10698=EDGE_CURVE('',#6164,#6158,#2032,.T.);
#10709=EDGE_CURVE('',#6162,#6160,#2036,.T.);
#10737=EDGE_CURVE('',#7244,#7378,#2060,.T.);
#10759=EDGE_CURVE('',#7386,#7286,#2076,.T.);
#10763=EDGE_CURVE('',#7238,#7386,#2088,.T.);
#10773=EDGE_CURVE('',#7549,#7556,#2092,.T.);
#10775=EDGE_CURVE('',#7556,#7558,#2096,.T.);
#10777=EDGE_CURVE('',#7554,#7558,#2100,.T.);
#10781=EDGE_CURVE('',#7384,#7386,#2250,.T.);
#10783=EDGE_CURVE('',#7384,#7288,#2254,.T.);
#10795=EDGE_CURVE('',#7542,#6181,#2113,.T.);
#10797=EDGE_CURVE('',#6181,#6182,#2117,.T.);
#10799=EDGE_CURVE('',#6182,#7541,#2121,.T.);
#10810=EDGE_CURVE('',#7550,#6196,#2125,.T.);
#10812=EDGE_CURVE('',#6196,#6194,#2238,.T.);
#10814=EDGE_CURVE('',#6194,#6192,#2130,.T.);
#10816=EDGE_CURVE('',#6192,#6190,#2134,.T.);
#10818=EDGE_CURVE('',#6190,#6188,#2210,.T.);
#10820=EDGE_CURVE('',#6188,#6185,#2138,.T.);
#10822=EDGE_CURVE('',#6185,#6186,#2143,.T.);
#10824=EDGE_CURVE('',#6186,#7556,#2190,.T.);
#10836=EDGE_CURVE('',#7544,#6203,#2160,.T.);
#10838=EDGE_CURVE('',#6203,#6181,#2147,.T.);
#10850=EDGE_CURVE('',#6204,#7546,#2151,.T.);
#10852=EDGE_CURVE('',#6203,#6204,#2155,.T.);
#10865=EDGE_CURVE('',#7558,#6208,#2194,.T.);
#10867=EDGE_CURVE('',#6207,#6208,#2165,.T.);
#10869=EDGE_CURVE('',#6210,#6207,#2169,.T.);
#10871=EDGE_CURVE('',#6210,#6212,#2218,.T.);
#10873=EDGE_CURVE('',#6214,#6212,#2173,.T.);
#10875=EDGE_CURVE('',#6200,#6214,#2178,.T.);
#10877=EDGE_CURVE('',#6200,#6198,#2234,.T.);
#10879=EDGE_CURVE('',#7552,#6198,#2182,.T.);
#10891=EDGE_CURVE('',#6204,#6182,#2186,.T.);
#10916=EDGE_CURVE('',#6208,#6186,#2202,.T.);
#10928=EDGE_CURVE('',#6185,#6207,#2198,.T.);
#10942=EDGE_CURVE('',#6210,#6188,#2206,.T.);
#10954=EDGE_CURVE('',#6212,#6190,#2214,.T.);
#10966=EDGE_CURVE('',#6192,#6214,#2222,.T.);
#10981=EDGE_CURVE('',#6200,#6194,#2226,.T.);
#10992=EDGE_CURVE('',#6198,#6196,#2230,.T.);
#11019=EDGE_CURVE('',#7236,#7384,#2246,.T.);
#11042=EDGE_CURVE('',#7426,#7290,#2266,.T.);
#11046=EDGE_CURVE('',#7230,#7426,#2278,.T.);
#11056=EDGE_CURVE('',#7569,#7576,#2282,.T.);
#11058=EDGE_CURVE('',#7576,#7578,#2286,.T.);
#11060=EDGE_CURVE('',#7574,#7578,#2290,.T.);
#11064=EDGE_CURVE('',#7424,#7426,#2432,.T.);
#11066=EDGE_CURVE('',#7424,#7292,#2440,.T.);
#11078=EDGE_CURVE('',#7562,#6577,#2303,.T.);
#11080=EDGE_CURVE('',#6577,#6578,#2307,.T.);
#11082=EDGE_CURVE('',#6578,#7561,#2311,.T.);
#11093=EDGE_CURVE('',#7570,#6592,#2315,.T.);
#11095=EDGE_CURVE('',#6592,#6590,#2428,.T.);
#11097=EDGE_CURVE('',#6590,#6588,#2320,.T.);
#11099=EDGE_CURVE('',#6588,#6586,#2324,.T.);
#11101=EDGE_CURVE('',#6586,#6584,#2400,.T.);
#11103=EDGE_CURVE('',#6584,#6581,#2328,.T.);
#11105=EDGE_CURVE('',#6581,#6582,#2333,.T.);
#11107=EDGE_CURVE('',#6582,#7576,#2380,.T.);
#11119=EDGE_CURVE('',#7564,#6599,#2350,.T.);
#11121=EDGE_CURVE('',#6599,#6577,#2337,.T.);
#11133=EDGE_CURVE('',#6600,#7566,#2341,.T.);
#11135=EDGE_CURVE('',#6599,#6600,#2345,.T.);
#11148=EDGE_CURVE('',#7578,#6604,#2384,.T.);
#11150=EDGE_CURVE('',#6603,#6604,#2355,.T.);
#11152=EDGE_CURVE('',#6606,#6603,#2359,.T.);
#11154=EDGE_CURVE('',#6606,#6608,#2408,.T.);
#11156=EDGE_CURVE('',#6610,#6608,#2363,.T.);
#11158=EDGE_CURVE('',#6596,#6610,#2368,.T.);
#11160=EDGE_CURVE('',#6596,#6594,#2424,.T.);
#11162=EDGE_CURVE('',#7572,#6594,#2372,.T.);
#11174=EDGE_CURVE('',#6600,#6578,#2376,.T.);
#11199=EDGE_CURVE('',#6604,#6582,#2392,.T.);
#11211=EDGE_CURVE('',#6581,#6603,#2388,.T.);
#11225=EDGE_CURVE('',#6606,#6584,#2396,.T.);
#11237=EDGE_CURVE('',#6608,#6586,#2404,.T.);
#11249=EDGE_CURVE('',#6588,#6610,#2412,.T.);
#11264=EDGE_CURVE('',#6596,#6590,#2416,.T.);
#11275=EDGE_CURVE('',#6594,#6592,#2420,.T.);
#11300=EDGE_CURVE('',#7228,#7424,#2444,.T.);
#11325=EDGE_CURVE('',#7430,#7294,#2456,.T.);
#11329=EDGE_CURVE('',#7222,#7430,#2468,.T.);
#11339=EDGE_CURVE('',#7589,#7596,#2472,.T.);
#11341=EDGE_CURVE('',#7596,#7598,#2476,.T.);
#11343=EDGE_CURVE('',#7594,#7598,#2480,.T.);
#11347=EDGE_CURVE('',#7428,#7430,#2622,.T.);
#11349=EDGE_CURVE('',#7428,#7296,#2630,.T.);
#11361=EDGE_CURVE('',#7582,#6685,#2493,.T.);
#11363=EDGE_CURVE('',#6685,#6686,#2497,.T.);
#11365=EDGE_CURVE('',#6686,#7581,#2501,.T.);
#11376=EDGE_CURVE('',#7590,#6700,#2505,.T.);
#11378=EDGE_CURVE('',#6700,#6698,#2618,.T.);
#11380=EDGE_CURVE('',#6698,#6696,#2510,.T.);
#11382=EDGE_CURVE('',#6696,#6694,#2514,.T.);
#11384=EDGE_CURVE('',#6694,#6692,#2590,.T.);
#11386=EDGE_CURVE('',#6692,#6689,#2518,.T.);
#11388=EDGE_CURVE('',#6689,#6690,#2523,.T.);
#11390=EDGE_CURVE('',#6690,#7596,#2570,.T.);
#11402=EDGE_CURVE('',#7584,#6707,#2540,.T.);
#11404=EDGE_CURVE('',#6707,#6685,#2527,.T.);
#11416=EDGE_CURVE('',#6708,#7586,#2531,.T.);
#11418=EDGE_CURVE('',#6707,#6708,#2535,.T.);
#11431=EDGE_CURVE('',#7598,#6712,#2574,.T.);
#11433=EDGE_CURVE('',#6711,#6712,#2545,.T.);
#11435=EDGE_CURVE('',#6714,#6711,#2549,.T.);
#11437=EDGE_CURVE('',#6714,#6716,#2598,.T.);
#11439=EDGE_CURVE('',#6718,#6716,#2553,.T.);
#11441=EDGE_CURVE('',#6704,#6718,#2558,.T.);
#11443=EDGE_CURVE('',#6704,#6702,#2614,.T.);
#11445=EDGE_CURVE('',#7592,#6702,#2562,.T.);
#11457=EDGE_CURVE('',#6708,#6686,#2566,.T.);
#11482=EDGE_CURVE('',#6712,#6690,#2582,.T.);
#11494=EDGE_CURVE('',#6689,#6711,#2578,.T.);
#11508=EDGE_CURVE('',#6714,#6692,#2586,.T.);
#11520=EDGE_CURVE('',#6716,#6694,#2594,.T.);
#11532=EDGE_CURVE('',#6696,#6718,#2602,.T.);
#11547=EDGE_CURVE('',#6704,#6698,#2606,.T.);
#11558=EDGE_CURVE('',#6702,#6700,#2610,.T.);
#11583=EDGE_CURVE('',#7220,#7428,#2634,.T.);
#11608=EDGE_CURVE('',#7434,#7298,#2646,.T.);
#11612=EDGE_CURVE('',#7214,#7434,#2658,.T.);
#11622=EDGE_CURVE('',#7609,#7616,#2662,.T.);
#11624=EDGE_CURVE('',#7616,#7618,#2666,.T.);
#11626=EDGE_CURVE('',#7614,#7618,#2670,.T.);
#11630=EDGE_CURVE('',#7432,#7434,#2812,.T.);
#11632=EDGE_CURVE('',#7432,#7300,#2820,.T.);
#11644=EDGE_CURVE('',#7602,#6721,#2683,.T.);
#11646=EDGE_CURVE('',#6721,#6722,#2687,.T.);
#11648=EDGE_CURVE('',#6722,#7601,#2691,.T.);
#11659=EDGE_CURVE('',#7610,#6736,#2695,.T.);
#11661=EDGE_CURVE('',#6736,#6734,#2808,.T.);
#11663=EDGE_CURVE('',#6734,#6732,#2700,.T.);
#11665=EDGE_CURVE('',#6732,#6730,#2704,.T.);
#11667=EDGE_CURVE('',#6730,#6728,#2780,.T.);
#11669=EDGE_CURVE('',#6728,#6725,#2708,.T.);
#11671=EDGE_CURVE('',#6725,#6726,#2713,.T.);
#11673=EDGE_CURVE('',#6726,#7616,#2760,.T.);
#11685=EDGE_CURVE('',#7604,#6743,#2730,.T.);
#11687=EDGE_CURVE('',#6743,#6721,#2717,.T.);
#11699=EDGE_CURVE('',#6744,#7606,#2721,.T.);
#11701=EDGE_CURVE('',#6743,#6744,#2725,.T.);
#11714=EDGE_CURVE('',#7618,#6748,#2764,.T.);
#11716=EDGE_CURVE('',#6747,#6748,#2735,.T.);
#11718=EDGE_CURVE('',#6750,#6747,#2739,.T.);
#11720=EDGE_CURVE('',#6750,#6752,#2788,.T.);
#11722=EDGE_CURVE('',#6754,#6752,#2743,.T.);
#11724=EDGE_CURVE('',#6740,#6754,#2748,.T.);
#11726=EDGE_CURVE('',#6740,#6738,#2804,.T.);
#11728=EDGE_CURVE('',#7612,#6738,#2752,.T.);
#11740=EDGE_CURVE('',#6744,#6722,#2756,.T.);
#11765=EDGE_CURVE('',#6748,#6726,#2772,.T.);
#11777=EDGE_CURVE('',#6725,#6747,#2768,.T.);
#11791=EDGE_CURVE('',#6750,#6728,#2776,.T.);
#11803=EDGE_CURVE('',#6752,#6730,#2784,.T.);
#11815=EDGE_CURVE('',#6732,#6754,#2792,.T.);
#11830=EDGE_CURVE('',#6740,#6734,#2796,.T.);
#11841=EDGE_CURVE('',#6738,#6736,#2800,.T.);
#11866=EDGE_CURVE('',#7212,#7432,#2824,.T.);
#11891=EDGE_CURVE('',#7438,#7302,#2836,.T.);
#11895=EDGE_CURVE('',#7206,#7438,#2848,.T.);
#11905=EDGE_CURVE('',#7629,#7636,#2852,.T.);
#11907=EDGE_CURVE('',#7636,#7638,#2856,.T.);
#11909=EDGE_CURVE('',#7634,#7638,#2860,.T.);
#11913=EDGE_CURVE('',#7436,#7438,#3002,.T.);
#11915=EDGE_CURVE('',#7436,#7304,#3010,.T.);
#11927=EDGE_CURVE('',#7622,#6757,#2873,.T.);
#11929=EDGE_CURVE('',#6757,#6758,#2877,.T.);
#11931=EDGE_CURVE('',#6758,#7621,#2881,.T.);
#11942=EDGE_CURVE('',#7630,#6772,#2885,.T.);
#11944=EDGE_CURVE('',#6772,#6770,#2998,.T.);
#11946=EDGE_CURVE('',#6770,#6768,#2890,.T.);
#11948=EDGE_CURVE('',#6768,#6766,#2894,.T.);
#11950=EDGE_CURVE('',#6766,#6764,#2970,.T.);
#11952=EDGE_CURVE('',#6764,#6761,#2898,.T.);
#11954=EDGE_CURVE('',#6761,#6762,#2903,.T.);
#11956=EDGE_CURVE('',#6762,#7636,#2950,.T.);
#11968=EDGE_CURVE('',#7624,#6779,#2920,.T.);
#11970=EDGE_CURVE('',#6779,#6757,#2907,.T.);
#11982=EDGE_CURVE('',#6780,#7626,#2911,.T.);
#11984=EDGE_CURVE('',#6779,#6780,#2915,.T.);
#11997=EDGE_CURVE('',#7638,#6784,#2954,.T.);
#11999=EDGE_CURVE('',#6783,#6784,#2925,.T.);
#12001=EDGE_CURVE('',#6786,#6783,#2929,.T.);
#12003=EDGE_CURVE('',#6786,#6788,#2978,.T.);
#12005=EDGE_CURVE('',#6790,#6788,#2933,.T.);
#12007=EDGE_CURVE('',#6776,#6790,#2938,.T.);
#12009=EDGE_CURVE('',#6776,#6774,#2994,.T.);
#12011=EDGE_CURVE('',#7632,#6774,#2942,.T.);
#12023=EDGE_CURVE('',#6780,#6758,#2946,.T.);
#12048=EDGE_CURVE('',#6784,#6762,#2962,.T.);
#12060=EDGE_CURVE('',#6761,#6783,#2958,.T.);
#12074=EDGE_CURVE('',#6786,#6764,#2966,.T.);
#12086=EDGE_CURVE('',#6788,#6766,#2974,.T.);
#12098=EDGE_CURVE('',#6768,#6790,#2982,.T.);
#12113=EDGE_CURVE('',#6776,#6770,#2986,.T.);
#12124=EDGE_CURVE('',#6774,#6772,#2990,.T.);
#12149=EDGE_CURVE('',#7204,#7436,#3014,.T.);
#12174=EDGE_CURVE('',#7442,#7306,#3026,.T.);
#12178=EDGE_CURVE('',#7198,#7442,#3038,.T.);
#12188=EDGE_CURVE('',#7649,#7656,#3042,.T.);
#12190=EDGE_CURVE('',#7656,#7658,#3046,.T.);
#12192=EDGE_CURVE('',#7654,#7658,#3050,.T.);
#12196=EDGE_CURVE('',#7440,#7442,#3192,.T.);
#12198=EDGE_CURVE('',#7440,#7308,#3200,.T.);
#12210=EDGE_CURVE('',#7642,#6793,#3063,.T.);
#12212=EDGE_CURVE('',#6793,#6794,#3067,.T.);
#12214=EDGE_CURVE('',#6794,#7641,#3071,.T.);
#12225=EDGE_CURVE('',#7650,#6808,#3075,.T.);
#12227=EDGE_CURVE('',#6808,#6806,#3188,.T.);
#12229=EDGE_CURVE('',#6806,#6804,#3080,.T.);
#12231=EDGE_CURVE('',#6804,#6802,#3084,.T.);
#12233=EDGE_CURVE('',#6802,#6800,#3160,.T.);
#12235=EDGE_CURVE('',#6800,#6797,#3088,.T.);
#12237=EDGE_CURVE('',#6797,#6798,#3093,.T.);
#12239=EDGE_CURVE('',#6798,#7656,#3140,.T.);
#12251=EDGE_CURVE('',#7644,#6815,#3110,.T.);
#12253=EDGE_CURVE('',#6815,#6793,#3097,.T.);
#12265=EDGE_CURVE('',#6816,#7646,#3101,.T.);
#12267=EDGE_CURVE('',#6815,#6816,#3105,.T.);
#12280=EDGE_CURVE('',#7658,#6820,#3144,.T.);
#12282=EDGE_CURVE('',#6819,#6820,#3115,.T.);
#12284=EDGE_CURVE('',#6822,#6819,#3119,.T.);
#12286=EDGE_CURVE('',#6822,#6824,#3168,.T.);
#12288=EDGE_CURVE('',#6826,#6824,#3123,.T.);
#12290=EDGE_CURVE('',#6812,#6826,#3128,.T.);
#12292=EDGE_CURVE('',#6812,#6810,#3184,.T.);
#12294=EDGE_CURVE('',#7652,#6810,#3132,.T.);
#12306=EDGE_CURVE('',#6816,#6794,#3136,.T.);
#12331=EDGE_CURVE('',#6820,#6798,#3152,.T.);
#12343=EDGE_CURVE('',#6797,#6819,#3148,.T.);
#12357=EDGE_CURVE('',#6822,#6800,#3156,.T.);
#12369=EDGE_CURVE('',#6824,#6802,#3164,.T.);
#12381=EDGE_CURVE('',#6804,#6826,#3172,.T.);
#12396=EDGE_CURVE('',#6812,#6806,#3176,.T.);
#12407=EDGE_CURVE('',#6810,#6808,#3180,.T.);
#12432=EDGE_CURVE('',#7196,#7440,#3204,.T.);
#12457=EDGE_CURVE('',#7446,#7310,#3216,.T.);
#12461=EDGE_CURVE('',#7190,#7446,#3228,.T.);
#12471=EDGE_CURVE('',#7669,#7676,#3232,.T.);
#12473=EDGE_CURVE('',#7676,#7678,#3236,.T.);
#12475=EDGE_CURVE('',#7674,#7678,#3240,.T.);
#12479=EDGE_CURVE('',#7444,#7446,#3382,.T.);
#12481=EDGE_CURVE('',#7444,#7312,#3390,.T.);
#12493=EDGE_CURVE('',#7662,#6829,#3253,.T.);
#12495=EDGE_CURVE('',#6829,#6830,#3257,.T.);
#12497=EDGE_CURVE('',#6830,#7661,#3261,.T.);
#12508=EDGE_CURVE('',#7670,#6844,#3265,.T.);
#12510=EDGE_CURVE('',#6844,#6842,#3378,.T.);
#12512=EDGE_CURVE('',#6842,#6840,#3270,.T.);
#12514=EDGE_CURVE('',#6840,#6838,#3274,.T.);
#12516=EDGE_CURVE('',#6838,#6836,#3350,.T.);
#12518=EDGE_CURVE('',#6836,#6833,#3278,.T.);
#12520=EDGE_CURVE('',#6833,#6834,#3283,.T.);
#12522=EDGE_CURVE('',#6834,#7676,#3330,.T.);
#12534=EDGE_CURVE('',#7664,#6851,#3300,.T.);
#12536=EDGE_CURVE('',#6851,#6829,#3287,.T.);
#12548=EDGE_CURVE('',#6852,#7666,#3291,.T.);
#12550=EDGE_CURVE('',#6851,#6852,#3295,.T.);
#12563=EDGE_CURVE('',#7678,#6856,#3334,.T.);
#12565=EDGE_CURVE('',#6855,#6856,#3305,.T.);
#12567=EDGE_CURVE('',#6858,#6855,#3309,.T.);
#12569=EDGE_CURVE('',#6858,#6860,#3358,.T.);
#12571=EDGE_CURVE('',#6862,#6860,#3313,.T.);
#12573=EDGE_CURVE('',#6848,#6862,#3318,.T.);
#12575=EDGE_CURVE('',#6848,#6846,#3374,.T.);
#12577=EDGE_CURVE('',#7672,#6846,#3322,.T.);
#12589=EDGE_CURVE('',#6852,#6830,#3326,.T.);
#12614=EDGE_CURVE('',#6856,#6834,#3342,.T.);
#12626=EDGE_CURVE('',#6833,#6855,#3338,.T.);
#12640=EDGE_CURVE('',#6858,#6836,#3346,.T.);
#12652=EDGE_CURVE('',#6860,#6838,#3354,.T.);
#12664=EDGE_CURVE('',#6840,#6862,#3362,.T.);
#12679=EDGE_CURVE('',#6848,#6842,#3366,.T.);
#12690=EDGE_CURVE('',#6846,#6844,#3370,.T.);
#12715=EDGE_CURVE('',#7188,#7444,#3394,.T.);
#12740=EDGE_CURVE('',#7450,#7314,#3406,.T.);
#12744=EDGE_CURVE('',#7182,#7450,#3418,.T.);
#12754=EDGE_CURVE('',#7689,#7696,#3422,.T.);
#12756=EDGE_CURVE('',#7696,#7698,#3426,.T.);
#12758=EDGE_CURVE('',#7694,#7698,#3430,.T.);
#12762=EDGE_CURVE('',#7448,#7450,#3572,.T.);
#12764=EDGE_CURVE('',#7448,#7316,#3580,.T.);
#12776=EDGE_CURVE('',#7682,#6865,#3443,.T.);
#12778=EDGE_CURVE('',#6865,#6866,#3447,.T.);
#12780=EDGE_CURVE('',#6866,#7681,#3451,.T.);
#12791=EDGE_CURVE('',#7690,#6880,#3455,.T.);
#12793=EDGE_CURVE('',#6880,#6878,#3568,.T.);
#12795=EDGE_CURVE('',#6878,#6876,#3460,.T.);
#12797=EDGE_CURVE('',#6876,#6874,#3464,.T.);
#12799=EDGE_CURVE('',#6874,#6872,#3540,.T.);
#12801=EDGE_CURVE('',#6872,#6869,#3468,.T.);
#12803=EDGE_CURVE('',#6869,#6870,#3473,.T.);
#12805=EDGE_CURVE('',#6870,#7696,#3520,.T.);
#12817=EDGE_CURVE('',#7684,#6887,#3490,.T.);
#12819=EDGE_CURVE('',#6887,#6865,#3477,.T.);
#12831=EDGE_CURVE('',#6888,#7686,#3481,.T.);
#12833=EDGE_CURVE('',#6887,#6888,#3485,.T.);
#12846=EDGE_CURVE('',#7698,#6892,#3524,.T.);
#12848=EDGE_CURVE('',#6891,#6892,#3495,.T.);
#12850=EDGE_CURVE('',#6894,#6891,#3499,.T.);
#12852=EDGE_CURVE('',#6894,#6896,#3548,.T.);
#12854=EDGE_CURVE('',#6898,#6896,#3503,.T.);
#12856=EDGE_CURVE('',#6884,#6898,#3508,.T.);
#12858=EDGE_CURVE('',#6884,#6882,#3564,.T.);
#12860=EDGE_CURVE('',#7692,#6882,#3512,.T.);
#12872=EDGE_CURVE('',#6888,#6866,#3516,.T.);
#12897=EDGE_CURVE('',#6892,#6870,#3532,.T.);
#12909=EDGE_CURVE('',#6869,#6891,#3528,.T.);
#12923=EDGE_CURVE('',#6894,#6872,#3536,.T.);
#12935=EDGE_CURVE('',#6896,#6874,#3544,.T.);
#12947=EDGE_CURVE('',#6876,#6898,#3552,.T.);
#12962=EDGE_CURVE('',#6884,#6878,#3556,.T.);
#12973=EDGE_CURVE('',#6882,#6880,#3560,.T.);
#12998=EDGE_CURVE('',#7180,#7448,#3584,.T.);
#13023=EDGE_CURVE('',#7454,#7318,#3596,.T.);
#13027=EDGE_CURVE('',#7174,#7454,#3608,.T.);
#13037=EDGE_CURVE('',#7709,#7716,#3612,.T.);
#13039=EDGE_CURVE('',#7716,#7718,#3616,.T.);
#13041=EDGE_CURVE('',#7714,#7718,#3620,.T.);
#13045=EDGE_CURVE('',#7452,#7454,#3762,.T.);
#13047=EDGE_CURVE('',#7452,#7320,#3770,.T.);
#13059=EDGE_CURVE('',#7702,#6901,#3633,.T.);
#13061=EDGE_CURVE('',#6901,#6902,#3637,.T.);
#13063=EDGE_CURVE('',#6902,#7701,#3641,.T.);
#13074=EDGE_CURVE('',#7710,#6916,#3645,.T.);
#13076=EDGE_CURVE('',#6916,#6914,#3758,.T.);
#13078=EDGE_CURVE('',#6914,#6912,#3650,.T.);
#13080=EDGE_CURVE('',#6912,#6910,#3654,.T.);
#13082=EDGE_CURVE('',#6910,#6908,#3730,.T.);
#13084=EDGE_CURVE('',#6908,#6905,#3658,.T.);
#13086=EDGE_CURVE('',#6905,#6906,#3663,.T.);
#13088=EDGE_CURVE('',#6906,#7716,#3710,.T.);
#13100=EDGE_CURVE('',#7704,#6923,#3680,.T.);
#13102=EDGE_CURVE('',#6923,#6901,#3667,.T.);
#13114=EDGE_CURVE('',#6924,#7706,#3671,.T.);
#13116=EDGE_CURVE('',#6923,#6924,#3675,.T.);
#13129=EDGE_CURVE('',#7718,#6928,#3714,.T.);
#13131=EDGE_CURVE('',#6927,#6928,#3685,.T.);
#13133=EDGE_CURVE('',#6930,#6927,#3689,.T.);
#13135=EDGE_CURVE('',#6930,#6932,#3738,.T.);
#13137=EDGE_CURVE('',#6934,#6932,#3693,.T.);
#13139=EDGE_CURVE('',#6920,#6934,#3698,.T.);
#13141=EDGE_CURVE('',#6920,#6918,#3754,.T.);
#13143=EDGE_CURVE('',#7712,#6918,#3702,.T.);
#13155=EDGE_CURVE('',#6924,#6902,#3706,.T.);
#13180=EDGE_CURVE('',#6928,#6906,#3722,.T.);
#13192=EDGE_CURVE('',#6905,#6927,#3718,.T.);
#13206=EDGE_CURVE('',#6930,#6908,#3726,.T.);
#13218=EDGE_CURVE('',#6932,#6910,#3734,.T.);
#13230=EDGE_CURVE('',#6912,#6934,#3742,.T.);
#13245=EDGE_CURVE('',#6920,#6914,#3746,.T.);
#13256=EDGE_CURVE('',#6918,#6916,#3750,.T.);
#13281=EDGE_CURVE('',#7172,#7452,#3774,.T.);
#13306=EDGE_CURVE('',#7460,#7322,#3786,.T.);
#13310=EDGE_CURVE('',#7166,#7460,#3798,.T.);
#13320=EDGE_CURVE('',#7729,#7736,#3802,.T.);
#13322=EDGE_CURVE('',#7736,#7738,#3806,.T.);
#13324=EDGE_CURVE('',#7734,#7738,#3810,.T.);
#13328=EDGE_CURVE('',#7462,#7460,#3952,.T.);
#13330=EDGE_CURVE('',#7462,#7324,#3960,.T.);
#13342=EDGE_CURVE('',#7722,#6217,#3823,.T.);
#13344=EDGE_CURVE('',#6217,#6218,#3827,.T.);
#13346=EDGE_CURVE('',#6218,#7721,#3831,.T.);
#13357=EDGE_CURVE('',#7730,#6232,#3835,.T.);
#13359=EDGE_CURVE('',#6232,#6230,#3948,.T.);
#13361=EDGE_CURVE('',#6230,#6228,#3840,.T.);
#13363=EDGE_CURVE('',#6228,#6226,#3844,.T.);
#13365=EDGE_CURVE('',#6226,#6224,#3920,.T.);
#13367=EDGE_CURVE('',#6224,#6221,#3848,.T.);
#13369=EDGE_CURVE('',#6221,#6222,#3853,.T.);
#13371=EDGE_CURVE('',#6222,#7736,#3900,.T.);
#13383=EDGE_CURVE('',#7724,#6239,#3870,.T.);
#13385=EDGE_CURVE('',#6239,#6217,#3857,.T.);
#13397=EDGE_CURVE('',#6240,#7726,#3861,.T.);
#13399=EDGE_CURVE('',#6239,#6240,#3865,.T.);
#13412=EDGE_CURVE('',#7738,#6244,#3904,.T.);
#13414=EDGE_CURVE('',#6243,#6244,#3875,.T.);
#13416=EDGE_CURVE('',#6246,#6243,#3879,.T.);
#13418=EDGE_CURVE('',#6246,#6248,#3928,.T.);
#13420=EDGE_CURVE('',#6250,#6248,#3883,.T.);
#13422=EDGE_CURVE('',#6236,#6250,#3888,.T.);
#13424=EDGE_CURVE('',#6236,#6234,#3944,.T.);
#13426=EDGE_CURVE('',#7732,#6234,#3892,.T.);
#13438=EDGE_CURVE('',#6240,#6218,#3896,.T.);
#13463=EDGE_CURVE('',#6244,#6222,#3912,.T.);
#13475=EDGE_CURVE('',#6221,#6243,#3908,.T.);
#13489=EDGE_CURVE('',#6246,#6224,#3916,.T.);
#13501=EDGE_CURVE('',#6248,#6226,#3924,.T.);
#13513=EDGE_CURVE('',#6228,#6250,#3932,.T.);
#13528=EDGE_CURVE('',#6236,#6230,#3936,.T.);
#13539=EDGE_CURVE('',#6234,#6232,#3940,.T.);
#13567=EDGE_CURVE('',#7164,#7462,#3964,.T.);
#13589=EDGE_CURVE('',#7456,#7326,#3976,.T.);
#13593=EDGE_CURVE('',#7158,#7456,#3988,.T.);
#13603=EDGE_CURVE('',#7749,#7756,#3992,.T.);
#13605=EDGE_CURVE('',#7756,#7758,#3996,.T.);
#13607=EDGE_CURVE('',#7754,#7758,#4000,.T.);
#13611=EDGE_CURVE('',#7458,#7456,#4142,.T.);
#13613=EDGE_CURVE('',#7458,#7328,#4150,.T.);
#13625=EDGE_CURVE('',#7742,#6253,#4013,.T.);
#13627=EDGE_CURVE('',#6253,#6254,#4017,.T.);
#13629=EDGE_CURVE('',#6254,#7741,#4021,.T.);
#13640=EDGE_CURVE('',#7750,#6268,#4025,.T.);
#13642=EDGE_CURVE('',#6268,#6266,#4138,.T.);
#13644=EDGE_CURVE('',#6266,#6264,#4030,.T.);
#13646=EDGE_CURVE('',#6264,#6262,#4034,.T.);
#13648=EDGE_CURVE('',#6262,#6260,#4110,.T.);
#13650=EDGE_CURVE('',#6260,#6257,#4038,.T.);
#13652=EDGE_CURVE('',#6257,#6258,#4043,.T.);
#13654=EDGE_CURVE('',#6258,#7756,#4090,.T.);
#13666=EDGE_CURVE('',#7744,#6275,#4060,.T.);
#13668=EDGE_CURVE('',#6275,#6253,#4047,.T.);
#13680=EDGE_CURVE('',#6276,#7746,#4051,.T.);
#13682=EDGE_CURVE('',#6275,#6276,#4055,.T.);
#13695=EDGE_CURVE('',#7758,#6280,#4094,.T.);
#13697=EDGE_CURVE('',#6279,#6280,#4065,.T.);
#13699=EDGE_CURVE('',#6282,#6279,#4069,.T.);
#13701=EDGE_CURVE('',#6282,#6284,#4118,.T.);
#13703=EDGE_CURVE('',#6286,#6284,#4073,.T.);
#13705=EDGE_CURVE('',#6272,#6286,#4078,.T.);
#13707=EDGE_CURVE('',#6272,#6270,#4134,.T.);
#13709=EDGE_CURVE('',#7752,#6270,#4082,.T.);
#13721=EDGE_CURVE('',#6276,#6254,#4086,.T.);
#13746=EDGE_CURVE('',#6280,#6258,#4102,.T.);
#13758=EDGE_CURVE('',#6257,#6279,#4098,.T.);
#13772=EDGE_CURVE('',#6282,#6260,#4106,.T.);
#13784=EDGE_CURVE('',#6284,#6262,#4114,.T.);
#13796=EDGE_CURVE('',#6264,#6286,#4122,.T.);
#13811=EDGE_CURVE('',#6272,#6266,#4126,.T.);
#13822=EDGE_CURVE('',#6270,#6268,#4130,.T.);
#13850=EDGE_CURVE('',#7156,#7458,#4154,.T.);
#13872=EDGE_CURVE('',#7422,#7330,#4166,.T.);
#13876=EDGE_CURVE('',#7150,#7422,#4178,.T.);
#13886=EDGE_CURVE('',#7769,#7776,#4182,.T.);
#13888=EDGE_CURVE('',#7776,#7778,#4186,.T.);
#13890=EDGE_CURVE('',#7774,#7778,#4190,.T.);
#13894=EDGE_CURVE('',#7421,#7422,#4332,.T.);
#13896=EDGE_CURVE('',#7421,#7332,#4340,.T.);
#13908=EDGE_CURVE('',#7762,#6289,#4203,.T.);
#13910=EDGE_CURVE('',#6289,#6290,#4207,.T.);
#13912=EDGE_CURVE('',#6290,#7761,#4211,.T.);
#13923=EDGE_CURVE('',#7770,#6304,#4215,.T.);
#13925=EDGE_CURVE('',#6304,#6302,#4328,.T.);
#13927=EDGE_CURVE('',#6302,#6300,#4220,.T.);
#13929=EDGE_CURVE('',#6300,#6298,#4224,.T.);
#13931=EDGE_CURVE('',#6298,#6296,#4300,.T.);
#13933=EDGE_CURVE('',#6296,#6293,#4228,.T.);
#13935=EDGE_CURVE('',#6293,#6294,#4233,.T.);
#13937=EDGE_CURVE('',#6294,#7776,#4280,.T.);
#13949=EDGE_CURVE('',#7764,#6311,#4250,.T.);
#13951=EDGE_CURVE('',#6311,#6289,#4237,.T.);
#13963=EDGE_CURVE('',#6312,#7766,#4241,.T.);
#13965=EDGE_CURVE('',#6311,#6312,#4245,.T.);
#13978=EDGE_CURVE('',#7778,#6316,#4284,.T.);
#13980=EDGE_CURVE('',#6315,#6316,#4255,.T.);
#13982=EDGE_CURVE('',#6318,#6315,#4259,.T.);
#13984=EDGE_CURVE('',#6318,#6320,#4308,.T.);
#13986=EDGE_CURVE('',#6322,#6320,#4263,.T.);
#13988=EDGE_CURVE('',#6308,#6322,#4268,.T.);
#13990=EDGE_CURVE('',#6308,#6306,#4324,.T.);
#13992=EDGE_CURVE('',#7772,#6306,#4272,.T.);
#14004=EDGE_CURVE('',#6312,#6290,#4276,.T.);
#14029=EDGE_CURVE('',#6316,#6294,#4292,.T.);
#14041=EDGE_CURVE('',#6293,#6315,#4288,.T.);
#14055=EDGE_CURVE('',#6318,#6296,#4296,.T.);
#14067=EDGE_CURVE('',#6320,#6298,#4304,.T.);
#14079=EDGE_CURVE('',#6300,#6322,#4312,.T.);
#14094=EDGE_CURVE('',#6308,#6302,#4316,.T.);
#14105=EDGE_CURVE('',#6306,#6304,#4320,.T.);
#14133=EDGE_CURVE('',#7148,#7421,#4344,.T.);
#14155=EDGE_CURVE('',#7418,#7334,#4356,.T.);
#14159=EDGE_CURVE('',#7142,#7418,#4368,.T.);
#14169=EDGE_CURVE('',#7789,#7796,#4372,.T.);
#14171=EDGE_CURVE('',#7796,#7798,#4376,.T.);
#14173=EDGE_CURVE('',#7794,#7798,#4380,.T.);
#14177=EDGE_CURVE('',#7417,#7418,#4522,.T.);
#14179=EDGE_CURVE('',#7417,#7336,#4530,.T.);
#14191=EDGE_CURVE('',#7782,#6325,#4393,.T.);
#14193=EDGE_CURVE('',#6325,#6326,#4397,.T.);
#14195=EDGE_CURVE('',#6326,#7781,#4401,.T.);
#14206=EDGE_CURVE('',#7790,#6340,#4405,.T.);
#14208=EDGE_CURVE('',#6340,#6338,#4518,.T.);
#14210=EDGE_CURVE('',#6338,#6336,#4410,.T.);
#14212=EDGE_CURVE('',#6336,#6334,#4414,.T.);
#14214=EDGE_CURVE('',#6334,#6332,#4490,.T.);
#14216=EDGE_CURVE('',#6332,#6329,#4418,.T.);
#14218=EDGE_CURVE('',#6329,#6330,#4423,.T.);
#14220=EDGE_CURVE('',#6330,#7796,#4470,.T.);
#14232=EDGE_CURVE('',#7784,#6347,#4440,.T.);
#14234=EDGE_CURVE('',#6347,#6325,#4427,.T.);
#14246=EDGE_CURVE('',#6348,#7786,#4431,.T.);
#14248=EDGE_CURVE('',#6347,#6348,#4435,.T.);
#14261=EDGE_CURVE('',#7798,#6352,#4474,.T.);
#14263=EDGE_CURVE('',#6351,#6352,#4445,.T.);
#14265=EDGE_CURVE('',#6354,#6351,#4449,.T.);
#14267=EDGE_CURVE('',#6354,#6356,#4498,.T.);
#14269=EDGE_CURVE('',#6358,#6356,#4453,.T.);
#14271=EDGE_CURVE('',#6344,#6358,#4458,.T.);
#14273=EDGE_CURVE('',#6344,#6342,#4514,.T.);
#14275=EDGE_CURVE('',#7792,#6342,#4462,.T.);
#14287=EDGE_CURVE('',#6348,#6326,#4466,.T.);
#14312=EDGE_CURVE('',#6352,#6330,#4482,.T.);
#14324=EDGE_CURVE('',#6329,#6351,#4478,.T.);
#14338=EDGE_CURVE('',#6354,#6332,#4486,.T.);
#14350=EDGE_CURVE('',#6356,#6334,#4494,.T.);
#14362=EDGE_CURVE('',#6336,#6358,#4502,.T.);
#14377=EDGE_CURVE('',#6344,#6338,#4506,.T.);
#14388=EDGE_CURVE('',#6342,#6340,#4510,.T.);
#14416=EDGE_CURVE('',#7140,#7417,#4534,.T.);
#14438=EDGE_CURVE('',#7414,#7338,#4546,.T.);
#14442=EDGE_CURVE('',#7134,#7414,#4558,.T.);
#14452=EDGE_CURVE('',#7809,#7816,#4562,.T.);
#14454=EDGE_CURVE('',#7816,#7818,#4566,.T.);
#14456=EDGE_CURVE('',#7814,#7818,#4570,.T.);
#14460=EDGE_CURVE('',#7413,#7414,#4712,.T.);
#14462=EDGE_CURVE('',#7413,#7340,#4720,.T.);
#14474=EDGE_CURVE('',#7802,#6361,#4583,.T.);
#14476=EDGE_CURVE('',#6361,#6362,#4587,.T.);
#14478=EDGE_CURVE('',#6362,#7801,#4591,.T.);
#14489=EDGE_CURVE('',#7810,#6376,#4595,.T.);
#14491=EDGE_CURVE('',#6376,#6374,#4708,.T.);
#14493=EDGE_CURVE('',#6374,#6372,#4600,.T.);
#14495=EDGE_CURVE('',#6372,#6370,#4604,.T.);
#14497=EDGE_CURVE('',#6370,#6368,#4680,.T.);
#14499=EDGE_CURVE('',#6368,#6365,#4608,.T.);
#14501=EDGE_CURVE('',#6365,#6366,#4613,.T.);
#14503=EDGE_CURVE('',#6366,#7816,#4660,.T.);
#14515=EDGE_CURVE('',#7804,#6383,#4630,.T.);
#14517=EDGE_CURVE('',#6383,#6361,#4617,.T.);
#14529=EDGE_CURVE('',#6384,#7806,#4621,.T.);
#14531=EDGE_CURVE('',#6383,#6384,#4625,.T.);
#14544=EDGE_CURVE('',#7818,#6388,#4664,.T.);
#14546=EDGE_CURVE('',#6387,#6388,#4635,.T.);
#14548=EDGE_CURVE('',#6390,#6387,#4639,.T.);
#14550=EDGE_CURVE('',#6390,#6392,#4688,.T.);
#14552=EDGE_CURVE('',#6394,#6392,#4643,.T.);
#14554=EDGE_CURVE('',#6380,#6394,#4648,.T.);
#14556=EDGE_CURVE('',#6380,#6378,#4704,.T.);
#14558=EDGE_CURVE('',#7812,#6378,#4652,.T.);
#14570=EDGE_CURVE('',#6384,#6362,#4656,.T.);
#14595=EDGE_CURVE('',#6388,#6366,#4672,.T.);
#14607=EDGE_CURVE('',#6365,#6387,#4668,.T.);
#14621=EDGE_CURVE('',#6390,#6368,#4676,.T.);
#14633=EDGE_CURVE('',#6392,#6370,#4684,.T.);
#14645=EDGE_CURVE('',#6372,#6394,#4692,.T.);
#14660=EDGE_CURVE('',#6380,#6374,#4696,.T.);
#14671=EDGE_CURVE('',#6378,#6376,#4700,.T.);
#14699=EDGE_CURVE('',#7132,#7413,#4724,.T.);
#14721=EDGE_CURVE('',#7410,#7342,#4736,.T.);
#14725=EDGE_CURVE('',#7126,#7410,#4748,.T.);
#14735=EDGE_CURVE('',#7829,#7836,#4752,.T.);
#14737=EDGE_CURVE('',#7836,#7838,#4756,.T.);
#14739=EDGE_CURVE('',#7834,#7838,#4760,.T.);
#14743=EDGE_CURVE('',#7409,#7410,#4902,.T.);
#14745=EDGE_CURVE('',#7409,#7344,#4910,.T.);
#14757=EDGE_CURVE('',#7822,#6397,#4773,.T.);
#14759=EDGE_CURVE('',#6397,#6398,#4777,.T.);
#14761=EDGE_CURVE('',#6398,#7821,#4781,.T.);
#14772=EDGE_CURVE('',#7830,#6412,#4785,.T.);
#14774=EDGE_CURVE('',#6412,#6410,#4898,.T.);
#14776=EDGE_CURVE('',#6410,#6408,#4790,.T.);
#14778=EDGE_CURVE('',#6408,#6406,#4794,.T.);
#14780=EDGE_CURVE('',#6406,#6404,#4870,.T.);
#14782=EDGE_CURVE('',#6404,#6401,#4798,.T.);
#14784=EDGE_CURVE('',#6401,#6402,#4803,.T.);
#14786=EDGE_CURVE('',#6402,#7836,#4850,.T.);
#14798=EDGE_CURVE('',#7824,#6419,#4820,.T.);
#14800=EDGE_CURVE('',#6419,#6397,#4807,.T.);
#14812=EDGE_CURVE('',#6420,#7826,#4811,.T.);
#14814=EDGE_CURVE('',#6419,#6420,#4815,.T.);
#14827=EDGE_CURVE('',#7838,#6424,#4854,.T.);
#14829=EDGE_CURVE('',#6423,#6424,#4825,.T.);
#14831=EDGE_CURVE('',#6426,#6423,#4829,.T.);
#14833=EDGE_CURVE('',#6426,#6428,#4878,.T.);
#14835=EDGE_CURVE('',#6430,#6428,#4833,.T.);
#14837=EDGE_CURVE('',#6416,#6430,#4838,.T.);
#14839=EDGE_CURVE('',#6416,#6414,#4894,.T.);
#14841=EDGE_CURVE('',#7832,#6414,#4842,.T.);
#14853=EDGE_CURVE('',#6420,#6398,#4846,.T.);
#14878=EDGE_CURVE('',#6424,#6402,#4862,.T.);
#14890=EDGE_CURVE('',#6401,#6423,#4858,.T.);
#14904=EDGE_CURVE('',#6426,#6404,#4866,.T.);
#14916=EDGE_CURVE('',#6428,#6406,#4874,.T.);
#14928=EDGE_CURVE('',#6408,#6430,#4882,.T.);
#14943=EDGE_CURVE('',#6416,#6410,#4886,.T.);
#14954=EDGE_CURVE('',#6414,#6412,#4890,.T.);
#14982=EDGE_CURVE('',#7124,#7409,#4914,.T.);
#15004=EDGE_CURVE('',#7406,#7346,#4926,.T.);
#15008=EDGE_CURVE('',#7118,#7406,#4938,.T.);
#15018=EDGE_CURVE('',#7849,#7856,#4942,.T.);
#15020=EDGE_CURVE('',#7856,#7858,#4946,.T.);
#15022=EDGE_CURVE('',#7854,#7858,#4950,.T.);
#15026=EDGE_CURVE('',#7405,#7406,#5092,.T.);
#15028=EDGE_CURVE('',#7405,#7348,#5100,.T.);
#15040=EDGE_CURVE('',#7842,#6433,#4963,.T.);
#15042=EDGE_CURVE('',#6433,#6434,#4967,.T.);
#15044=EDGE_CURVE('',#6434,#7841,#4971,.T.);
#15055=EDGE_CURVE('',#7850,#6448,#4975,.T.);
#15057=EDGE_CURVE('',#6448,#6446,#5088,.T.);
#15059=EDGE_CURVE('',#6446,#6444,#4980,.T.);
#15061=EDGE_CURVE('',#6444,#6442,#4984,.T.);
#15063=EDGE_CURVE('',#6442,#6440,#5060,.T.);
#15065=EDGE_CURVE('',#6440,#6437,#4988,.T.);
#15067=EDGE_CURVE('',#6437,#6438,#4993,.T.);
#15069=EDGE_CURVE('',#6438,#7856,#5040,.T.);
#15081=EDGE_CURVE('',#7844,#6455,#5010,.T.);
#15083=EDGE_CURVE('',#6455,#6433,#4997,.T.);
#15095=EDGE_CURVE('',#6456,#7846,#5001,.T.);
#15097=EDGE_CURVE('',#6455,#6456,#5005,.T.);
#15110=EDGE_CURVE('',#7858,#6460,#5044,.T.);
#15112=EDGE_CURVE('',#6459,#6460,#5015,.T.);
#15114=EDGE_CURVE('',#6462,#6459,#5019,.T.);
#15116=EDGE_CURVE('',#6462,#6464,#5068,.T.);
#15118=EDGE_CURVE('',#6466,#6464,#5023,.T.);
#15120=EDGE_CURVE('',#6452,#6466,#5028,.T.);
#15122=EDGE_CURVE('',#6452,#6450,#5084,.T.);
#15124=EDGE_CURVE('',#7852,#6450,#5032,.T.);
#15136=EDGE_CURVE('',#6456,#6434,#5036,.T.);
#15161=EDGE_CURVE('',#6460,#6438,#5052,.T.);
#15173=EDGE_CURVE('',#6437,#6459,#5048,.T.);
#15187=EDGE_CURVE('',#6462,#6440,#5056,.T.);
#15199=EDGE_CURVE('',#6464,#6442,#5064,.T.);
#15211=EDGE_CURVE('',#6444,#6466,#5072,.T.);
#15226=EDGE_CURVE('',#6452,#6446,#5076,.T.);
#15237=EDGE_CURVE('',#6450,#6448,#5080,.T.);
#15265=EDGE_CURVE('',#7116,#7405,#5104,.T.);
#15287=EDGE_CURVE('',#7402,#7350,#5116,.T.);
#15291=EDGE_CURVE('',#7110,#7402,#5128,.T.);
#15301=EDGE_CURVE('',#7869,#7876,#5132,.T.);
#15303=EDGE_CURVE('',#7876,#7878,#5136,.T.);
#15305=EDGE_CURVE('',#7874,#7878,#5140,.T.);
#15309=EDGE_CURVE('',#7401,#7402,#5282,.T.);
#15311=EDGE_CURVE('',#7401,#7352,#5290,.T.);
#15323=EDGE_CURVE('',#7862,#6469,#5153,.T.);
#15325=EDGE_CURVE('',#6469,#6470,#5157,.T.);
#15327=EDGE_CURVE('',#6470,#7861,#5161,.T.);
#15338=EDGE_CURVE('',#7870,#6484,#5165,.T.);
#15340=EDGE_CURVE('',#6484,#6482,#5278,.T.);
#15342=EDGE_CURVE('',#6482,#6480,#5170,.T.);
#15344=EDGE_CURVE('',#6480,#6478,#5174,.T.);
#15346=EDGE_CURVE('',#6478,#6476,#5250,.T.);
#15348=EDGE_CURVE('',#6476,#6473,#5178,.T.);
#15350=EDGE_CURVE('',#6473,#6474,#5183,.T.);
#15352=EDGE_CURVE('',#6474,#7876,#5230,.T.);
#15364=EDGE_CURVE('',#7864,#6491,#5200,.T.);
#15366=EDGE_CURVE('',#6491,#6469,#5187,.T.);
#15378=EDGE_CURVE('',#6492,#7866,#5191,.T.);
#15380=EDGE_CURVE('',#6491,#6492,#5195,.T.);
#15393=EDGE_CURVE('',#7878,#6496,#5234,.T.);
#15395=EDGE_CURVE('',#6495,#6496,#5205,.T.);
#15397=EDGE_CURVE('',#6498,#6495,#5209,.T.);
#15399=EDGE_CURVE('',#6498,#6500,#5258,.T.);
#15401=EDGE_CURVE('',#6502,#6500,#5213,.T.);
#15403=EDGE_CURVE('',#6488,#6502,#5218,.T.);
#15405=EDGE_CURVE('',#6488,#6486,#5274,.T.);
#15407=EDGE_CURVE('',#7872,#6486,#5222,.T.);
#15419=EDGE_CURVE('',#6492,#6470,#5226,.T.);
#15444=EDGE_CURVE('',#6496,#6474,#5242,.T.);
#15456=EDGE_CURVE('',#6473,#6495,#5238,.T.);
#15470=EDGE_CURVE('',#6498,#6476,#5246,.T.);
#15482=EDGE_CURVE('',#6500,#6478,#5254,.T.);
#15494=EDGE_CURVE('',#6480,#6502,#5262,.T.);
#15509=EDGE_CURVE('',#6488,#6482,#5266,.T.);
#15520=EDGE_CURVE('',#6486,#6484,#5270,.T.);
#15548=EDGE_CURVE('',#7108,#7401,#5294,.T.);
#15570=EDGE_CURVE('',#7398,#7354,#5306,.T.);
#15574=EDGE_CURVE('',#7102,#7398,#5318,.T.);
#15584=EDGE_CURVE('',#7889,#7896,#5322,.T.);
#15586=EDGE_CURVE('',#7896,#7898,#5326,.T.);
#15588=EDGE_CURVE('',#7894,#7898,#5330,.T.);
#15592=EDGE_CURVE('',#7397,#7398,#5472,.T.);
#15594=EDGE_CURVE('',#7397,#7356,#5480,.T.);
#15606=EDGE_CURVE('',#7882,#6505,#5343,.T.);
#15608=EDGE_CURVE('',#6505,#6506,#5347,.T.);
#15610=EDGE_CURVE('',#6506,#7881,#5351,.T.);
#15621=EDGE_CURVE('',#7890,#6520,#5355,.T.);
#15623=EDGE_CURVE('',#6520,#6518,#5468,.T.);
#15625=EDGE_CURVE('',#6518,#6516,#5360,.T.);
#15627=EDGE_CURVE('',#6516,#6514,#5364,.T.);
#15629=EDGE_CURVE('',#6514,#6512,#5440,.T.);
#15631=EDGE_CURVE('',#6512,#6509,#5368,.T.);
#15633=EDGE_CURVE('',#6509,#6510,#5373,.T.);
#15635=EDGE_CURVE('',#6510,#7896,#5420,.T.);
#15647=EDGE_CURVE('',#7884,#6527,#5390,.T.);
#15649=EDGE_CURVE('',#6527,#6505,#5377,.T.);
#15661=EDGE_CURVE('',#6528,#7886,#5381,.T.);
#15663=EDGE_CURVE('',#6527,#6528,#5385,.T.);
#15676=EDGE_CURVE('',#7898,#6532,#5424,.T.);
#15678=EDGE_CURVE('',#6531,#6532,#5395,.T.);
#15680=EDGE_CURVE('',#6534,#6531,#5399,.T.);
#15682=EDGE_CURVE('',#6534,#6536,#5448,.T.);
#15684=EDGE_CURVE('',#6538,#6536,#5403,.T.);
#15686=EDGE_CURVE('',#6524,#6538,#5408,.T.);
#15688=EDGE_CURVE('',#6524,#6522,#5464,.T.);
#15690=EDGE_CURVE('',#7892,#6522,#5412,.T.);
#15702=EDGE_CURVE('',#6528,#6506,#5416,.T.);
#15727=EDGE_CURVE('',#6532,#6510,#5432,.T.);
#15739=EDGE_CURVE('',#6509,#6531,#5428,.T.);
#15753=EDGE_CURVE('',#6534,#6512,#5436,.T.);
#15765=EDGE_CURVE('',#6536,#6514,#5444,.T.);
#15777=EDGE_CURVE('',#6516,#6538,#5452,.T.);
#15792=EDGE_CURVE('',#6524,#6518,#5456,.T.);
#15803=EDGE_CURVE('',#6522,#6520,#5460,.T.);
#15831=EDGE_CURVE('',#7100,#7397,#5484,.T.);
#15853=EDGE_CURVE('',#7394,#7358,#5496,.T.);
#15857=EDGE_CURVE('',#7094,#7394,#5508,.T.);
#15867=EDGE_CURVE('',#7909,#7916,#5512,.T.);
#15869=EDGE_CURVE('',#7916,#7918,#5516,.T.);
#15871=EDGE_CURVE('',#7914,#7918,#5520,.T.);
#15875=EDGE_CURVE('',#7393,#7394,#5662,.T.);
#15877=EDGE_CURVE('',#7393,#7360,#5670,.T.);
#15889=EDGE_CURVE('',#7902,#6541,#5533,.T.);
#15891=EDGE_CURVE('',#6541,#6542,#5537,.T.);
#15893=EDGE_CURVE('',#6542,#7901,#5541,.T.);
#15904=EDGE_CURVE('',#7910,#6556,#5545,.T.);
#15906=EDGE_CURVE('',#6556,#6554,#5658,.T.);
#15908=EDGE_CURVE('',#6554,#6552,#5550,.T.);
#15910=EDGE_CURVE('',#6552,#6550,#5554,.T.);
#15912=EDGE_CURVE('',#6550,#6548,#5630,.T.);
#15914=EDGE_CURVE('',#6548,#6545,#5558,.T.);
#15916=EDGE_CURVE('',#6545,#6546,#5563,.T.);
#15918=EDGE_CURVE('',#6546,#7916,#5610,.T.);
#15930=EDGE_CURVE('',#7904,#6563,#5580,.T.);
#15932=EDGE_CURVE('',#6563,#6541,#5567,.T.);
#15944=EDGE_CURVE('',#6564,#7906,#5571,.T.);
#15946=EDGE_CURVE('',#6563,#6564,#5575,.T.);
#15959=EDGE_CURVE('',#7918,#6568,#5614,.T.);
#15961=EDGE_CURVE('',#6567,#6568,#5585,.T.);
#15963=EDGE_CURVE('',#6570,#6567,#5589,.T.);
#15965=EDGE_CURVE('',#6570,#6572,#5638,.T.);
#15967=EDGE_CURVE('',#6574,#6572,#5593,.T.);
#15969=EDGE_CURVE('',#6560,#6574,#5598,.T.);
#15971=EDGE_CURVE('',#6560,#6558,#5654,.T.);
#15973=EDGE_CURVE('',#7912,#6558,#5602,.T.);
#15985=EDGE_CURVE('',#6564,#6542,#5606,.T.);
#16010=EDGE_CURVE('',#6568,#6546,#5622,.T.);
#16022=EDGE_CURVE('',#6545,#6567,#5618,.T.);
#16036=EDGE_CURVE('',#6570,#6548,#5626,.T.);
#16048=EDGE_CURVE('',#6572,#6550,#5634,.T.);
#16060=EDGE_CURVE('',#6552,#6574,#5642,.T.);
#16075=EDGE_CURVE('',#6560,#6554,#5646,.T.);
#16086=EDGE_CURVE('',#6558,#6556,#5650,.T.);
#16114=EDGE_CURVE('',#7092,#7393,#5674,.T.);
#16136=EDGE_CURVE('',#7390,#7362,#5686,.T.);
#16140=EDGE_CURVE('',#7086,#7390,#5698,.T.);
#16150=EDGE_CURVE('',#7929,#7936,#5702,.T.);
#16152=EDGE_CURVE('',#7936,#7938,#5706,.T.);
#16154=EDGE_CURVE('',#7934,#7938,#5710,.T.);
#16158=EDGE_CURVE('',#7389,#7390,#5852,.T.);
#16160=EDGE_CURVE('',#7389,#7364,#5860,.T.);
#16172=EDGE_CURVE('',#7922,#6613,#5723,.T.);
#16174=EDGE_CURVE('',#6613,#6614,#5727,.T.);
#16176=EDGE_CURVE('',#6614,#7921,#5731,.T.);
#16187=EDGE_CURVE('',#7930,#6628,#5735,.T.);
#16189=EDGE_CURVE('',#6628,#6626,#5848,.T.);
#16191=EDGE_CURVE('',#6626,#6624,#5740,.T.);
#16193=EDGE_CURVE('',#6624,#6622,#5744,.T.);
#16195=EDGE_CURVE('',#6622,#6620,#5820,.T.);
#16197=EDGE_CURVE('',#6620,#6617,#5748,.T.);
#16199=EDGE_CURVE('',#6617,#6618,#5753,.T.);
#16201=EDGE_CURVE('',#6618,#7936,#5800,.T.);
#16213=EDGE_CURVE('',#7924,#6635,#5770,.T.);
#16215=EDGE_CURVE('',#6635,#6613,#5757,.T.);
#16227=EDGE_CURVE('',#6636,#7926,#5761,.T.);
#16229=EDGE_CURVE('',#6635,#6636,#5765,.T.);
#16242=EDGE_CURVE('',#7938,#6640,#5804,.T.);
#16244=EDGE_CURVE('',#6639,#6640,#5775,.T.);
#16246=EDGE_CURVE('',#6642,#6639,#5779,.T.);
#16248=EDGE_CURVE('',#6642,#6644,#5828,.T.);
#16250=EDGE_CURVE('',#6646,#6644,#5783,.T.);
#16252=EDGE_CURVE('',#6632,#6646,#5788,.T.);
#16254=EDGE_CURVE('',#6632,#6630,#5844,.T.);
#16256=EDGE_CURVE('',#7932,#6630,#5792,.T.);
#16268=EDGE_CURVE('',#6636,#6614,#5796,.T.);
#16293=EDGE_CURVE('',#6640,#6618,#5812,.T.);
#16305=EDGE_CURVE('',#6617,#6639,#5808,.T.);
#16319=EDGE_CURVE('',#6642,#6620,#5816,.T.);
#16331=EDGE_CURVE('',#6644,#6622,#5824,.T.);
#16343=EDGE_CURVE('',#6624,#6646,#5832,.T.);
#16358=EDGE_CURVE('',#6632,#6626,#5836,.T.);
#16369=EDGE_CURVE('',#6630,#6628,#5840,.T.);
#16397=EDGE_CURVE('',#7084,#7389,#5864,.T.);
#16420=EDGE_CURVE('',#7998,#6078,#5876,.T.);
#16422=EDGE_CURVE('',#6078,#6080,#5880,.T.);
#16424=EDGE_CURVE('',#6058,#6080,#5980,.T.);
#16427=EDGE_CURVE('',#6056,#8024,#5988,.T.);
#16440=EDGE_CURVE('',#6096,#8008,#6008,.T.);
#16442=EDGE_CURVE('',#6096,#8012,#5888,.T.);
#16455=EDGE_CURVE('',#6075,#6078,#5896,.T.);
#16468=EDGE_CURVE('',#6092,#6076,#5916,.T.);
#16470=EDGE_CURVE('',#6090,#6092,#5932,.T.);
#16472=EDGE_CURVE('',#6088,#6090,#5940,.T.);
#16474=EDGE_CURVE('',#6088,#6086,#5904,.T.);
#16476=EDGE_CURVE('',#6084,#6086,#5960,.T.);
#16478=EDGE_CURVE('',#6082,#6084,#5972,.T.);
#16480=EDGE_CURVE('',#6080,#6082,#5984,.T.);
#16492=EDGE_CURVE('',#6070,#6092,#5912,.T.);
#16505=EDGE_CURVE('',#6068,#6090,#5928,.T.);
#16517=EDGE_CURVE('',#6066,#6088,#5936,.T.);
#16532=EDGE_CURVE('',#6086,#6064,#5948,.T.);
#16545=EDGE_CURVE('',#6062,#6084,#5956,.T.);
#16557=EDGE_CURVE('',#6060,#6082,#5968,.T.);
#16595=EDGE_CURVE('',#6095,#6096,#6004,.T.);
#16620=EDGE_CURVE('',#7466,#7048,#6036,.T.);
#16622=EDGE_CURVE('',#7466,#7256,#6040,.T.);
#16635=EDGE_CURVE('',#7066,#7466,#6044,.T.);
#16663=ADVANCED_BREP_SHAPE_REPRESENTATION('',(#16654),#16662);
#16670=PRODUCT_DEFINITION('design','',#16669,#16666);
#16671=PRODUCT_DEFINITION_SHAPE('','SHAPE FOR ISFV22R_1STLF.',#16670);
#16672=SHAPE_DEFINITION_REPRESENTATION(#16671,#16663);
ENDSEC;
END-ISO-10303-21;

