ISO-10303-21;
HEADER;
FILE_DESCRIPTION (( 'STEP AP214' ),
    '1' );
FILE_NAME ('TESEO-LIV4FTR.STEP',
    '2025-03-17T04:59:13',
    ( '' ),
    ( '' ),
    'SwSTEP 2.0',
    'SolidWorks 2024',
    '' );
FILE_SCHEMA (( 'AUTOMOTIVE_DESIGN' ));
ENDSEC;

DATA;
#1 = CARTESIAN_POINT ( 'NONE',  ( -4.399999999999999467, 2.026232285936369060, 4.633241106097909068 ) ) ;
#2 = SURFACE_STYLE_USAGE ( .BOTH. , #7094 ) ;
#3 = ORIENTED_EDGE ( 'NONE', *, *, #187, .T. ) ;
#4 = CARTESIAN_POINT ( 'NONE',  ( -4.397979999999999556, 2.025701847718434312, -4.633241221889688788 ) ) ;
#5 =( GEOMETRIC_REPRESENTATION_CONTEXT ( 3 ) GLOBAL_UNCERTAINTY_ASSIGNED_CONTEXT ( ( #3599 ) ) GLOBAL_UNIT_ASSIGNED_CONTEXT ( ( #3254, #8022, #6465 ) ) REPRESENTATION_CONTEXT ( 'NONE', 'WORKASPACE' ) );
#6 = AXIS2_PLACEMENT_3D ( 'NONE', #9508, #8048, #7001 ) ;
#7 = ORIENTED_EDGE ( 'NONE', *, *, #2896, .T. ) ;
#8 = EDGE_LOOP ( 'NONE', ( #5891, #6888, #7113, #6565, #8162, #5262 ) ) ;
#9 = DIRECTION ( 'NONE',  ( -0.000000000000000000, 0.000000000000000000, 1.000000000000000000 ) ) ;
#10 = FILL_AREA_STYLE ('',( #3289 ) ) ;
#11 = EDGE_CURVE ( 'NONE', #3515, #7330, #6071, .T. ) ;
#12 = EDGE_CURVE ( 'NONE', #1366, #954, #5858, .T. ) ;
#13 = CARTESIAN_POINT ( 'NONE',  ( 4.850000000000001421, 0.000000000000000000, 3.699999999999999289 ) ) ;
#14 = AXIS2_PLACEMENT_3D ( 'NONE', #7377, #9011, #5833 ) ;
#15 = DIRECTION ( 'NONE',  ( 0.000000000000000000, -1.000000000000000000, 0.000000000000000000 ) ) ;
#16 =( NAMED_UNIT ( * ) PLANE_ANGLE_UNIT ( ) SI_UNIT ( $, .RADIAN. ) );
#17 = VERTEX_POINT ( 'NONE', #9359 ) ;
#18 = CARTESIAN_POINT ( 'NONE',  ( 2.399999999999999467, 0.2000000000000000389, 4.650000000000006573 ) ) ;
#19 = EDGE_CURVE ( 'NONE', #7208, #1325, #10126, .T. ) ;
#20 = FILL_AREA_STYLE ('',( #3875 ) ) ;
#21 = ADVANCED_FACE ( 'NONE', ( #6334 ), #6230, .F. ) ;
#22 = ORIENTED_EDGE ( 'NONE', *, *, #4842, .F. ) ;
#23 = SURFACE_SIDE_STYLE ('',( #8531 ) ) ;
#24 = EDGE_CURVE ( 'NONE', #973, #2016, #5508, .T. ) ;
#25 = VERTEX_POINT ( 'NONE', #2406 ) ;
#26 = SURFACE_STYLE_FILL_AREA ( #3194 ) ;
#27 = CARTESIAN_POINT ( 'NONE',  ( 4.849999999999997868, 0.000000000000000000, -2.600000000000000533 ) ) ;
#28 = ORIENTED_EDGE ( 'NONE', *, *, #9853, .F. ) ;
#29 = CARTESIAN_POINT ( 'NONE',  ( 4.457639970946510211, 2.269452524890164469, 4.583309763107293655 ) ) ;
#30 = ORIENTED_EDGE ( 'NONE', *, *, #1236, .F. ) ;
#31 = DIRECTION ( 'NONE',  ( 0.000000000000000000, -1.000000000000000000, 0.000000000000000000 ) ) ;
#32 = MECHANICAL_DESIGN_GEOMETRIC_PRESENTATION_REPRESENTATION (  '', ( #3857 ), #4025 ) ;
#33 =( LENGTH_UNIT ( ) NAMED_UNIT ( * ) SI_UNIT ( .MILLI., .METRE. ) );
#34 = COLOUR_RGB ( '',1.000000000000000000, 0.8117647058823529438, 0.5019607843137254832 ) ;
#35 =( NAMED_UNIT ( * ) SI_UNIT ( $, .STERADIAN. ) SOLID_ANGLE_UNIT ( ) );
#36 = DIRECTION ( 'NONE',  ( -1.000000000000000000, 0.000000000000000000, 0.000000000000000000 ) ) ;
#37 = CIRCLE ( 'NONE', #9666, 0.4000000000000006328 ) ;
#38 = FILL_AREA_STYLE ('',( #823 ) ) ;
#39 = VECTOR ( 'NONE', #1909, 1000.000000000000000 ) ;
#40 = PLANE ( 'NONE',  #10129 ) ;
#41 = PRESENTATION_STYLE_ASSIGNMENT (( #1760 ) ) ;
#42 = DIRECTION ( 'NONE',  ( 0.000000000000000000, 1.000000000000000000, 0.000000000000000000 ) ) ;
#43 = ORIENTED_EDGE ( 'NONE', *, *, #3736, .F. ) ;
#44 = VECTOR ( 'NONE', #8661, 1000.000000000000000 ) ;
#45 = ORIENTED_EDGE ( 'NONE', *, *, #5336, .T. ) ;
#46 = MECHANICAL_DESIGN_GEOMETRIC_PRESENTATION_REPRESENTATION (  '', ( #9821 ), #5023 ) ;
#47 = EDGE_CURVE ( 'NONE', #2641, #202, #70, .T. ) ;
#48 = DIRECTION ( 'NONE',  ( 0.000000000000000000, -1.000000000000000000, 0.000000000000000000 ) ) ;
#49 = SURFACE_STYLE_USAGE ( .BOTH. , #681 ) ;
#50 = PRESENTATION_STYLE_ASSIGNMENT (( #3996 ) ) ;
#51 = COLOUR_RGB ( '',0.000000000000000000, 0.5019607843137254832, 0.000000000000000000 ) ;
#52 = CARTESIAN_POINT ( 'NONE',  ( -2.399999999999999467, 0.2000000000000317357, -4.650000000000005684 ) ) ;
#53 = DIRECTION ( 'NONE',  ( -4.336808689942006692E-15, 0.000000000000000000, -1.000000000000000000 ) ) ;
#54 = DIRECTION ( 'NONE',  ( 1.000000000000000000, 0.000000000000000000, 0.000000000000000000 ) ) ;
#55 = DIRECTION ( 'NONE',  ( -0.000000000000000000, 1.000000000000000000, -0.000000000000000000 ) ) ;
#56 = AXIS2_PLACEMENT_3D ( 'NONE', #3647, #3014, #3706 ) ;
#57 = COLOUR_RGB ( '',0.000000000000000000, 0.5019607843137254832, 0.000000000000000000 ) ;
#58 = ORIENTED_EDGE ( 'NONE', *, *, #1402, .T. ) ;
#59 = CARTESIAN_POINT ( 'NONE',  ( -4.567668071082941594, 2.156595997628986350, 4.616619526214587488 ) ) ;
#60 = ADVANCED_FACE ( 'NONE', ( #3124 ), #5664, .T. ) ;
#61 = VERTEX_POINT ( 'NONE', #3232 ) ;
#62 = VECTOR ( 'NONE', #2613, 1000.000000000000000 ) ;
#63 = CARTESIAN_POINT ( 'NONE',  ( -4.849999999999962341, 0.8000000000000000444, -0.7000000000000018430 ) ) ;
#64 = VECTOR ( 'NONE', #2963, 1000.000000000000000 ) ;
#65 = VECTOR ( 'NONE', #7245, 1000.000000000000000 ) ;
#66 = SURFACE_STYLE_FILL_AREA ( #10082 ) ;
#67 = ORIENTED_EDGE ( 'NONE', *, *, #4162, .T. ) ;
#68 = VERTEX_POINT ( 'NONE', #6284 ) ;
#69 = SURFACE_SIDE_STYLE ('',( #8882 ) ) ;
#70 = LINE ( 'NONE', #7885, #4482 ) ;
#71 = CARTESIAN_POINT ( 'NONE',  ( -4.850000000000001421, 0.7999999999999999334, 3.699999999999999289 ) ) ;
#72 = UNCERTAINTY_MEASURE_WITH_UNIT (LENGTH_MEASURE( 1.000000000000000082E-05 ), #2435, 'distance_accuracy_value', 'NONE');
#73 = CLOSED_SHELL ( 'NONE', ( #5640, #6062, #8393, #1526, #10068, #1795, #2180, #396 ) ) ;
#74 = AXIS2_PLACEMENT_3D ( 'NONE', #5755, #9037, #8878 ) ;
#75 = CARTESIAN_POINT ( 'NONE',  ( -2.699999999999999289, 1.617963242016830519E-14, -4.650000000000006573 ) ) ;
#76 =( LENGTH_UNIT ( ) NAMED_UNIT ( * ) SI_UNIT ( .MILLI., .METRE. ) );
#77 = VERTEX_POINT ( 'NONE', #3915 ) ;
#78 = DIRECTION ( 'NONE',  ( -1.000000000000000000, -0.000000000000000000, -0.000000000000000000 ) ) ;
#79 = DIRECTION ( 'NONE',  ( 1.626303258728256257E-15, 0.000000000000000000, -1.000000000000000000 ) ) ;
#80 = EDGE_CURVE ( 'NONE', #2101, #4188, #9410, .T. ) ;
#81 = ORIENTED_EDGE ( 'NONE', *, *, #2997, .T. ) ;
#82 = CARTESIAN_POINT ( 'NONE',  ( -4.567607869197446213, 2.156613802740582564, 4.616607917228706448 ) ) ;
#83 =( NAMED_UNIT ( * ) PLANE_ANGLE_UNIT ( ) SI_UNIT ( $, .RADIAN. ) );
#84 = ORIENTED_EDGE ( 'NONE', *, *, #5945, .F. ) ;
#85 = PRESENTATION_STYLE_ASSIGNMENT (( #1635 ) ) ;
#86 =( NAMED_UNIT ( * ) PLANE_ANGLE_UNIT ( ) SI_UNIT ( $, .RADIAN. ) );
#87 = ADVANCED_FACE ( 'NONE', ( #966 ), #6383, .F. ) ;
#88 = EDGE_CURVE ( 'NONE', #4436, #460, #1494, .T. ) ;
#89 = EDGE_LOOP ( 'NONE', ( #3954, #6225, #1727, #4493 ) ) ;
#90 = PLANE ( 'NONE',  #9873 ) ;
#91 = EDGE_CURVE ( 'NONE', #6596, #2522, #230, .T. ) ;
#92 = EDGE_LOOP ( 'NONE', ( #9070, #6537, #4228, #6583, #5677, #383 ) ) ;
#93 = LINE ( 'NONE', #7332, #439 ) ;
#94 = CARTESIAN_POINT ( 'NONE',  ( 4.318346283974524802, 2.096820589076220820, -4.578814561459463306 ) ) ;
#95 = DIRECTION ( 'NONE',  ( 1.000000000000000000, -0.000000000000000000, 0.000000000000000000 ) ) ;
#96 = VECTOR ( 'NONE', #8394, 1000.000000000000000 ) ;
#97 = CYLINDRICAL_SURFACE ( 'NONE', #4351, 0.2999999999999999334 ) ;
#98 = ORIENTED_EDGE ( 'NONE', *, *, #7020, .F. ) ;
#99 = CARTESIAN_POINT ( 'NONE',  ( -4.849999999999941913, 0.000000000000000000, -4.000000000000001776 ) ) ;
#100 =( NAMED_UNIT ( * ) SI_UNIT ( $, .STERADIAN. ) SOLID_ANGLE_UNIT ( ) );
#101 = SURFACE_SIDE_STYLE ('',( #880 ) ) ;
#102 = CARTESIAN_POINT ( 'NONE',  ( -4.850000000000000533, 2.080624847486572282, 0.1999999999999987899 ) ) ;
#103 = VERTEX_POINT ( 'NONE', #6585 ) ;
#104 = CARTESIAN_POINT ( 'NONE',  ( -4.850000000000000533, 0.8000000000000000444, -4.400000000000000355 ) ) ;
#105 = COLOUR_RGB ( '',0.000000000000000000, 0.5019607843137254832, 0.000000000000000000 ) ;
#106 = ORIENTED_EDGE ( 'NONE', *, *, #6910, .T. ) ;
#107 = CARTESIAN_POINT ( 'NONE',  ( 4.299999999999998934, 2.299999999999999822, -4.549999999999999822 ) ) ;
#108 = CARTESIAN_POINT ( 'NONE',  ( 4.850000000000039613, 0.8000000000000000444, 0.6999999999999992895 ) ) ;
#109 = LINE ( 'NONE', #6424, #2724 ) ;
#110 = PRESENTATION_LAYER_ASSIGNMENT (  '', '', ( #2599 ) ) ;
#111 = VERTEX_POINT ( 'NONE', #276 ) ;
#112 = CARTESIAN_POINT ( 'NONE',  ( 4.499989999999998602, 2.000000000000000888, 4.649929289321881321 ) ) ;
#113 =( NAMED_UNIT ( * ) PLANE_ANGLE_UNIT ( ) SI_UNIT ( $, .RADIAN. ) );
#114 =( NAMED_UNIT ( * ) SI_UNIT ( $, .STERADIAN. ) SOLID_ANGLE_UNIT ( ) );
#115 = ORIENTED_EDGE ( 'NONE', *, *, #567, .F. ) ;
#116 = PLANE ( 'NONE',  #6849 ) ;
#117 =( GEOMETRIC_REPRESENTATION_CONTEXT ( 3 ) GLOBAL_UNCERTAINTY_ASSIGNED_CONTEXT ( ( #2679 ) ) GLOBAL_UNIT_ASSIGNED_CONTEXT ( ( #10107, #3107, #2241 ) ) REPRESENTATION_CONTEXT ( 'NONE', 'WORKASPACE' ) );
#118 = AXIS2_PLACEMENT_3D ( 'NONE', #8051, #4232, #7454 ) ;
#119 = FACE_OUTER_BOUND ( 'NONE', #7876, .T. ) ;
#120 = VECTOR ( 'NONE', #186, 1000.000000000000000 ) ;
#121 = ORIENTED_EDGE ( 'NONE', *, *, #5652, .T. ) ;
#122 = FACE_OUTER_BOUND ( 'NONE', #7860, .T. ) ;
#123 = ORIENTED_EDGE ( 'NONE', *, *, #7030, .T. ) ;
#124 = ORIENTED_EDGE ( 'NONE', *, *, #8513, .F. ) ;
#125 = CARTESIAN_POINT ( 'NONE',  ( -4.850000000000000533, 2.080624847486572282, -3.100000000000000977 ) ) ;
#126 =( NAMED_UNIT ( * ) PLANE_ANGLE_UNIT ( ) SI_UNIT ( $, .RADIAN. ) );
#127 = ADVANCED_FACE ( 'NONE', ( #9723 ), #2618, .T. ) ;
#128 = PRESENTATION_LAYER_ASSIGNMENT (  '', '', ( #8361 ) ) ;
#129 = CARTESIAN_POINT ( 'NONE',  ( 3.849999999999996092, 2.080624847486572282, -1.500000000000001332 ) ) ;
#130 = CARTESIAN_POINT ( 'NONE',  ( -3.849999999999905942, 0.000000000000000000, -4.000000000000001776 ) ) ;
#131 = VERTEX_POINT ( 'NONE', #5913 ) ;
#132 = DIRECTION ( 'NONE',  ( -1.000000000000000000, -0.000000000000000000, 0.000000000000000000 ) ) ;
#133 = AXIS2_PLACEMENT_3D ( 'NONE', #3214, #6156, #9339 ) ;
#134 = DIRECTION ( 'NONE',  ( -0.000000000000000000, 1.000000000000000000, -0.000000000000000000 ) ) ;
#135 = ADVANCED_FACE ( 'NONE', ( #5760 ), #1784, .T. ) ;
#136 = CARTESIAN_POINT ( 'NONE',  ( 4.850000000000001421, 0.000000000000000000, -0.7000000000000009548 ) ) ;
#137 = EDGE_CURVE ( 'NONE', #1392, #2641, #8985, .T. ) ;
#138 = ORIENTED_EDGE ( 'NONE', *, *, #514, .F. ) ;
#139 = FACE_OUTER_BOUND ( 'NONE', #7551, .T. ) ;
#140 = SURFACE_STYLE_FILL_AREA ( #2521 ) ;
#141 = ORIENTED_EDGE ( 'NONE', *, *, #9215, .F. ) ;
#142 = CARTESIAN_POINT ( 'NONE',  ( -4.399929289321881321, 2.000000000000000444, 4.649999999999999467 ) ) ;
#143 = EDGE_LOOP ( 'NONE', ( #6677, #4476, #6355, #2050, #3417, #4075 ) ) ;
#144 = LINE ( 'NONE', #4910, #5233 ) ;
#145 = VERTEX_POINT ( 'NONE', #8094 ) ;
#146 = DIRECTION ( 'NONE',  ( -1.000000000000000000, -0.000000000000000000, 0.000000000000000000 ) ) ;
#147 = COLOUR_RGB ( '',1.000000000000000000, 0.8117647058823529438, 0.5019607843137254832 ) ;
#148 = EDGE_CURVE ( 'NONE', #811, #777, #3393, .T. ) ;
#149 = FILL_AREA_STYLE ('',( #198 ) ) ;
#150 = VERTEX_POINT ( 'NONE', #5047 ) ;
#151 = DIRECTION ( 'NONE',  ( 1.626303258728256257E-15, 0.000000000000000000, -1.000000000000000000 ) ) ;
#152 = ORIENTED_EDGE ( 'NONE', *, *, #9400, .F. ) ;
#153 = FILL_AREA_STYLE ('',( #9593 ) ) ;
#154 = VECTOR ( 'NONE', #5653, 1000.000000000000000 ) ;
#155 = ORIENTED_EDGE ( 'NONE', *, *, #5374, .F. ) ;
#156 = EDGE_CURVE ( 'NONE', #3407, #5113, #5039, .T. ) ;
#157 = SURFACE_SIDE_STYLE ('',( #943 ) ) ;
#158 = EDGE_CURVE ( 'NONE', #4785, #8091, #320, .T. ) ;
#159 = DIRECTION ( 'NONE',  ( 1.000000000000000000, 0.000000000000000000, -0.000000000000000000 ) ) ;
#160 = VECTOR ( 'NONE', #6968, 1000.000000000000000 ) ;
#161 = SURFACE_STYLE_USAGE ( .BOTH. , #4111 ) ;
#162 = CIRCLE ( 'NONE', #7572, 0.4000000000000006328 ) ;
#163 = PLANE ( 'NONE',  #883 ) ;
#164 = ORIENTED_EDGE ( 'NONE', *, *, #1597, .T. ) ;
#165 = CARTESIAN_POINT ( 'NONE',  ( -4.850000000000001421, 2.080624847486572282, 0.3999999999999993006 ) ) ;
#166 = FACE_OUTER_BOUND ( 'NONE', #3547, .T. ) ;
#167 = VERTEX_POINT ( 'NONE', #364 ) ;
#168 = VECTOR ( 'NONE', #9959, 1000.000000000000000 ) ;
#169 =( LENGTH_UNIT ( ) NAMED_UNIT ( * ) SI_UNIT ( .MILLI., .METRE. ) );
#170 = VECTOR ( 'NONE', #9237, 1000.000000000000000 ) ;
#171 = LINE ( 'NONE', #959, #3442 ) ;
#172 = FILL_AREA_STYLE_COLOUR ( '', #10158 ) ;
#173 = CARTESIAN_POINT ( 'NONE',  ( 3.849999999999996536, 0.000000000000000000, 0.6999999999999992895 ) ) ;
#174 = CIRCLE ( 'NONE', #3476, 0.1999999999999996503 ) ;
#175 = VERTEX_POINT ( 'NONE', #3532 ) ;
#176 = ORIENTED_EDGE ( 'NONE', *, *, #3767, .F. ) ;
#177 = CARTESIAN_POINT ( 'NONE',  ( 0.000000000000000000, 0.8000000000000000444, -4.400000000000000355 ) ) ;
#178 = FILL_AREA_STYLE_COLOUR ( '', #4989 ) ;
#179 = CARTESIAN_POINT ( 'NONE',  ( -2.549999999999999378, 0.8000000000000000444, -5.250000000000000000 ) ) ;
#180 = UNCERTAINTY_MEASURE_WITH_UNIT (LENGTH_MEASURE( 1.000000000000000082E-05 ), #3967, 'distance_accuracy_value', 'NONE');
#181 = CARTESIAN_POINT ( 'NONE',  ( -4.399929289321881321, 1.617963242016830519E-14, -4.650000000000006573 ) ) ;
#182 = VERTEX_POINT ( 'NONE', #6732 ) ;
#183 = LINE ( 'NONE', #2516, #6266 ) ;
#184 = EDGE_CURVE ( 'NONE', #4656, #6863, #7498, .T. ) ;
#185 = VECTOR ( 'NONE', #1500, 1000.000000000000000 ) ;
#186 = DIRECTION ( 'NONE',  ( 0.000000000000000000, 0.000000000000000000, 1.000000000000000000 ) ) ;
#187 = EDGE_CURVE ( 'NONE', #2812, #7510, #4360, .T. ) ;
#188 = ORIENTED_EDGE ( 'NONE', *, *, #8866, .F. ) ;
#189 = DIRECTION ( 'NONE',  ( 0.000000000000000000, -1.000000000000000000, -0.000000000000000000 ) ) ;
#190 = VERTEX_POINT ( 'NONE', #7131 ) ;
#191 =( LENGTH_UNIT ( ) NAMED_UNIT ( * ) SI_UNIT ( .MILLI., .METRE. ) );
#192 = ORIENTED_EDGE ( 'NONE', *, *, #4186, .F. ) ;
#193 = ORIENTED_EDGE ( 'NONE', *, *, #1168, .F. ) ;
#194 = FACE_OUTER_BOUND ( 'NONE', #2852, .T. ) ;
#195 =( LENGTH_UNIT ( ) NAMED_UNIT ( * ) SI_UNIT ( .MILLI., .METRE. ) );
#196 = PLANE ( 'NONE',  #8651 ) ;
#197 = ADVANCED_FACE ( 'NONE', ( #3373 ), #1658, .T. ) ;
#198 = FILL_AREA_STYLE_COLOUR ( '', #9337 ) ;
#199 = DIRECTION ( 'NONE',  ( 0.000000000000000000, 0.000000000000000000, -1.000000000000000000 ) ) ;
#200 =( NAMED_UNIT ( * ) SI_UNIT ( $, .STERADIAN. ) SOLID_ANGLE_UNIT ( ) );
#201 = FILL_AREA_STYLE ('',( #4245 ) ) ;
#202 = VERTEX_POINT ( 'NONE', #1810 ) ;
#203 = SURFACE_STYLE_USAGE ( .BOTH. , #2539 ) ;
#204 = STYLED_ITEM ( 'NONE', ( #1040 ), #2555 ) ;
#205 = VERTEX_POINT ( 'NONE', #9598 ) ;
#206 =( LENGTH_UNIT ( ) NAMED_UNIT ( * ) SI_UNIT ( .MILLI., .METRE. ) );
#207 = CARTESIAN_POINT ( 'NONE',  ( -4.333370007714941963, 2.267488058945589469, -4.706818344548026722 ) ) ;
#208 = EDGE_CURVE ( 'NONE', #628, #927, #2543, .T. ) ;
#209 = CARTESIAN_POINT ( 'NONE',  ( 4.850000000000000533, 0.000000000000000000, -0.9000000000000014655 ) ) ;
#210 = EDGE_CURVE ( 'NONE', #1092, #7899, #255, .T. ) ;
#211 = ADVANCED_FACE ( 'NONE', ( #7975 ), #1047, .T. ) ;
#212 = SURFACE_STYLE_FILL_AREA ( #8187 ) ;
#213 = VECTOR ( 'NONE', #2136, 1000.000000000000000 ) ;
#214 = DIRECTION ( 'NONE',  ( 0.000000000000000000, 0.000000000000000000, -1.000000000000000000 ) ) ;
#215 = PRESENTATION_STYLE_ASSIGNMENT (( #951 ) ) ;
#216 = CARTESIAN_POINT ( 'NONE',  ( 4.850000000000000533, 0.000000000000000000, 4.399999999999999467 ) ) ;
#217 = AXIS2_PLACEMENT_3D ( 'NONE', #7449, #1064, #3531 ) ;
#218 = ORIENTED_EDGE ( 'NONE', *, *, #1344, .F. ) ;
#219 = FILL_AREA_STYLE ('',( #1928 ) ) ;
#220 = EDGE_CURVE ( 'NONE', #5521, #77, #3419, .T. ) ;
#221 = FILL_AREA_STYLE ('',( #8874 ) ) ;
#222 = VECTOR ( 'NONE', #4559, 1000.000000000000000 ) ;
#223 = LINE ( 'NONE', #9035, #8731 ) ;
#224 = CARTESIAN_POINT ( 'NONE',  ( 4.850000000000001421, 0.000000000000000000, -2.900000000000000799 ) ) ;
#225 = AXIS2_PLACEMENT_3D ( 'NONE', #1483, #2106, #5310 ) ;
#226 = EDGE_LOOP ( 'NONE', ( #7047, #8822, #366, #6813 ) ) ;
#227 = STYLED_ITEM ( 'NONE', ( #3047 ), #9901 ) ;
#228 = VERTEX_POINT ( 'NONE', #5694 ) ;
#229 = CARTESIAN_POINT ( 'NONE',  ( 4.850000000000001421, 0.7999999999999999334, -1.800000000000000711 ) ) ;
#230 = LINE ( 'NONE', #9815, #5962 ) ;
#231 = CARTESIAN_POINT ( 'NONE',  ( 3.850000000000031619, 0.000000000000000000, 1.499999999999999556 ) ) ;
#232 = LINE ( 'NONE', #7159, #4299 ) ;
#233 = VECTOR ( 'NONE', #8948, 1000.000000000000000 ) ;
#234 = PRESENTATION_LAYER_ASSIGNMENT (  '', '', ( #4702 ) ) ;
#235 = PRESENTATION_STYLE_ASSIGNMENT (( #7364 ) ) ;
#236 = LINE ( 'NONE', #5919, #1894 ) ;
#237 = ORIENTED_EDGE ( 'NONE', *, *, #3804, .F. ) ;
#238 = FACE_OUTER_BOUND ( 'NONE', #8980, .T. ) ;
#239 = ORIENTED_EDGE ( 'NONE', *, *, #6384, .T. ) ;
#240 = PRESENTATION_LAYER_ASSIGNMENT (  '', '', ( #8845 ) ) ;
#241 = PRESENTATION_STYLE_ASSIGNMENT (( #8846 ) ) ;
#242 = CARTESIAN_POINT ( 'NONE',  ( 4.601999999999999424, 2.000000000000001332, -4.649929289321881321 ) ) ;
#243 = ORIENTED_EDGE ( 'NONE', *, *, #1046, .F. ) ;
#244 = CARTESIAN_POINT ( 'NONE',  ( 0.000000000000000000, 0.8000000000000000444, -1.500000000000001332 ) ) ;
#245 = DIRECTION ( 'NONE',  ( 1.000000000000000000, 0.000000000000000000, -0.000000000000000000 ) ) ;
#246 = VECTOR ( 'NONE', #2210, 1000.000000000000000 ) ;
#247 =( LENGTH_UNIT ( ) NAMED_UNIT ( * ) SI_UNIT ( .MILLI., .METRE. ) );
#248 = FILL_AREA_STYLE ('',( #7336 ) ) ;
#249 =( NAMED_UNIT ( * ) SI_UNIT ( $, .STERADIAN. ) SOLID_ANGLE_UNIT ( ) );
#250 = SURFACE_STYLE_FILL_AREA ( #6619 ) ;
#251 = VERTEX_POINT ( 'NONE', #6567 ) ;
#252 = EDGE_CURVE ( 'NONE', #7899, #7176, #8752, .T. ) ;
#253 = CARTESIAN_POINT ( 'NONE',  ( -4.850000000000000533, 2.080624847486572282, -3.500000000000000444 ) ) ;
#254 = VERTEX_POINT ( 'NONE', #4769 ) ;
#255 = LINE ( 'NONE', #4822, #6671 ) ;
#256 = LINE ( 'NONE', #4879, #1937 ) ;
#257 = ADVANCED_FACE ( 'NONE', ( #4053 ), #7192, .F. ) ;
#258 = CARTESIAN_POINT ( 'NONE',  ( 4.599999999999998757, 0.7999999999999997113, -4.850000000000002309 ) ) ;
#259 = EDGE_CURVE ( 'NONE', #4804, #6648, #4540, .T. ) ;
#260 = LINE ( 'NONE', #7438, #9156 ) ;
#261 = DIRECTION ( 'NONE',  ( -1.000000000000000000, -0.000000000000000000, -0.000000000000000000 ) ) ;
#262 = COLOUR_RGB ( '',0.000000000000000000, 0.5019607843137254832, 0.000000000000000000 ) ;
#263 = DIRECTION ( 'NONE',  ( 0.000000000000000000, -1.000000000000000000, 0.000000000000000000 ) ) ;
#264 = PLANE ( 'NONE',  #4466 ) ;
#265 = ORIENTED_EDGE ( 'NONE', *, *, #1926, .T. ) ;
#266 = SURFACE_STYLE_FILL_AREA ( #219 ) ;
#267 = EDGE_CURVE ( 'NONE', #650, #8612, #9751, .T. ) ;
#268 = COLOUR_RGB ( '',0.8980392156862745390, 0.8980392156862745390, 0.8980392156862745390 ) ;
#269 = CARTESIAN_POINT ( 'NONE',  ( 4.850000000000000533, 0.000000000000000000, -2.200000000000000622 ) ) ;
#270 = MECHANICAL_DESIGN_GEOMETRIC_PRESENTATION_REPRESENTATION (  '', ( #2601 ), #607 ) ;
#271 = ADVANCED_FACE ( 'NONE', ( #6368 ), #8128, .F. ) ;
#272 = CARTESIAN_POINT ( 'NONE',  ( 3.850000000000031619, 0.8000000000000000444, 1.499999999999999556 ) ) ;
#273 = ORIENTED_EDGE ( 'NONE', *, *, #2413, .F. ) ;
#274 = ORIENTED_EDGE ( 'NONE', *, *, #1346, .F. ) ;
#275 = DIRECTION ( 'NONE',  ( 0.000000000000000000, 0.000000000000000000, -1.000000000000000000 ) ) ;
#276 = CARTESIAN_POINT ( 'NONE',  ( -4.850000000000000533, 0.7999999999999999334, 1.999999999999999556 ) ) ;
#277 = B_SPLINE_CURVE_WITH_KNOTS ( 'NONE', 3,
 ( #3350, #8951, #82, #4189, #7321, #1847 ),
 .UNSPECIFIED., .F., .F.,
 ( 4, 2, 4 ),
 ( 4.336808689942017736E-19, 0.0002394266293374247784, 0.0004788532586748491231 ),
 .UNSPECIFIED. ) ;
#278 = AXIS2_PLACEMENT_3D ( 'NONE', #9625, #4688, #805 ) ;
#279 = CARTESIAN_POINT ( 'NONE',  ( -3.849999999999996536, 0.000000000000000000, 0.3999999999999993006 ) ) ;
#280 = UNCERTAINTY_MEASURE_WITH_UNIT (LENGTH_MEASURE( 1.000000000000000082E-05 ), #9775, 'distance_accuracy_value', 'NONE');
#281 = LINE ( 'NONE', #4949, #5854 ) ;
#282 = VECTOR ( 'NONE', #8946, 1000.000000000000000 ) ;
#283 = DIRECTION ( 'NONE',  ( 1.626303258728256059E-15, 0.000000000000000000, -1.000000000000000000 ) ) ;
#284 = PLANE ( 'NONE',  #2610 ) ;
#285 = LINE ( 'NONE', #2673, #9500 ) ;
#286 = VECTOR ( 'NONE', #3408, 1000.000000000000000 ) ;
#287 = ORIENTED_EDGE ( 'NONE', *, *, #5147, .F. ) ;
#288 = CARTESIAN_POINT ( 'NONE',  ( 2.699999999999999289, 0.2000000000000000389, 4.850000000000004974 ) ) ;
#289 = ORIENTED_EDGE ( 'NONE', *, *, #8485, .T. ) ;
#290 = DIRECTION ( 'NONE',  ( 1.626303258728256257E-15, 0.000000000000000000, 1.000000000000000000 ) ) ;
#291 = UNCERTAINTY_MEASURE_WITH_UNIT (LENGTH_MEASURE( 1.000000000000000082E-05 ), #6873, 'distance_accuracy_value', 'NONE');
#292 = CARTESIAN_POINT ( 'NONE',  ( 4.389222690360981005, 2.052198665876328931, 4.616619526214588376 ) ) ;
#293 = VERTEX_POINT ( 'NONE', #8809 ) ;
#294 = CARTESIAN_POINT ( 'NONE',  ( 3.850000000000031619, 0.8000000000000000444, 1.499999999999999556 ) ) ;
#295 = DIRECTION ( 'NONE',  ( -0.000000000000000000, -1.000000000000000000, -0.000000000000000000 ) ) ;
#296 = DIRECTION ( 'NONE',  ( 0.000000000000000000, 1.000000000000000000, 5.782411586589358033E-15 ) ) ;
#297 = SURFACE_STYLE_FILL_AREA ( #4243 ) ;
#298 =( NAMED_UNIT ( * ) SI_UNIT ( $, .STERADIAN. ) SOLID_ANGLE_UNIT ( ) );
#299 = AXIS2_PLACEMENT_3D ( 'NONE', #4992, #2611, #6293 ) ;
#300 = EDGE_CURVE ( 'NONE', #1639, #4000, #5794, .T. ) ;
#301 = CARTESIAN_POINT ( 'NONE',  ( 3.850000000000043610, 0.000000000000000000, 0.3999999999999993006 ) ) ;
#302 = DIRECTION ( 'NONE',  ( 1.000000000000000000, -0.000000000000000000, 0.000000000000000000 ) ) ;
#303 = ORIENTED_EDGE ( 'NONE', *, *, #7992, .T. ) ;
#304 = CARTESIAN_POINT ( 'NONE',  ( -3.849999999999918376, 0.000000000000000000, -2.900000000000001688 ) ) ;
#305 = VERTEX_POINT ( 'NONE', #107 ) ;
#306 = LINE ( 'NONE', #6819, #8424 ) ;
#307 = LINE ( 'NONE', #3420, #7218 ) ;
#308 = EDGE_CURVE ( 'NONE', #6060, #550, #7917, .T. ) ;
#309 = COLOUR_RGB ( '',0.000000000000000000, 0.5019607843137254832, 0.000000000000000000 ) ;
#310 = DIRECTION ( 'NONE',  ( 1.000000000000000000, 0.000000000000000000, 0.000000000000000000 ) ) ;
#311 =( LENGTH_UNIT ( ) NAMED_UNIT ( * ) SI_UNIT ( .MILLI., .METRE. ) );
#312 = DIRECTION ( 'NONE',  ( -0.000000000000000000, -1.000000000000000000, -0.000000000000000000 ) ) ;
#313 = ADVANCED_FACE ( 'NONE', ( #5593 ), #1607, .T. ) ;
#314 = AXIS2_PLACEMENT_3D ( 'NONE', #641, #9354, #4890 ) ;
#315 = FILL_AREA_STYLE_COLOUR ( '', #3786 ) ;
#316 = CARTESIAN_POINT ( 'NONE',  ( 3.849999999999997424, 0.8000000000000000444, 4.799999999999999822 ) ) ;
#317 = FILL_AREA_STYLE_COLOUR ( '', #6445 ) ;
#318 = ORIENTED_EDGE ( 'NONE', *, *, #3445, .T. ) ;
#319 = LINE ( 'NONE', #9908, #6820 ) ;
#320 = LINE ( 'NONE', #3485, #9837 ) ;
#321 = AXIS2_PLACEMENT_3D ( 'NONE', #272, #1105, #1933 ) ;
#322 = COLOUR_RGB ( '',0.8980392156862745390, 0.8980392156862745390, 0.8980392156862745390 ) ;
#323 = AXIS2_PLACEMENT_3D ( 'NONE', #3624, #569, #6880 ) ;
#324 =( LENGTH_UNIT ( ) NAMED_UNIT ( * ) SI_UNIT ( .MILLI., .METRE. ) );
#325 = CARTESIAN_POINT ( 'NONE',  ( 0.000000000000000000, 0.8000000000000000444, -3.299999999999999822 ) ) ;
#326 = DIRECTION ( 'NONE',  ( 0.000000000000000000, 0.000000000000000000, 1.000000000000000000 ) ) ;
#327 = CARTESIAN_POINT ( 'NONE',  ( -4.850000000000001421, 0.7999999999999999334, 0.3999999999999993006 ) ) ;
#328 = STYLED_ITEM ( 'NONE', ( #3063 ), #6291 ) ;
#329 = CARTESIAN_POINT ( 'NONE',  ( -2.699999999999999289, 0.2000000000000324019, -4.650000000000002132 ) ) ;
#330 =( GEOMETRIC_REPRESENTATION_CONTEXT ( 3 ) GLOBAL_UNCERTAINTY_ASSIGNED_CONTEXT ( ( #5355 ) ) GLOBAL_UNIT_ASSIGNED_CONTEXT ( ( #6469, #7239, #3317 ) ) REPRESENTATION_CONTEXT ( 'NONE', 'WORKASPACE' ) );
#331 = EDGE_CURVE ( 'NONE', #6331, #9370, #8374, .T. ) ;
#332 = ORIENTED_EDGE ( 'NONE', *, *, #2785, .F. ) ;
#333 = ORIENTED_EDGE ( 'NONE', *, *, #2495, .T. ) ;
#334 = EDGE_CURVE ( 'NONE', #743, #4656, #5784, .T. ) ;
#335 = SURFACE_STYLE_USAGE ( .BOTH. , #6740 ) ;
#336 = ORIENTED_EDGE ( 'NONE', *, *, #4948, .T. ) ;
#337 = DIRECTION ( 'NONE',  ( -1.000000000000000000, 0.000000000000000000, 0.000000000000000000 ) ) ;
#338 = CARTESIAN_POINT ( 'NONE',  ( 4.351144252825625003, 2.087420392015689963, 4.583309763107293655 ) ) ;
#339 = VERTEX_POINT ( 'NONE', #1295 ) ;
#340 = LINE ( 'NONE', #8211, #836 ) ;
#341 = CARTESIAN_POINT ( 'NONE',  ( 3.849999999999997424, 0.7999999999999999334, 3.699999999999999289 ) ) ;
#342 = EDGE_CURVE ( 'NONE', #7846, #9101, #6762, .T. ) ;
#343 = EDGE_CURVE ( 'NONE', #17, #2074, #306, .T. ) ;
#344 = SURFACE_SIDE_STYLE ('',( #9697 ) ) ;
#345 = STYLED_ITEM ( 'NONE', ( #10145 ), #1539 ) ;
#346 = ORIENTED_EDGE ( 'NONE', *, *, #308, .F. ) ;
#347 = PLANE ( 'NONE',  #9788 ) ;
#348 = ORIENTED_EDGE ( 'NONE', *, *, #1086, .F. ) ;
#349 = PLANE ( 'NONE',  #9043 ) ;
#350 = STYLED_ITEM ( 'NONE', ( #5583 ), #1804 ) ;
#351 = ORIENTED_EDGE ( 'NONE', *, *, #3264, .T. ) ;
#352 = CARTESIAN_POINT ( 'NONE',  ( 4.850000000000000533, 2.080624847486572282, 0.9000000000000000222 ) ) ;
#353 = CARTESIAN_POINT ( 'NONE',  ( -4.850000000000000533, 0.7999999999999999334, -3.500000000000000444 ) ) ;
#354 = DIRECTION ( 'NONE',  ( -1.000000000000000000, -0.000000000000000000, -0.000000000000000000 ) ) ;
#355 = DIRECTION ( 'NONE',  ( 0.000000000000000000, -0.000000000000000000, -1.000000000000000000 ) ) ;
#356 = VECTOR ( 'NONE', #4218, 1000.000000000000000 ) ;
#357 = CARTESIAN_POINT ( 'NONE',  ( 0.000000000000000000, 0.8000000000000000444, 4.799999999999998934 ) ) ;
#358 = COLOUR_RGB ( '',0.8980392156862745390, 0.8980392156862745390, 0.8980392156862745390 ) ;
#359 =( NAMED_UNIT ( * ) PLANE_ANGLE_UNIT ( ) SI_UNIT ( $, .RADIAN. ) );
#360 = SURFACE_SIDE_STYLE ('',( #1011 ) ) ;
#361 = ORIENTED_EDGE ( 'NONE', *, *, #8957, .T. ) ;
#362 = AXIS2_PLACEMENT_3D ( 'NONE', #2520, #3401, #5772 ) ;
#363 = LINE ( 'NONE', #6010, #8991 ) ;
#364 = CARTESIAN_POINT ( 'NONE',  ( -4.850000000000000533, 0.7999999999999999334, -2.000000000000000888 ) ) ;
#365 = LINE ( 'NONE', #4411, #3076 ) ;
#366 = ORIENTED_EDGE ( 'NONE', *, *, #8400, .T. ) ;
#367 = UNCERTAINTY_MEASURE_WITH_UNIT (LENGTH_MEASURE( 1.000000000000000082E-05 ), #1851, 'distance_accuracy_value', 'NONE');
#368 = ADVANCED_FACE ( 'NONE', ( #5892 ), #2840, .T. ) ;
#369 = CARTESIAN_POINT ( 'NONE',  ( 4.850000000000001421, 0.7999999999999999334, 4.799999999999999822 ) ) ;
#370 = AXIS2_PLACEMENT_3D ( 'NONE', #2949, #7648, #10100 ) ;
#371 = CARTESIAN_POINT ( 'NONE',  ( -4.850000000000001421, 0.000000000000000000, 4.799999999999999822 ) ) ;
#372 = CARTESIAN_POINT ( 'NONE',  ( -3.449999999999999289, 2.200000000000000178, -3.649999999999999467 ) ) ;
#373 = DIRECTION ( 'NONE',  ( -1.000000000000000000, 0.000000000000000000, -0.000000000000000000 ) ) ;
#374 = ORIENTED_EDGE ( 'NONE', *, *, #3170, .T. ) ;
#375 = VERTEX_POINT ( 'NONE', #5172 ) ;
#376 =( LENGTH_UNIT ( ) NAMED_UNIT ( * ) SI_UNIT ( .MILLI., .METRE. ) );
#377 = EDGE_LOOP ( 'NONE', ( #793, #3435, #7323, #5045, #7945, #8849 ) ) ;
#378 = FACE_OUTER_BOUND ( 'NONE', #2988, .T. ) ;
#379 = UNCERTAINTY_MEASURE_WITH_UNIT (LENGTH_MEASURE( 1.000000000000000082E-05 ), #3692, 'distance_accuracy_value', 'NONE');
#380 = VECTOR ( 'NONE', #8672, 1000.000000000000000 ) ;
#381 = DIRECTION ( 'NONE',  ( -0.000000000000000000, 0.000000000000000000, 1.000000000000000000 ) ) ;
#382 = FACE_OUTER_BOUND ( 'NONE', #4976, .T. ) ;
#383 = ORIENTED_EDGE ( 'NONE', *, *, #2287, .F. ) ;
#384 = CARTESIAN_POINT ( 'NONE',  ( 4.850000000000000533, 2.080624847486572282, 0.8999999999999998002 ) ) ;
#385 = ADVANCED_FACE ( 'NONE', ( #4446 ), #9074, .T. ) ;
#386 = PLANE ( 'NONE',  #2428 ) ;
#387 = CARTESIAN_POINT ( 'NONE',  ( 3.850000000000066258, 0.000000000000000000, -1.800000000000000711 ) ) ;
#389 = MECHANICAL_DESIGN_GEOMETRIC_PRESENTATION_REPRESENTATION (  '', ( #3538 ), #4374 ) ;
#388 = CARTESIAN_POINT ( 'NONE',  ( 4.399929289321881321, 2.100000000000000089, -4.649999999999999467 ) ) ;
#390 = AXIS2_PLACEMENT_3D ( 'NONE', #325, #1941, #2712 ) ;
#392 = ADVANCED_FACE ( 'NONE', ( #2077 ), #1139, .T. ) ;
#391 = FACE_OUTER_BOUND ( 'NONE', #3280, .T. ) ;
#393 = EDGE_CURVE ( 'NONE', #2665, #9839, #7585, .T. ) ;
#394 = EDGE_LOOP ( 'NONE', ( #3320, #2172, #1947, #22 ) ) ;
#395 = EDGE_LOOP ( 'NONE', ( #1339, #2935, #1704, #10229 ) ) ;
#396 = ADVANCED_FACE ( 'NONE', ( #9991 ), #505, .T. ) ;
#397 = FILL_AREA_STYLE_COLOUR ( '', #940 ) ;
#398 = VERTEX_POINT ( 'NONE', #1189 ) ;
#399 = CLOSED_SHELL ( 'NONE', ( #656, #1865, #600, #6447, #4444, #2189, #60, #385 ) ) ;
#400 =( GEOMETRIC_REPRESENTATION_CONTEXT ( 3 ) GLOBAL_UNCERTAINTY_ASSIGNED_CONTEXT ( ( #5666 ) ) GLOBAL_UNIT_ASSIGNED_CONTEXT ( ( #8975, #3477, #7655 ) ) REPRESENTATION_CONTEXT ( 'NONE', 'WORKASPACE' ) );
#401 = FILL_AREA_STYLE ('',( #7480 ) ) ;
#402 = DIRECTION ( 'NONE',  ( 1.000000000000000000, 0.000000000000000000, -0.000000000000000000 ) ) ;
#403 = FILL_AREA_STYLE_COLOUR ( '', #7536 ) ;
#404 =( NAMED_UNIT ( * ) PLANE_ANGLE_UNIT ( ) SI_UNIT ( $, .RADIAN. ) );
#405 = DIRECTION ( 'NONE',  ( -1.000000000000000000, 0.000000000000000000, -0.000000000000000000 ) ) ;
#406 = FACE_OUTER_BOUND ( 'NONE', #143, .T. ) ;
#407 = CARTESIAN_POINT ( 'NONE',  ( -3.849999999999997424, 0.8000000000000000444, 4.799999999999998934 ) ) ;
#408 = DIRECTION ( 'NONE',  ( 0.000000000000000000, 1.000000000000000000, 0.000000000000000000 ) ) ;
#409 = CARTESIAN_POINT ( 'NONE',  ( -4.850000000000001421, 0.000000000000000000, -3.700000000000001510 ) ) ;
#410 = EDGE_LOOP ( 'NONE', ( #10004, #7350, #361, #4997 ) ) ;
#411 = LINE ( 'NONE', #8336, #5692 ) ;
#412 = STYLED_ITEM ( 'NONE', ( #7361 ), #7337 ) ;
#413 = SHAPE_DEFINITION_REPRESENTATION ( #3822, #2357 ) ;
#414 = VERTEX_POINT ( 'NONE', #3569 ) ;
#415 = CARTESIAN_POINT ( 'NONE',  ( -4.850000000000000533, 0.7999999999999999334, 4.399999999999999467 ) ) ;
#416 = CARTESIAN_POINT ( 'NONE',  ( 4.850000000000062705, 0.8000000000000000444, -1.500000000000001332 ) ) ;
#417 = CARTESIAN_POINT ( 'NONE',  ( -4.357545201010645464, 2.082854828587678231, 4.588564738074769167 ) ) ;
#418 = ORIENTED_EDGE ( 'NONE', *, *, #2682, .F. ) ;
#419 = PRESENTATION_STYLE_ASSIGNMENT (( #3805 ) ) ;
#420 = VECTOR ( 'NONE', #3782, 1000.000000000000000 ) ;
#421 = PLANE ( 'NONE',  #1490 ) ;
#422 = STYLED_ITEM ( 'NONE', ( #10187 ), #5381 ) ;
#423 = CARTESIAN_POINT ( 'NONE',  ( -3.449999999999999289, 2.299999999999999822, -4.049999999999999822 ) ) ;
#424 = CARTESIAN_POINT ( 'NONE',  ( 4.849999999999998757, 0.000000000000000000, 0.8999999999999998002 ) ) ;
#425 = ADVANCED_FACE ( 'NONE', ( #1244 ), #7534, .T. ) ;
#426 = ORIENTED_EDGE ( 'NONE', *, *, #799, .T. ) ;
#427 = VECTOR ( 'NONE', #1480, 1000.000000000000000 ) ;
#428 = ORIENTED_EDGE ( 'NONE', *, *, #6023, .F. ) ;
#429 = DIRECTION ( 'NONE',  ( -1.000000000000000000, 0.000000000000000000, -4.336808689942006692E-15 ) ) ;
#430 = ORIENTED_EDGE ( 'NONE', *, *, #7144, .F. ) ;
#431 = LINE ( 'NONE', #597, #5123 ) ;
#432 = CARTESIAN_POINT ( 'NONE',  ( 4.850000000000000533, 0.000000000000000000, 4.599999999999998757 ) ) ;
#433 = ORIENTED_EDGE ( 'NONE', *, *, #7731, .F. ) ;
#434 = EDGE_CURVE ( 'NONE', #2527, #2641, #3785, .T. ) ;
#435 = SURFACE_STYLE_FILL_AREA ( #9058 ) ;
#436 =( GEOMETRIC_REPRESENTATION_CONTEXT ( 3 ) GLOBAL_UNCERTAINTY_ASSIGNED_CONTEXT ( ( #598 ) ) GLOBAL_UNIT_ASSIGNED_CONTEXT ( ( #6763, #9850, #5279 ) ) REPRESENTATION_CONTEXT ( 'NONE', 'WORKASPACE' ) );
#437 = EDGE_CURVE ( 'NONE', #3230, #3073, #9220, .T. ) ;
#438 = DIRECTION ( 'NONE',  ( 1.000000000000000000, -0.000000000000000000, 0.000000000000000000 ) ) ;
#439 = VECTOR ( 'NONE', #5728, 1000.000000000000000 ) ;
#440 =( NAMED_UNIT ( * ) SI_UNIT ( $, .STERADIAN. ) SOLID_ANGLE_UNIT ( ) );
#441 = DIRECTION ( 'NONE',  ( 0.000000000000000000, 1.000000000000000000, 3.336006684570780538E-15 ) ) ;
#442 = ORIENTED_EDGE ( 'NONE', *, *, #7589, .T. ) ;
#443 =( LENGTH_UNIT ( ) NAMED_UNIT ( * ) SI_UNIT ( .MILLI., .METRE. ) );
#444 = ORIENTED_EDGE ( 'NONE', *, *, #5216, .F. ) ;
#445 = DIRECTION ( 'NONE',  ( 0.000000000000000000, 0.000000000000000000, 1.000000000000000000 ) ) ;
#446 = MECHANICAL_DESIGN_GEOMETRIC_PRESENTATION_REPRESENTATION (  '', ( #8905 ), #7038 ) ;
#447 = EDGE_LOOP ( 'NONE', ( #4549, #8719, #5564, #4036 ) ) ;
#448 = EDGE_CURVE ( 'NONE', #2661, #7575, #6094, .T. ) ;
#449 =( LENGTH_UNIT ( ) NAMED_UNIT ( * ) SI_UNIT ( .MILLI., .METRE. ) );
#450 = CARTESIAN_POINT ( 'NONE',  ( 4.372491974895963196, 2.041805482955851403, 4.640842179601922801 ) ) ;
#451 = DIRECTION ( 'NONE',  ( 0.000000000000000000, 0.000000000000000000, 1.000000000000000000 ) ) ;
#452 = DIRECTION ( 'NONE',  ( 0.000000000000000000, -3.491481338843133355E-15, -1.000000000000000000 ) ) ;
#453 = DIRECTION ( 'NONE',  ( 0.000000000000000000, -1.000000000000000000, -0.000000000000000000 ) ) ;
#454 = LINE ( 'NONE', #9227, #9139 ) ;
#455 = DIRECTION ( 'NONE',  ( -4.336808689942006692E-15, 0.000000000000000000, 1.000000000000000000 ) ) ;
#456 = CARTESIAN_POINT ( 'NONE',  ( -4.399929289321881321, 1.687792868793693186E-14, -4.850000000000005862 ) ) ;
#457 = CARTESIAN_POINT ( 'NONE',  ( 4.849999999999999645, 0.000000000000000000, 5.049999999999999822 ) ) ;
#458 = EDGE_CURVE ( 'NONE', #1107, #1808, #8540, .T. ) ;
#459 = CARTESIAN_POINT ( 'NONE',  ( 4.850000000000001421, 0.8000000000000000444, -1.800000000000000488 ) ) ;
#460 = VERTEX_POINT ( 'NONE', #2327 ) ;
#461 = PLANE ( 'NONE',  #8008 ) ;
#462 = DIRECTION ( 'NONE',  ( 4.336808689942006692E-15, -0.000000000000000000, -1.000000000000000000 ) ) ;
#463 = CARTESIAN_POINT ( 'NONE',  ( -4.849999999999937472, 0.8000000000000000444, -5.049999999999999822 ) ) ;
#464 = ORIENTED_EDGE ( 'NONE', *, *, #10133, .F. ) ;
#465 =( LENGTH_UNIT ( ) NAMED_UNIT ( * ) SI_UNIT ( .MILLI., .METRE. ) );
#466 = FACE_OUTER_BOUND ( 'NONE', #8210, .T. ) ;
#467 = EDGE_LOOP ( 'NONE', ( #8743, #2004, #5373, #1303 ) ) ;
#468 = UNCERTAINTY_MEASURE_WITH_UNIT (LENGTH_MEASURE( 1.000000000000000082E-05 ), #4487, 'distance_accuracy_value', 'NONE');
#469 = STYLED_ITEM ( 'NONE', ( #7039 ), #2131 ) ;
#470 = VECTOR ( 'NONE', #9567, 1000.000000000000000 ) ;
#471 = CARTESIAN_POINT ( 'NONE',  ( 0.000000000000000000, 0.8000000000000000444, 0.3999999999999993006 ) ) ;
#472 = CARTESIAN_POINT ( 'NONE',  ( -4.850000000000000533, 2.080624847486572282, 0.1999999999999987899 ) ) ;
#473 = DIRECTION ( 'NONE',  ( -1.000000000000000000, -0.000000000000000000, -0.000000000000000000 ) ) ;
#474 = VECTOR ( 'NONE', #402, 1000.000000000000000 ) ;
#475 = ORIENTED_EDGE ( 'NONE', *, *, #7595, .F. ) ;
#476 = STYLED_ITEM ( 'NONE', ( #215 ), #4258 ) ;
#477 = VERTEX_POINT ( 'NONE', #6872 ) ;
#478 = CARTESIAN_POINT ( 'NONE',  ( 0.000000000000000000, 0.000000000000000000, -4.000000000000000888 ) ) ;
#479 = ORIENTED_EDGE ( 'NONE', *, *, #1041, .F. ) ;
#480 = LINE ( 'NONE', #5354, #6446 ) ;
#481 = UNCERTAINTY_MEASURE_WITH_UNIT (LENGTH_MEASURE( 1.000000000000000082E-05 ), #6054, 'distance_accuracy_value', 'NONE');
#482 = LINE ( 'NONE', #2877, #7878 ) ;
#483 = EDGE_CURVE ( 'NONE', #4287, #1606, #6973, .T. ) ;
#484 = STYLED_ITEM ( 'NONE', ( #4941 ), #10206 ) ;
#485 =( LENGTH_UNIT ( ) NAMED_UNIT ( * ) SI_UNIT ( .MILLI., .METRE. ) );
#486 = VERTEX_POINT ( 'NONE', #720 ) ;
#487 = EDGE_CURVE ( 'NONE', #7950, #1604, #6249, .T. ) ;
#488 = LINE ( 'NONE', #5263, #4467 ) ;
#489 = MECHANICAL_DESIGN_GEOMETRIC_PRESENTATION_REPRESENTATION (  '', ( #9441 ), #1823 ) ;
#490 =( GEOMETRIC_REPRESENTATION_CONTEXT ( 3 ) GLOBAL_UNCERTAINTY_ASSIGNED_CONTEXT ( ( #3488 ) ) GLOBAL_UNIT_ASSIGNED_CONTEXT ( ( #2828, #2730, #6649 ) ) REPRESENTATION_CONTEXT ( 'NONE', 'WORKASPACE' ) );
#491 = FACE_OUTER_BOUND ( 'NONE', #2905, .T. ) ;
#492 = LINE ( 'NONE', #2733, #8828 ) ;
#493 = VERTEX_POINT ( 'NONE', #3887 ) ;
#494 = CARTESIAN_POINT ( 'NONE',  ( -4.849999999999997868, 0.8000000000000000444, 0.000000000000000000 ) ) ;
#495 = ORIENTED_EDGE ( 'NONE', *, *, #7156, .F. ) ;
#496 = CIRCLE ( 'NONE', #6290, 0.4000000000000006328 ) ;
#497 = CARTESIAN_POINT ( 'NONE',  ( 4.383241221889690564, 2.025701847718434312, -4.647979999999999556 ) ) ;
#498 = CIRCLE ( 'NONE', #4980, 0.1999999999999996503 ) ;
#499 = CARTESIAN_POINT ( 'NONE',  ( -4.399999999999999467, 2.100000000000000089, 4.649929289321881321 ) ) ;
#500 = ORIENTED_EDGE ( 'NONE', *, *, #3319, .T. ) ;
#501 = CARTESIAN_POINT ( 'NONE',  ( -4.399929289321881321, 0.7999999999999990452, 4.650000000000003908 ) ) ;
#502 = VERTEX_POINT ( 'NONE', #2173 ) ;
#503 = EDGE_CURVE ( 'NONE', #8418, #4682, #1349, .T. ) ;
#504 = LINE ( 'NONE', #8427, #2284 ) ;
#505 = PLANE ( 'NONE',  #1814 ) ;
#506 = STYLED_ITEM ( 'NONE', ( #1643 ), #1648 ) ;
#507 = CARTESIAN_POINT ( 'NONE',  ( 4.399929289321881321, 2.000000000000000444, 4.649999999999999467 ) ) ;
#508 = LINE ( 'NONE', #6823, #1210 ) ;
#509 = DIRECTION ( 'NONE',  ( 0.000000000000000000, -1.000000000000000000, 0.000000000000000000 ) ) ;
#510 = CARTESIAN_POINT ( 'NONE',  ( -4.850000000000000533, 0.7999999999999999334, -3.300000000000000711 ) ) ;
#511 = CARTESIAN_POINT ( 'NONE',  ( -3.849999999999940137, 0.8000000000000000444, 0.000000000000000000 ) ) ;
#512 = FACE_OUTER_BOUND ( 'NONE', #2772, .T. ) ;
#513 = LINE ( 'NONE', #10002, #3219 ) ;
#514 = EDGE_CURVE ( 'NONE', #77, #8512, #7852, .T. ) ;
#515 = PLANE ( 'NONE',  #133 ) ;
#516 = ORIENTED_EDGE ( 'NONE', *, *, #2064, .F. ) ;
#517 = DIRECTION ( 'NONE',  ( 0.000000000000000000, 1.000000000000000000, 0.000000000000000000 ) ) ;
#518 = DIRECTION ( 'NONE',  ( 1.000000000000000000, 0.000000000000000000, -0.000000000000000000 ) ) ;
#519 = VECTOR ( 'NONE', #8073, 1000.000000000000000 ) ;
#520 = SURFACE_STYLE_USAGE ( .BOTH. , #6782 ) ;
#521 = EDGE_LOOP ( 'NONE', ( #141, #5271, #4707, #4556 ) ) ;
#522 = DIRECTION ( 'NONE',  ( -0.000000000000000000, 0.000000000000000000, 1.000000000000000000 ) ) ;
#523 = DIRECTION ( 'NONE',  ( 0.000000000000000000, 1.000000000000000000, 0.000000000000000000 ) ) ;
#524 = CARTESIAN_POINT ( 'NONE',  ( -4.345755559128686940, 2.089905016664407089, 4.579995970803595995 ) ) ;
#525 = ORIENTED_EDGE ( 'NONE', *, *, #5069, .T. ) ;
#526 = EDGE_CURVE ( 'NONE', #3813, #4106, #9430, .T. ) ;
#527 = FACE_OUTER_BOUND ( 'NONE', #3153, .T. ) ;
#528 = STYLED_ITEM ( 'NONE', ( #6254 ), #2507 ) ;
#529 = CARTESIAN_POINT ( 'NONE',  ( 4.850000000000000533, 2.080624847486572282, 0.1999999999999987899 ) ) ;
#530 = AXIS2_PLACEMENT_3D ( 'NONE', #9838, #199, #3460 ) ;
#531 = CARTESIAN_POINT ( 'NONE',  ( -3.849999999999917044, 0.000000000000000000, -3.700000000000001954 ) ) ;
#532 = CARTESIAN_POINT ( 'NONE',  ( -4.850000000000000533, 0.000000000000000000, 1.799999999999999600 ) ) ;
#533 = VECTOR ( 'NONE', #3815, 1000.000000000000000 ) ;
#534 =( GEOMETRIC_REPRESENTATION_CONTEXT ( 3 ) GLOBAL_UNCERTAINTY_ASSIGNED_CONTEXT ( ( #9738 ) ) GLOBAL_UNIT_ASSIGNED_CONTEXT ( ( #6142, #3043, #4866 ) ) REPRESENTATION_CONTEXT ( 'NONE', 'WORKASPACE' ) );
#535 = EDGE_LOOP ( 'NONE', ( #975, #3467, #3942, #332 ) ) ;
#536 = ORIENTED_EDGE ( 'NONE', *, *, #8825, .F. ) ;
#537 = DIRECTION ( 'NONE',  ( 0.000000000000000000, -1.000000000000000000, 0.000000000000000000 ) ) ;
#538 = ORIENTED_EDGE ( 'NONE', *, *, #3434, .F. ) ;
#539 = VECTOR ( 'NONE', #9958, 1000.000000000000000 ) ;
#540 = CARTESIAN_POINT ( 'NONE',  ( 0.000000000000000000, 0.8000000000000000444, 0.000000000000000000 ) ) ;
#541 = CARTESIAN_POINT ( 'NONE',  ( 0.000000000000000000, 0.8000000000000000444, 2.599999999999999645 ) ) ;
#542 = VECTOR ( 'NONE', #4408, 1000.000000000000000 ) ;
#543 = FILL_AREA_STYLE_COLOUR ( '', #742 ) ;
#544 = EDGE_LOOP ( 'NONE', ( #10091, #5299, #239, #2165 ) ) ;
#545 = CARTESIAN_POINT ( 'NONE',  ( -4.850000000000000533, 0.000000000000000000, 3.999999999999999112 ) ) ;
#546 =( NAMED_UNIT ( * ) SI_UNIT ( $, .STERADIAN. ) SOLID_ANGLE_UNIT ( ) );
#547 = LINE ( 'NONE', #2882, #6080 ) ;
#548 = MECHANICAL_DESIGN_GEOMETRIC_PRESENTATION_REPRESENTATION (  '', ( #9489 ), #7815 ) ;
#549 = DIRECTION ( 'NONE',  ( -0.000000000000000000, 1.000000000000000000, -0.000000000000000000 ) ) ;
#550 = VERTEX_POINT ( 'NONE', #2946 ) ;
#551 = DIRECTION ( 'NONE',  ( 0.000000000000000000, 1.000000000000000000, 0.000000000000000000 ) ) ;
#552 = ORIENTED_EDGE ( 'NONE', *, *, #8819, .T. ) ;
#553 = STYLED_ITEM ( 'NONE', ( #8681 ), #8883 ) ;
#554 = AXIS2_PLACEMENT_3D ( 'NONE', #8908, #9645, #2533 ) ;
#555 = DIRECTION ( 'NONE',  ( -0.000000000000000000, 1.000000000000000000, -0.000000000000000000 ) ) ;
#556 = EDGE_LOOP ( 'NONE', ( #9369, #5265, #3795, #4034, #4145, #8777 ) ) ;
#557 = PLANE ( 'NONE',  #6213 ) ;
#558 = EDGE_LOOP ( 'NONE', ( #8459, #9689, #1293, #8449, #2689, #155 ) ) ;
#559 = CARTESIAN_POINT ( 'NONE',  ( -4.599999999999998757, 0.7999999999999997113, 4.850000000000002309 ) ) ;
#560 = AXIS2_PLACEMENT_3D ( 'NONE', #1025, #9683, #373 ) ;
#561 = VECTOR ( 'NONE', #5714, 1000.000000000000000 ) ;
#562 = VECTOR ( 'NONE', #3585, 1000.000000000000000 ) ;
#563 = CARTESIAN_POINT ( 'NONE',  ( 4.850000000000000533, 2.080624847486572282, 1.299999999999999600 ) ) ;
#564 = CARTESIAN_POINT ( 'NONE',  ( 4.333309763107293655, 2.089222690360982959, 4.602198665876326977 ) ) ;
#565 =( LENGTH_UNIT ( ) NAMED_UNIT ( * ) SI_UNIT ( .MILLI., .METRE. ) );
#566 = DIRECTION ( 'NONE',  ( 1.626303258728256257E-15, 0.000000000000000000, 1.000000000000000000 ) ) ;
#567 = EDGE_CURVE ( 'NONE', #8519, #5159, #4607, .T. ) ;
#568 = CARTESIAN_POINT ( 'NONE',  ( 0.000000000000000000, 0.8000000000000000444, -5.049999999999999822 ) ) ;
#569 = DIRECTION ( 'NONE',  ( 0.000000000000000000, -1.000000000000000000, 0.000000000000000000 ) ) ;
#570 = DIRECTION ( 'NONE',  ( -1.000000000000000000, 0.000000000000000000, -0.000000000000000000 ) ) ;
#571 = CLOSED_SHELL ( 'NONE', ( #9404, #749, #8413, #1652, #2311, #6158, #2250, #368 ) ) ;
#572 = VECTOR ( 'NONE', #2706, 1000.000000000000000 ) ;
#573 =( GEOMETRIC_REPRESENTATION_CONTEXT ( 3 ) GLOBAL_UNCERTAINTY_ASSIGNED_CONTEXT ( ( #2667 ) ) GLOBAL_UNIT_ASSIGNED_CONTEXT ( ( #7031, #8705, #7814 ) ) REPRESENTATION_CONTEXT ( 'NONE', 'WORKASPACE' ) );
#574 = FACE_OUTER_BOUND ( 'NONE', #2401, .T. ) ;
#575 = EDGE_CURVE ( 'NONE', #5982, #5751, #9273, .T. ) ;
#576 =( NAMED_UNIT ( * ) SI_UNIT ( $, .STERADIAN. ) SOLID_ANGLE_UNIT ( ) );
#577 = EDGE_CURVE ( 'NONE', #6135, #2541, #5478, .T. ) ;
#578 = SURFACE_STYLE_FILL_AREA ( #6726 ) ;
#579 = EDGE_LOOP ( 'NONE', ( #4964, #2205, #6436, #4169 ) ) ;
#580 = CARTESIAN_POINT ( 'NONE',  ( -3.849999999999973888, 0.000000000000000000, 1.799999999999998268 ) ) ;
#581 = LINE ( 'NONE', #630, #9819 ) ;
#582 = ORIENTED_EDGE ( 'NONE', *, *, #983, .F. ) ;
#583 = CARTESIAN_POINT ( 'NONE',  ( -4.849999999999983658, 0.8000000000000000444, 0.000000000000000000 ) ) ;
#584 = CARTESIAN_POINT ( 'NONE',  ( -4.850000000000000533, 0.7999999999999999334, -3.100000000000000977 ) ) ;
#585 = ORIENTED_EDGE ( 'NONE', *, *, #8872, .F. ) ;
#586 = ADVANCED_FACE ( 'NONE', ( #6041 ), #5278, .T. ) ;
#587 = SURFACE_STYLE_FILL_AREA ( #2144 ) ;
#588 = FACE_OUTER_BOUND ( 'NONE', #694, .T. ) ;
#589 = ADVANCED_FACE ( 'NONE', ( #8645 ), #3934, .T. ) ;
#590 = AXIS2_PLACEMENT_3D ( 'NONE', #4274, #9678, #7263 ) ;
#591 = ADVANCED_FACE ( 'NONE', ( #3149 ), #7962, .F. ) ;
#592 = LINE ( 'NONE', #9967, #2551 ) ;
#593 = EDGE_LOOP ( 'NONE', ( #1216, #1027, #1991, #538 ) ) ;
#594 = ORIENTED_EDGE ( 'NONE', *, *, #3703, .T. ) ;
#595 = FACE_OUTER_BOUND ( 'NONE', #4729, .T. ) ;
#596 = ORIENTED_EDGE ( 'NONE', *, *, #4092, .F. ) ;
#597 = CARTESIAN_POINT ( 'NONE',  ( -4.850000000000000533, 0.8000000000000000444, -7.700000000000000178 ) ) ;
#598 = UNCERTAINTY_MEASURE_WITH_UNIT (LENGTH_MEASURE( 1.000000000000000082E-05 ), #6763, 'distance_accuracy_value', 'NONE');
#599 = CARTESIAN_POINT ( 'NONE',  ( 3.849999999999997424, 0.000000000000000000, 4.799999999999999822 ) ) ;
#600 = ADVANCED_FACE ( 'NONE', ( #4916 ), #196, .F. ) ;
#601 = ORIENTED_EDGE ( 'NONE', *, *, #756, .F. ) ;
#602 =( NAMED_UNIT ( * ) PLANE_ANGLE_UNIT ( ) SI_UNIT ( $, .RADIAN. ) );
#603 = LINE ( 'NONE', #4694, #5406 ) ;
#604 = CARTESIAN_POINT ( 'NONE',  ( 4.850000000000016520, 0.8000000000000000444, 2.899999999999999023 ) ) ;
#605 = MECHANICAL_DESIGN_GEOMETRIC_PRESENTATION_REPRESENTATION (  '', ( #5567 ), #6887 ) ;
#606 =( LENGTH_UNIT ( ) NAMED_UNIT ( * ) SI_UNIT ( .MILLI., .METRE. ) );
#607 =( GEOMETRIC_REPRESENTATION_CONTEXT ( 3 ) GLOBAL_UNCERTAINTY_ASSIGNED_CONTEXT ( ( #3180 ) ) GLOBAL_UNIT_ASSIGNED_CONTEXT ( ( #2009, #10032, #1228 ) ) REPRESENTATION_CONTEXT ( 'NONE', 'WORKASPACE' ) );
#608 = ORIENTED_EDGE ( 'NONE', *, *, #7146, .T. ) ;
#609 = EDGE_LOOP ( 'NONE', ( #7686, #6193, #7151, #10042 ) ) ;
#610 = CARTESIAN_POINT ( 'NONE',  ( 4.383229526919885544, 2.079276107729750578, -4.851999999999998536 ) ) ;
#611 = SURFACE_STYLE_USAGE ( .BOTH. , #8367 ) ;
#612 = ORIENTED_EDGE ( 'NONE', *, *, #3486, .T. ) ;
#613 = LINE ( 'NONE', #5986, #7518 ) ;
#614 = VECTOR ( 'NONE', #7246, 1000.000000000000000 ) ;
#615 = VERTEX_POINT ( 'NONE', #4149 ) ;
#616 = DIRECTION ( 'NONE',  ( -0.000000000000000000, -1.000000000000000000, 0.000000000000000000 ) ) ;
#617 = PRESENTATION_STYLE_ASSIGNMENT (( #1547 ) ) ;
#618 = LINE ( 'NONE', #1595, #7116 ) ;
#619 = LINE ( 'NONE', #3739, #3019 ) ;
#620 = DIRECTION ( 'NONE',  ( 0.000000000000000000, 0.000000000000000000, 1.000000000000000000 ) ) ;
#621 = CARTESIAN_POINT ( 'NONE',  ( 4.383126848390694441, 2.079235665564123092, 4.850000000000001421 ) ) ;
#622 = SURFACE_SIDE_STYLE ('',( #5229 ) ) ;
#623 =( NAMED_UNIT ( * ) SI_UNIT ( $, .STERADIAN. ) SOLID_ANGLE_UNIT ( ) );
#624 =( GEOMETRIC_REPRESENTATION_CONTEXT ( 3 ) GLOBAL_UNCERTAINTY_ASSIGNED_CONTEXT ( ( #7618 ) ) GLOBAL_UNIT_ASSIGNED_CONTEXT ( ( #1198, #1360, #5089 ) ) REPRESENTATION_CONTEXT ( 'NONE', 'WORKASPACE' ) );
#625 = LINE ( 'NONE', #1559, #1849 ) ;
#626 = EDGE_CURVE ( 'NONE', #7801, #8936, #930, .T. ) ;
#627 = PLANE ( 'NONE',  #2432 ) ;
#628 = VERTEX_POINT ( 'NONE', #3979 ) ;
#629 = PRESENTATION_STYLE_ASSIGNMENT (( #9232 ) ) ;
#630 = CARTESIAN_POINT ( 'NONE',  ( 4.400000000000006573, 1.534563074902560996E-14, 4.649929289321881321 ) ) ;
#631 = CARTESIAN_POINT ( 'NONE',  ( -3.849999999999984990, 0.000000000000000000, 2.899999999999998135 ) ) ;
#632 = AXIS2_PLACEMENT_3D ( 'NONE', #755, #6580, #8876 ) ;
#633 = DIRECTION ( 'NONE',  ( -0.000000000000000000, 0.000000000000000000, 1.000000000000000000 ) ) ;
#634 = ORIENTED_EDGE ( 'NONE', *, *, #3896, .F. ) ;
#635 = CARTESIAN_POINT ( 'NONE',  ( -3.849999999999939693, 0.8000000000000000444, -1.500000000000002220 ) ) ;
#636 = DIRECTION ( 'NONE',  ( 1.000000000000000000, -0.000000000000000000, 0.000000000000000000 ) ) ;
#637 = EDGE_CURVE ( 'NONE', #25, #6004, #7179, .T. ) ;
#638 = ORIENTED_EDGE ( 'NONE', *, *, #7078, .F. ) ;
#639 = SURFACE_SIDE_STYLE ('',( #2814 ) ) ;
#640 = STYLED_ITEM ( 'NONE', ( #8358 ), #792 ) ;
#641 = CARTESIAN_POINT ( 'NONE',  ( -4.850000000000000533, 2.080624847486572282, -3.100000000000000977 ) ) ;
#642 = ORIENTED_EDGE ( 'NONE', *, *, #9019, .F. ) ;
#643 = ORIENTED_EDGE ( 'NONE', *, *, #9571, .F. ) ;
#644 = SURFACE_STYLE_USAGE ( .BOTH. , #6123 ) ;
#645 = DIRECTION ( 'NONE',  ( -8.673617379884051249E-15, 0.000000000000000000, -1.000000000000000000 ) ) ;
#646 = PRESENTATION_LAYER_ASSIGNMENT (  '', '', ( #9756 ) ) ;
#647 = LINE ( 'NONE', #1326, #663 ) ;
#648 = DIRECTION ( 'NONE',  ( -0.000000000000000000, 1.000000000000000000, -0.000000000000000000 ) ) ;
#649 = CARTESIAN_POINT ( 'NONE',  ( -3.849999999999951683, 0.8000000000000000444, 0.3999999999999985789 ) ) ;
#650 = VERTEX_POINT ( 'NONE', #3359 ) ;
#651 =( NAMED_UNIT ( * ) PLANE_ANGLE_UNIT ( ) SI_UNIT ( $, .RADIAN. ) );
#652 = LINE ( 'NONE', #3026, #9547 ) ;
#653 = EDGE_CURVE ( 'NONE', #9393, #9115, #3253, .T. ) ;
#654 = PLANE ( 'NONE',  #10060 ) ;
#655 =( GEOMETRIC_REPRESENTATION_CONTEXT ( 3 ) GLOBAL_UNCERTAINTY_ASSIGNED_CONTEXT ( ( #7313 ) ) GLOBAL_UNIT_ASSIGNED_CONTEXT ( ( #8470, #651, #7687 ) ) REPRESENTATION_CONTEXT ( 'NONE', 'WORKASPACE' ) );
#656 = ADVANCED_FACE ( 'NONE', ( #5731 ), #6409, .T. ) ;
#657 = SURFACE_STYLE_USAGE ( .BOTH. , #4006 ) ;
#658 = EDGE_LOOP ( 'NONE', ( #6855, #2820, #6176, #8307 ) ) ;
#659 =( NAMED_UNIT ( * ) SI_UNIT ( $, .STERADIAN. ) SOLID_ANGLE_UNIT ( ) );
#660 = VERTEX_POINT ( 'NONE', #1800 ) ;
#661 = FILL_AREA_STYLE_COLOUR ( '', #2530 ) ;
#662 = ORIENTED_EDGE ( 'NONE', *, *, #7020, .T. ) ;
#663 = VECTOR ( 'NONE', #7564, 1000.000000000000000 ) ;
#664 = DIRECTION ( 'NONE',  ( 0.000000000000000000, 0.000000000000000000, -1.000000000000000000 ) ) ;
#665 = EDGE_CURVE ( 'NONE', #2735, #7941, #5636, .T. ) ;
#666 = ORIENTED_EDGE ( 'NONE', *, *, #899, .T. ) ;
#667 = DIRECTION ( 'NONE',  ( -8.673617379884051249E-15, 0.000000000000000000, -1.000000000000000000 ) ) ;
#668 = CARTESIAN_POINT ( 'NONE',  ( -4.850000000000001421, 0.8000000000000000444, 2.899999999999998135 ) ) ;
#669 = CARTESIAN_POINT ( 'NONE',  ( 3.849999999999997424, 0.000000000000000000, 3.699999999999999289 ) ) ;
#670 = EDGE_CURVE ( 'NONE', #4159, #2505, #5578, .T. ) ;
#671 = VECTOR ( 'NONE', #5243, 1000.000000000000000 ) ;
#672 = CARTESIAN_POINT ( 'NONE',  ( 4.364961830218757832, 2.077177608427187128, 4.594458487671656322 ) ) ;
#673 = AXIS2_PLACEMENT_3D ( 'NONE', #6748, #5879, #1330 ) ;
#674 = CARTESIAN_POINT ( 'NONE',  ( 3.849999999999996092, 0.8000000000000000444, 4.799999999999999822 ) ) ;
#675 = DIRECTION ( 'NONE',  ( -0.000000000000000000, -1.000000000000000000, 0.000000000000000000 ) ) ;
#676 = CARTESIAN_POINT ( 'NONE',  ( -2.399999999999999467, 0.2000000000000317635, -4.650000000000005684 ) ) ;
#677 = CARTESIAN_POINT ( 'NONE',  ( 0.000000000000000000, 0.8000000000000000444, -1.500000000000002220 ) ) ;
#678 = COLOUR_RGB ( '',0.000000000000000000, 0.5019607843137254832, 0.000000000000000000 ) ;
#679 = FILL_AREA_STYLE ('',( #5485 ) ) ;
#680 = CARTESIAN_POINT ( 'NONE',  ( -3.849999999999996980, 0.7999999999999999334, 4.799999999999999822 ) ) ;
#681 = SURFACE_SIDE_STYLE ('',( #3995 ) ) ;
#682 = EDGE_LOOP ( 'NONE', ( #5697, #4838, #8075, #2454 ) ) ;
#683 = DIRECTION ( 'NONE',  ( 0.000000000000000000, -1.000000000000000000, 3.491481338843133355E-15 ) ) ;
#684 = VERTEX_POINT ( 'NONE', #7121 ) ;
#685 = CARTESIAN_POINT ( 'NONE',  ( 4.849999999999997868, 0.7999999999999999334, -4.800000000000001599 ) ) ;
#686 = DIRECTION ( 'NONE',  ( 0.000000000000000000, 0.000000000000000000, -1.000000000000000000 ) ) ;
#687 = ORIENTED_EDGE ( 'NONE', *, *, #4184, .T. ) ;
#688 = CARTESIAN_POINT ( 'NONE',  ( -4.299999999999998934, 2.100000000000000089, 4.549999999999999822 ) ) ;
#689 = PRESENTATION_LAYER_ASSIGNMENT (  '', '', ( #6301 ) ) ;
#690 = CARTESIAN_POINT ( 'NONE',  ( -3.849999999999905942, 0.8000000000000000444, 0.000000000000000000 ) ) ;
#691 = EDGE_LOOP ( 'NONE', ( #6332, #433, #5617, #8730 ) ) ;
#692 = DIRECTION ( 'NONE',  ( -0.000000000000000000, -1.000000000000000000, 0.000000000000000000 ) ) ;
#693 = ORIENTED_EDGE ( 'NONE', *, *, #2621, .T. ) ;
#694 = EDGE_LOOP ( 'NONE', ( #2119, #3848, #3883, #4362 ) ) ;
#695 = DIRECTION ( 'NONE',  ( 0.000000000000000000, -0.000000000000000000, -1.000000000000000000 ) ) ;
#696 = ORIENTED_EDGE ( 'NONE', *, *, #5992, .F. ) ;
#697 = EDGE_CURVE ( 'NONE', #8220, #1671, #4096, .T. ) ;
#698 = DIRECTION ( 'NONE',  ( 1.000000000000000000, 0.000000000000000000, -4.336808689942006692E-15 ) ) ;
#699 = UNCERTAINTY_MEASURE_WITH_UNIT (LENGTH_MEASURE( 1.000000000000000082E-05 ), #5325, 'distance_accuracy_value', 'NONE');
#700 = VECTOR ( 'NONE', #6147, 1000.000000000000000 ) ;
#701 =( LENGTH_UNIT ( ) NAMED_UNIT ( * ) SI_UNIT ( .MILLI., .METRE. ) );
#702 = COLOUR_RGB ( '',0.000000000000000000, 0.5019607843137254832, 0.000000000000000000 ) ;
#703 = EDGE_LOOP ( 'NONE', ( #1388, #4124, #8953, #9627 ) ) ;
#704 =( NAMED_UNIT ( * ) SI_UNIT ( $, .STERADIAN. ) SOLID_ANGLE_UNIT ( ) );
#705 = FACE_OUTER_BOUND ( 'NONE', #7022, .T. ) ;
#706 = SURFACE_SIDE_STYLE ('',( #2267 ) ) ;
#707 = DIRECTION ( 'NONE',  ( 0.000000000000000000, 0.000000000000000000, -1.000000000000000000 ) ) ;
#708 = STYLED_ITEM ( 'NONE', ( #4501 ), #2862 ) ;
#709 = ORIENTED_EDGE ( 'NONE', *, *, #4711, .F. ) ;
#710 = ORIENTED_EDGE ( 'NONE', *, *, #5698, .T. ) ;
#711 = DIRECTION ( 'NONE',  ( -0.000000000000000000, 1.000000000000000000, -0.000000000000000000 ) ) ;
#712 = VECTOR ( 'NONE', #3761, 1000.000000000000000 ) ;
#713 = CARTESIAN_POINT ( 'NONE',  ( 4.850000000000000533, 2.080624847486572282, -3.100000000000000977 ) ) ;
#714 = VERTEX_POINT ( 'NONE', #1594 ) ;
#715 = LINE ( 'NONE', #5375, #420 ) ;
#716 = EDGE_CURVE ( 'NONE', #9499, #3341, #985, .T. ) ;
#717 = ORIENTED_EDGE ( 'NONE', *, *, #3072, .F. ) ;
#718 = VECTOR ( 'NONE', #354, 1000.000000000000000 ) ;
#719 = SURFACE_STYLE_FILL_AREA ( #4759 ) ;
#720 = CARTESIAN_POINT ( 'NONE',  ( 3.850000000000008527, 0.8000000000000000444, 2.899999999999998579 ) ) ;
#721 = ADVANCED_FACE ( 'NONE', ( #4810 ), #2379, .F. ) ;
#723 = PRESENTATION_LAYER_ASSIGNMENT (  '', '', ( #2868 ) ) ;
#722 = CARTESIAN_POINT ( 'NONE',  ( 4.399929289321881321, 2.000000000000000444, 4.647979999999999556 ) ) ;
#724 = VECTOR ( 'NONE', #2883, 1000.000000000000000 ) ;
#725 = ADVANCED_FACE ( 'NONE', ( #1083 ), #3604, .T. ) ;
#726 = LINE ( 'NONE', #4870, #9476 ) ;
#727 = SURFACE_STYLE_USAGE ( .BOTH. , #10000 ) ;
#728 = CARTESIAN_POINT ( 'NONE',  ( -4.377177608427184730, 2.064961830218759342, 4.605470801650220380 ) ) ;
#729 = STYLED_ITEM ( 'NONE', ( #6221 ), #8498 ) ;
#730 = CARTESIAN_POINT ( 'NONE',  ( -4.849999999999937472, 0.8000000000000000444, 0.000000000000000000 ) ) ;
#731 = SURFACE_STYLE_FILL_AREA ( #7082 ) ;
#732 = ORIENTED_EDGE ( 'NONE', *, *, #12, .T. ) ;
#733 = FILL_AREA_STYLE ('',( #7134 ) ) ;
#734 = VECTOR ( 'NONE', #8978, 1000.000000000000000 ) ;
#735 = DIRECTION ( 'NONE',  ( 0.000000000000000000, 1.000000000000000000, 0.000000000000000000 ) ) ;
#736 = CIRCLE ( 'NONE', #8332, 0.1999999999999996503 ) ;
#737 = CARTESIAN_POINT ( 'NONE',  ( 3.850000000000053380, 0.000000000000000000, -0.7000000000000009548 ) ) ;
#738 = CARTESIAN_POINT ( 'NONE',  ( 0.000000000000000000, 0.7999999999999990452, -4.650000000000003908 ) ) ;
#739 = ORIENTED_EDGE ( 'NONE', *, *, #3423, .T. ) ;
#740 = DIRECTION ( 'NONE',  ( -1.000000000000000000, 0.000000000000000000, -0.000000000000000000 ) ) ;
#741 = PLANE ( 'NONE',  #9603 ) ;
#742 = COLOUR_RGB ( '',0.000000000000000000, 0.5019607843137254832, 0.000000000000000000 ) ;
#743 = VERTEX_POINT ( 'NONE', #4241 ) ;
#744 = DIRECTION ( 'NONE',  ( -4.336808689942006692E-15, 0.000000000000000000, 1.000000000000000000 ) ) ;
#745 = EDGE_CURVE ( 'NONE', #6582, #10063, #2830, .T. ) ;
#746 = VERTEX_POINT ( 'NONE', #1178 ) ;
#747 = ORIENTED_EDGE ( 'NONE', *, *, #3827, .F. ) ;
#748 = LINE ( 'NONE', #5561, #931 ) ;
#749 = ADVANCED_FACE ( 'NONE', ( #4433 ), #5881, .T. ) ;
#750 = CARTESIAN_POINT ( 'NONE',  ( -4.850000000000000533, 0.000000000000000000, 2.199999999999999289 ) ) ;
#751 = EDGE_LOOP ( 'NONE', ( #84, #1621, #4599, #6816 ) ) ;
#752 = PRESENTATION_STYLE_ASSIGNMENT (( #1532 ) ) ;
#753 = B_SPLINE_SURFACE_WITH_KNOTS ( 'NONE', 1, 3, ( 
 ( #9946, #2842, #4500, #6665, #5124, #9171 ),
 ( #1296, #2079, #4345, #5225, #7647, #8431 ),
 ( #8375, #4447, #564, #7587, #6043, #507 ),
 ( #3738, #6875, #10049, #6201, #2329, #722 ) ),
 .UNSPECIFIED., .F., .F., .F.,
 ( 2, 1, 1, 2 ),
 ( 4, 2, 4 ),
 ( -0.01000000000000000021, 0.000000000000000000, 1.000000000000000000, 1.010099999999999998 ),
 ( 0.000000000000000000, 0.5000000000000000000, 1.000000000000000000 ),
 .UNSPECIFIED. ) ;
#754 = DIRECTION ( 'NONE',  ( 1.000000000000000000, 0.000000000000000000, 0.000000000000000000 ) ) ;
#755 = CARTESIAN_POINT ( 'NONE',  ( 4.850000000000001421, 0.8000000000000000444, 5.049999999999999822 ) ) ;
#756 = EDGE_CURVE ( 'NONE', #6648, #1169, #9062, .T. ) ;
#757 = VECTOR ( 'NONE', #3765, 1000.000000000000000 ) ;
#758 = EDGE_LOOP ( 'NONE', ( #479, #6329, #4141, #1031 ) ) ;
#759 = ORIENTED_EDGE ( 'NONE', *, *, #2731, .T. ) ;
#760 = DIRECTION ( 'NONE',  ( -4.336808689942006692E-15, 0.000000000000000000, 1.000000000000000000 ) ) ;
#761 =( LENGTH_UNIT ( ) NAMED_UNIT ( * ) SI_UNIT ( .MILLI., .METRE. ) );
#762 = VERTEX_POINT ( 'NONE', #9743 ) ;
#763 = EDGE_CURVE ( 'NONE', #1808, #8895, #5161, .T. ) ;
#764 = CARTESIAN_POINT ( 'NONE',  ( 3.850000000000065814, 0.8000000000000000444, -2.600000000000000533 ) ) ;
#765 = ORIENTED_EDGE ( 'NONE', *, *, #10064, .F. ) ;
#766 = EDGE_CURVE ( 'NONE', #9925, #3356, #5786, .T. ) ;
#767 = VECTOR ( 'NONE', #2323, 1000.000000000000000 ) ;
#768 = PRESENTATION_STYLE_ASSIGNMENT (( #7851 ) ) ;
#769 = CARTESIAN_POINT ( 'NONE',  ( -3.849999999999928590, 0.8000000000000000444, 0.000000000000000000 ) ) ;
#770 = DIRECTION ( 'NONE',  ( -0.000000000000000000, 1.000000000000000000, 0.000000000000000000 ) ) ;
#771 = DIRECTION ( 'NONE',  ( -1.000000000000000000, 0.000000000000000000, 1.626303258728256257E-15 ) ) ;
#772 = SURFACE_STYLE_FILL_AREA ( #6360 ) ;
#773 = CARTESIAN_POINT ( 'NONE',  ( -4.850000000000001421, 0.8000000000000000444, 5.049999999999999822 ) ) ;
#774 = VECTOR ( 'NONE', #7735, 1000.000000000000000 ) ;
#775 =( NAMED_UNIT ( * ) PLANE_ANGLE_UNIT ( ) SI_UNIT ( $, .RADIAN. ) );
#776 = CARTESIAN_POINT ( 'NONE',  ( 3.850000000000077804, 0.8000000000000000444, -2.900000000000000799 ) ) ;
#777 = VERTEX_POINT ( 'NONE', #8958 ) ;
#778 = VECTOR ( 'NONE', #7802, 1000.000000000000000 ) ;
#779 = PRESENTATION_STYLE_ASSIGNMENT (( #203 ) ) ;
#780 = EDGE_CURVE ( 'NONE', #2107, #4993, #1229, .T. ) ;
#781 = ORIENTED_EDGE ( 'NONE', *, *, #3625, .F. ) ;
#782 = PLANE ( 'NONE',  #7005 ) ;
#783 = SURFACE_STYLE_FILL_AREA ( #6155 ) ;
#784 = PRESENTATION_LAYER_ASSIGNMENT (  '', '', ( #6716 ) ) ;
#785 = SURFACE_STYLE_USAGE ( .BOTH. , #6940 ) ;
#786 = ORIENTED_EDGE ( 'NONE', *, *, #2368, .F. ) ;
#787 = VECTOR ( 'NONE', #7456, 1000.000000000000000 ) ;
#788 = DIRECTION ( 'NONE',  ( -0.000000000000000000, -3.336006684570780538E-15, 1.000000000000000000 ) ) ;
#789 = LINE ( 'NONE', #4723, #7255 ) ;
#790 = DIRECTION ( 'NONE',  ( 0.000000000000000000, -0.000000000000000000, -1.000000000000000000 ) ) ;
#791 = DIRECTION ( 'NONE',  ( 0.000000000000000000, -1.000000000000000000, -0.000000000000000000 ) ) ;
#792 = ADVANCED_FACE ( 'NONE', ( #9929 ), #4382, .F. ) ;
#793 = ORIENTED_EDGE ( 'NONE', *, *, #3894, .T. ) ;
#794 = CARTESIAN_POINT ( 'NONE',  ( -4.599999999999998757, 2.078750921375359439, 4.633229641565213441 ) ) ;
#795 = SURFACE_STYLE_FILL_AREA ( #4727 ) ;
#796 = ORIENTED_EDGE ( 'NONE', *, *, #5404, .F. ) ;
#797 = DIRECTION ( 'NONE',  ( -1.000000000000000000, -0.000000000000000000, -0.000000000000000000 ) ) ;
#798 = VECTOR ( 'NONE', #2660, 1000.000000000000000 ) ;
#799 = EDGE_CURVE ( 'NONE', #2455, #2317, #2782, .T. ) ;
#800 = ORIENTED_EDGE ( 'NONE', *, *, #5768, .T. ) ;
#801 = ORIENTED_EDGE ( 'NONE', *, *, #4079, .T. ) ;
#802 = DIRECTION ( 'NONE',  ( -0.000000000000000000, -1.000000000000000000, -0.000000000000000000 ) ) ;
#803 = FACE_OUTER_BOUND ( 'NONE', #9073, .T. ) ;
#804 = UNCERTAINTY_MEASURE_WITH_UNIT (LENGTH_MEASURE( 1.000000000000000082E-05 ), #449, 'distance_accuracy_value', 'NONE');
#805 = DIRECTION ( 'NONE',  ( 1.000000000000000000, 0.000000000000000000, 0.000000000000000000 ) ) ;
#806 = EDGE_LOOP ( 'NONE', ( #318, #9231, #4191, #2722 ) ) ;
#807 = DIRECTION ( 'NONE',  ( 1.626303258728256059E-15, 0.000000000000000000, -1.000000000000000000 ) ) ;
#808 = CARTESIAN_POINT ( 'NONE',  ( 4.850000000000000533, 2.080624847486572282, -2.400000000000000355 ) ) ;
#809 = COLOUR_RGB ( '',0.2509803921568627416, 0.2509803921568627416, 0.2509803921568627416 ) ;
#810 = ORIENTED_EDGE ( 'NONE', *, *, #3499, .F. ) ;
#811 = VERTEX_POINT ( 'NONE', #5312 ) ;
#812 = DIRECTION ( 'NONE',  ( 0.000000000000000000, -0.000000000000000000, -1.000000000000000000 ) ) ;
#813 = EDGE_CURVE ( 'NONE', #2107, #8995, #3722, .T. ) ;
#814 = CARTESIAN_POINT ( 'NONE',  ( 4.849999999999997868, 0.000000000000000000, -2.200000000000000622 ) ) ;
#815 = EDGE_LOOP ( 'NONE', ( #5911, #9199, #8713, #9211 ) ) ;
#816 = DIRECTION ( 'NONE',  ( 0.000000000000000000, 0.000000000000000000, 1.000000000000000000 ) ) ;
#817 = ORIENTED_EDGE ( 'NONE', *, *, #1299, .T. ) ;
#818 = PRESENTATION_LAYER_ASSIGNMENT (  '', '', ( #469 ) ) ;
#819 = VECTOR ( 'NONE', #2299, 1000.000000000000000 ) ;
#820 = LINE ( 'NONE', #9325, #5076 ) ;
#821 = DIRECTION ( 'NONE',  ( 0.000000000000000000, -1.000000000000000000, 0.000000000000000000 ) ) ;
#822 = FILL_AREA_STYLE ('',( #7963 ) ) ;
#823 = FILL_AREA_STYLE_COLOUR ( '', #9798 ) ;
#824 = MECHANICAL_DESIGN_GEOMETRIC_PRESENTATION_REPRESENTATION (  '', ( #5778 ), #7930 ) ;
#825 = AXIS2_PLACEMENT_3D ( 'NONE', #8954, #2575, #290 ) ;
#826 = VECTOR ( 'NONE', #10047, 1000.000000000000000 ) ;
#827 = VECTOR ( 'NONE', #790, 1000.000000000000000 ) ;
#828 = LINE ( 'NONE', #3941, #1670 ) ;
#829 = ORIENTED_EDGE ( 'NONE', *, *, #4911, .T. ) ;
#830 = EDGE_CURVE ( 'NONE', #7066, #1654, #1535, .T. ) ;
#831 = LINE ( 'NONE', #104, #7366 ) ;
#832 = EDGE_LOOP ( 'NONE', ( #10075, #3544, #5680, #7008 ) ) ;
#833 = SURFACE_STYLE_FILL_AREA ( #7916 ) ;
#834 = FILL_AREA_STYLE_COLOUR ( '', #1400 ) ;
#835 = VECTOR ( 'NONE', #8973, 1000.000000000000000 ) ;
#836 = VECTOR ( 'NONE', #1227, 1000.000000000000000 ) ;
#837 = FILL_AREA_STYLE_COLOUR ( '', #1457 ) ;
#838 = DIRECTION ( 'NONE',  ( 0.000000000000000000, -1.000000000000000000, -0.000000000000000000 ) ) ;
#839 = DIRECTION ( 'NONE',  ( 1.000000000000000000, -0.000000000000000000, 1.626303258728256059E-15 ) ) ;
#840 = SURFACE_STYLE_USAGE ( .BOTH. , #3218 ) ;
#841 = CARTESIAN_POINT ( 'NONE',  ( -4.378379217981355431, 2.033225573193808700, 4.644318933867716659 ) ) ;
#842 = CARTESIAN_POINT ( 'NONE',  ( -4.850000000000000533, 0.7999999999999999334, 2.199999999999999289 ) ) ;
#843 = COLOUR_RGB ( '',0.8980392156862745390, 0.8980392156862745390, 0.8980392156862745390 ) ;
#844 = ORIENTED_EDGE ( 'NONE', *, *, #3980, .F. ) ;
#845 = CARTESIAN_POINT ( 'NONE',  ( -4.456595997628985728, 2.267668071082945325, 4.583309763107296320 ) ) ;
#846 = EDGE_CURVE ( 'NONE', #4987, #7744, #4644, .T. ) ;
#847 = ORIENTED_EDGE ( 'NONE', *, *, #9403, .F. ) ;
#848 = CARTESIAN_POINT ( 'NONE',  ( -4.397979999999999556, 2.000000000000000444, -4.649929289321881321 ) ) ;
#849 = COLOUR_RGB ( '',0.000000000000000000, 0.5019607843137254832, 0.000000000000000000 ) ;
#850 = CARTESIAN_POINT ( 'NONE',  ( 4.850000000000032507, 0.8000000000000000444, 0.6999999999999992895 ) ) ;
#851 = ORIENTED_EDGE ( 'NONE', *, *, #1896, .F. ) ;
#852 = ORIENTED_EDGE ( 'NONE', *, *, #4564, .F. ) ;
#853 = LINE ( 'NONE', #8778, #5344 ) ;
#854 = SURFACE_STYLE_USAGE ( .BOTH. , #7102 ) ;
#855 = EDGE_CURVE ( 'NONE', #4656, #7677, #547, .T. ) ;
#856 = MECHANICAL_DESIGN_GEOMETRIC_PRESENTATION_REPRESENTATION (  '', ( #5314 ), #8283 ) ;
#857 = FACE_OUTER_BOUND ( 'NONE', #9111, .T. ) ;
#858 = SURFACE_STYLE_FILL_AREA ( #6337 ) ;
#859 = VERTEX_POINT ( 'NONE', #7689 ) ;
#860 = CARTESIAN_POINT ( 'NONE',  ( 3.850000000000087574, 0.8000000000000000444, -4.800000000000001599 ) ) ;
#861 = CARTESIAN_POINT ( 'NONE',  ( 3.850000000000077360, 0.8000000000000000444, -2.900000000000000799 ) ) ;
#862 = FILL_AREA_STYLE_COLOUR ( '', #1722 ) ;
#863 = VERTEX_POINT ( 'NONE', #5362 ) ;
#864 = CARTESIAN_POINT ( 'NONE',  ( -4.399999999999999467, 0.7999999999999999334, 4.649929289321881321 ) ) ;
#865 = PRESENTATION_STYLE_ASSIGNMENT (( #8689 ) ) ;
#866 = ORIENTED_EDGE ( 'NONE', *, *, #5587, .F. ) ;
#867 = PRESENTATION_LAYER_ASSIGNMENT (  '', '', ( #1691 ) ) ;
#868 = CARTESIAN_POINT ( 'NONE',  ( -4.850000000000000533, 0.8000000000000000444, 0.000000000000000000 ) ) ;
#869 = ORIENTED_EDGE ( 'NONE', *, *, #308, .T. ) ;
#870 = CARTESIAN_POINT ( 'NONE',  ( -4.850000000000001421, 2.080624847486572282, 4.799999999999999822 ) ) ;
#871 = EDGE_LOOP ( 'NONE', ( #2216, #3751, #9605, #5202 ) ) ;
#872 = DIRECTION ( 'NONE',  ( 1.626303258728256059E-15, 0.000000000000000000, 1.000000000000000000 ) ) ;
#873 = PRESENTATION_LAYER_ASSIGNMENT (  '', '', ( #6490 ) ) ;
#874 = SURFACE_STYLE_USAGE ( .BOTH. , #1700 ) ;
#875 = CARTESIAN_POINT ( 'NONE',  ( 0.000000000000000000, 0.8000000000000000444, 1.799999999999999156 ) ) ;
#876 = VECTOR ( 'NONE', #8461, 1000.000000000000000 ) ;
#877 = EDGE_LOOP ( 'NONE', ( #2291, #3037, #3583, #666 ) ) ;
#878 =( NAMED_UNIT ( * ) PLANE_ANGLE_UNIT ( ) SI_UNIT ( $, .RADIAN. ) );
#879 = CARTESIAN_POINT ( 'NONE',  ( -4.850000000000000533, 2.080624847486572282, 2.899999999999999023 ) ) ;
#880 = SURFACE_STYLE_FILL_AREA ( #4815 ) ;
#881 = ORIENTED_EDGE ( 'NONE', *, *, #5896, .F. ) ;
#882 = SURFACE_SIDE_STYLE ('',( #5690 ) ) ;
#883 = AXIS2_PLACEMENT_3D ( 'NONE', #5696, #10252, #8867 ) ;
#884 = ORIENTED_EDGE ( 'NONE', *, *, #5146, .T. ) ;
#885 = VECTOR ( 'NONE', #3392, 1000.000000000000000 ) ;
#886 = CARTESIAN_POINT ( 'NONE',  ( 0.000000000000000000, 0.8000000000000000444, -1.800000000000001155 ) ) ;
#887 = CARTESIAN_POINT ( 'NONE',  ( -4.850000000000000533, 2.080624847486572282, 3.099999999999999645 ) ) ;
#888 = ADVANCED_FACE ( 'NONE', ( #491 ), #9257, .F. ) ;
#889 = DIRECTION ( 'NONE',  ( 0.000000000000000000, -1.000000000000000000, 3.336006684570780538E-15 ) ) ;
#890 =( LENGTH_UNIT ( ) NAMED_UNIT ( * ) SI_UNIT ( .MILLI., .METRE. ) );
#891 = EDGE_LOOP ( 'NONE', ( #6083, #739 ) ) ;
#892 =( NAMED_UNIT ( * ) SI_UNIT ( $, .STERADIAN. ) SOLID_ANGLE_UNIT ( ) );
#893 = FILL_AREA_STYLE_COLOUR ( '', #2486 ) ;
#894 = DIRECTION ( 'NONE',  ( 0.000000000000000000, 1.000000000000000000, 0.000000000000000000 ) ) ;
#895 = PRESENTATION_LAYER_ASSIGNMENT (  '', '', ( #4530 ) ) ;
#896 = VERTEX_POINT ( 'NONE', #8412 ) ;
#897 = ADVANCED_FACE ( 'NONE', ( #8527 ), #4545, .F. ) ;
#898 = SURFACE_SIDE_STYLE ('',( #6992 ) ) ;
#899 = EDGE_CURVE ( 'NONE', #2211, #10030, #8630, .T. ) ;
#900 = FACE_OUTER_BOUND ( 'NONE', #4668, .T. ) ;
#901 = ORIENTED_EDGE ( 'NONE', *, *, #3707, .F. ) ;
#902 = SURFACE_STYLE_USAGE ( .BOTH. , #6996 ) ;
#903 = AXIS2_PLACEMENT_3D ( 'NONE', #2440, #48, #2595 ) ;
#904 = CARTESIAN_POINT ( 'NONE',  ( 4.849999999999998757, 0.7999999999999999334, 0.8999999999999998002 ) ) ;
#905 = ORIENTED_EDGE ( 'NONE', *, *, #8443, .T. ) ;
#906 = ORIENTED_EDGE ( 'NONE', *, *, #3565, .T. ) ;
#907 = FILL_AREA_STYLE_COLOUR ( '', #4519 ) ;
#908 =( NAMED_UNIT ( * ) SI_UNIT ( $, .STERADIAN. ) SOLID_ANGLE_UNIT ( ) );
#909 = UNCERTAINTY_MEASURE_WITH_UNIT (LENGTH_MEASURE( 1.000000000000000082E-05 ), #4541, 'distance_accuracy_value', 'NONE');
#910 = CLOSED_SHELL ( 'NONE', ( #5536, #135, #9843, #1964 ) ) ;
#911 = COLOUR_RGB ( '',0.2509803921568627416, 0.2509803921568627416, 0.2509803921568627416 ) ;
#912 = EDGE_CURVE ( 'NONE', #10174, #1683, #8472, .T. ) ;
#913 = EDGE_CURVE ( 'NONE', #2913, #1808, #6911, .T. ) ;
#914 = DIRECTION ( 'NONE',  ( 1.000000000000000000, 0.000000000000000000, 0.000000000000000000 ) ) ;
#915 = ORIENTED_EDGE ( 'NONE', *, *, #8171, .T. ) ;
#916 = CARTESIAN_POINT ( 'NONE',  ( -4.850000000000000533, 2.080624847486572282, -2.400000000000000355 ) ) ;
#917 = DIRECTION ( 'NONE',  ( 0.000000000000000000, -1.000000000000000000, 0.000000000000000000 ) ) ;
#918 = ORIENTED_EDGE ( 'NONE', *, *, #9067, .F. ) ;
#919 = CARTESIAN_POINT ( 'NONE',  ( 4.850000000000001421, 2.080624847486572282, 2.600000000000000533 ) ) ;
#920 = DIRECTION ( 'NONE',  ( -0.000000000000000000, 0.000000000000000000, 1.000000000000000000 ) ) ;
#921 = ORIENTED_EDGE ( 'NONE', *, *, #8129, .T. ) ;
#922 = CARTESIAN_POINT ( 'NONE',  ( -4.333309763107292767, 2.089222690360982959, 4.602198665876326977 ) ) ;
#923 = CARTESIAN_POINT ( 'NONE',  ( 4.850000000000001421, 0.8000000000000000444, -4.000000000000000888 ) ) ;
#924 = ORIENTED_EDGE ( 'NONE', *, *, #4135, .F. ) ;
#925 =( LENGTH_UNIT ( ) NAMED_UNIT ( * ) SI_UNIT ( .MILLI., .METRE. ) );
#926 = EDGE_CURVE ( 'NONE', #5006, #8368, #2979, .T. ) ;
#927 = VERTEX_POINT ( 'NONE', #2214 ) ;
#928 = DIRECTION ( 'NONE',  ( 0.000000000000000000, -0.000000000000000000, -1.000000000000000000 ) ) ;
#929 = CARTESIAN_POINT ( 'NONE',  ( 4.309095685303836021, 2.100000000000000089, -4.564297578979999770 ) ) ;
#930 = LINE ( 'NONE', #7284, #9970 ) ;
#931 = VECTOR ( 'NONE', #1680, 1000.000000000000000 ) ;
#932 = CARTESIAN_POINT ( 'NONE',  ( 3.849999999999997424, 2.080624847486572282, -4.000000000000000888 ) ) ;
#933 = DIRECTION ( 'NONE',  ( 1.000000000000000000, 0.000000000000000000, 0.000000000000000000 ) ) ;
#934 = B_SPLINE_CURVE_WITH_KNOTS ( 'NONE', 3,
 ( #6118, #8564, #2145, #1470, #7777, #8396 ),
 .UNSPECIFIED., .F., .F.,
 ( 4, 2, 4 ),
 ( 8.673617379884035472E-19, 0.0002394266293374257542, 0.0004788532586748506410 ),
 .UNSPECIFIED. ) ;
#935 = ORIENTED_EDGE ( 'NONE', *, *, #208, .F. ) ;
#936 = ADVANCED_FACE ( 'NONE', ( #7742 ), #654, .T. ) ;
#937 = FACE_OUTER_BOUND ( 'NONE', #9595, .T. ) ;
#938 = VERTEX_POINT ( 'NONE', #6188 ) ;
#939 = CARTESIAN_POINT ( 'NONE',  ( -4.299999999999999822, 2.100000000000000089, 0.000000000000000000 ) ) ;
#940 = COLOUR_RGB ( '',0.000000000000000000, 0.5019607843137254832, 0.000000000000000000 ) ;
#941 = VERTEX_POINT ( 'NONE', #1489 ) ;
#942 = SURFACE_STYLE_USAGE ( .BOTH. , #8916 ) ;
#943 = SURFACE_STYLE_FILL_AREA ( #3271 ) ;
#944 = LINE ( 'NONE', #9657, #5894 ) ;
#945 = SURFACE_STYLE_FILL_AREA ( #3273 ) ;
#946 = PRESENTATION_LAYER_ASSIGNMENT (  '', '', ( #8370 ) ) ;
#947 = LINE ( 'NONE', #2443, #5832 ) ;
#948 = ORIENTED_EDGE ( 'NONE', *, *, #9280, .T. ) ;
#949 = VECTOR ( 'NONE', #754, 1000.000000000000000 ) ;
#950 = CARTESIAN_POINT ( 'NONE',  ( 4.850000000000000533, 0.000000000000000000, -1.500000000000001332 ) ) ;
#951 = SURFACE_STYLE_USAGE ( .BOTH. , #4167 ) ;
#952 = PLANE ( 'NONE',  #3639 ) ;
#953 = EDGE_CURVE ( 'NONE', #6280, #8500, #223, .T. ) ;
#954 = VERTEX_POINT ( 'NONE', #7892 ) ;
#955 = EDGE_CURVE ( 'NONE', #6809, #8750, #1583, .T. ) ;
#956 = PLANE ( 'NONE',  #9014 ) ;
#957 = STYLED_ITEM ( 'NONE', ( #6664 ), #1420 ) ;
#958 = AXIS2_PLACEMENT_3D ( 'NONE', #8992, #5918, #5251 ) ;
#959 = CARTESIAN_POINT ( 'NONE',  ( -4.850000000000000533, 0.000000000000000000, -0.9000000000000014655 ) ) ;
#960 = CARTESIAN_POINT ( 'NONE',  ( -4.850000000000001421, 2.080624847486572282, -1.800000000000000711 ) ) ;
#961 = PLANE ( 'NONE',  #321 ) ;
#962 = EDGE_CURVE ( 'NONE', #2483, #7774, #171, .T. ) ;
#963 = ORIENTED_EDGE ( 'NONE', *, *, #334, .F. ) ;
#964 = ORIENTED_EDGE ( 'NONE', *, *, #6422, .T. ) ;
#965 = CARTESIAN_POINT ( 'NONE',  ( 4.850000000000001421, 0.8000000000000000444, 4.799999999999999822 ) ) ;
#966 = FACE_OUTER_BOUND ( 'NONE', #467, .T. ) ;
#967 = ADVANCED_FACE ( 'NONE', ( #8684 ), #8193, .T. ) ;
#968 = LINE ( 'NONE', #369, #1446 ) ;
#969 = ORIENTED_EDGE ( 'NONE', *, *, #6924, .T. ) ;
#970 = DIRECTION ( 'NONE',  ( -4.336808689942006692E-15, 0.000000000000000000, -1.000000000000000000 ) ) ;
#971 = CARTESIAN_POINT ( 'NONE',  ( -3.849999999999905942, 0.8000000000000000444, -4.000000000000001776 ) ) ;
#972 = FACE_OUTER_BOUND ( 'NONE', #7227, .T. ) ;
#973 = VERTEX_POINT ( 'NONE', #3480 ) ;
#974 = DIRECTION ( 'NONE',  ( 1.000000000000000000, 0.000000000000000000, -0.000000000000000000 ) ) ;
#975 = ORIENTED_EDGE ( 'NONE', *, *, #1896, .T. ) ;
#976 = CARTESIAN_POINT ( 'NONE',  ( -4.399929289321881321, 2.100000000000000089, -4.649999999999999467 ) ) ;
#977 = VERTEX_POINT ( 'NONE', #1102 ) ;
#978 = CARTESIAN_POINT ( 'NONE',  ( 0.000000000000000000, 0.8000000000000000444, 4.799999999999999822 ) ) ;
#979 = ADVANCED_FACE ( 'NONE', ( #4746 ), #9716, .F. ) ;
#980 = ORIENTED_EDGE ( 'NONE', *, *, #1513, .F. ) ;
#981 = LINE ( 'NONE', #8904, #5577 ) ;
#982 = EDGE_CURVE ( 'NONE', #2317, #2822, #3136, .T. ) ;
#983 = EDGE_CURVE ( 'NONE', #7894, #3545, #5857, .T. ) ;
#984 = CARTESIAN_POINT ( 'NONE',  ( 4.399929289321881321, 2.000000000000000444, -4.649999999999999467 ) ) ;
#985 = LINE ( 'NONE', #7234, #2365 ) ;
#986 = FILL_AREA_STYLE ('',( #7183 ) ) ;
#987 = DIRECTION ( 'NONE',  ( -4.336808689942006692E-15, 0.000000000000000000, -1.000000000000000000 ) ) ;
#988 = PRESENTATION_STYLE_ASSIGNMENT (( #2686 ) ) ;
#989 = ORIENTED_EDGE ( 'NONE', *, *, #300, .F. ) ;
#990 = ADVANCED_FACE ( 'NONE', ( #7396 ), #7060, .F. ) ;
#991 = CARTESIAN_POINT ( 'NONE',  ( 3.849999999999997424, 0.000000000000000000, -1.800000000000000711 ) ) ;
#992 = VECTOR ( 'NONE', #735, 1000.000000000000000 ) ;
#993 = VECTOR ( 'NONE', #5565, 1000.000000000000000 ) ;
#994 = VERTEX_POINT ( 'NONE', #1777 ) ;
#995 = LINE ( 'NONE', #108, #4583 ) ;
#996 = AXIS2_PLACEMENT_3D ( 'NONE', #5270, #8420, #4492 ) ;
#997 = DIRECTION ( 'NONE',  ( -0.000000000000000000, 0.000000000000000000, 1.000000000000000000 ) ) ;
#998 = B_SPLINE_CURVE_WITH_KNOTS ( 'NONE', 3,
 ( #6529, #2026, #5084, #1193, #5799, #5179 ),
 .UNSPECIFIED., .F., .F.,
 ( 4, 2, 4 ),
 ( 4.336808689942017736E-19, 0.0002394266293374247784, 0.0004788532586748491231 ),
 .UNSPECIFIED. ) ;
#999 = AXIS2_PLACEMENT_3D ( 'NONE', #10062, #5397, #5446 ) ;
#1000 = CARTESIAN_POINT ( 'NONE',  ( 0.000000000000000000, 0.8000000000000000444, 0.6999999999999992895 ) ) ;
#1001 = LINE ( 'NONE', #7485, #10230 ) ;
#1002 = CARTESIAN_POINT ( 'NONE',  ( -4.309095685303836021, 2.100000000000000533, 4.564297578979999770 ) ) ;
#1003 = CARTESIAN_POINT ( 'NONE',  ( 4.850000000000000533, 0.7999999999999999334, -3.100000000000000977 ) ) ;
#1004 = ORIENTED_EDGE ( 'NONE', *, *, #1910, .T. ) ;
#1005 = COLOUR_RGB ( '',0.000000000000000000, 0.5019607843137254832, 0.000000000000000000 ) ;
#1006 = VECTOR ( 'NONE', #9398, 1000.000000000000000 ) ;
#1007 = SURFACE_SIDE_STYLE ('',( #266 ) ) ;
#1008 = STYLED_ITEM ( 'NONE', ( #6416 ), #4523 ) ;
#1009 = LINE ( 'NONE', #1726, #4400 ) ;
#1010 = CARTESIAN_POINT ( 'NONE',  ( 4.850000000000000533, 2.080624847486572282, 3.499999999999998668 ) ) ;
#1011 = SURFACE_STYLE_FILL_AREA ( #3388 ) ;
#1012 = MECHANICAL_DESIGN_GEOMETRIC_PRESENTATION_REPRESENTATION (  '', ( #5297 ), #7586 ) ;
#1013 = EDGE_LOOP ( 'NONE', ( #7095, #7747, #8915, #9146 ) ) ;
#1014 = COLOUR_RGB ( '',0.8980392156862745390, 0.8980392156862745390, 0.8980392156862745390 ) ;
#1015 = EDGE_LOOP ( 'NONE', ( #2170, #1690, #7445, #9458 ) ) ;
#1016 = DIRECTION ( 'NONE',  ( -0.000000000000000000, 1.000000000000000000, -0.000000000000000000 ) ) ;
#1017 = DIRECTION ( 'NONE',  ( -1.000000000000000000, 0.000000000000000000, 1.626303258728256059E-15 ) ) ;
#1018 = SURFACE_SIDE_STYLE ('',( #4895 ) ) ;
#1019 = UNCERTAINTY_MEASURE_WITH_UNIT (LENGTH_MEASURE( 1.000000000000000082E-05 ), #3099, 'distance_accuracy_value', 'NONE');
#1020 = DIRECTION ( 'NONE',  ( -0.000000000000000000, -1.000000000000000000, 0.000000000000000000 ) ) ;
#1021 = LINE ( 'NONE', #1839, #7256 ) ;
#1022 = AXIS2_PLACEMENT_3D ( 'NONE', #3935, #7805, #1401 ) ;
#1023 = PRESENTATION_LAYER_ASSIGNMENT (  '', '', ( #1840 ) ) ;
#1024 = DIRECTION ( 'NONE',  ( -8.673617379884051249E-15, 0.000000000000000000, -1.000000000000000000 ) ) ;
#1025 = CARTESIAN_POINT ( 'NONE',  ( 3.850000000000030287, 0.8000000000000000444, 0.6999999999999992895 ) ) ;
#1026 = EDGE_CURVE ( 'NONE', #1322, #2304, #4939, .T. ) ;
#1027 = ORIENTED_EDGE ( 'NONE', *, *, #9930, .F. ) ;
#1028 = PLANE ( 'NONE',  #1533 ) ;
#1029 =( LENGTH_UNIT ( ) NAMED_UNIT ( * ) SI_UNIT ( .MILLI., .METRE. ) );
#1030 = EDGE_LOOP ( 'NONE', ( #1963, #4732, #9826, #3560 ) ) ;
#1031 = ORIENTED_EDGE ( 'NONE', *, *, #5313, .F. ) ;
#1032 = CARTESIAN_POINT ( 'NONE',  ( 4.378750921375360150, 2.300000000000000266, -4.566699647756670366 ) ) ;
#1033 = ORIENTED_EDGE ( 'NONE', *, *, #4337, .T. ) ;
#1034 = CARTESIAN_POINT ( 'NONE',  ( -4.850000000000000533, 2.080624847486572282, -2.200000000000000622 ) ) ;
#1035 = EDGE_CURVE ( 'NONE', #9340, #5056, #4271, .T. ) ;
#1036 = CARTESIAN_POINT ( 'NONE',  ( -4.850000000000001421, 2.080624847486572282, -0.7000000000000009548 ) ) ;
#1037 = DIRECTION ( 'NONE',  ( -1.000000000000000000, 0.000000000000000000, 0.000000000000000000 ) ) ;
#1038 = DIRECTION ( 'NONE',  ( -0.000000000000000000, -1.000000000000000000, -0.000000000000000000 ) ) ;
#1039 = CARTESIAN_POINT ( 'NONE',  ( -4.850000000000000533, 2.080624847486572282, -0.9000000000000014655 ) ) ;
#1040 = PRESENTATION_STYLE_ASSIGNMENT (( #8857 ) ) ;
#1041 = EDGE_CURVE ( 'NONE', #305, #5571, #9642, .T. ) ;
#1042 = ORIENTED_EDGE ( 'NONE', *, *, #10148, .T. ) ;
#1043 = CARTESIAN_POINT ( 'NONE',  ( -4.850000000000000533, 0.8000000000000000444, -1.100000000000000089 ) ) ;
#1044 = ORIENTED_EDGE ( 'NONE', *, *, #6120, .T. ) ;
#1045 = AXIS2_PLACEMENT_3D ( 'NONE', #2068, #8363, #5213 ) ;
#1046 = EDGE_CURVE ( 'NONE', #10174, #486, #3687, .T. ) ;
#1047 = PLANE ( 'NONE',  #8011 ) ;
#1048 =( GEOMETRIC_REPRESENTATION_CONTEXT ( 3 ) GLOBAL_UNCERTAINTY_ASSIGNED_CONTEXT ( ( #3715 ) ) GLOBAL_UNIT_ASSIGNED_CONTEXT ( ( #5455, #4533, #5507 ) ) REPRESENTATION_CONTEXT ( 'NONE', 'WORKASPACE' ) );
#1049 = LINE ( 'NONE', #5795, #6393 ) ;
#1050 = MECHANICAL_DESIGN_GEOMETRIC_PRESENTATION_REPRESENTATION (  '', ( #4196 ), #8148 ) ;
#1051 =( LENGTH_UNIT ( ) NAMED_UNIT ( * ) SI_UNIT ( .MILLI., .METRE. ) );
#1052 = CARTESIAN_POINT ( 'NONE',  ( -3.449999999999999289, 2.299999999999999822, -3.249999999999999112 ) ) ;
#1053 = CARTESIAN_POINT ( 'NONE',  ( -4.850000000000001421, 2.080624847486572282, 1.499999999999999556 ) ) ;
#1054 = FILL_AREA_STYLE_COLOUR ( '', #1501 ) ;
#1055 =( GEOMETRIC_REPRESENTATION_CONTEXT ( 3 ) GLOBAL_UNCERTAINTY_ASSIGNED_CONTEXT ( ( #2155 ) ) GLOBAL_UNIT_ASSIGNED_CONTEXT ( ( #465, #2858, #8197 ) ) REPRESENTATION_CONTEXT ( 'NONE', 'WORKASPACE' ) );
#1056 = ORIENTED_EDGE ( 'NONE', *, *, #9763, .F. ) ;
#1057 = SURFACE_SIDE_STYLE ('',( #9612 ) ) ;
#1058 = VECTOR ( 'NONE', #5997, 1000.000000000000000 ) ;
#1059 = CARTESIAN_POINT ( 'NONE',  ( 4.366559281606939180, 2.156818344548029120, -4.817488058945587959 ) ) ;
#1060 = ORIENTED_EDGE ( 'NONE', *, *, #3605, .F. ) ;
#1061 = AXIS2_PLACEMENT_3D ( 'NONE', #649, #2060, #5209 ) ;
#1062 = ORIENTED_EDGE ( 'NONE', *, *, #2053, .T. ) ;
#1063 = EDGE_LOOP ( 'NONE', ( #7602, #7230, #8775, #10084 ) ) ;
#1064 = DIRECTION ( 'NONE',  ( -1.000000000000000000, 0.000000000000000000, 1.626303258728256257E-15 ) ) ;
#1065 =( NAMED_UNIT ( * ) SI_UNIT ( $, .STERADIAN. ) SOLID_ANGLE_UNIT ( ) );
#1066 = DIRECTION ( 'NONE',  ( 0.000000000000000000, 0.000000000000000000, 1.000000000000000000 ) ) ;
#1067 = CARTESIAN_POINT ( 'NONE',  ( 4.850000000000030731, 0.8000000000000000444, -1.800000000000000711 ) ) ;
#1068 = CARTESIAN_POINT ( 'NONE',  ( -4.850000000000000533, 0.000000000000000000, -3.100000000000000977 ) ) ;
#1069 = VECTOR ( 'NONE', #1618, 1000.000000000000000 ) ;
#1070 = VECTOR ( 'NONE', #5195, 1000.000000000000000 ) ;
#1071 = CARTESIAN_POINT ( 'NONE',  ( -4.850000000000000533, 0.8000000000000000444, -2.200000000000000178 ) ) ;
#1072 = EDGE_CURVE ( 'NONE', #8368, #10063, #6833, .T. ) ;
#1073 = CARTESIAN_POINT ( 'NONE',  ( -3.849999999999997424, 0.000000000000000000, 4.799999999999998934 ) ) ;
#1074 = ORIENTED_EDGE ( 'NONE', *, *, #7668, .T. ) ;
#1075 = CARTESIAN_POINT ( 'NONE',  ( 4.367360711228179149, 2.073908961451461419, -4.597017172676514996 ) ) ;
#1076 = ORIENTED_EDGE ( 'NONE', *, *, #6566, .F. ) ;
#1077 = EDGE_CURVE ( 'NONE', #5483, #5411, #9182, .T. ) ;
#1078 = VECTOR ( 'NONE', #1462, 1000.000000000000000 ) ;
#1079 = CARTESIAN_POINT ( 'NONE',  ( 4.389222690360981005, 2.052198665876328931, -4.616619526214587488 ) ) ;
#1080 = VERTEX_POINT ( 'NONE', #6673 ) ;
#1081 = EDGE_CURVE ( 'NONE', #927, #9918, #3630, .T. ) ;
#1082 = CARTESIAN_POINT ( 'NONE',  ( 3.850000000000030731, 0.8000000000000000444, 1.499999999999999556 ) ) ;
#1083 = FACE_OUTER_BOUND ( 'NONE', #7435, .T. ) ;
#1084 = FILL_AREA_STYLE_COLOUR ( '', #3846 ) ;
#1085 =( NAMED_UNIT ( * ) SI_UNIT ( $, .STERADIAN. ) SOLID_ANGLE_UNIT ( ) );
#1086 = EDGE_CURVE ( 'NONE', #4881, #10020, #4310, .T. ) ;
#1087 =( LENGTH_UNIT ( ) NAMED_UNIT ( * ) SI_UNIT ( .MILLI., .METRE. ) );
#1088 =( NAMED_UNIT ( * ) PLANE_ANGLE_UNIT ( ) SI_UNIT ( $, .RADIAN. ) );
#1089 = ORIENTED_EDGE ( 'NONE', *, *, #4223, .T. ) ;
#1090 = EDGE_CURVE ( 'NONE', #6620, #2072, #4117, .T. ) ;
#1091 = CARTESIAN_POINT ( 'NONE',  ( -4.366619526214588376, 2.157639970946512165, -4.819452524890161627 ) ) ;
#1092 = VERTEX_POINT ( 'NONE', #4512 ) ;
#1093 = DIRECTION ( 'NONE',  ( 0.000000000000000000, -0.000000000000000000, -1.000000000000000000 ) ) ;
#1094 = CARTESIAN_POINT ( 'NONE',  ( -3.849999999999996092, 0.7999999999999999334, 2.899999999999999023 ) ) ;
#1095 = DIRECTION ( 'NONE',  ( -1.000000000000000000, 0.000000000000000000, 1.626303258728256059E-15 ) ) ;
#1096 = CARTESIAN_POINT ( 'NONE',  ( 0.000000000000000000, 0.8000000000000000444, 2.899999999999998135 ) ) ;
#1097 = AXIS2_PLACEMENT_3D ( 'NONE', #7104, #6636, #4230 ) ;
#1098 = FACE_OUTER_BOUND ( 'NONE', #7307, .T. ) ;
#1099 = ADVANCED_FACE ( 'NONE', ( #1302 ), #8441, .T. ) ;
#1100 =( GEOMETRIC_REPRESENTATION_CONTEXT ( 3 ) GLOBAL_UNCERTAINTY_ASSIGNED_CONTEXT ( ( #7003 ) ) GLOBAL_UNIT_ASSIGNED_CONTEXT ( ( #8860, #6310, #4767 ) ) REPRESENTATION_CONTEXT ( 'NONE', 'WORKASPACE' ) );
#1101 = EDGE_CURVE ( 'NONE', #4973, #1917, #6777, .T. ) ;
#1102 = CARTESIAN_POINT ( 'NONE',  ( -4.850000000000000533, 0.000000000000000000, -3.500000000000000444 ) ) ;
#1103 = CARTESIAN_POINT ( 'NONE',  ( -4.849999999999996092, 0.000000000000000000, -0.4000000000000019096 ) ) ;
#1104 = CIRCLE ( 'NONE', #3755, 0.1999999999999996503 ) ;
#1105 = DIRECTION ( 'NONE',  ( 0.000000000000000000, 0.000000000000000000, 1.000000000000000000 ) ) ;
#1106 = ADVANCED_FACE ( 'NONE', ( #5134 ), #5290, .F. ) ;
#1107 = VERTEX_POINT ( 'NONE', #409 ) ;
#1108 = CARTESIAN_POINT ( 'NONE',  ( 3.849999999999997424, 2.080624847486572282, -1.800000000000000711 ) ) ;
#1109 = VECTOR ( 'NONE', #5975, 1000.000000000000000 ) ;
#1110 = SURFACE_STYLE_USAGE ( .BOTH. , #2619 ) ;
#1111 = UNCERTAINTY_MEASURE_WITH_UNIT (LENGTH_MEASURE( 1.000000000000000082E-05 ), #5236, 'distance_accuracy_value', 'NONE');
#1112 = ADVANCED_FACE ( 'NONE', ( #1931 ), #8237, .F. ) ;
#1113 = DIRECTION ( 'NONE',  ( 0.000000000000000000, 1.000000000000000000, 0.000000000000000000 ) ) ;
#1114 = EDGE_CURVE ( 'NONE', #7291, #8800, #9129, .T. ) ;
#1115 = LINE ( 'NONE', #1267, #3127 ) ;
#1116 = DIRECTION ( 'NONE',  ( 1.626303258728256059E-15, 0.000000000000000000, 1.000000000000000000 ) ) ;
#1117 = CARTESIAN_POINT ( 'NONE',  ( -4.850000000000001421, 0.7999999999999999334, -4.000000000000000888 ) ) ;
#1118 = VECTOR ( 'NONE', #9691, 1000.000000000000000 ) ;
#1119 = ORIENTED_EDGE ( 'NONE', *, *, #8440, .T. ) ;
#1120 = ORIENTED_EDGE ( 'NONE', *, *, #1081, .F. ) ;
#1121 = VERTEX_POINT ( 'NONE', #4456 ) ;
#1122 =( NAMED_UNIT ( * ) SI_UNIT ( $, .STERADIAN. ) SOLID_ANGLE_UNIT ( ) );
#1123 = UNCERTAINTY_MEASURE_WITH_UNIT (LENGTH_MEASURE( 1.000000000000000082E-05 ), #33, 'distance_accuracy_value', 'NONE');
#1124 = AXIS2_PLACEMENT_3D ( 'NONE', #9859, #2030, #3578 ) ;
#1125 = CARTESIAN_POINT ( 'NONE',  ( 4.352198665876326977, 2.089222690360982959, -4.583309763107296320 ) ) ;
#1126 = VERTEX_POINT ( 'NONE', #1253 ) ;
#1127 = DIRECTION ( 'NONE',  ( -0.000000000000000000, 0.000000000000000000, 1.000000000000000000 ) ) ;
#1128 = FACE_OUTER_BOUND ( 'NONE', #3400, .T. ) ;
#1129 = PLANE ( 'NONE',  #5182 ) ;
#1130 = VECTOR ( 'NONE', #10080, 1000.000000000000000 ) ;
#1131 =( LENGTH_UNIT ( ) NAMED_UNIT ( * ) SI_UNIT ( .MILLI., .METRE. ) );
#1132 = EDGE_LOOP ( 'NONE', ( #7199, #3226, #4820, #3104 ) ) ;
#1133 = FILL_AREA_STYLE_COLOUR ( '', #4671 ) ;
#1134 = DIRECTION ( 'NONE',  ( 1.000000000000000000, 0.000000000000000000, 0.000000000000000000 ) ) ;
#1135 = ORIENTED_EDGE ( 'NONE', *, *, #4223, .F. ) ;
#1136 = CARTESIAN_POINT ( 'NONE',  ( -4.399929289321881321, 2.000000000000000444, -4.647979999999999556 ) ) ;
#1137 = COLOUR_RGB ( '',0.000000000000000000, 0.5019607843137254832, 0.000000000000000000 ) ;
#1138 = ORIENTED_EDGE ( 'NONE', *, *, #10246, .F. ) ;
#1139 = PLANE ( 'NONE',  #6273 ) ;
#1140 = DIRECTION ( 'NONE',  ( 1.000000000000000000, -1.219532110926280296E-47, -1.991647080244468484E-31 ) ) ;
#1141 = CARTESIAN_POINT ( 'NONE',  ( -4.399929289321881321, 0.7999999999999997113, 4.850000000000003197 ) ) ;
#1142 = ADVANCED_FACE ( 'NONE', ( #4402 ), #515, .T. ) ;
#1143 = VECTOR ( 'NONE', #7322, 1000.000000000000000 ) ;
#1144 = DIRECTION ( 'NONE',  ( 0.000000000000000000, -0.000000000000000000, -1.000000000000000000 ) ) ;
#1145 = FACE_OUTER_BOUND ( 'NONE', #1238, .T. ) ;
#1146 = DIRECTION ( 'NONE',  ( 0.000000000000000000, 0.000000000000000000, 1.000000000000000000 ) ) ;
#1147 = AXIS2_PLACEMENT_3D ( 'NONE', #776, #1761, #4105 ) ;
#1148 = AXIS2_PLACEMENT_3D ( 'NONE', #3807, #1372, #3117 ) ;
#1149 = CARTESIAN_POINT ( 'NONE',  ( -3.849999999999996092, 2.080624847486572282, 0.6999999999999992895 ) ) ;
#1150 = ORIENTED_EDGE ( 'NONE', *, *, #8356, .T. ) ;
#1151 = DIRECTION ( 'NONE',  ( 0.000000000000000000, -1.000000000000000000, 0.000000000000000000 ) ) ;
#1152 = DIRECTION ( 'NONE',  ( 0.000000000000000000, 1.000000000000000000, 0.000000000000000000 ) ) ;
#1153 = ORIENTED_EDGE ( 'NONE', *, *, #3439, .T. ) ;
#1154 = LINE ( 'NONE', #3436, #3694 ) ;
#1155 = CARTESIAN_POINT ( 'NONE',  ( -4.850000000000000533, 0.8000000000000000444, -5.500000000000002665 ) ) ;
#1156 = AXIS2_PLACEMENT_3D ( 'NONE', #5137, #5862, #4122 ) ;
#1157 = AXIS2_PLACEMENT_3D ( 'NONE', #499, #2984, #9318 ) ;
#1158 =( GEOMETRIC_REPRESENTATION_CONTEXT ( 3 ) GLOBAL_UNCERTAINTY_ASSIGNED_CONTEXT ( ( #8464 ) ) GLOBAL_UNIT_ASSIGNED_CONTEXT ( ( #6321, #113, #9493 ) ) REPRESENTATION_CONTEXT ( 'NONE', 'WORKASPACE' ) );
#1159 = FILL_AREA_STYLE_COLOUR ( '', #7862 ) ;
#1160 = ADVANCED_FACE ( 'NONE', ( #9488 ), #8707, .F. ) ;
#1161 = LINE ( 'NONE', #4128, #7711 ) ;
#1162 = DIRECTION ( 'NONE',  ( -0.000000000000000000, -1.000000000000000000, -0.000000000000000000 ) ) ;
#1163 = ADVANCED_FACE ( 'NONE', ( #6316 ), #627, .F. ) ;
#1164 = EDGE_CURVE ( 'NONE', #7119, #7894, #3057, .T. ) ;
#1165 = FILL_AREA_STYLE_COLOUR ( '', #8058 ) ;
#1166 = COLOUR_RGB ( '',0.8980392156862745390, 0.8980392156862745390, 0.8980392156862745390 ) ;
#1167 = LINE ( 'NONE', #4322, #3033 ) ;
#1168 = EDGE_CURVE ( 'NONE', #4874, #175, #9881, .T. ) ;
#1169 = VERTEX_POINT ( 'NONE', #7033 ) ;
#1170 = ORIENTED_EDGE ( 'NONE', *, *, #763, .T. ) ;
#1171 = CARTESIAN_POINT ( 'NONE',  ( 0.000000000000000000, 0.8000000000000000444, -2.900000000000000799 ) ) ;
#1172 = ORIENTED_EDGE ( 'NONE', *, *, #9896, .F. ) ;
#1173 = FACE_OUTER_BOUND ( 'NONE', #1869, .T. ) ;
#1174 = VECTOR ( 'NONE', #10054, 1000.000000000000000 ) ;
#1175 = CARTESIAN_POINT ( 'NONE',  ( 4.299999999999998934, 2.100000000000000089, -4.549999999999999822 ) ) ;
#1176 = ORIENTED_EDGE ( 'NONE', *, *, #9698, .T. ) ;
#1177 = CARTESIAN_POINT ( 'NONE',  ( -3.849999999999986322, 0.8000000000000000444, 3.699999999999998401 ) ) ;
#1178 = CARTESIAN_POINT ( 'NONE',  ( -1.984314575050761364, 0.8000000000000000444, -5.049999999999999822 ) ) ;
#1179 = CARTESIAN_POINT ( 'NONE',  ( 4.850000000000001421, 0.000000000000000000, -1.800000000000000711 ) ) ;
#1180 = VERTEX_POINT ( 'NONE', #10198 ) ;
#1181 = SURFACE_STYLE_USAGE ( .BOTH. , #3365 ) ;
#1182 = PRESENTATION_STYLE_ASSIGNMENT (( #9069 ) ) ;
#1183 = ORIENTED_EDGE ( 'NONE', *, *, #3762, .F. ) ;
#1184 = CARTESIAN_POINT ( 'NONE',  ( -4.399929289321881321, 2.000000000000000444, -4.649999999999999467 ) ) ;
#1185 = VECTOR ( 'NONE', #7123, 1000.000000000000000 ) ;
#1186 = EDGE_LOOP ( 'NONE', ( #9482, #6405, #10163, #1828 ) ) ;
#1187 = B_SPLINE_SURFACE_WITH_KNOTS ( 'NONE', 1, 3, ( 
 ( #3666, #610, #5370, #2070, #5933, #2889 ),
 ( #9934, #7695, #9986, #10088, #8533, #9263 ),
 ( #7523, #9112, #1287, #4437, #6035, #4386 ),
 ( #2117, #497, #8314, #6810, #1235, #3608 ) ),
 .UNSPECIFIED., .F., .F., .F.,
 ( 2, 1, 1, 2 ),
 ( 4, 2, 4 ),
 ( -0.01000000000000000021, 0.000000000000000000, 1.000000000000000000, 1.010099999999999998 ),
 ( 0.000000000000000000, 0.5000000000000000000, 1.000000000000000000 ),
 .UNSPECIFIED. ) ;
#1188 = FACE_OUTER_BOUND ( 'NONE', #5256, .T. ) ;
#1189 = CARTESIAN_POINT ( 'NONE',  ( 4.849999999999998757, 0.000000000000000000, -0.2000000000000005107 ) ) ;
#1190 = LINE ( 'NONE', #2124, #4410 ) ;
#1191 = CARTESIAN_POINT ( 'NONE',  ( -3.849999999999997424, 0.000000000000000000, 3.699999999999999289 ) ) ;
#1192 = CARTESIAN_POINT ( 'NONE',  ( 4.850000000000001421, 0.000000000000000000, 1.499999999999999556 ) ) ;
#1193 = CARTESIAN_POINT ( 'NONE',  ( 4.456818344548027611, 2.267488058945590801, -4.583370007714943739 ) ) ;
#1194 = DIRECTION ( 'NONE',  ( -0.000000000000000000, -1.000000000000000000, 0.000000000000000000 ) ) ;
#1195 =( GEOMETRIC_REPRESENTATION_CONTEXT ( 3 ) GLOBAL_UNCERTAINTY_ASSIGNED_CONTEXT ( ( #8259 ) ) GLOBAL_UNIT_ASSIGNED_CONTEXT ( ( #3315, #4715, #10191 ) ) REPRESENTATION_CONTEXT ( 'NONE', 'WORKASPACE' ) );
#1196 = CARTESIAN_POINT ( 'NONE',  ( -4.850000000000000533, 0.7999999999999999334, 3.299999999999998934 ) ) ;
#1197 = EDGE_CURVE ( 'NONE', #3383, #1946, #2342, .T. ) ;
#1198 =( LENGTH_UNIT ( ) NAMED_UNIT ( * ) SI_UNIT ( .MILLI., .METRE. ) );
#1199 = ORIENTED_EDGE ( 'NONE', *, *, #3841, .T. ) ;
#1200 = DIRECTION ( 'NONE',  ( 0.000000000000000000, 1.000000000000000000, 0.000000000000000000 ) ) ;
#1201 = VERTEX_POINT ( 'NONE', #4720 ) ;
#1202 = VECTOR ( 'NONE', #4477, 1000.000000000000000 ) ;
#1203 = DIRECTION ( 'NONE',  ( 0.000000000000000000, -0.000000000000000000, -1.000000000000000000 ) ) ;
#1204 = CARTESIAN_POINT ( 'NONE',  ( 4.299999999999999822, 2.100000000000000089, 0.000000000000000000 ) ) ;
#1205 = EDGE_CURVE ( 'NONE', #4000, #5571, #7866, .T. ) ;
#1206 = EDGE_CURVE ( 'NONE', #7112, #8720, #4253, .T. ) ;
#1207 = FILL_AREA_STYLE ('',( #1159 ) ) ;
#1208 = VERTEX_POINT ( 'NONE', #1765 ) ;
#1209 = DIRECTION ( 'NONE',  ( -0.000000000000000000, -1.000000000000000000, 0.000000000000000000 ) ) ;
#1210 = VECTOR ( 'NONE', #6006, 1000.000000000000000 ) ;
#1211 = LINE ( 'NONE', #4276, #4137 ) ;
#1212 = LINE ( 'NONE', #4278, #3764 ) ;
#1213 = CARTESIAN_POINT ( 'NONE',  ( -4.601999999999999424, 2.079276107729748801, -4.633229526919886432 ) ) ;
#1214 = MECHANICAL_DESIGN_GEOMETRIC_PRESENTATION_REPRESENTATION (  '', ( #6168 ), #3874 ) ;
#1215 = ORIENTED_EDGE ( 'NONE', *, *, #7474, .T. ) ;
#1216 = ORIENTED_EDGE ( 'NONE', *, *, #4150, .F. ) ;
#1217 = DIRECTION ( 'NONE',  ( -1.000000000000000000, 0.000000000000000000, 0.000000000000000000 ) ) ;
#1218 = ORIENTED_EDGE ( 'NONE', *, *, #4409, .T. ) ;
#1219 = DIRECTION ( 'NONE',  ( 0.000000000000000000, -1.000000000000000000, 0.000000000000000000 ) ) ;
#1220 = UNCERTAINTY_MEASURE_WITH_UNIT (LENGTH_MEASURE( 1.000000000000000082E-05 ), #443, 'distance_accuracy_value', 'NONE');
#1221 = EDGE_CURVE ( 'NONE', #4000, #1126, #4667, .T. ) ;
#1222 =( GEOMETRIC_REPRESENTATION_CONTEXT ( 3 ) GLOBAL_UNCERTAINTY_ASSIGNED_CONTEXT ( ( #6497 ) ) GLOBAL_UNIT_ASSIGNED_CONTEXT ( ( #7457, #8105, #9046 ) ) REPRESENTATION_CONTEXT ( 'NONE', 'WORKASPACE' ) );
#1223 = CARTESIAN_POINT ( 'NONE',  ( 4.325701847718431914, 2.097980000000000178, 4.566688067432193243 ) ) ;
#1224 = CIRCLE ( 'NONE', #6997, 0.1999999999999996503 ) ;
#1225 = FILL_AREA_STYLE_COLOUR ( '', #8517 ) ;
#1226 = ORIENTED_EDGE ( 'NONE', *, *, #1523, .F. ) ;
#1227 = DIRECTION ( 'NONE',  ( -0.000000000000000000, -1.000000000000000000, -0.000000000000000000 ) ) ;
#1228 =( NAMED_UNIT ( * ) SI_UNIT ( $, .STERADIAN. ) SOLID_ANGLE_UNIT ( ) );
#1229 = LINE ( 'NONE', #5978, #9241 ) ;
#1231 = VECTOR ( 'NONE', #2134, 1000.000000000000000 ) ;
#1230 = FACE_OUTER_BOUND ( 'NONE', #8898, .T. ) ;
#1232 =( GEOMETRIC_REPRESENTATION_CONTEXT ( 3 ) GLOBAL_UNCERTAINTY_ASSIGNED_CONTEXT ( ( #8885 ) ) GLOBAL_UNIT_ASSIGNED_CONTEXT ( ( #1507, #4664, #7864 ) ) REPRESENTATION_CONTEXT ( 'NONE', 'WORKASPACE' ) );
#1233 = CARTESIAN_POINT ( 'NONE',  ( 0.000000000000000000, 0.8000000000000000444, -0.4000000000000010214 ) ) ;
#1234 = ORIENTED_EDGE ( 'NONE', *, *, #5556, .F. ) ;
#1235 = CARTESIAN_POINT ( 'NONE',  ( 4.316688067432191467, 2.097979999999999734, -4.575701847718432802 ) ) ;
#1236 = EDGE_CURVE ( 'NONE', #8167, #6549, #9599, .T. ) ;
#1237 = CARTESIAN_POINT ( 'NONE',  ( -4.849999999999990763, 0.8000000000000000444, 0.000000000000000000 ) ) ;
#1238 = EDGE_LOOP ( 'NONE', ( #8417, #10039, #3299, #6899 ) ) ;
#1239 = CARTESIAN_POINT ( 'NONE',  ( -4.399929289321881321, 2.000000000000002220, -4.850000000000001421 ) ) ;
#1240 = VERTEX_POINT ( 'NONE', #1662 ) ;
#1241 = VECTOR ( 'NONE', #8919, 1000.000000000000000 ) ;
#1242 = AXIS2_PLACEMENT_3D ( 'NONE', #9570, #4748, #707 ) ;
#1243 = SURFACE_STYLE_USAGE ( .BOTH. , #4991 ) ;
#1244 = FACE_OUTER_BOUND ( 'NONE', #1782, .T. ) ;
#1245 = ADVANCED_FACE ( 'NONE', ( #8032 ), #3376, .T. ) ;
#1246 = CARTESIAN_POINT ( 'NONE',  ( -3.849999999999905498, 0.8000000000000000444, -4.800000000000002487 ) ) ;
#1247 = DIRECTION ( 'NONE',  ( -0.000000000000000000, 0.000000000000000000, 1.000000000000000000 ) ) ;
#1248 = SURFACE_STYLE_FILL_AREA ( #3789 ) ;
#1249 = CARTESIAN_POINT ( 'NONE',  ( -3.849999999999986322, 0.000000000000000000, 3.699999999999998401 ) ) ;
#1250 = CARTESIAN_POINT ( 'NONE',  ( -4.850000000000000533, 0.000000000000000000, 0.1999999999999987899 ) ) ;
#1251 = DIRECTION ( 'NONE',  ( -0.000000000000000000, -1.000000000000000000, -0.000000000000000000 ) ) ;
#1252 = CARTESIAN_POINT ( 'NONE',  ( -4.849999999999958789, 0.000000000000000000, -5.049999999999999822 ) ) ;
#1253 = CARTESIAN_POINT ( 'NONE',  ( -4.299999999999999822, 2.299999999999999822, -4.549999999999998934 ) ) ;
#1254 = VERTEX_POINT ( 'NONE', #2492 ) ;
#1255 = FACE_OUTER_BOUND ( 'NONE', #3865, .T. ) ;
#1256 = VECTOR ( 'NONE', #9623, 1000.000000000000000 ) ;
#1257 = APPLICATION_PROTOCOL_DEFINITION ( 'draft international standard', 'automotive_design', 1998, #7006 ) ;
#1258 =( LENGTH_UNIT ( ) NAMED_UNIT ( * ) SI_UNIT ( .MILLI., .METRE. ) );
#1259 = ORIENTED_EDGE ( 'NONE', *, *, #9082, .T. ) ;
#1260 = EDGE_CURVE ( 'NONE', #339, #10199, #7387, .T. ) ;
#1261 = DIRECTION ( 'NONE',  ( -0.000000000000000000, -1.000000000000000000, -0.000000000000000000 ) ) ;
#1262 = EDGE_CURVE ( 'NONE', #2735, #938, #2545, .T. ) ;
#1263 = CARTESIAN_POINT ( 'NONE',  ( -4.367360711228179149, 2.073908961451461419, 4.597017172676514996 ) ) ;
#1264 = ORIENTED_EDGE ( 'NONE', *, *, #9170, .T. ) ;
#1265 = CARTESIAN_POINT ( 'NONE',  ( -4.850000000000000533, 0.000000000000000000, -2.200000000000000622 ) ) ;
#1266 = VECTOR ( 'NONE', #4298, 1000.000000000000000 ) ;
#1267 = CARTESIAN_POINT ( 'NONE',  ( 3.849999999999997424, 2.080624847486572282, 0.3999999999999993006 ) ) ;
#1268 = VECTOR ( 'NONE', #3784, 1000.000000000000000 ) ;
#1269 = PLANE ( 'NONE',  #2112 ) ;
#1270 = ORIENTED_EDGE ( 'NONE', *, *, #1164, .F. ) ;
#1271 = AXIS2_PLACEMENT_3D ( 'NONE', #8466, #1382, #4538 ) ;
#1272 = EDGE_LOOP ( 'NONE', ( #6865, #6505, #9297, #6510, #3944, #6994 ) ) ;
#1273 = CARTESIAN_POINT ( 'NONE',  ( 4.850000000000001421, 0.8000000000000000444, 5.049999999999999822 ) ) ;
#1274 = ORIENTED_EDGE ( 'NONE', *, *, #7924, .T. ) ;
#1275 = EDGE_CURVE ( 'NONE', #6538, #8783, #8865, .T. ) ;
#1276 = CYLINDRICAL_SURFACE ( 'NONE', #7269, 0.4000000000000006328 ) ;
#1277 = DIRECTION ( 'NONE',  ( 0.000000000000000000, 0.000000000000000000, -1.000000000000000000 ) ) ;
#1278 = LINE ( 'NONE', #1627, #4375 ) ;
#1279 = ORIENTED_EDGE ( 'NONE', *, *, #3267, .T. ) ;
#1280 = PLANE ( 'NONE',  #3478 ) ;
#1281 = SURFACE_SIDE_STYLE ('',( #2162 ) ) ;
#1282 = VECTOR ( 'NONE', #6684, 1000.000000000000000 ) ;
#1283 = DIRECTION ( 'NONE',  ( -8.673617379884051249E-15, 0.000000000000000000, -1.000000000000000000 ) ) ;
#1284 = ORIENTED_EDGE ( 'NONE', *, *, #3160, .F. ) ;
#1285 = CARTESIAN_POINT ( 'NONE',  ( 0.000000000000000000, 1.617963242016830519E-14, -4.650000000000006573 ) ) ;
#1286 = VERTEX_POINT ( 'NONE', #5648 ) ;
#1287 = CARTESIAN_POINT ( 'NONE',  ( 4.366619526214588376, 2.052198665876328487, -4.639222690360981005 ) ) ;
#1288 = EDGE_CURVE ( 'NONE', #8771, #628, #1049, .T. ) ;
#1289 = ORIENTED_EDGE ( 'NONE', *, *, #4802, .T. ) ;
#1290 = CARTESIAN_POINT ( 'NONE',  ( 4.850000000000000533, 2.080624847486572282, 4.599999999999998757 ) ) ;
#1291 =( GEOMETRIC_REPRESENTATION_CONTEXT ( 3 ) GLOBAL_UNCERTAINTY_ASSIGNED_CONTEXT ( ( #804 ) ) GLOBAL_UNIT_ASSIGNED_CONTEXT ( ( #449, #8373, #4496 ) ) REPRESENTATION_CONTEXT ( 'NONE', 'WORKASPACE' ) );
#1292 = EDGE_CURVE ( 'NONE', #10095, #6091, #995, .T. ) ;
#1293 = ORIENTED_EDGE ( 'NONE', *, *, #1745, .F. ) ;
#1294 = CARTESIAN_POINT ( 'NONE',  ( 4.399929289321881321, 1.999999999999999556, -4.549999999999998934 ) ) ;
#1295 = CARTESIAN_POINT ( 'NONE',  ( 3.849999999999996980, 0.8000000000000000444, 0.6999999999999992895 ) ) ;
#1296 = CARTESIAN_POINT ( 'NONE',  ( 4.299999999999999822, 2.300000000000000711, 4.549999999999998934 ) ) ;
#1297 = LINE ( 'NONE', #9329, #4346 ) ;
#1298 = FACE_OUTER_BOUND ( 'NONE', #521, .T. ) ;
#1299 = EDGE_CURVE ( 'NONE', #5009, #5521, #256, .T. ) ;
#1300 = PLANE ( 'NONE',  #323 ) ;
#1301 = CARTESIAN_POINT ( 'NONE',  ( -3.849999999999940137, 0.000000000000000000, -0.7000000000000018430 ) ) ;
#1302 = FACE_OUTER_BOUND ( 'NONE', #7889, .T. ) ;
#1303 = ORIENTED_EDGE ( 'NONE', *, *, #4887, .F. ) ;
#1304 = LINE ( 'NONE', #6835, #8843 ) ;
#1305 = MECHANICAL_DESIGN_GEOMETRIC_PRESENTATION_REPRESENTATION (  '', ( #5605 ), #9594 ) ;
#1306 = PLANE ( 'NONE',  #2540 ) ;
#1307 = DIRECTION ( 'NONE',  ( 0.000000000000000000, 0.000000000000000000, 1.000000000000000000 ) ) ;
#1308 =( NAMED_UNIT ( * ) SI_UNIT ( $, .STERADIAN. ) SOLID_ANGLE_UNIT ( ) );
#1309 = VERTEX_POINT ( 'NONE', #4163 ) ;
#1310 = DIRECTION ( 'NONE',  ( 0.000000000000000000, 1.000000000000000000, 0.000000000000000000 ) ) ;
#1311 = CARTESIAN_POINT ( 'NONE',  ( 4.850000000000000533, 0.7999999999999999334, 1.299999999999999156 ) ) ;
#1312 = EDGE_LOOP ( 'NONE', ( #6219, #1778, #7554, #1677 ) ) ;
#1313 = CARTESIAN_POINT ( 'NONE',  ( -4.850000000000001421, 0.000000000000000000, 5.049999999999999822 ) ) ;
#1314 = AXIS2_PLACEMENT_3D ( 'NONE', #6667, #7300, #214 ) ;
#1315 = VECTOR ( 'NONE', #9195, 1000.000000000000000 ) ;
#1316 = PLANE ( 'NONE',  #1148 ) ;
#1317 = LINE ( 'NONE', #9914, #9556 ) ;
#1318 = CARTESIAN_POINT ( 'NONE',  ( -3.849999999999996092, 2.080624847486572282, 3.999999999999999112 ) ) ;
#1319 = COLOUR_RGB ( '',0.000000000000000000, 0.5019607843137254832, 0.000000000000000000 ) ;
#1320 = STYLED_ITEM ( 'NONE', ( #7898 ), #6956 ) ;
#1321 = VECTOR ( 'NONE', #6714, 1000.000000000000000 ) ;
#1322 = VERTEX_POINT ( 'NONE', #1874 ) ;
#1323 = AXIS2_PLACEMENT_3D ( 'NONE', #7760, #9175, #8492 ) ;
#1324 = ORIENTED_EDGE ( 'NONE', *, *, #4755, .T. ) ;
#1325 = VERTEX_POINT ( 'NONE', #6476 ) ;
#1326 = CARTESIAN_POINT ( 'NONE',  ( -4.850000000000001421, 0.8000000000000000444, -2.600000000000001421 ) ) ;
#1327 = UNCERTAINTY_MEASURE_WITH_UNIT (LENGTH_MEASURE( 1.000000000000000082E-05 ), #9670, 'distance_accuracy_value', 'NONE');
#1328 = CARTESIAN_POINT ( 'NONE',  ( -3.849999999999951683, 0.000000000000000000, 0.3999999999999985789 ) ) ;
#1329 = ORIENTED_EDGE ( 'NONE', *, *, #1393, .F. ) ;
#1330 = DIRECTION ( 'NONE',  ( -1.000000000000000000, 0.000000000000000000, -0.000000000000000000 ) ) ;
#1331 = VECTOR ( 'NONE', #9608, 1000.000000000000000 ) ;
#1332 = STYLED_ITEM ( 'NONE', ( #3024 ), #4627 ) ;
#1333 = LINE ( 'NONE', #9882, #2096 ) ;
#1334 = DIRECTION ( 'NONE',  ( 1.626303258728256257E-15, 0.000000000000000000, 1.000000000000000000 ) ) ;
#1335 = ADVANCED_FACE ( 'NONE', ( #8810 ), #5032, .T. ) ;
#1336 = FACE_OUTER_BOUND ( 'NONE', #1377, .T. ) ;
#1337 = ORIENTED_EDGE ( 'NONE', *, *, #9845, .T. ) ;
#1338 = DIRECTION ( 'NONE',  ( 0.000000000000000000, 3.336006684570780538E-15, -1.000000000000000000 ) ) ;
#1339 = ORIENTED_EDGE ( 'NONE', *, *, #4731, .T. ) ;
#1340 = VECTOR ( 'NONE', #6561, 1000.000000000000000 ) ;
#1341 = CARTESIAN_POINT ( 'NONE',  ( 4.850000000000000533, 0.000000000000000000, -0.9000000000000014655 ) ) ;
#1342 = DIRECTION ( 'NONE',  ( 0.000000000000000000, 0.000000000000000000, -1.000000000000000000 ) ) ;
#1343 = ORIENTED_EDGE ( 'NONE', *, *, #9823, .T. ) ;
#1344 = EDGE_CURVE ( 'NONE', #10199, #4188, #944, .T. ) ;
#1345 = CARTESIAN_POINT ( 'NONE',  ( -3.849999999999963229, 0.8000000000000000444, 1.499999999999998668 ) ) ;
#1346 = EDGE_CURVE ( 'NONE', #7259, #4943, #307, .T. ) ;
#1347 = ORIENTED_EDGE ( 'NONE', *, *, #697, .T. ) ;
#1348 = CARTESIAN_POINT ( 'NONE',  ( -3.849999999999997424, 0.8000000000000000444, 0.000000000000000000 ) ) ;
#1349 = LINE ( 'NONE', #559, #2312 ) ;
#1350 = CYLINDRICAL_SURFACE ( 'NONE', #6228, 0.2999999999999999334 ) ;
#1351 = VECTOR ( 'NONE', #1140, 1000.000000000000000 ) ;
#1352 = DIRECTION ( 'NONE',  ( 1.626303258728256059E-15, 0.000000000000000000, -1.000000000000000000 ) ) ;
#1353 = EDGE_CURVE ( 'NONE', #8783, #6620, #6423, .T. ) ;
#1354 = CARTESIAN_POINT ( 'NONE',  ( 4.850000000000019185, 0.8000000000000000444, 0.000000000000000000 ) ) ;
#1355 = DIRECTION ( 'NONE',  ( 1.000000000000000000, 0.000000000000000000, 0.000000000000000000 ) ) ;
#1356 = DIRECTION ( 'NONE',  ( 1.000000000000000000, -0.000000000000000000, 0.000000000000000000 ) ) ;
#1357 =( NAMED_UNIT ( * ) PLANE_ANGLE_UNIT ( ) SI_UNIT ( $, .RADIAN. ) );
#1358 = EDGE_CURVE ( 'NONE', #2256, #5726, #2596, .T. ) ;
#1359 = CARTESIAN_POINT ( 'NONE',  ( -3.849999999999997424, 2.080624847486572282, -4.000000000000000888 ) ) ;
#1360 =( NAMED_UNIT ( * ) PLANE_ANGLE_UNIT ( ) SI_UNIT ( $, .RADIAN. ) );
#1361 = VERTEX_POINT ( 'NONE', #5744 ) ;
#1362 = CARTESIAN_POINT ( 'NONE',  ( -3.849999999999929035, 0.8000000000000000444, -1.800000000000001155 ) ) ;
#1363 = DIRECTION ( 'NONE',  ( 0.000000000000000000, 0.000000000000000000, 1.000000000000000000 ) ) ;
#1364 = STYLED_ITEM ( 'NONE', ( #4339 ), #2565 ) ;
#1365 = SURFACE_STYLE_FILL_AREA ( #7718 ) ;
#1366 = VERTEX_POINT ( 'NONE', #8918 ) ;
#1367 = CARTESIAN_POINT ( 'NONE',  ( 4.850000000000000533, 0.000000000000000000, -1.100000000000001199 ) ) ;
#1368 = CARTESIAN_POINT ( 'NONE',  ( -3.849999999999940137, 0.8000000000000000444, -1.500000000000002220 ) ) ;
#1369 = ORIENTED_EDGE ( 'NONE', *, *, #9411, .F. ) ;
#1370 = LINE ( 'NONE', #5248, #6175 ) ;
#1371 = VECTOR ( 'NONE', #5789, 1000.000000000000000 ) ;
#1372 = DIRECTION ( 'NONE',  ( 0.000000000000000000, -1.000000000000000000, 0.000000000000000000 ) ) ;
#1373 = SURFACE_SIDE_STYLE ('',( #4527 ) ) ;
#1374 = CARTESIAN_POINT ( 'NONE',  ( -4.850000000000000533, 0.8000000000000000444, 4.799999999999998934 ) ) ;
#1375 = VECTOR ( 'NONE', #9, 1000.000000000000000 ) ;
#1376 = EDGE_LOOP ( 'NONE', ( #8804, #7089, #5055, #8469 ) ) ;
#1377 = EDGE_LOOP ( 'NONE', ( #3463, #4542, #8223, #1076, #218, #710 ) ) ;
#1378 = LINE ( 'NONE', #5610, #3188 ) ;
#1379 = VERTEX_POINT ( 'NONE', #3328 ) ;
#1380 = AXIS2_PLACEMENT_3D ( 'NONE', #3997, #7135, #5598 ) ;
#1381 = DIRECTION ( 'NONE',  ( 0.000000000000000000, -0.000000000000000000, -1.000000000000000000 ) ) ;
#1382 = DIRECTION ( 'NONE',  ( 0.000000000000000000, -1.000000000000000000, 0.000000000000000000 ) ) ;
#1383 = CARTESIAN_POINT ( 'NONE',  ( -4.567488058945588847, 2.156818344548029120, -4.616559281606940957 ) ) ;
#1384 = VERTEX_POINT ( 'NONE', #5695 ) ;
#1385 = CARTESIAN_POINT ( 'NONE',  ( 4.850000000000020073, 0.8000000000000000444, 0.3999999999999993006 ) ) ;
#1386 = MECHANICAL_DESIGN_GEOMETRIC_PRESENTATION_REPRESENTATION (  '', ( #8996 ), #2377 ) ;
#1387 = PRESENTATION_STYLE_ASSIGNMENT (( #657 ) ) ;
#1388 = ORIENTED_EDGE ( 'NONE', *, *, #8002, .T. ) ;
#1389 = ORIENTED_EDGE ( 'NONE', *, *, #437, .T. ) ;
#1390 = VECTOR ( 'NONE', #4474, 1000.000000000000000 ) ;
#1391 =( NAMED_UNIT ( * ) SI_UNIT ( $, .STERADIAN. ) SOLID_ANGLE_UNIT ( ) );
#1392 = VERTEX_POINT ( 'NONE', #2441 ) ;
#1393 = EDGE_CURVE ( 'NONE', #1092, #8519, #3616, .T. ) ;
#1394 = PLANE ( 'NONE',  #8875 ) ;
#1395 = ORIENTED_EDGE ( 'NONE', *, *, #3184, .F. ) ;
#1396 =( NAMED_UNIT ( * ) SI_UNIT ( $, .STERADIAN. ) SOLID_ANGLE_UNIT ( ) );
#1397 = DIRECTION ( 'NONE',  ( 1.000000000000000000, 0.000000000000000000, -4.336808689942006692E-15 ) ) ;
#1398 =( GEOMETRIC_REPRESENTATION_CONTEXT ( 3 ) GLOBAL_UNCERTAINTY_ASSIGNED_CONTEXT ( ( #1111 ) ) GLOBAL_UNIT_ASSIGNED_CONTEXT ( ( #5236, #6728, #4458 ) ) REPRESENTATION_CONTEXT ( 'NONE', 'WORKASPACE' ) );
#1399 = AXIS2_PLACEMENT_3D ( 'NONE', #10015, #2041, #10117 ) ;
#1400 = COLOUR_RGB ( '',0.8980392156862745390, 0.8980392156862745390, 0.8980392156862745390 ) ;
#1401 = DIRECTION ( 'NONE',  ( 0.000000000000000000, 0.000000000000000000, 1.000000000000000000 ) ) ;
#1402 = EDGE_CURVE ( 'NONE', #859, #4721, #1190, .T. ) ;
#1403 =( NAMED_UNIT ( * ) PLANE_ANGLE_UNIT ( ) SI_UNIT ( $, .RADIAN. ) );
#1404 = LINE ( 'NONE', #3620, #5510 ) ;
#1405 = CARTESIAN_POINT ( 'NONE',  ( 3.850000000000008527, 0.000000000000000000, 2.899999999999999023 ) ) ;
#1406 = CARTESIAN_POINT ( 'NONE',  ( -4.849999999999996092, 0.000000000000000000, 3.699999999999998401 ) ) ;
#1407 = PLANE ( 'NONE',  #1147 ) ;
#1408 = VECTOR ( 'NONE', #7155, 1000.000000000000000 ) ;
#1409 = AXIS2_PLACEMENT_3D ( 'NONE', #4928, #5796, #8969 ) ;
#1410 = CARTESIAN_POINT ( 'NONE',  ( 4.850000000000004086, 0.000000000000000000, 3.999999999999999112 ) ) ;
#1411 = LINE ( 'NONE', #6983, #2838 ) ;
#1412 = VERTEX_POINT ( 'NONE', #5174 ) ;
#1413 = DIRECTION ( 'NONE',  ( -4.336808689942006692E-15, 0.000000000000000000, -1.000000000000000000 ) ) ;
#1414 = DIRECTION ( 'NONE',  ( 0.000000000000000000, 0.000000000000000000, 1.000000000000000000 ) ) ;
#1415 = CARTESIAN_POINT ( 'NONE',  ( 4.850000000000001421, 0.000000000000000000, 3.699999999999999734 ) ) ;
#1416 = VERTEX_POINT ( 'NONE', #9221 ) ;
#1417 = LINE ( 'NONE', #7720, #2968 ) ;
#1418 = DIRECTION ( 'NONE',  ( 0.000000000000000000, 0.000000000000000000, -1.000000000000000000 ) ) ;
#1419 = ORIENTED_EDGE ( 'NONE', *, *, #9823, .F. ) ;
#1420 = ADVANCED_FACE ( 'NONE', ( #5078 ), #1350, .T. ) ;
#1421 = EDGE_CURVE ( 'NONE', #3657, #3597, #6042, .T. ) ;
#1422 = CARTESIAN_POINT ( 'NONE',  ( -3.849999999999986766, 0.8000000000000000444, 0.000000000000000000 ) ) ;
#1423 = DIRECTION ( 'NONE',  ( 0.000000000000000000, -0.000000000000000000, -1.000000000000000000 ) ) ;
#1424 = B_SPLINE_CURVE_WITH_KNOTS ( 'NONE', 3,
 ( #8380, #621, #2951, #3622, #1454, #6979 ),
 .UNSPECIFIED., .F., .F.,
 ( 4, 2, 4 ),
 ( 8.673617379884035472E-19, 0.0002394266293374270010, 0.0004788532586748531347 ),
 .UNSPECIFIED. ) ;
#1425 = ORIENTED_EDGE ( 'NONE', *, *, #5687, .T. ) ;
#1426 = ORIENTED_EDGE ( 'NONE', *, *, #7582, .T. ) ;
#1427 = VERTEX_POINT ( 'NONE', #5121 ) ;
#1428 = ADVANCED_FACE ( 'NONE', ( #3570 ), #3675, .F. ) ;
#1429 = AXIS2_PLACEMENT_3D ( 'NONE', #8914, #7384, #445 ) ;
#1430 = DIRECTION ( 'NONE',  ( 0.000000000000000000, 0.000000000000000000, -1.000000000000000000 ) ) ;
#1431 = EDGE_CURVE ( 'NONE', #2822, #4221, #4499, .T. ) ;
#1432 = DIRECTION ( 'NONE',  ( -0.000000000000000000, 1.000000000000000000, -0.000000000000000000 ) ) ;
#1433 = VERTEX_POINT ( 'NONE', #5993 ) ;
#1434 = FILL_AREA_STYLE ('',( #7515 ) ) ;
#1435 = CARTESIAN_POINT ( 'NONE',  ( -4.850000000000000533, 2.080624847486572282, 4.399999999999999467 ) ) ;
#1436 = VECTOR ( 'NONE', #10028, 1000.000000000000000 ) ;
#1437 = DIRECTION ( 'NONE',  ( -0.000000000000000000, 0.000000000000000000, 1.000000000000000000 ) ) ;
#1438 =( GEOMETRIC_REPRESENTATION_CONTEXT ( 3 ) GLOBAL_UNCERTAINTY_ASSIGNED_CONTEXT ( ( #9817 ) ) GLOBAL_UNIT_ASSIGNED_CONTEXT ( ( #2425, #4809, #7961 ) ) REPRESENTATION_CONTEXT ( 'NONE', 'WORKASPACE' ) );
#1439 = ORIENTED_EDGE ( 'NONE', *, *, #5662, .F. ) ;
#1440 = ORIENTED_EDGE ( 'NONE', *, *, #1358, .F. ) ;
#1441 = DIRECTION ( 'NONE',  ( 0.000000000000000000, 0.000000000000000000, -1.000000000000000000 ) ) ;
#1442 = PLANE ( 'NONE',  #996 ) ;
#1443 = VERTEX_POINT ( 'NONE', #9169 ) ;
#1444 = FILL_AREA_STYLE ('',( #397 ) ) ;
#1445 = VECTOR ( 'NONE', #6369, 1000.000000000000000 ) ;
#1446 = VECTOR ( 'NONE', #2620, 1000.000000000000000 ) ;
#1447 = ORIENTED_EDGE ( 'NONE', *, *, #8066, .F. ) ;
#1448 = AXIS2_PLACEMENT_3D ( 'NONE', #4797, #2517, #1024 ) ;
#1449 = DIRECTION ( 'NONE',  ( -4.336808689942006692E-15, 0.000000000000000000, -1.000000000000000000 ) ) ;
#1450 = DIRECTION ( 'NONE',  ( -0.000000000000000000, -1.000000000000000000, 0.000000000000000000 ) ) ;
#1451 = FILL_AREA_STYLE ('',( #6095 ) ) ;
#1452 = CARTESIAN_POINT ( 'NONE',  ( -4.850000000000001421, 0.7999999999999999334, -2.900000000000000799 ) ) ;
#1453 = FACE_OUTER_BOUND ( 'NONE', #7237, .T. ) ;
#1454 = CARTESIAN_POINT ( 'NONE',  ( 4.316802439070087871, 2.300000000000001155, 4.629235656787693998 ) ) ;
#1455 = LINE ( 'NONE', #8599, #8941 ) ;
#1456 = COLOUR_RGB ( '',1.000000000000000000, 0.8117647058823529438, 0.5019607843137254832 ) ;
#1457 = COLOUR_RGB ( '',0.000000000000000000, 0.5019607843137254832, 0.000000000000000000 ) ;
#1458 = FACE_OUTER_BOUND ( 'NONE', #8298, .T. ) ;
#1459 = DIRECTION ( 'NONE',  ( 0.000000000000000000, 0.000000000000000000, -1.000000000000000000 ) ) ;
#1460 = ORIENTED_EDGE ( 'NONE', *, *, #10033, .F. ) ;
#1461 = EDGE_CURVE ( 'NONE', #1917, #1427, #2078, .T. ) ;
#1462 = DIRECTION ( 'NONE',  ( 1.000000000000000000, 0.000000000000000000, 0.000000000000000000 ) ) ;
#1463 = CARTESIAN_POINT ( 'NONE',  ( 4.850000000000000533, 2.080624847486572282, -3.500000000000000444 ) ) ;
#1464 = FILL_AREA_STYLE_COLOUR ( '', #309 ) ;
#1465 = ORIENTED_EDGE ( 'NONE', *, *, #7731, .T. ) ;
#1466 = DIRECTION ( 'NONE',  ( -0.000000000000000000, 1.000000000000000000, -0.000000000000000000 ) ) ;
#1467 = LINE ( 'NONE', #738, #8610 ) ;
#1468 = ORIENTED_EDGE ( 'NONE', *, *, #7638, .T. ) ;
#1469 = FACE_OUTER_BOUND ( 'NONE', #8317, .T. ) ;
#1470 = CARTESIAN_POINT ( 'NONE',  ( -4.366559281606941845, 2.156818344548030453, 4.817488058945588847 ) ) ;
#1471 = FACE_OUTER_BOUND ( 'NONE', #4026, .T. ) ;
#1472 = ORIENTED_EDGE ( 'NONE', *, *, #5191, .F. ) ;
#1473 = VERTEX_POINT ( 'NONE', #2992 ) ;
#1474 = PRESENTATION_STYLE_ASSIGNMENT (( #10022 ) ) ;
#1475 = EDGE_CURVE ( 'NONE', #7112, #3304, #5535, .T. ) ;
#1476 = ORIENTED_EDGE ( 'NONE', *, *, #5030, .F. ) ;
#1477 =( GEOMETRIC_REPRESENTATION_CONTEXT ( 3 ) GLOBAL_UNCERTAINTY_ASSIGNED_CONTEXT ( ( #9921 ) ) GLOBAL_UNIT_ASSIGNED_CONTEXT ( ( #6055, #4461, #6891 ) ) REPRESENTATION_CONTEXT ( 'NONE', 'WORKASPACE' ) );
#1478 = VECTOR ( 'NONE', #2815, 1000.000000000000000 ) ;
#1479 = DIRECTION ( 'NONE',  ( 4.336808689942006692E-15, -0.000000000000000000, -1.000000000000000000 ) ) ;
#1480 = DIRECTION ( 'NONE',  ( -1.000000000000000000, -0.000000000000000000, -0.000000000000000000 ) ) ;
#1481 = EDGE_CURVE ( 'NONE', #9505, #4090, #8542, .T. ) ;
#1482 = EDGE_CURVE ( 'NONE', #5608, #8256, #5432, .T. ) ;
#1483 = CARTESIAN_POINT ( 'NONE',  ( 3.850000000000042277, 0.8000000000000000444, -0.4000000000000010214 ) ) ;
#1484 = ORIENTED_EDGE ( 'NONE', *, *, #6921, .T. ) ;
#1485 = CARTESIAN_POINT ( 'NONE',  ( -4.849999999999981881, 0.000000000000000000, 1.499999999999998668 ) ) ;
#1486 = CARTESIAN_POINT ( 'NONE',  ( 0.000000000000000000, 2.100000000000000089, 4.549999999999999822 ) ) ;
#1487 = PRESENTATION_LAYER_ASSIGNMENT (  '', '', ( #5936 ) ) ;
#1488 = EDGE_CURVE ( 'NONE', #6091, #9051, #618, .T. ) ;
#1489 = CARTESIAN_POINT ( 'NONE',  ( -3.449999999999999289, 2.299999999999999822, -3.249999999999999112 ) ) ;
#1490 = AXIS2_PLACEMENT_3D ( 'NONE', #5967, #7407, #326 ) ;
#1491 = SURFACE_SIDE_STYLE ('',( #8579 ) ) ;
#1492 = ORIENTED_EDGE ( 'NONE', *, *, #1346, .T. ) ;
#1493 = ORIENTED_EDGE ( 'NONE', *, *, #3297, .T. ) ;
#1494 = B_SPLINE_CURVE_WITH_KNOTS ( 'NONE', 3,
 ( #7311, #3437, #7360, #6495, #7261, #5140, #9677, #8198, #4125, #8147, #2564, #1936, #9864 ),
 .UNSPECIFIED., .F., .F.,
 ( 4, 3, 3, 3, 4 ),
 ( 1.226634733346699349E-18, 5.083670231754027792E-05, 9.796152662740854411E-05, 0.0001450796207375212507, 0.0001848331750982628446 ),
 .UNSPECIFIED. ) ;
#1495 = LINE ( 'NONE', #814, #1979 ) ;
#1496 = EDGE_LOOP ( 'NONE', ( #4114, #8284, #6915, #8696, #4123, #1419, #6364, #1575 ) ) ;
#1497 = SURFACE_SIDE_STYLE ('',( #9164 ) ) ;
#1498 = VECTOR ( 'NONE', #9288, 1000.000000000000000 ) ;
#1499 = ORIENTED_EDGE ( 'NONE', *, *, #8695, .F. ) ;
#1500 = DIRECTION ( 'NONE',  ( 1.000000000000000000, 0.000000000000000000, -0.000000000000000000 ) ) ;
#1501 = COLOUR_RGB ( '',0.000000000000000000, 0.5019607843137254832, 0.000000000000000000 ) ;
#1502 =( GEOMETRIC_REPRESENTATION_CONTEXT ( 3 ) GLOBAL_UNCERTAINTY_ASSIGNED_CONTEXT ( ( #3394 ) ) GLOBAL_UNIT_ASSIGNED_CONTEXT ( ( #3366, #5736, #4155 ) ) REPRESENTATION_CONTEXT ( 'NONE', 'WORKASPACE' ) );
#1503 = FILL_AREA_STYLE_COLOUR ( '', #3352 ) ;
#1504 = LINE ( 'NONE', #511, #6610 ) ;
#1505 = CARTESIAN_POINT ( 'NONE',  ( 0.000000000000000000, 0.8000000000000000444, 2.600000000000000533 ) ) ;
#1506 = PLANE ( 'NONE',  #2259 ) ;
#1507 =( LENGTH_UNIT ( ) NAMED_UNIT ( * ) SI_UNIT ( .MILLI., .METRE. ) );
#1508 =( GEOMETRIC_REPRESENTATION_CONTEXT ( 3 ) GLOBAL_UNCERTAINTY_ASSIGNED_CONTEXT ( ( #6692 ) ) GLOBAL_UNIT_ASSIGNED_CONTEXT ( ( #6438, #10172, #4735 ) ) REPRESENTATION_CONTEXT ( 'NONE', 'WORKASPACE' ) );
#1509 = CARTESIAN_POINT ( 'NONE',  ( -3.849999999999927702, 0.8000000000000000444, -2.600000000000001421 ) ) ;
#1510 = EDGE_LOOP ( 'NONE', ( #2519, #3087, #8112, #1587 ) ) ;
#1511 = LINE ( 'NONE', #6370, #9178 ) ;
#1512 =( NAMED_UNIT ( * ) SI_UNIT ( $, .STERADIAN. ) SOLID_ANGLE_UNIT ( ) );
#1513 = EDGE_CURVE ( 'NONE', #175, #10058, #7025, .T. ) ;
#1514 = DIRECTION ( 'NONE',  ( -0.000000000000000000, 0.000000000000000000, 1.000000000000000000 ) ) ;
#1515 = LINE ( 'NONE', #6945, #5783 ) ;
#1516 = LINE ( 'NONE', #8561, #1006 ) ;
#1517 = ORIENTED_EDGE ( 'NONE', *, *, #6637, .F. ) ;
#1518 = EDGE_CURVE ( 'NONE', #6738, #7112, #4608, .T. ) ;
#1519 = AXIS2_PLACEMENT_3D ( 'NONE', #7905, #1756, #4917 ) ;
#1520 = LINE ( 'NONE', #690, #5613 ) ;
#1521 = ORIENTED_EDGE ( 'NONE', *, *, #913, .F. ) ;
#1522 = DIRECTION ( 'NONE',  ( -1.000000000000000000, 0.000000000000000000, -4.336808689942006692E-15 ) ) ;
#1523 = EDGE_CURVE ( 'NONE', #2301, #1443, #3046, .T. ) ;
#1524 = ORIENTED_EDGE ( 'NONE', *, *, #2092, .F. ) ;
#1525 = ORIENTED_EDGE ( 'NONE', *, *, #6420, .T. ) ;
#1526 = ADVANCED_FACE ( 'NONE', ( #4761 ), #9274, .T. ) ;
#1527 = DIRECTION ( 'NONE',  ( 0.000000000000000000, 0.000000000000000000, 1.000000000000000000 ) ) ;
#1528 = UNCERTAINTY_MEASURE_WITH_UNIT (LENGTH_MEASURE( 1.000000000000000082E-05 ), #9668, 'distance_accuracy_value', 'NONE');
#1529 =( GEOMETRIC_REPRESENTATION_CONTEXT ( 3 ) GLOBAL_UNCERTAINTY_ASSIGNED_CONTEXT ( ( #7326 ) ) GLOBAL_UNIT_ASSIGNED_CONTEXT ( ( #1707, #3205, #100 ) ) REPRESENTATION_CONTEXT ( 'NONE', 'WORKASPACE' ) );
#1530 = FACE_OUTER_BOUND ( 'NONE', #556, .T. ) ;
#1531 = VERTEX_POINT ( 'NONE', #9382 ) ;
#1532 = SURFACE_STYLE_USAGE ( .BOTH. , #2977 ) ;
#1533 = AXIS2_PLACEMENT_3D ( 'NONE', #919, #1792, #5722 ) ;
#1534 = DIRECTION ( 'NONE',  ( 1.000000000000000000, 0.000000000000000000, -0.000000000000000000 ) ) ;
#1535 = LINE ( 'NONE', #7625, #4773 ) ;
#1536 = FACE_OUTER_BOUND ( 'NONE', #7514, .T. ) ;
#1537 =( GEOMETRIC_REPRESENTATION_CONTEXT ( 3 ) GLOBAL_UNCERTAINTY_ASSIGNED_CONTEXT ( ( #8351 ) ) GLOBAL_UNIT_ASSIGNED_CONTEXT ( ( #565, #1403, #2023 ) ) REPRESENTATION_CONTEXT ( 'NONE', 'WORKASPACE' ) );
#1538 = ORIENTED_EDGE ( 'NONE', *, *, #913, .T. ) ;
#1539 = ADVANCED_FACE ( 'NONE', ( #3839 ), #8488, .F. ) ;
#1540 = EDGE_LOOP ( 'NONE', ( #7014, #1439, #9638, #3912 ) ) ;
#1541 = CYLINDRICAL_SURFACE ( 'NONE', #4845, 0.1499999999999999667 ) ;
#1542 = VECTOR ( 'NONE', #1016, 1000.000000000000000 ) ;
#1543 = DIRECTION ( 'NONE',  ( -1.000000000000000000, 0.000000000000000000, -0.000000000000000000 ) ) ;
#1544 = ORIENTED_EDGE ( 'NONE', *, *, #1431, .F. ) ;
#1545 = PRESENTATION_STYLE_ASSIGNMENT (( #3198 ) ) ;
#1546 = ORIENTED_EDGE ( 'NONE', *, *, #6832, .F. ) ;
#1547 = SURFACE_STYLE_USAGE ( .BOTH. , #5431 ) ;
#1548 = CARTESIAN_POINT ( 'NONE',  ( -3.849999999999996092, 0.000000000000000000, 3.999999999999998224 ) ) ;
#1550 = PRESENTATION_LAYER_ASSIGNMENT (  '', '', ( #3374 ) ) ;
#1549 = CARTESIAN_POINT ( 'NONE',  ( 4.850000000000001421, 0.8000000000000000444, 5.049999999999999822 ) ) ;
#1551 = EDGE_CURVE ( 'NONE', #1384, #4960, #4558, .T. ) ;
#1552 = AXIS2_PLACEMENT_3D ( 'NONE', #1549, #36, #3983 ) ;
#1553 = CARTESIAN_POINT ( 'NONE',  ( 3.849999999999996092, 2.080624847486572282, 2.899999999999999023 ) ) ;
#1554 = CARTESIAN_POINT ( 'NONE',  ( -4.850000000000000533, 0.000000000000000000, -0.9000000000000014655 ) ) ;
#1555 = LINE ( 'NONE', #8747, #7109 ) ;
#1556 = EDGE_LOOP ( 'NONE', ( #3612, #1492, #5707, #5154 ) ) ;
#1557 = AXIS2_PLACEMENT_3D ( 'NONE', #3137, #8686, #8786 ) ;
#1558 = PRESENTATION_STYLE_ASSIGNMENT (( #8601 ) ) ;
#1559 = CARTESIAN_POINT ( 'NONE',  ( -4.850000000000000533, 2.080624847486572282, 4.599999999999998757 ) ) ;
#1560 = DIRECTION ( 'NONE',  ( 1.000000000000000000, 0.000000000000000000, -0.000000000000000000 ) ) ;
#1561 = ORIENTED_EDGE ( 'NONE', *, *, #2845, .F. ) ;
#1562 = LINE ( 'NONE', #3003, #1078 ) ;
#1563 = DIRECTION ( 'NONE',  ( 1.000000000000000000, 0.000000000000000000, -0.000000000000000000 ) ) ;
#1564 = MECHANICAL_DESIGN_GEOMETRIC_PRESENTATION_REPRESENTATION (  '', ( #3888 ), #1398 ) ;
#1565 = LINE ( 'NONE', #4115, #4136 ) ;
#1566 = CARTESIAN_POINT ( 'NONE',  ( -4.361364551247112864, 2.057545201010648750, 4.632854828587677609 ) ) ;
#1567 = DIRECTION ( 'NONE',  ( 0.000000000000000000, -0.000000000000000000, -1.000000000000000000 ) ) ;
#1568 = EDGE_LOOP ( 'NONE', ( #7195, #7353, #8807, #9407 ) ) ;
#1569 = FILL_AREA_STYLE_COLOUR ( '', #2263 ) ;
#1570 = MECHANICAL_DESIGN_GEOMETRIC_PRESENTATION_REPRESENTATION (  '', ( #553 ), #10007 ) ;
#1571 = EDGE_LOOP ( 'NONE', ( #7260, #2355, #4743, #9097 ) ) ;
#1572 = PLANE ( 'NONE',  #8331 ) ;
#1573 = ADVANCED_FACE ( 'NONE', ( #5378 ), #7701, .T. ) ;
#1574 = ORIENTED_EDGE ( 'NONE', *, *, #10155, .T. ) ;
#1575 = ORIENTED_EDGE ( 'NONE', *, *, #1205, .T. ) ;
#1576 = CARTESIAN_POINT ( 'NONE',  ( -4.849999999999997868, 0.000000000000000000, 1.799999999999998490 ) ) ;
#1577 = SURFACE_STYLE_FILL_AREA ( #2457 ) ;
#1578 = DIRECTION ( 'NONE',  ( 1.626303258728256257E-15, 0.000000000000000000, -1.000000000000000000 ) ) ;
#1579 = CARTESIAN_POINT ( 'NONE',  ( -4.850000000000000533, 0.000000000000000000, 2.199999999999999289 ) ) ;
#1580 =( NAMED_UNIT ( * ) PLANE_ANGLE_UNIT ( ) SI_UNIT ( $, .RADIAN. ) );
#1581 = ORIENTED_EDGE ( 'NONE', *, *, #2413, .T. ) ;
#1582 = DIRECTION ( 'NONE',  ( -1.000000000000000000, -0.000000000000000000, -0.000000000000000000 ) ) ;
#1583 = LINE ( 'NONE', #7257, #5099 ) ;
#1584 = EDGE_CURVE ( 'NONE', #8074, #5870, #10097, .T. ) ;
#1585 = VERTEX_POINT ( 'NONE', #6557 ) ;
#1586 =( LENGTH_UNIT ( ) NAMED_UNIT ( * ) SI_UNIT ( .MILLI., .METRE. ) );
#1587 = ORIENTED_EDGE ( 'NONE', *, *, #3247, .F. ) ;
#1588 = CARTESIAN_POINT ( 'NONE',  ( -4.333309763107292767, 2.269452524890164469, 4.707639970946510211 ) ) ;
#1589 = DIRECTION ( 'NONE',  ( 0.000000000000000000, 0.000000000000000000, -1.000000000000000000 ) ) ;
#1590 = ORIENTED_EDGE ( 'NONE', *, *, #4934, .T. ) ;
#1591 = ORIENTED_EDGE ( 'NONE', *, *, #2945, .T. ) ;
#1592 = VECTOR ( 'NONE', #7021, 1000.000000000000000 ) ;
#1593 = CARTESIAN_POINT ( 'NONE',  ( -3.849999999999996092, 2.080624847486572282, -0.4000000000000010214 ) ) ;
#1594 = CARTESIAN_POINT ( 'NONE',  ( -4.850000000000001421, 0.7999999999999999334, 1.499999999999999556 ) ) ;
#1595 = CARTESIAN_POINT ( 'NONE',  ( 3.850000000000030287, 0.000000000000000000, 0.6999999999999992895 ) ) ;
#1596 = FACE_OUTER_BOUND ( 'NONE', #1614, .T. ) ;
#1597 = EDGE_CURVE ( 'NONE', #2301, #3383, #8121, .T. ) ;
#1598 = PLANE ( 'NONE',  #4328 ) ;
#1599 = DIRECTION ( 'NONE',  ( 1.000000000000000000, -0.000000000000000000, 0.000000000000000000 ) ) ;
#1600 = VECTOR ( 'NONE', #7788, 1000.000000000000000 ) ;
#1601 =( NAMED_UNIT ( * ) SI_UNIT ( $, .STERADIAN. ) SOLID_ANGLE_UNIT ( ) );
#1602 = LINE ( 'NONE', #4871, #2328 ) ;
#1603 = ADVANCED_FACE ( 'NONE', ( #2584 ), #7235, .T. ) ;
#1604 = VERTEX_POINT ( 'NONE', #6412 ) ;
#1605 = COLOUR_RGB ( '',1.000000000000000000, 0.8117647058823529438, 0.5019607843137254832 ) ;
#1606 = VERTEX_POINT ( 'NONE', #5637 ) ;
#1607 = CYLINDRICAL_SURFACE ( 'NONE', #5780, 0.2999999999999999334 ) ;
#1608 = DIRECTION ( 'NONE',  ( -1.000000000000000000, 0.000000000000000000, -0.000000000000000000 ) ) ;
#1609 = ADVANCED_FACE ( 'NONE', ( #9694 ), #3201, .F. ) ;
#1610 = DIRECTION ( 'NONE',  ( -0.000000000000000000, -1.000000000000000000, -3.336006684570780538E-15 ) ) ;
#1611 = CARTESIAN_POINT ( 'NONE',  ( 4.850000000000000533, 2.080624847486572282, -2.000000000000000888 ) ) ;
#1612 = CARTESIAN_POINT ( 'NONE',  ( -4.392771119259119672, 2.011251983595060633, 4.649999999999999467 ) ) ;
#1613 = CARTESIAN_POINT ( 'NONE',  ( 4.850000000000006750, 0.8000000000000000444, -4.000000000000000888 ) ) ;
#1614 = EDGE_LOOP ( 'NONE', ( #3928, #2463, #5254, #9920 ) ) ;
#1615 = CARTESIAN_POINT ( 'NONE',  ( -4.457639970946510211, 2.269452524890164469, 4.583309763107296320 ) ) ;
#1616 = DIRECTION ( 'NONE',  ( 0.000000000000000000, 0.000000000000000000, 1.000000000000000000 ) ) ;
#1617 = ORIENTED_EDGE ( 'NONE', *, *, #267, .T. ) ;
#1618 = DIRECTION ( 'NONE',  ( -1.000000000000000000, -0.000000000000000000, 0.000000000000000000 ) ) ;
#1619 = VECTOR ( 'NONE', #6237, 1000.000000000000000 ) ;
#1620 = VERTEX_POINT ( 'NONE', #8071 ) ;
#1621 = ORIENTED_EDGE ( 'NONE', *, *, #88, .F. ) ;
#1622 = CARTESIAN_POINT ( 'NONE',  ( -4.850000000000000533, 0.7999999999999999334, 1.799999999999999378 ) ) ;
#1623 = PRESENTATION_STYLE_ASSIGNMENT (( #854 ) ) ;
#1624 = UNCERTAINTY_MEASURE_WITH_UNIT (LENGTH_MEASURE( 1.000000000000000082E-05 ), #9539, 'distance_accuracy_value', 'NONE');
#1625 = COLOUR_RGB ( '',0.000000000000000000, 0.5019607843137254832, 0.000000000000000000 ) ;
#1626 = LINE ( 'NONE', #3963, #427 ) ;
#1627 = CARTESIAN_POINT ( 'NONE',  ( 3.849999999999997424, 2.080624847486572282, -1.800000000000000711 ) ) ;
#1628 = ORIENTED_EDGE ( 'NONE', *, *, #3423, .F. ) ;
#1629 = DIRECTION ( 'NONE',  ( 1.000000000000000000, -0.000000000000000000, 1.626303258728256059E-15 ) ) ;
#1630 = DIRECTION ( 'NONE',  ( 1.000000000000000000, 0.000000000000000000, 0.000000000000000000 ) ) ;
#1631 = COLOUR_RGB ( '',1.000000000000000000, 0.8117647058823529438, 0.5019607843137254832 ) ;
#1632 = EDGE_LOOP ( 'NONE', ( #2410, #2085, #9972, #9581 ) ) ;
#1633 = DIRECTION ( 'NONE',  ( 0.000000000000000000, 0.000000000000000000, 1.000000000000000000 ) ) ;
#1634 = ORIENTED_EDGE ( 'NONE', *, *, #3703, .F. ) ;
#1635 = SURFACE_STYLE_USAGE ( .BOTH. , #3833 ) ;
#1636 = CARTESIAN_POINT ( 'NONE',  ( 3.850000000000076472, 0.8000000000000000444, -3.700000000000001066 ) ) ;
#1637 = EDGE_LOOP ( 'NONE', ( #3744, #5793, #7988, #4019, #9040, #8881 ) ) ;
#1638 = VECTOR ( 'NONE', #3989, 1000.000000000000000 ) ;
#1639 = VERTEX_POINT ( 'NONE', #2636 ) ;
#1640 = ADVANCED_FACE ( 'NONE', ( #8798 ), #1859, .F. ) ;
#1641 = DIRECTION ( 'NONE',  ( -0.000000000000000000, 1.000000000000000000, 0.000000000000000000 ) ) ;
#1642 = CARTESIAN_POINT ( 'NONE',  ( -4.850000000000000533, 0.000000000000000000, 3.299999999999998934 ) ) ;
#1643 = PRESENTATION_STYLE_ASSIGNMENT (( #8741 ) ) ;
#1644 = EDGE_LOOP ( 'NONE', ( #8827, #4412, #6919, #7050 ) ) ;
#1645 = CARTESIAN_POINT ( 'NONE',  ( 3.850000000000020517, 0.8000000000000000444, 2.600000000000000533 ) ) ;
#1646 = VECTOR ( 'NONE', #1152, 1000.000000000000000 ) ;
#1647 = AXIS2_PLACEMENT_3D ( 'NONE', #713, #7115, #5471 ) ;
#1648 = ADVANCED_FACE ( 'NONE', ( #2481 ), #8854, .F. ) ;
#1649 = DIRECTION ( 'NONE',  ( 1.000000000000000000, 0.000000000000000000, -0.000000000000000000 ) ) ;
#1650 = VECTOR ( 'NONE', #7088, 1000.000000000000000 ) ;
#1651 = FILL_AREA_STYLE_COLOUR ( '', #9619 ) ;
#1652 = ADVANCED_FACE ( 'NONE', ( #2684 ), #8172, .T. ) ;
#1653 = PLANE ( 'NONE',  #2962 ) ;
#1654 = VERTEX_POINT ( 'NONE', #6614 ) ;
#1655 = CARTESIAN_POINT ( 'NONE',  ( 4.850000000000000533, 0.8000000000000000444, -2.200000000000000178 ) ) ;
#1656 = EDGE_LOOP ( 'NONE', ( #5324, #2786, #1138, #9866 ) ) ;
#1657 = PRODUCT_DEFINITION_FORMATION_WITH_SPECIFIED_SOURCE ( 'ANY', '', #7447, .NOT_KNOWN. ) ;
#1658 = PLANE ( 'NONE',  #4877 ) ;
#1659 = VECTOR ( 'NONE', #5851, 1000.000000000000000 ) ;
#1660 = PRESENTATION_LAYER_ASSIGNMENT (  '', '', ( #1008 ) ) ;
#1661 = ADVANCED_FACE ( 'NONE', ( #3459 ), #5021, .F. ) ;
#1662 = CARTESIAN_POINT ( 'NONE',  ( 3.849999999999997424, 0.7999999999999999334, 0.3999999999999993006 ) ) ;
#1663 = FACE_OUTER_BOUND ( 'NONE', #1030, .T. ) ;
#1664 = CARTESIAN_POINT ( 'NONE',  ( -4.849999999999968558, 0.8000000000000000444, -2.600000000000001421 ) ) ;
#1665 = EDGE_CURVE ( 'NONE', #460, #4221, #4665, .T. ) ;
#1666 = DIRECTION ( 'NONE',  ( -1.000000000000000000, 0.000000000000000000, -0.000000000000000000 ) ) ;
#1667 = CARTESIAN_POINT ( 'NONE',  ( -4.327437314425918835, 2.090842179601925199, 4.591805482955849449 ) ) ;
#1668 = SURFACE_SIDE_STYLE ('',( #3380 ) ) ;
#1669 = EDGE_CURVE ( 'NONE', #5376, #10227, #7764, .T. ) ;
#1670 = VECTOR ( 'NONE', #3152, 1000.000000000000000 ) ;
#1671 = VERTEX_POINT ( 'NONE', #680 ) ;
#1672 = CARTESIAN_POINT ( 'NONE',  ( -4.850000000000001421, 0.000000000000000000, 2.600000000000000533 ) ) ;
#1673 = VERTEX_POINT ( 'NONE', #6260 ) ;
#1674 = LINE ( 'NONE', #3174, #3386 ) ;
#1675 = VECTOR ( 'NONE', #8594, 1000.000000000000000 ) ;
#1676 = VERTEX_POINT ( 'NONE', #8552 ) ;
#1677 = ORIENTED_EDGE ( 'NONE', *, *, #2742, .F. ) ;
#1678 = LINE ( 'NONE', #7153, #9317 ) ;
#1679 = DIRECTION ( 'NONE',  ( -1.000000000000000000, 0.000000000000000000, -0.000000000000000000 ) ) ;
#1680 = DIRECTION ( 'NONE',  ( 1.000000000000000000, -0.000000000000000000, -0.000000000000000000 ) ) ;
#1681 = MECHANICAL_DESIGN_GEOMETRIC_PRESENTATION_REPRESENTATION (  '', ( #350 ), #2677 ) ;
#1682 = FILL_AREA_STYLE_COLOUR ( '', #6340 ) ;
#1683 = VERTEX_POINT ( 'NONE', #3106 ) ;
#1684 = LINE ( 'NONE', #1742, #5118 ) ;
#1685 = CYLINDRICAL_SURFACE ( 'NONE', #5739, 0.1999999999999996503 ) ;
#1686 = FILL_AREA_STYLE ('',( #862 ) ) ;
#1687 = ORIENTED_EDGE ( 'NONE', *, *, #5498, .F. ) ;
#1688 = CARTESIAN_POINT ( 'NONE',  ( 4.345755559128686940, 2.089905016664407089, -4.579995970803595995 ) ) ;
#1689 = SURFACE_STYLE_USAGE ( .BOTH. , #9686 ) ;
#1690 = ORIENTED_EDGE ( 'NONE', *, *, #8755, .T. ) ;
#1691 = STYLED_ITEM ( 'NONE', ( #4102 ), #2453 ) ;
#1692 = PLANE ( 'NONE',  #6981 ) ;
#1693 = ORIENTED_EDGE ( 'NONE', *, *, #3228, .F. ) ;
#1694 = ORIENTED_EDGE ( 'NONE', *, *, #9601, .T. ) ;
#1695 = CARTESIAN_POINT ( 'NONE',  ( -4.849999999999994316, 0.8000000000000000444, 2.899999999999998135 ) ) ;
#1696 = DIRECTION ( 'NONE',  ( 0.000000000000000000, -1.000000000000000000, 0.000000000000000000 ) ) ;
#1697 =( GEOMETRIC_REPRESENTATION_CONTEXT ( 3 ) GLOBAL_UNCERTAINTY_ASSIGNED_CONTEXT ( ( #2774 ) ) GLOBAL_UNIT_ASSIGNED_CONTEXT ( ( #1087, #5837, #249 ) ) REPRESENTATION_CONTEXT ( 'NONE', 'WORKASPACE' ) );
#1698 = DIRECTION ( 'NONE',  ( 0.000000000000000000, -0.000000000000000000, -1.000000000000000000 ) ) ;
#1699 = COLOUR_RGB ( '',0.2509803921568627416, 0.2509803921568627416, 0.2509803921568627416 ) ;
#1700 = SURFACE_SIDE_STYLE ('',( #9744 ) ) ;
#1701 = DIRECTION ( 'NONE',  ( 0.000000000000000000, -1.000000000000000000, 0.000000000000000000 ) ) ;
#1702 = VECTOR ( 'NONE', #6203, 1000.000000000000000 ) ;
#1703 = EDGE_CURVE ( 'NONE', #8418, #1361, #1411, .T. ) ;
#1704 = ORIENTED_EDGE ( 'NONE', *, *, #6594, .T. ) ;
#1705 =( NAMED_UNIT ( * ) PLANE_ANGLE_UNIT ( ) SI_UNIT ( $, .RADIAN. ) );
#1706 = ADVANCED_FACE ( 'NONE', ( #2184 ), #3900, .F. ) ;
#1707 =( LENGTH_UNIT ( ) NAMED_UNIT ( * ) SI_UNIT ( .MILLI., .METRE. ) );
#1708 = DIRECTION ( 'NONE',  ( -0.000000000000000000, -1.000000000000000000, -0.000000000000000000 ) ) ;
#1709 = ORIENTED_EDGE ( 'NONE', *, *, #184, .F. ) ;
#1710 = FACE_OUTER_BOUND ( 'NONE', #6122, .T. ) ;
#1711 = COLOUR_RGB ( '',0.000000000000000000, 0.5019607843137254832, 0.000000000000000000 ) ;
#1712 = VERTEX_POINT ( 'NONE', #6315 ) ;
#1713 =( NAMED_UNIT ( * ) PLANE_ANGLE_UNIT ( ) SI_UNIT ( $, .RADIAN. ) );
#1714 = EDGE_CURVE ( 'NONE', #6834, #5726, #5388, .T. ) ;
#1715 = DIRECTION ( 'NONE',  ( -3.491481338843133355E-15, -1.000000000000000000, 0.000000000000000000 ) ) ;
#1716 = DIRECTION ( 'NONE',  ( -0.000000000000000000, -1.000000000000000000, -3.336006684570780538E-15 ) ) ;
#1717 = CYLINDRICAL_SURFACE ( 'NONE', #8315, 0.4000000000000006328 ) ;
#1718 = ORIENTED_EDGE ( 'NONE', *, *, #342, .T. ) ;
#1719 = CARTESIAN_POINT ( 'NONE',  ( -4.399929289321881321, 2.000000000000000888, 4.850000000000000533 ) ) ;
#1720 = CARTESIAN_POINT ( 'NONE',  ( -4.344458487671658098, 2.077177608427187572, 4.614961830218756944 ) ) ;
#1721 = CARTESIAN_POINT ( 'NONE',  ( -4.850000000000000533, 0.000000000000000000, -1.100000000000001199 ) ) ;
#1722 = COLOUR_RGB ( '',0.000000000000000000, 0.5019607843137254832, 0.000000000000000000 ) ;
#1723 = MECHANICAL_DESIGN_GEOMETRIC_PRESENTATION_REPRESENTATION (  '', ( #729 ), #10153 ) ;
#1724 = ORIENTED_EDGE ( 'NONE', *, *, #5016, .F. ) ;
#1725 = DIRECTION ( 'NONE',  ( -4.336808689942006692E-15, 0.000000000000000000, 1.000000000000000000 ) ) ;
#1726 = CARTESIAN_POINT ( 'NONE',  ( -4.850000000000000533, 2.080624847486572282, 1.299999999999999378 ) ) ;
#1727 = ORIENTED_EDGE ( 'NONE', *, *, #9930, .T. ) ;
#1728 = VECTOR ( 'NONE', #1610, 1000.000000000000000 ) ;
#1729 = DIRECTION ( 'NONE',  ( -0.000000000000000000, 1.000000000000000000, 0.000000000000000000 ) ) ;
#1730 = MECHANICAL_DESIGN_GEOMETRIC_PRESENTATION_REPRESENTATION (  '', ( #7674 ), #1232 ) ;
#1731 = LINE ( 'NONE', #6190, #10236 ) ;
#1732 = ORIENTED_EDGE ( 'NONE', *, *, #9142, .F. ) ;
#1733 = EDGE_LOOP ( 'NONE', ( #3607, #3236, #7507, #3495 ) ) ;
#1734 =( NAMED_UNIT ( * ) SI_UNIT ( $, .STERADIAN. ) SOLID_ANGLE_UNIT ( ) );
#1735 = EDGE_CURVE ( 'NONE', #6381, #8834, #625, .T. ) ;
#1736 = EDGE_CURVE ( 'NONE', #5519, #2192, #3001, .T. ) ;
#1737 = FILL_AREA_STYLE ('',( #7312 ) ) ;
#1738 = UNCERTAINTY_MEASURE_WITH_UNIT (LENGTH_MEASURE( 1.000000000000000082E-05 ), #2773, 'distance_accuracy_value', 'NONE');
#1739 = DIRECTION ( 'NONE',  ( -1.000000000000000000, 0.000000000000000000, -4.336808689942006692E-15 ) ) ;
#1740 = VECTOR ( 'NONE', #9902, 1000.000000000000000 ) ;
#1741 = ORIENTED_EDGE ( 'NONE', *, *, #2896, .F. ) ;
#1742 = CARTESIAN_POINT ( 'NONE',  ( -3.849999999999996536, 2.080624847486572282, -0.7000000000000009548 ) ) ;
#1743 = DIRECTION ( 'NONE',  ( 0.000000000000000000, -0.000000000000000000, -1.000000000000000000 ) ) ;
#1744 = CARTESIAN_POINT ( 'NONE',  ( 0.000000000000000000, 0.8000000000000000444, -4.800000000000001599 ) ) ;
#1745 = EDGE_CURVE ( 'NONE', #9087, #9905, #10196, .T. ) ;
#1746 = VERTEX_POINT ( 'NONE', #8700 ) ;
#1747 = CARTESIAN_POINT ( 'NONE',  ( 4.333225573193809410, 2.094318933867718169, -4.571550071340529264 ) ) ;
#1748 = ORIENTED_EDGE ( 'NONE', *, *, #4603, .T. ) ;
#1749 = CARTESIAN_POINT ( 'NONE',  ( -4.366619526214588376, 2.052198665876328931, 4.639222690360981005 ) ) ;
#1750 = ORIENTED_EDGE ( 'NONE', *, *, #5241, .T. ) ;
#1751 = FACE_OUTER_BOUND ( 'NONE', #3080, .T. ) ;
#1752 = ORIENTED_EDGE ( 'NONE', *, *, #1488, .F. ) ;
#1753 = FACE_OUTER_BOUND ( 'NONE', #3331, .T. ) ;
#1754 = CARTESIAN_POINT ( 'NONE',  ( 4.361364551247113752, 2.057545201010647862, -4.632854828587678497 ) ) ;
#1755 = PRESENTATION_LAYER_ASSIGNMENT (  '', '', ( #6207 ) ) ;
#1756 = DIRECTION ( 'NONE',  ( 1.991647080244468484E-31, -6.123233995736767268E-17, -1.000000000000000000 ) ) ;
#1757 = CARTESIAN_POINT ( 'NONE',  ( 4.850000000000000533, 0.000000000000000000, 4.599999999999998757 ) ) ;
#1758 = FILL_AREA_STYLE ('',( #8909 ) ) ;
#1759 = FILL_AREA_STYLE ('',( #1133 ) ) ;
#1760 = SURFACE_STYLE_USAGE ( .BOTH. , #2332 ) ;
#1761 = DIRECTION ( 'NONE',  ( 0.000000000000000000, 0.000000000000000000, 1.000000000000000000 ) ) ;
#1762 = ORIENTED_EDGE ( 'NONE', *, *, #8866, .T. ) ;
#1763 = ORIENTED_EDGE ( 'NONE', *, *, #1488, .T. ) ;
#1764 = DIRECTION ( 'NONE',  ( 0.000000000000000000, -1.000000000000000000, 3.336006684570780538E-15 ) ) ;
#1765 = CARTESIAN_POINT ( 'NONE',  ( 4.399929289321881321, 2.000000000000000888, 4.850000000000000533 ) ) ;
#1766 = COLOUR_RGB ( '',0.8980392156862745390, 0.8980392156862745390, 0.8980392156862745390 ) ;
#1767 = CARTESIAN_POINT ( 'NONE',  ( -3.849999999999997424, 2.080624847486572282, 3.699999999999999289 ) ) ;
#1768 = COLOUR_RGB ( '',0.2509803921568627416, 0.2509803921568627416, 0.2509803921568627416 ) ;
#1769 = CARTESIAN_POINT ( 'NONE',  ( -3.849999999999986766, 0.8000000000000000444, 3.699999999999998401 ) ) ;
#1770 = LINE ( 'NONE', #3220, #9773 ) ;
#1771 = CARTESIAN_POINT ( 'NONE',  ( -4.850000000000000533, 0.7999999999999999334, -4.600000000000000533 ) ) ;
#1772 = ORIENTED_EDGE ( 'NONE', *, *, #3707, .T. ) ;
#1773 = FACE_OUTER_BOUND ( 'NONE', #9846, .T. ) ;
#1774 = AXIS2_PLACEMENT_3D ( 'NONE', #1509, #5545, #1608 ) ;
#1775 = EDGE_CURVE ( 'NONE', #2016, #4551, #2331, .T. ) ;
#1776 = AXIS2_PLACEMENT_3D ( 'NONE', #2817, #8294, #5053 ) ;
#1777 = CARTESIAN_POINT ( 'NONE',  ( -4.850000000000000533, 0.7999999999999999334, -0.9000000000000014655 ) ) ;
#1778 = ORIENTED_EDGE ( 'NONE', *, *, #4936, .F. ) ;
#1779 = LINE ( 'NONE', #3525, #734 ) ;
#1780 = LINE ( 'NONE', #3526, #7762 ) ;
#1781 = ORIENTED_EDGE ( 'NONE', *, *, #4089, .T. ) ;
#1782 = EDGE_LOOP ( 'NONE', ( #5218, #7989, #115, #1329 ) ) ;
#1783 = CARTESIAN_POINT ( 'NONE',  ( 3.850000000000008971, 0.8000000000000000444, 3.699999999999999289 ) ) ;
#1784 = PLANE ( 'NONE',  #7171 ) ;
#1785 = LINE ( 'NONE', #1939, #1918 ) ;
#1786 = DIRECTION ( 'NONE',  ( 0.000000000000000000, 0.000000000000000000, -1.000000000000000000 ) ) ;
#1787 = DIRECTION ( 'NONE',  ( -0.000000000000000000, 1.000000000000000000, -0.000000000000000000 ) ) ;
#1788 = FACE_OUTER_BOUND ( 'NONE', #5657, .T. ) ;
#1789 = CARTESIAN_POINT ( 'NONE',  ( -4.850000000000001421, 0.000000000000000000, 1.499999999999999556 ) ) ;
#1790 = ADVANCED_FACE ( 'NONE', ( #2279 ), #8650, .T. ) ;
#1791 = ORIENTED_EDGE ( 'NONE', *, *, #1985, .T. ) ;
#1792 = DIRECTION ( 'NONE',  ( 0.000000000000000000, 0.000000000000000000, 1.000000000000000000 ) ) ;
#1793 = LINE ( 'NONE', #4857, #7080 ) ;
#1794 = ORIENTED_EDGE ( 'NONE', *, *, #6760, .T. ) ;
#1795 = ADVANCED_FACE ( 'NONE', ( #4714 ), #9588, .T. ) ;
#1796 = ORIENTED_EDGE ( 'NONE', *, *, #7357, .T. ) ;
#1797 = ORIENTED_EDGE ( 'NONE', *, *, #2352, .F. ) ;
#1798 = CARTESIAN_POINT ( 'NONE',  ( 0.000000000000000000, 0.8000000000000000444, 0.6999999999999992895 ) ) ;
#1799 = CARTESIAN_POINT ( 'NONE',  ( 4.369933318518288701, 2.045755559128686674, -4.639905016664405579 ) ) ;
#1800 = CARTESIAN_POINT ( 'NONE',  ( 4.849999999999998757, 0.000000000000000000, -2.400000000000000355 ) ) ;
#1801 = FACE_OUTER_BOUND ( 'NONE', #6900, .T. ) ;
#1802 = SURFACE_SIDE_STYLE ('',( #4292 ) ) ;
#1803 = FACE_OUTER_BOUND ( 'NONE', #1013, .T. ) ;
#1804 = MANIFOLD_SOLID_BREP ( 'Boss-Extrude2', #3455 ) ;
#1805 = EDGE_LOOP ( 'NONE', ( #5189, #5026, #3415, #8634, #10087, #969 ) ) ;
#1806 = LINE ( 'NONE', #1043, #3753 ) ;
#1807 = VECTOR ( 'NONE', #9710, 1000.000000000000000 ) ;
#1808 = VERTEX_POINT ( 'NONE', #99 ) ;
#1809 =( NAMED_UNIT ( * ) SI_UNIT ( $, .STERADIAN. ) SOLID_ANGLE_UNIT ( ) );
#1810 = CARTESIAN_POINT ( 'NONE',  ( -3.849999999999996092, 0.7999999999999999334, -1.500000000000001332 ) ) ;
#1811 = DIRECTION ( 'NONE',  ( -0.000000000000000000, -0.000000000000000000, 1.000000000000000000 ) ) ;
#1812 = VECTOR ( 'NONE', #2908, 1000.000000000000000 ) ;
#1813 = VECTOR ( 'NONE', #10089, 1000.000000000000000 ) ;
#1814 = AXIS2_PLACEMENT_3D ( 'NONE', #352, #2894, #2792 ) ;
#1815 = DIRECTION ( 'NONE',  ( 0.000000000000000000, -1.000000000000000000, -0.000000000000000000 ) ) ;
#1816 = VECTOR ( 'NONE', #10053, 1000.000000000000000 ) ;
#1817 = LINE ( 'NONE', #4930, #5841 ) ;
#1818 = CARTESIAN_POINT ( 'NONE',  ( -4.850000000000000533, 0.000000000000000000, -2.600000000000000533 ) ) ;
#1819 = CARTESIAN_POINT ( 'NONE',  ( -4.850000000000000533, 0.8000000000000000444, -8.800000000000000711 ) ) ;
#1820 = CARTESIAN_POINT ( 'NONE',  ( -4.850000000000000533, 2.080624847486572282, -0.9000000000000014655 ) ) ;
#1821 = EDGE_LOOP ( 'NONE', ( #3268, #1750, #884, #3712 ) ) ;
#1822 = ADVANCED_FACE ( 'NONE', ( #2431 ), #1598, .T. ) ;
#1823 =( GEOMETRIC_REPRESENTATION_CONTEXT ( 3 ) GLOBAL_UNCERTAINTY_ASSIGNED_CONTEXT ( ( #5562 ) ) GLOBAL_UNIT_ASSIGNED_CONTEXT ( ( #8191, #4349, #4220 ) ) REPRESENTATION_CONTEXT ( 'NONE', 'WORKASPACE' ) );
#1824 =( NAMED_UNIT ( * ) PLANE_ANGLE_UNIT ( ) SI_UNIT ( $, .RADIAN. ) );
#1825 = VECTOR ( 'NONE', #7470, 1000.000000000000000 ) ;
#1826 = PRESENTATION_STYLE_ASSIGNMENT (( #1243 ) ) ;
#1827 = CARTESIAN_POINT ( 'NONE',  ( 4.299999999999998934, 2.299999999999999822, -4.549999999999999822 ) ) ;
#1828 = ORIENTED_EDGE ( 'NONE', *, *, #3487, .T. ) ;
#1829 = EDGE_CURVE ( 'NONE', #8013, #977, #3162, .T. ) ;
#1830 =( LENGTH_UNIT ( ) NAMED_UNIT ( * ) SI_UNIT ( .MILLI., .METRE. ) );
#1831 = DIRECTION ( 'NONE',  ( 0.000000000000000000, 0.000000000000000000, -1.000000000000000000 ) ) ;
#1832 = ORIENTED_EDGE ( 'NONE', *, *, #8440, .F. ) ;
#1833 = ORIENTED_EDGE ( 'NONE', *, *, #8042, .F. ) ;
#1834 = DIRECTION ( 'NONE',  ( 0.000000000000000000, -1.000000000000000000, 0.000000000000000000 ) ) ;
#1835 = DIRECTION ( 'NONE',  ( 1.000000000000000000, 0.000000000000000000, -0.000000000000000000 ) ) ;
#1836 = ADVANCED_FACE ( 'NONE', ( #4044 ), #9433, .F. ) ;
#1837 = UNCERTAINTY_MEASURE_WITH_UNIT (LENGTH_MEASURE( 1.000000000000000082E-05 ), #7294, 'distance_accuracy_value', 'NONE');
#1838 = DIRECTION ( 'NONE',  ( 0.000000000000000000, -1.000000000000000000, 0.000000000000000000 ) ) ;
#1839 = CARTESIAN_POINT ( 'NONE',  ( 4.850000000000001421, 0.000000000000000000, 0.000000000000000000 ) ) ;
#1840 = STYLED_ITEM ( 'NONE', ( #5560 ), #87 ) ;
#1841 = CARTESIAN_POINT ( 'NONE',  ( -4.850000000000001421, 0.000000000000000000, 2.600000000000000533 ) ) ;
#1842 = ADVANCED_FACE ( 'NONE', ( #5836 ), #9646, .F. ) ;
#1843 = DIRECTION ( 'NONE',  ( -0.000000000000000000, -1.000000000000000000, -0.000000000000000000 ) ) ;
#1844 = MANIFOLD_SOLID_BREP ( 'Boss-Extrude3', #910 ) ;
#1845 = EDGE_CURVE ( 'NONE', #6400, #2256, #5067, .T. ) ;
#1846 = ORIENTED_EDGE ( 'NONE', *, *, #1872, .T. ) ;
#1847 = CARTESIAN_POINT ( 'NONE',  ( -4.299999999999998934, 2.300000000000000711, 4.549999999999999822 ) ) ;
#1848 =( NAMED_UNIT ( * ) SI_UNIT ( $, .STERADIAN. ) SOLID_ANGLE_UNIT ( ) );
#1849 = VECTOR ( 'NONE', #6938, 1000.000000000000000 ) ;
#1850 = EDGE_LOOP ( 'NONE', ( #5474, #4869, #6338, #8999 ) ) ;
#1851 =( LENGTH_UNIT ( ) NAMED_UNIT ( * ) SI_UNIT ( .MILLI., .METRE. ) );
#1852 = UNCERTAINTY_MEASURE_WITH_UNIT (LENGTH_MEASURE( 1.000000000000000082E-05 ), #9534, 'distance_accuracy_value', 'NONE');
#1853 = CARTESIAN_POINT ( 'NONE',  ( 4.569452524890161627, 2.157639970946512609, -4.616619526214587488 ) ) ;
#1854 = ORIENTED_EDGE ( 'NONE', *, *, #4088, .F. ) ;
#1855 =( NAMED_UNIT ( * ) SI_UNIT ( $, .STERADIAN. ) SOLID_ANGLE_UNIT ( ) );
#1856 = COLOUR_RGB ( '',0.8980392156862745390, 0.8980392156862745390, 0.8980392156862745390 ) ;
#1857 = PRESENTATION_STYLE_ASSIGNMENT (( #4865 ) ) ;
#1858 = SURFACE_STYLE_USAGE ( .BOTH. , #5831 ) ;
#1859 = PLANE ( 'NONE',  #3654 ) ;
#1860 = AXIS2_PLACEMENT_3D ( 'NONE', #7238, #4814, #9535 ) ;
#1861 = CARTESIAN_POINT ( 'NONE',  ( 3.850000000000053380, 0.8000000000000000444, -1.500000000000001332 ) ) ;
#1862 = LINE ( 'NONE', #8177, #3012 ) ;
#1863 = CARTESIAN_POINT ( 'NONE',  ( 4.599999999999998757, 2.000000000000000888, 0.000000000000000000 ) ) ;
#1864 = VERTEX_POINT ( 'NONE', #1861 ) ;
#1865 = ADVANCED_FACE ( 'NONE', ( #8024 ), #3363, .T. ) ;
#1866 = CARTESIAN_POINT ( 'NONE',  ( -4.383229526919885544, 2.079276107729750578, -4.851999999999998536 ) ) ;
#1867 = ADVANCED_FACE ( 'NONE', ( #5885 ), #8176, .F. ) ;
#1868 = VECTOR ( 'NONE', #7114, 1000.000000000000000 ) ;
#1869 = EDGE_LOOP ( 'NONE', ( #4063, #7107, #6944, #1797 ) ) ;
#1870 = PRESENTATION_LAYER_ASSIGNMENT (  '', '', ( #9810 ) ) ;
#1871 = CARTESIAN_POINT ( 'NONE',  ( 4.338564738074770055, 2.082854828587677343, 4.607545201010647240 ) ) ;
#1872 = EDGE_CURVE ( 'NONE', #2049, #2192, #5931, .T. ) ;
#1873 = AXIS2_PLACEMENT_3D ( 'NONE', #9973, #5872, #2771 ) ;
#1874 = CARTESIAN_POINT ( 'NONE',  ( 4.850000000000000533, 0.000000000000000000, 3.499999999999998668 ) ) ;
#1875 = VECTOR ( 'NONE', #4200, 1000.000000000000000 ) ;
#1876 = CARTESIAN_POINT ( 'NONE',  ( 1.984314575050761364, 0.000000000000000000, 5.049999999999999822 ) ) ;
#1877 = ADVANCED_FACE ( 'NONE', ( #10038 ), #2012, .F. ) ;
#1878 = CARTESIAN_POINT ( 'NONE',  ( -3.849999999999940137, 0.000000000000000000, -0.7000000000000018430 ) ) ;
#1879 = DIRECTION ( 'NONE',  ( -1.000000000000000000, 0.000000000000000000, -0.000000000000000000 ) ) ;
#1880 = DIRECTION ( 'NONE',  ( 1.626303258728256059E-15, 0.000000000000000000, -1.000000000000000000 ) ) ;
#1881 = ADVANCED_FACE ( 'NONE', ( #391 ), #6752, .F. ) ;
#1882 = CIRCLE ( 'NONE', #6653, 0.1999999999999996503 ) ;
#1883 = CARTESIAN_POINT ( 'NONE',  ( 3.850000000000020073, 0.8000000000000000444, 2.600000000000000533 ) ) ;
#1884 = DIRECTION ( 'NONE',  ( 0.000000000000000000, 0.000000000000000000, 1.000000000000000000 ) ) ;
#1885 = CARTESIAN_POINT ( 'NONE',  ( 3.850000000000065814, 0.8000000000000000444, -2.600000000000000533 ) ) ;
#1886 = VECTOR ( 'NONE', #2309, 1000.000000000000000 ) ;
#1887 = AXIS2_PLACEMENT_3D ( 'NONE', #7754, #771, #3936 ) ;
#1888 = ORIENTED_EDGE ( 'NONE', *, *, #6167, .T. ) ;
#1889 = FACE_OUTER_BOUND ( 'NONE', #9890, .T. ) ;
#1890 = SURFACE_STYLE_USAGE ( .BOTH. , #1988 ) ;
#1891 = CARTESIAN_POINT ( 'NONE',  ( 4.850000000000001421, 2.080624847486572282, -2.900000000000000799 ) ) ;
#1892 = FACE_OUTER_BOUND ( 'NONE', #6456, .T. ) ;
#1893 = CARTESIAN_POINT ( 'NONE',  ( 3.849999999999996536, 0.000000000000000000, -4.800000000000001599 ) ) ;
#1894 = VECTOR ( 'NONE', #2624, 1000.000000000000000 ) ;
#1895 = VECTOR ( 'NONE', #4470, 1000.000000000000000 ) ;
#1896 = EDGE_CURVE ( 'NONE', #2325, #4942, #9110, .T. ) ;
#1897 = LINE ( 'NONE', #9196, #2437 ) ;
#1898 = FILL_AREA_STYLE ('',( #5869 ) ) ;
#1899 = ORIENTED_EDGE ( 'NONE', *, *, #148, .F. ) ;
#1900 = ORIENTED_EDGE ( 'NONE', *, *, #8615, .F. ) ;
#1901 = CARTESIAN_POINT ( 'NONE',  ( 2.399999999999999467, 0.7999999999999998224, 4.650000000000006573 ) ) ;
#1902 = ORIENTED_EDGE ( 'NONE', *, *, #6560, .F. ) ;
#1903 = CLOSED_SHELL ( 'NONE', ( #3390, #5901, #9945, #5379, #9270, #3940, #5595, #2943 ) ) ;
#1904 = STYLED_ITEM ( 'NONE', ( #5443 ), #9673 ) ;
#1905 = STYLED_ITEM ( 'NONE', ( #3793 ), #8753 ) ;
#1906 = EDGE_LOOP ( 'NONE', ( #6112, #9537, #847, #6164, #121, #6473, #7559, #601 ) ) ;
#1907 = CARTESIAN_POINT ( 'NONE',  ( 4.850000000000000533, 0.8000000000000000444, -6.599999999999999645 ) ) ;
#1908 =( NAMED_UNIT ( * ) SI_UNIT ( $, .STERADIAN. ) SOLID_ANGLE_UNIT ( ) );
#1909 = DIRECTION ( 'NONE',  ( 1.000000000000000000, 0.000000000000000000, -0.000000000000000000 ) ) ;
#1910 = EDGE_CURVE ( 'NONE', #7423, #17, #4336, .T. ) ;
#1911 = CARTESIAN_POINT ( 'NONE',  ( -4.850000000000001421, 0.000000000000000000, 5.049999999999999822 ) ) ;
#1912 = FILL_AREA_STYLE_COLOUR ( '', #702 ) ;
#1913 = ORIENTED_EDGE ( 'NONE', *, *, #9372, .F. ) ;
#1914 = PLANE ( 'NONE',  #1157 ) ;
#1915 = EDGE_LOOP ( 'NONE', ( #10037, #2739, #1581, #2477 ) ) ;
#1916 = CARTESIAN_POINT ( 'NONE',  ( -4.316688183223972075, 2.100000000000000089, -4.576232285936367106 ) ) ;
#1917 = VERTEX_POINT ( 'NONE', #3664 ) ;
#1918 = VECTOR ( 'NONE', #7402, 1000.000000000000000 ) ;
#1919 = CARTESIAN_POINT ( 'NONE',  ( 4.364045346104522771, 2.053875565893688027, 4.635287539139258506 ) ) ;
#1920 =( NAMED_UNIT ( * ) SI_UNIT ( $, .STERADIAN. ) SOLID_ANGLE_UNIT ( ) );
#1921 = EDGE_CURVE ( 'NONE', #1443, #7950, #6704, .T. ) ;
#1922 = CARTESIAN_POINT ( 'NONE',  ( -4.850000000000000533, 0.000000000000000000, -1.100000000000001199 ) ) ;
#1923 = DIRECTION ( 'NONE',  ( 0.000000000000000000, -1.000000000000000000, 0.000000000000000000 ) ) ;
#1924 = CARTESIAN_POINT ( 'NONE',  ( -4.850000000000000533, 2.080624847486572282, 2.399999999999999023 ) ) ;
#1925 = LINE ( 'NONE', #5085, #7429 ) ;
#1926 = EDGE_CURVE ( 'NONE', #9974, #7577, #3776, .T. ) ;
#1927 = EDGE_CURVE ( 'NONE', #190, #6331, #9887, .T. ) ;
#1928 = FILL_AREA_STYLE_COLOUR ( '', #9168 ) ;
#1929 = EDGE_CURVE ( 'NONE', #2242, #293, #2887, .T. ) ;
#1930 = VECTOR ( 'NONE', #2308, 1000.000000000000000 ) ;
#1931 = FACE_OUTER_BOUND ( 'NONE', #2985, .T. ) ;
#1932 = DIRECTION ( 'NONE',  ( 1.626303258728256257E-15, 0.000000000000000000, 1.000000000000000000 ) ) ;
#1933 = DIRECTION ( 'NONE',  ( 1.000000000000000000, 0.000000000000000000, -0.000000000000000000 ) ) ;
#1934 = VERTEX_POINT ( 'NONE', #2936 ) ;
#1935 = DIRECTION ( 'NONE',  ( -0.000000000000000000, 0.000000000000000000, 1.000000000000000000 ) ) ;
#1936 = CARTESIAN_POINT ( 'NONE',  ( -4.399999999999999467, 2.011251983595061077, -4.642771119259120560 ) ) ;
#1937 = VECTOR ( 'NONE', #8968, 1000.000000000000000 ) ;
#1938 = VECTOR ( 'NONE', #7264, 1000.000000000000000 ) ;
#1939 = CARTESIAN_POINT ( 'NONE',  ( -3.849999999999997424, 0.8000000000000000444, 4.799999999999998934 ) ) ;
#1940 = UNCERTAINTY_MEASURE_WITH_UNIT (LENGTH_MEASURE( 1.000000000000000082E-05 ), #2181, 'distance_accuracy_value', 'NONE');
#1941 = DIRECTION ( 'NONE',  ( 0.000000000000000000, -1.000000000000000000, 0.000000000000000000 ) ) ;
#1942 = VECTOR ( 'NONE', #6545, 1000.000000000000000 ) ;
#1943 = CARTESIAN_POINT ( 'NONE',  ( -3.449999999999999289, 2.200000000000000178, -3.649999999999999467 ) ) ;
#1944 = DIRECTION ( 'NONE',  ( 1.000000000000000000, 0.000000000000000000, -0.000000000000000000 ) ) ;
#1945 = DIRECTION ( 'NONE',  ( 1.000000000000000000, 0.000000000000000000, -0.000000000000000000 ) ) ;
#1946 = VERTEX_POINT ( 'NONE', #6916 ) ;
#1947 = ORIENTED_EDGE ( 'NONE', *, *, #6218, .F. ) ;
#1948 = DIRECTION ( 'NONE',  ( -4.336808689942006692E-15, 0.000000000000000000, 1.000000000000000000 ) ) ;
#1949 = VERTEX_POINT ( 'NONE', #8477 ) ;
#1950 = FILL_AREA_STYLE ('',( #9688 ) ) ;
#1951 = UNCERTAINTY_MEASURE_WITH_UNIT (LENGTH_MEASURE( 1.000000000000000082E-05 ), #7379, 'distance_accuracy_value', 'NONE');
#1952 = AXIS2_PLACEMENT_3D ( 'NONE', #7489, #5954, #6108 ) ;
#1953 = CARTESIAN_POINT ( 'NONE',  ( 4.299999999999998934, 2.097980000000000178, 4.549999999999998934 ) ) ;
#1954 = EDGE_LOOP ( 'NONE', ( #3783, #3726 ) ) ;
#1955 = FACE_OUTER_BOUND ( 'NONE', #9672, .T. ) ;
#1956 = FACE_OUTER_BOUND ( 'NONE', #8530, .T. ) ;
#1957 = DIRECTION ( 'NONE',  ( -1.000000000000000000, 0.000000000000000000, -4.336808689942006692E-15 ) ) ;
#1958 = LINE ( 'NONE', #6652, #5679 ) ;
#1959 = SURFACE_SIDE_STYLE ('',( #8312 ) ) ;
#1960 = EDGE_LOOP ( 'NONE', ( #6289, #9675, #8271, #5101 ) ) ;
#1961 = FACE_OUTER_BOUND ( 'NONE', #6453, .T. ) ;
#1962 = MANIFOLD_SOLID_BREP ( 'LPattern2[14]', #3548 ) ;
#1963 = ORIENTED_EDGE ( 'NONE', *, *, #3502, .F. ) ;
#1964 = ADVANCED_FACE ( 'NONE', ( #9519 ), #3970, .F. ) ;
#1965 = DIRECTION ( 'NONE',  ( 0.000000000000000000, 0.000000000000000000, 1.000000000000000000 ) ) ;
#1966 = PRESENTATION_LAYER_ASSIGNMENT (  '', '', ( #640 ) ) ;
#1967 = ORIENTED_EDGE ( 'NONE', *, *, #1665, .T. ) ;
#1968 = CARTESIAN_POINT ( 'NONE',  ( -4.850000000000000533, 2.080624847486572282, -1.300000000000000711 ) ) ;
#1969 =( NAMED_UNIT ( * ) SI_UNIT ( $, .STERADIAN. ) SOLID_ANGLE_UNIT ( ) );
#1970 = ADVANCED_FACE ( 'NONE', ( #5368 ), #3140, .F. ) ;
#1971 = PRESENTATION_STYLE_ASSIGNMENT (( #7483 ) ) ;
#1972 = ADVANCED_FACE ( 'NONE', ( #5008 ), #8952, .F. ) ;
#1973 =( NAMED_UNIT ( * ) PLANE_ANGLE_UNIT ( ) SI_UNIT ( $, .RADIAN. ) );
#1974 = CARTESIAN_POINT ( 'NONE',  ( -4.850000000000000533, 0.000000000000000000, 4.399999999999999467 ) ) ;
#1975 = LINE ( 'NONE', #7541, #6939 ) ;
#1976 = SURFACE_STYLE_USAGE ( .BOTH. , #4262 ) ;
#1977 = CARTESIAN_POINT ( 'NONE',  ( 4.850000000000000533, 0.8000000000000000444, 0.3999999999999993006 ) ) ;
#1978 = MANIFOLD_SOLID_BREP ( 'LPattern2[5]', #399 ) ;
#1979 = VECTOR ( 'NONE', #3973, 1000.000000000000000 ) ;
#1980 = VECTOR ( 'NONE', #8293, 1000.000000000000000 ) ;
#1981 = DIRECTION ( 'NONE',  ( 0.000000000000000000, -1.000000000000000000, 0.000000000000000000 ) ) ;
#1982 = ORIENTED_EDGE ( 'NONE', *, *, #780, .F. ) ;
#1983 = LINE ( 'NONE', #5136, #7838 ) ;
#1984 = EDGE_CURVE ( 'NONE', #10209, #6056, #9735, .T. ) ;
#1985 = EDGE_CURVE ( 'NONE', #6601, #896, #1793, .T. ) ;
#1986 = ORIENTED_EDGE ( 'NONE', *, *, #9528, .F. ) ;
#1987 = DIRECTION ( 'NONE',  ( -0.000000000000000000, 1.000000000000000000, 0.000000000000000000 ) ) ;
#1988 = SURFACE_SIDE_STYLE ('',( #9041 ) ) ;
#1989 = VECTOR ( 'NONE', #2910, 1000.000000000000000 ) ;
#1990 = CARTESIAN_POINT ( 'NONE',  ( 4.850000000000001421, 0.7999999999999999334, -4.000000000000000888 ) ) ;
#1991 = ORIENTED_EDGE ( 'NONE', *, *, #184, .T. ) ;
#1992 = DIRECTION ( 'NONE',  ( 0.000000000000000000, -0.000000000000000000, -1.000000000000000000 ) ) ;
#1993 = CARTESIAN_POINT ( 'NONE',  ( 3.850000000000030287, 0.8000000000000000444, 0.000000000000000000 ) ) ;
#1994 = DIRECTION ( 'NONE',  ( -1.000000000000000000, 0.000000000000000000, 1.626303258728256059E-15 ) ) ;
#1995 = EDGE_CURVE ( 'NONE', #8847, #2944, #4190, .T. ) ;
#1996 = VECTOR ( 'NONE', #4933, 1000.000000000000000 ) ;
#1997 = CARTESIAN_POINT ( 'NONE',  ( 4.850000000000028066, 0.8000000000000000444, 1.799999999999999600 ) ) ;
#1998 = EDGE_CURVE ( 'NONE', #9374, #4159, #5187, .T. ) ;
#1999 = AXIS2_PLACEMENT_3D ( 'NONE', #6255, #2434, #7857 ) ;
#2000 = MANIFOLD_SOLID_BREP ( 'LPattern2[9]', #7912 ) ;
#2001 = ORIENTED_EDGE ( 'NONE', *, *, #7967, .T. ) ;
#2002 = ORIENTED_EDGE ( 'NONE', *, *, #2300, .T. ) ;
#2003 = CARTESIAN_POINT ( 'NONE',  ( -3.849999999999997424, 0.000000000000000000, 4.799999999999999822 ) ) ;
#2004 = ORIENTED_EDGE ( 'NONE', *, *, #6912, .T. ) ;
#2005 = CARTESIAN_POINT ( 'NONE',  ( 4.397979999999999556, 2.000000000000000444, 4.649929289321881321 ) ) ;
#2006 = PRESENTATION_LAYER_ASSIGNMENT (  '', '', ( #6630 ) ) ;
#2007 = EDGE_CURVE ( 'NONE', #2386, #1654, #7223, .T. ) ;
#2008 = VERTEX_POINT ( 'NONE', #6987 ) ;
#2009 =( LENGTH_UNIT ( ) NAMED_UNIT ( * ) SI_UNIT ( .MILLI., .METRE. ) );
#2010 = DIRECTION ( 'NONE',  ( -4.336808689942006692E-15, 0.000000000000000000, 1.000000000000000000 ) ) ;
#2011 = SURFACE_STYLE_FILL_AREA ( #5834 ) ;
#2012 = PLANE ( 'NONE',  #6152 ) ;
#2013 = ORIENTED_EDGE ( 'NONE', *, *, #5191, .T. ) ;
#2014 = CARTESIAN_POINT ( 'NONE',  ( -3.849999999999996536, 2.080624847486572282, -1.800000000000000711 ) ) ;
#2015 =( LENGTH_UNIT ( ) NAMED_UNIT ( * ) SI_UNIT ( .MILLI., .METRE. ) );
#2016 = VERTEX_POINT ( 'NONE', #2856 ) ;
#2017 = CARTESIAN_POINT ( 'NONE',  ( 3.850000000000018741, 0.000000000000000000, 1.799999999999999600 ) ) ;
#2018 = AXIS2_PLACEMENT_3D ( 'NONE', #1553, #3937, #7855 ) ;
#2019 = VERTEX_POINT ( 'NONE', #9188 ) ;
#2020 = ADVANCED_FACE ( 'NONE', ( #4571 ), #8558, .F. ) ;
#2021 = EDGE_CURVE ( 'NONE', #7783, #5006, #8448, .T. ) ;
#2022 = FACE_OUTER_BOUND ( 'NONE', #5015, .T. ) ;
#2023 =( NAMED_UNIT ( * ) SI_UNIT ( $, .STERADIAN. ) SOLID_ANGLE_UNIT ( ) );
#2024 = LINE ( 'NONE', #3678, #222 ) ;
#2025 = LINE ( 'NONE', #5641, #5816 ) ;
#2026 = CARTESIAN_POINT ( 'NONE',  ( 4.599999999999998757, 2.079235665564123092, -4.633126848390694441 ) ) ;
#2027 = PRESENTATION_STYLE_ASSIGNMENT (( #1976 ) ) ;
#2028 = MECHANICAL_DESIGN_GEOMETRIC_PRESENTATION_REPRESENTATION (  '', ( #2199 ), #5493 ) ;
#2029 = MANIFOLD_SOLID_BREP ( 'LPattern2[3]', #9247 ) ;
#2030 = DIRECTION ( 'NONE',  ( 0.000000000000000000, 3.336006684570780538E-15, -1.000000000000000000 ) ) ;
#2031 = VERTEX_POINT ( 'NONE', #8505 ) ;
#2032 = EDGE_CURVE ( 'NONE', #4631, #6280, #10112, .T. ) ;
#2033 = DIRECTION ( 'NONE',  ( -1.000000000000000000, 0.000000000000000000, -0.000000000000000000 ) ) ;
#2034 = AXIS2_PLACEMENT_3D ( 'NONE', #7703, #3571, #4396 ) ;
#2035 = DIRECTION ( 'NONE',  ( 1.626303258728256257E-15, 0.000000000000000000, 1.000000000000000000 ) ) ;
#2036 = VERTEX_POINT ( 'NONE', #1415 ) ;
#2037 = DIRECTION ( 'NONE',  ( -8.673617379884051249E-15, 0.000000000000000000, -1.000000000000000000 ) ) ;
#2038 = DIRECTION ( 'NONE',  ( 1.626303258728256257E-15, 0.000000000000000000, -1.000000000000000000 ) ) ;
#2039 = ORIENTED_EDGE ( 'NONE', *, *, #3178, .T. ) ;
#2040 = UNCERTAINTY_MEASURE_WITH_UNIT (LENGTH_MEASURE( 1.000000000000000082E-05 ), #606, 'distance_accuracy_value', 'NONE');
#2041 = DIRECTION ( 'NONE',  ( -1.000000000000000000, 3.336006684570780538E-15, 0.000000000000000000 ) ) ;
#2042 = AXIS2_PLACEMENT_3D ( 'NONE', #9031, #6527, #405 ) ;
#2043 = LINE ( 'NONE', #7363, #3623 ) ;
#2044 = CARTESIAN_POINT ( 'NONE',  ( 3.849999999999997424, 2.080624847486572282, 3.699999999999999289 ) ) ;
#2045 = COLOUR_RGB ( '',1.000000000000000000, 0.8117647058823529438, 0.5019607843137254832 ) ;
#2046 = FACE_OUTER_BOUND ( 'NONE', #7797, .T. ) ;
#2047 = STYLED_ITEM ( 'NONE', ( #9012 ), #10077 ) ;
#2048 = ADVANCED_FACE ( 'NONE', ( #3006 ), #9345, .T. ) ;
#2049 = VERTEX_POINT ( 'NONE', #2498 ) ;
#2050 = ORIENTED_EDGE ( 'NONE', *, *, #3064, .T. ) ;
#2051 = EDGE_CURVE ( 'NONE', #5142, #7423, #3111, .T. ) ;
#2052 = LINE ( 'NONE', #478, #5338 ) ;
#2053 = EDGE_CURVE ( 'NONE', #1673, #3529, #7822, .T. ) ;
#2054 = ORIENTED_EDGE ( 'NONE', *, *, #4621, .F. ) ;
#2055 = SURFACE_STYLE_USAGE ( .BOTH. , #4588 ) ;
#2056 = UNCERTAINTY_MEASURE_WITH_UNIT (LENGTH_MEASURE( 1.000000000000000082E-05 ), #7494, 'distance_accuracy_value', 'NONE');
#2057 = VECTOR ( 'NONE', #10221, 1000.000000000000000 ) ;
#2058 = DIRECTION ( 'NONE',  ( 0.000000000000000000, 0.000000000000000000, 1.000000000000000000 ) ) ;
#2059 = MECHANICAL_DESIGN_GEOMETRIC_PRESENTATION_REPRESENTATION (  '', ( #8506 ), #2229 ) ;
#2060 = DIRECTION ( 'NONE',  ( 0.000000000000000000, 0.000000000000000000, 1.000000000000000000 ) ) ;
#2061 = ORIENTED_EDGE ( 'NONE', *, *, #2032, .T. ) ;
#2062 = DIRECTION ( 'NONE',  ( -0.000000000000000000, -1.000000000000000000, -0.000000000000000000 ) ) ;
#2063 = SURFACE_SIDE_STYLE ('',( #9107 ) ) ;
#2064 = EDGE_CURVE ( 'NONE', #1201, #3977, #789, .T. ) ;
#2065 = CARTESIAN_POINT ( 'NONE',  ( -4.850000000000000533, 2.080624847486572282, -2.000000000000000888 ) ) ;
#2066 = MECHANICAL_DESIGN_GEOMETRIC_PRESENTATION_REPRESENTATION (  '', ( #2884 ), #6670 ) ;
#2067 = PRESENTATION_LAYER_ASSIGNMENT (  '', '', ( #7674 ) ) ;
#2068 = CARTESIAN_POINT ( 'NONE',  ( 3.850000000000019185, 0.8000000000000000444, 1.799999999999999600 ) ) ;
#2069 = ORIENTED_EDGE ( 'NONE', *, *, #4578, .F. ) ;
#2070 = CARTESIAN_POINT ( 'NONE',  ( 4.333309763107292767, 2.269452524890164469, -4.707639970946510211 ) ) ;
#2071 = CARTESIAN_POINT ( 'NONE',  ( 4.850000000000000533, 0.000000000000000000, -3.300000000000000711 ) ) ;
#2072 = VERTEX_POINT ( 'NONE', #6268 ) ;
#2073 = CARTESIAN_POINT ( 'NONE',  ( 4.850000000000000533, 2.080624847486572282, 0.1999999999999987899 ) ) ;
#2074 = VERTEX_POINT ( 'NONE', #1769 ) ;
#2075 = VECTOR ( 'NONE', #9626, 1000.000000000000000 ) ;
#2076 = FACE_OUTER_BOUND ( 'NONE', #1132, .T. ) ;
#2077 = FACE_OUTER_BOUND ( 'NONE', #6242, .T. ) ;
#2078 = LINE ( 'NONE', #669, #8122 ) ;
#2079 = CARTESIAN_POINT ( 'NONE',  ( 4.316699647756667702, 2.300000000000000711, 4.628750921375360150 ) ) ;
#2080 = CARTESIAN_POINT ( 'NONE',  ( -3.849999999999996092, 0.7999999999999999334, -4.800000000000001599 ) ) ;
#2081 = LINE ( 'NONE', #5227, #7319 ) ;
#2082 = CARTESIAN_POINT ( 'NONE',  ( -4.850000000000000533, 0.7999999999999999334, -2.200000000000000622 ) ) ;
#2083 = FILL_AREA_STYLE ('',( #6000 ) ) ;
#2084 = FILL_AREA_STYLE ('',( #3845 ) ) ;
#2085 = ORIENTED_EDGE ( 'NONE', *, *, #7571, .F. ) ;
#2086 = LINE ( 'NONE', #4516, #9662 ) ;
#2087 = DIRECTION ( 'NONE',  ( 0.000000000000000000, 0.000000000000000000, -1.000000000000000000 ) ) ;
#2088 = ORIENTED_EDGE ( 'NONE', *, *, #1421, .T. ) ;
#2089 = LINE ( 'NONE', #583, #10094 ) ;
#2090 =( NAMED_UNIT ( * ) SI_UNIT ( $, .STERADIAN. ) SOLID_ANGLE_UNIT ( ) );
#2091 = ORIENTED_EDGE ( 'NONE', *, *, #6457, .F. ) ;
#2092 = EDGE_CURVE ( 'NONE', #1934, #6461, #1565, .T. ) ;
#2093 = LINE ( 'NONE', #9293, #1895 ) ;
#2094 = VECTOR ( 'NONE', #3266, 1000.000000000000000 ) ;
#2095 = FACE_OUTER_BOUND ( 'NONE', #9313, .T. ) ;
#2096 = VECTOR ( 'NONE', #2829, 1000.000000000000000 ) ;
#2097 = LINE ( 'NONE', #9095, #1282 ) ;
#2098 = CARTESIAN_POINT ( 'NONE',  ( -4.850000000000000533, 0.7999999999999999334, -2.400000000000000355 ) ) ;
#2099 = ORIENTED_EDGE ( 'NONE', *, *, #4909, .F. ) ;
#2100 = CIRCLE ( 'NONE', #9724, 0.1999999999999996503 ) ;
#2101 = VERTEX_POINT ( 'NONE', #8814 ) ;
#2102 = ADVANCED_FACE ( 'NONE', ( #9492 ), #8036, .T. ) ;
#2103 = CARTESIAN_POINT ( 'NONE',  ( -3.849999999999986766, 0.000000000000000000, 3.699999999999998401 ) ) ;
#2104 = ORIENTED_EDGE ( 'NONE', *, *, #4787, .F. ) ;
#2105 = CARTESIAN_POINT ( 'NONE',  ( -3.849999999999952571, 0.8000000000000000444, 0.000000000000000000 ) ) ;
#2106 = DIRECTION ( 'NONE',  ( 0.000000000000000000, 0.000000000000000000, -1.000000000000000000 ) ) ;
#2107 = VERTEX_POINT ( 'NONE', #1719 ) ;
#2108 = CARTESIAN_POINT ( 'NONE',  ( 4.850000000000000533, 0.000000000000000000, 1.299999999999999156 ) ) ;
#2109 = EDGE_CURVE ( 'NONE', #1606, #7358, #9548, .T. ) ;
#2110 =( NAMED_UNIT ( * ) PLANE_ANGLE_UNIT ( ) SI_UNIT ( $, .RADIAN. ) );
#2111 = DIRECTION ( 'NONE',  ( -1.000000000000000000, 0.000000000000000000, 1.626303258728256257E-15 ) ) ;
#2112 = AXIS2_PLACEMENT_3D ( 'NONE', #2044, #1994, #1116 ) ;
#2113 = ORIENTED_EDGE ( 'NONE', *, *, #3986, .T. ) ;
#2115 = EDGE_CURVE ( 'NONE', #6004, #615, #10203, .T. ) ;
#2114 = DIRECTION ( 'NONE',  ( 1.000000000000000000, 0.000000000000000000, -0.000000000000000000 ) ) ;
#2116 = ORIENTED_EDGE ( 'NONE', *, *, #7012, .F. ) ;
#2117 = CARTESIAN_POINT ( 'NONE',  ( 4.399929289321881321, 2.000000000000000444, -4.647979999999999556 ) ) ;
#2118 = DIRECTION ( 'NONE',  ( -8.673617379884051249E-15, 0.000000000000000000, -1.000000000000000000 ) ) ;
#2119 = ORIENTED_EDGE ( 'NONE', *, *, #7902, .T. ) ;
#2120 = DIRECTION ( 'NONE',  ( -4.336808689942006692E-15, 0.000000000000000000, -1.000000000000000000 ) ) ;
#2121 = ORIENTED_EDGE ( 'NONE', *, *, #2051, .F. ) ;
#2122 = CARTESIAN_POINT ( 'NONE',  ( -3.849999999999974332, 0.8000000000000000444, 2.599999999999999645 ) ) ;
#2123 = CARTESIAN_POINT ( 'NONE',  ( -4.850000000000000533, 2.080624847486572282, -0.2000000000000005107 ) ) ;
#2124 = CARTESIAN_POINT ( 'NONE',  ( -4.849999999999971223, 0.8000000000000000444, 1.499999999999998668 ) ) ;
#2125 = FILL_AREA_STYLE ('',( #6822 ) ) ;
#2126 = LINE ( 'NONE', #6144, #8303 ) ;
#2127 = CARTESIAN_POINT ( 'NONE',  ( 4.399929289321881321, 2.299999999999999378, -4.549999999999998934 ) ) ;
#2128 = CARTESIAN_POINT ( 'NONE',  ( -3.849999999999974332, 0.8000000000000000444, 2.599999999999999645 ) ) ;
#2129 = DIRECTION ( 'NONE',  ( -1.000000000000000000, -0.000000000000000000, -0.000000000000000000 ) ) ;
#2130 = PLANE ( 'NONE',  #7343 ) ;
#2131 = MANIFOLD_SOLID_BREP ( 'Boss-Extrude5', #8515 ) ;
#2132 = DIRECTION ( 'NONE',  ( 1.000000000000000000, 0.000000000000000000, 0.000000000000000000 ) ) ;
#2133 = ORIENTED_EDGE ( 'NONE', *, *, #483, .T. ) ;
#2134 = DIRECTION ( 'NONE',  ( -1.000000000000000000, -0.000000000000000000, 0.000000000000000000 ) ) ;
#2135 = MECHANICAL_DESIGN_GEOMETRIC_PRESENTATION_REPRESENTATION (  '', ( #9756 ), #4290 ) ;
#2136 = DIRECTION ( 'NONE',  ( 1.000000000000000000, 0.000000000000000000, 0.000000000000000000 ) ) ;
#2137 = ORIENTED_EDGE ( 'NONE', *, *, #2731, .F. ) ;
#2138 = LINE ( 'NONE', #635, #3968 ) ;
#2139 = FACE_OUTER_BOUND ( 'NONE', #10021, .T. ) ;
#2140 = EDGE_CURVE ( 'NONE', #6538, #4874, #8662, .T. ) ;
#2141 = CARTESIAN_POINT ( 'NONE',  ( 4.849999999999997868, 2.080624847486572282, 1.799999999999999600 ) ) ;
#2142 = VERTEX_POINT ( 'NONE', #6371 ) ;
#2143 = UNCERTAINTY_MEASURE_WITH_UNIT (LENGTH_MEASURE( 1.000000000000000082E-05 ), #8090, 'distance_accuracy_value', 'NONE');
#2144 = FILL_AREA_STYLE ('',( #3701 ) ) ;
#2145 = CARTESIAN_POINT ( 'NONE',  ( -4.333321372093177359, 2.267607869197448167, 4.706613802740582386 ) ) ;
#2146 = COLOUR_RGB ( '',0.000000000000000000, 0.5019607843137254832, 0.000000000000000000 ) ;
#2147 =( GEOMETRIC_REPRESENTATION_CONTEXT ( 3 ) GLOBAL_UNCERTAINTY_ASSIGNED_CONTEXT ( ( #3405 ) ) GLOBAL_UNIT_ASSIGNED_CONTEXT ( ( #206, #9028, #8272 ) ) REPRESENTATION_CONTEXT ( 'NONE', 'WORKASPACE' ) );
#2148 = EDGE_CURVE ( 'NONE', #1676, #1254, #10253, .T. ) ;
#2149 = VERTEX_POINT ( 'NONE', #6482 ) ;
#2150 = AXIS2_PLACEMENT_3D ( 'NONE', #10011, #4673, #7603 ) ;
#2151 = EDGE_LOOP ( 'NONE', ( #717, #2274, #8349, #9323 ) ) ;
#2152 = LINE ( 'NONE', #5307, #876 ) ;
#2153 = ORIENTED_EDGE ( 'NONE', *, *, #11, .F. ) ;
#2154 = PRESENTATION_STYLE_ASSIGNMENT (( #2055 ) ) ;
#2155 = UNCERTAINTY_MEASURE_WITH_UNIT (LENGTH_MEASURE( 1.000000000000000082E-05 ), #465, 'distance_accuracy_value', 'NONE');
#2156 = FACE_OUTER_BOUND ( 'NONE', #5526, .T. ) ;
#2157 = FILL_AREA_STYLE ('',( #4428 ) ) ;
#2158 = EDGE_LOOP ( 'NONE', ( #7936, #6907, #7863, #3371 ) ) ;
#2159 = EDGE_CURVE ( 'NONE', #2316, #10209, #9663, .T. ) ;
#2160 = CIRCLE ( 'NONE', #2818, 0.5999999999999998668 ) ;
#2161 = AXIS2_PLACEMENT_3D ( 'NONE', #9999, #6769, #2899 ) ;
#2162 = SURFACE_STYLE_FILL_AREA ( #7471 ) ;
#2163 = CARTESIAN_POINT ( 'NONE',  ( 4.850000000000001421, 2.080624847486572282, 1.499999999999999556 ) ) ;
#2164 = PLANE ( 'NONE',  #9440 ) ;
#2165 = ORIENTED_EDGE ( 'NONE', *, *, #7571, .T. ) ;
#2166 = ORIENTED_EDGE ( 'NONE', *, *, #4831, .F. ) ;
#2167 = VECTOR ( 'NONE', #2285, 1000.000000000000000 ) ;
#2168 = CARTESIAN_POINT ( 'NONE',  ( -3.849999999999996092, 0.000000000000000000, 2.899999999999999023 ) ) ;
#2169 = LINE ( 'NONE', #5319, #8262 ) ;
#2170 = ORIENTED_EDGE ( 'NONE', *, *, #7290, .T. ) ;
#2171 = DIRECTION ( 'NONE',  ( 1.000000000000000000, 0.000000000000000000, -4.336808689942006692E-15 ) ) ;
#2172 = ORIENTED_EDGE ( 'NONE', *, *, #3676, .T. ) ;
#2173 = CARTESIAN_POINT ( 'NONE',  ( -3.849999999999996980, 0.7999999999999999334, -0.7000000000000009548 ) ) ;
#2174 = MECHANICAL_DESIGN_GEOMETRIC_PRESENTATION_REPRESENTATION (  '', ( #345 ), #8618 ) ;
#2175 =( NAMED_UNIT ( * ) SI_UNIT ( $, .STERADIAN. ) SOLID_ANGLE_UNIT ( ) );
#2176 = FACE_OUTER_BOUND ( 'NONE', #609, .T. ) ;
#2177 = LINE ( 'NONE', #674, #6826 ) ;
#2178 = EDGE_CURVE ( 'NONE', #3108, #4631, #2444, .T. ) ;
#2179 = PLANE ( 'NONE',  #2161 ) ;
#2180 = ADVANCED_FACE ( 'NONE', ( #8761 ), #8188, .F. ) ;
#2181 =( LENGTH_UNIT ( ) NAMED_UNIT ( * ) SI_UNIT ( .MILLI., .METRE. ) );
#2182 = AXIS2_PLACEMENT_3D ( 'NONE', #7966, #5537, #10147 ) ;
#2183 = PLANE ( 'NONE',  #2725 ) ;
#2184 = FACE_OUTER_BOUND ( 'NONE', #2761, .T. ) ;
#2185 = PRESENTATION_STYLE_ASSIGNMENT (( #49 ) ) ;
#2186 = ORIENTED_EDGE ( 'NONE', *, *, #2427, .T. ) ;
#2187 = ADVANCED_FACE ( 'NONE', ( #4166 ), #7348, .T. ) ;
#2188 = DIRECTION ( 'NONE',  ( 0.000000000000000000, 0.000000000000000000, 1.000000000000000000 ) ) ;
#2189 = ADVANCED_FACE ( 'NONE', ( #4260 ), #6626, .F. ) ;
#2190 = DIRECTION ( 'NONE',  ( 0.000000000000000000, -3.491481338843133355E-15, -1.000000000000000000 ) ) ;
#2191 = AXIS2_PLACEMENT_3D ( 'NONE', #773, #1599, #3258 ) ;
#2192 = VERTEX_POINT ( 'NONE', #6528 ) ;
#2193 = CARTESIAN_POINT ( 'NONE',  ( -4.399929289321881321, 2.000000000000001332, -4.850000000000000533 ) ) ;
#2194 = DIRECTION ( 'NONE',  ( 0.000000000000000000, 0.000000000000000000, 1.000000000000000000 ) ) ;
#2195 = EDGE_CURVE ( 'NONE', #190, #7152, #7390, .T. ) ;
#2196 = ORIENTED_EDGE ( 'NONE', *, *, #8632, .F. ) ;
#2197 = PLANE ( 'NONE',  #2878 ) ;
#2198 = DIRECTION ( 'NONE',  ( 0.000000000000000000, 0.000000000000000000, 1.000000000000000000 ) ) ;
#2199 = STYLED_ITEM ( 'NONE', ( #9261 ), #1881 ) ;
#2200 = LINE ( 'NONE', #1318, #9013 ) ;
#2201 = VECTOR ( 'NONE', #802, 1000.000000000000000 ) ;
#2202 = ORIENTED_EDGE ( 'NONE', *, *, #2866, .T. ) ;
#2203 = ORIENTED_EDGE ( 'NONE', *, *, #1481, .F. ) ;
#2204 = SURFACE_STYLE_FILL_AREA ( #10213 ) ;
#2205 = ORIENTED_EDGE ( 'NONE', *, *, #7404, .T. ) ;
#2206 = AXIS2_PLACEMENT_3D ( 'NONE', #6111, #1363, #518 ) ;
#2207 = FILL_AREA_STYLE ('',( #10026 ) ) ;
#2208 = DIRECTION ( 'NONE',  ( 1.626303258728256059E-15, 0.000000000000000000, -1.000000000000000000 ) ) ;
#2209 = AXIS2_PLACEMENT_3D ( 'NONE', #415, #5912, #8983 ) ;
#2210 = DIRECTION ( 'NONE',  ( -1.000000000000000000, 0.000000000000000000, -0.000000000000000000 ) ) ;
#2211 = VERTEX_POINT ( 'NONE', #1192 ) ;
#2212 = LINE ( 'NONE', #8627, #4450 ) ;
#2213 = DIRECTION ( 'NONE',  ( -0.000000000000000000, -1.000000000000000000, -0.000000000000000000 ) ) ;
#2214 = CARTESIAN_POINT ( 'NONE',  ( -3.849999999999996980, 0.7999999999999999334, -2.900000000000000799 ) ) ;
#2215 = CARTESIAN_POINT ( 'NONE',  ( 4.850000000000000533, 2.080624847486572282, -4.200000000000001066 ) ) ;
#2216 = ORIENTED_EDGE ( 'NONE', *, *, #6253, .T. ) ;
#2217 = FILL_AREA_STYLE ('',( #4028 ) ) ;
#2218 = EDGE_LOOP ( 'NONE', ( #5102, #4521, #98, #4057 ) ) ;
#2219 = VECTOR ( 'NONE', #9730, 1000.000000000000000 ) ;
#2220 = DIRECTION ( 'NONE',  ( -0.000000000000000000, 1.000000000000000000, 0.000000000000000000 ) ) ;
#2221 = VECTOR ( 'NONE', #1038, 1000.000000000000000 ) ;
#2222 = DIRECTION ( 'NONE',  ( 0.000000000000000000, -0.000000000000000000, -1.000000000000000000 ) ) ;
#2223 = VERTEX_POINT ( 'NONE', #8971 ) ;
#2224 =( NAMED_UNIT ( * ) SI_UNIT ( $, .STERADIAN. ) SOLID_ANGLE_UNIT ( ) );
#2225 = ORIENTED_EDGE ( 'NONE', *, *, #9720, .F. ) ;
#2226 = EDGE_CURVE ( 'NONE', #1309, #6656, #4347, .T. ) ;
#2227 = CARTESIAN_POINT ( 'NONE',  ( 4.850000000000006750, 0.8000000000000000444, -4.800000000000001599 ) ) ;
#2228 = AXIS2_PLACEMENT_3D ( 'NONE', #6159, #2292, #9341 ) ;
#2229 =( GEOMETRIC_REPRESENTATION_CONTEXT ( 3 ) GLOBAL_UNCERTAINTY_ASSIGNED_CONTEXT ( ( #4127 ) ) GLOBAL_UNIT_ASSIGNED_CONTEXT ( ( #7555, #5348, #6789 ) ) REPRESENTATION_CONTEXT ( 'NONE', 'WORKASPACE' ) );
#2230 = VECTOR ( 'NONE', #9705, 1000.000000000000000 ) ;
#2231 = CARTESIAN_POINT ( 'NONE',  ( 4.850000000000000533, 0.000000000000000000, 0.1999999999999987899 ) ) ;
#2232 = SURFACE_STYLE_FILL_AREA ( #9532 ) ;
#2233 = CYLINDRICAL_SURFACE ( 'NONE', #4678, 0.2999999999999999334 ) ;
#2234 = LINE ( 'NONE', #5282, #5998 ) ;
#2235 = FACE_OUTER_BOUND ( 'NONE', #3602, .T. ) ;
#2236 = CARTESIAN_POINT ( 'NONE',  ( 3.850000000000066258, 0.000000000000000000, -1.800000000000000711 ) ) ;
#2237 = CLOSED_SHELL ( 'NONE', ( #7207, #9673, #4258, #9901, #6629, #7067, #6956, #3364, #5460, #5283, #8103, #979, #7340, #4511, #8768, #2507, #10206, #5753, #6464, #2375, #1842, #1972, #2912, #7650, #1160, #87, #9525, #1706, #4560, #3055, #1867, #6291, #8453, #7462, #8832, #9322, #3125, #3700, #2565, #10083, #4495, #6747, #5346, #721, #2020, #3661, #1428, #1661, #8994, #1970, #4380, #6775, #6659, #7093, #4627, #3563, #4508, #9445, #1163, #6410, #8602, #897, #7505, #8565, #1836, #792, #1881, #1640, #10151, #5994, #9025, #7233, #9726, #9903, #8805, #1539, #8770, #3932, #9968, #5257, #10121, #21, #3810 ) ) ;
#2238 = PRESENTATION_LAYER_ASSIGNMENT (  '', '', ( #6675 ) ) ;
#2239 = VECTOR ( 'NONE', #8550, 1000.000000000000000 ) ;
#2240 = ADVANCED_FACE ( 'NONE', ( #5899 ), #3574, .T. ) ;
#2241 =( NAMED_UNIT ( * ) SI_UNIT ( $, .STERADIAN. ) SOLID_ANGLE_UNIT ( ) );
#2242 = VERTEX_POINT ( 'NONE', #1818 ) ;
#2243 = CARTESIAN_POINT ( 'NONE',  ( -4.399929289321881321, 2.000000000000000444, -4.649999999999999467 ) ) ;
#2244 = PLANE ( 'NONE',  #3519 ) ;
#2245 = SURFACE_STYLE_USAGE ( .BOTH. , #3635 ) ;
#2246 = ORIENTED_EDGE ( 'NONE', *, *, #5216, .T. ) ;
#2247 = DIRECTION ( 'NONE',  ( -0.000000000000000000, 1.000000000000000000, -0.000000000000000000 ) ) ;
#2248 = CARTESIAN_POINT ( 'NONE',  ( 3.849999999999997424, 2.080624847486572282, 0.3999999999999993006 ) ) ;
#2249 = EDGE_CURVE ( 'NONE', #2317, #460, #1001, .T. ) ;
#2250 = ADVANCED_FACE ( 'NONE', ( #2602 ), #8230, .T. ) ;
#2251 = ORIENTED_EDGE ( 'NONE', *, *, #2597, .F. ) ;
#2252 = EDGE_CURVE ( 'NONE', #2888, #1683, #5748, .T. ) ;
#2253 = DIRECTION ( 'NONE',  ( 0.000000000000000000, -1.000000000000000000, 0.000000000000000000 ) ) ;
#2254 = STYLED_ITEM ( 'NONE', ( #4181 ), #7340 ) ;
#2255 = CARTESIAN_POINT ( 'NONE',  ( -4.850000000000001421, 0.7999999999999999334, -0.7000000000000009548 ) ) ;
#2256 = VERTEX_POINT ( 'NONE', #8922 ) ;
#2257 = VERTEX_POINT ( 'NONE', #8278 ) ;
#2258 = ORIENTED_EDGE ( 'NONE', *, *, #3745, .F. ) ;
#2259 = AXIS2_PLACEMENT_3D ( 'NONE', #2335, #5914, #2038 ) ;
#2260 =( NAMED_UNIT ( * ) PLANE_ANGLE_UNIT ( ) SI_UNIT ( $, .RADIAN. ) );
#2261 = UNCERTAINTY_MEASURE_WITH_UNIT (LENGTH_MEASURE( 1.000000000000000082E-05 ), #195, 'distance_accuracy_value', 'NONE');
#2262 = CARTESIAN_POINT ( 'NONE',  ( 4.849999999999997868, 0.000000000000000000, -1.100000000000001199 ) ) ;
#2263 = COLOUR_RGB ( '',0.000000000000000000, 0.5019607843137254832, 0.000000000000000000 ) ;
#2264 = ORIENTED_EDGE ( 'NONE', *, *, #7621, .F. ) ;
#2265 = DIRECTION ( 'NONE',  ( -0.000000000000000000, 1.000000000000000000, -0.000000000000000000 ) ) ;
#2266 = CARTESIAN_POINT ( 'NONE',  ( -3.849999999999996092, 0.000000000000000000, 3.999999999999999112 ) ) ;
#2267 = SURFACE_STYLE_FILL_AREA ( #3660 ) ;
#2268 = PRESENTATION_LAYER_ASSIGNMENT (  '', '', ( #5567 ) ) ;
#2269 = VECTOR ( 'NONE', #6925, 1000.000000000000000 ) ;
#2270 = VERTEX_POINT ( 'NONE', #1052 ) ;
#2271 =( NAMED_UNIT ( * ) SI_UNIT ( $, .STERADIAN. ) SOLID_ANGLE_UNIT ( ) );
#2272 = EDGE_LOOP ( 'NONE', ( #2353, #2398, #7970, #7077 ) ) ;
#2273 =( NAMED_UNIT ( * ) SI_UNIT ( $, .STERADIAN. ) SOLID_ANGLE_UNIT ( ) );
#2274 = ORIENTED_EDGE ( 'NONE', *, *, #2813, .F. ) ;
#2275 = EDGE_LOOP ( 'NONE', ( #5781, #8347, #8288, #6121 ) ) ;
#2276 = VECTOR ( 'NONE', #7409, 1000.000000000000000 ) ;
#2277 = FILL_AREA_STYLE ('',( #7903 ) ) ;
#2278 = DIRECTION ( 'NONE',  ( -4.336808689942006692E-15, 0.000000000000000000, -1.000000000000000000 ) ) ;
#2279 = FACE_OUTER_BOUND ( 'NONE', #5353, .T. ) ;
#2280 = LINE ( 'NONE', #9685, #7141 ) ;
#2281 = EDGE_CURVE ( 'NONE', #6953, #4598, #9124, .T. ) ;
#2282 = FILL_AREA_STYLE ('',( #8652 ) ) ;
#2283 = LINE ( 'NONE', #5437, #1816 ) ;
#2284 = VECTOR ( 'NONE', #9429, 1000.000000000000000 ) ;
#2285 = DIRECTION ( 'NONE',  ( -0.000000000000000000, 0.000000000000000000, 1.000000000000000000 ) ) ;
#2286 =( NAMED_UNIT ( * ) SI_UNIT ( $, .STERADIAN. ) SOLID_ANGLE_UNIT ( ) );
#2287 = EDGE_CURVE ( 'NONE', #6240, #251, #4984, .T. ) ;
#2288 = SURFACE_STYLE_USAGE ( .BOTH. , #2392 ) ;
#2289 = EDGE_CURVE ( 'NONE', #182, #3642, #9897, .T. ) ;
#2290 =( LENGTH_UNIT ( ) NAMED_UNIT ( * ) SI_UNIT ( .MILLI., .METRE. ) );
#2291 = ORIENTED_EDGE ( 'NONE', *, *, #6698, .T. ) ;
#2292 = DIRECTION ( 'NONE',  ( 0.000000000000000000, -1.000000000000000000, 0.000000000000000000 ) ) ;
#2293 = SURFACE_STYLE_FILL_AREA ( #4459 ) ;
#2294 =( NAMED_UNIT ( * ) PLANE_ANGLE_UNIT ( ) SI_UNIT ( $, .RADIAN. ) );
#2295 = FACE_OUTER_BOUND ( 'NONE', #4070, .T. ) ;
#2296 = DIRECTION ( 'NONE',  ( 4.336808689942006692E-15, -0.000000000000000000, -1.000000000000000000 ) ) ;
#2297 = ORIENTED_EDGE ( 'NONE', *, *, #3038, .T. ) ;
#2298 = FILL_AREA_STYLE ('',( #2350 ) ) ;
#2299 = DIRECTION ( 'NONE',  ( 0.000000000000000000, -0.000000000000000000, -1.000000000000000000 ) ) ;
#2300 = EDGE_CURVE ( 'NONE', #8913, #9839, #5034, .T. ) ;
#2301 = VERTEX_POINT ( 'NONE', #2701 ) ;
#2302 = LINE ( 'NONE', #8567, #6173 ) ;
#2303 = EDGE_LOOP ( 'NONE', ( #430, #273, #2693, #1120, #638, #7415 ) ) ;
#2304 = VERTEX_POINT ( 'NONE', #5850 ) ;
#2305 =( NAMED_UNIT ( * ) PLANE_ANGLE_UNIT ( ) SI_UNIT ( $, .RADIAN. ) );
#2306 = VECTOR ( 'NONE', #7138, 1000.000000000000000 ) ;
#2307 = VECTOR ( 'NONE', #3644, 1000.000000000000000 ) ;
#2308 = DIRECTION ( 'NONE',  ( -0.000000000000000000, 1.000000000000000000, -3.336006684570780538E-15 ) ) ;
#2309 = DIRECTION ( 'NONE',  ( 0.000000000000000000, 1.000000000000000000, 0.000000000000000000 ) ) ;
#2310 = ORIENTED_EDGE ( 'NONE', *, *, #7741, .F. ) ;
#2311 = ADVANCED_FACE ( 'NONE', ( #406 ), #6719, .T. ) ;
#2312 = VECTOR ( 'NONE', #10232, 1000.000000000000000 ) ;
#2313 = PRESENTATION_STYLE_ASSIGNMENT (( #5420 ) ) ;
#2314 =( NAMED_UNIT ( * ) PLANE_ANGLE_UNIT ( ) SI_UNIT ( $, .RADIAN. ) );
#2315 = CIRCLE ( 'NONE', #8767, 0.1999999999999996503 ) ;
#2316 = VERTEX_POINT ( 'NONE', #4306 ) ;
#2317 = VERTEX_POINT ( 'NONE', #9077 ) ;
#2318 = DIRECTION ( 'NONE',  ( -1.000000000000000000, -0.000000000000000000, 0.000000000000000000 ) ) ;
#2319 = FACE_OUTER_BOUND ( 'NONE', #1632, .T. ) ;
#2320 = AXIS2_PLACEMENT_3D ( 'NONE', #4892, #3774, #5364 ) ;
#2321 = ORIENTED_EDGE ( 'NONE', *, *, #2115, .T. ) ;
#2322 = PRESENTATION_LAYER_ASSIGNMENT (  '', '', ( #328 ) ) ;
#2323 = DIRECTION ( 'NONE',  ( -4.336808689942006692E-15, 0.000000000000000000, -1.000000000000000000 ) ) ;
#2324 = AXIS2_PLACEMENT_3D ( 'NONE', #2586, #8911, #3603 ) ;
#2325 = VERTEX_POINT ( 'NONE', #6100 ) ;
#2326 = LINE ( 'NONE', #9742, #8052 ) ;
#2327 = CARTESIAN_POINT ( 'NONE',  ( -4.399999999999999467, 2.000000000000000444, -4.649929289321881321 ) ) ;
#2328 = VECTOR ( 'NONE', #3207, 1000.000000000000000 ) ;
#2329 = CARTESIAN_POINT ( 'NONE',  ( 4.383241221889687900, 2.025701847718435200, 4.647979999999999556 ) ) ;
#2330 = PRESENTATION_LAYER_ASSIGNMENT (  '', '', ( #6773 ) ) ;
#2331 = LINE ( 'NONE', #5481, #5973 ) ;
#2332 = SURFACE_SIDE_STYLE ('',( #7125 ) ) ;
#2333 = PLANE ( 'NONE',  #9283 ) ;
#2334 = ORIENTED_EDGE ( 'NONE', *, *, #393, .F. ) ;
#2335 = CARTESIAN_POINT ( 'NONE',  ( -3.849999999999951683, 0.8000000000000000444, 0.3999999999999985789 ) ) ;
#2336 = LINE ( 'NONE', #2390, #7182 ) ;
#2337 = EDGE_CURVE ( 'NONE', #3554, #2415, #6045, .T. ) ;
#2338 = AXIS2_PLACEMENT_3D ( 'NONE', #4394, #451, #9942 ) ;
#2339 = AXIS2_PLACEMENT_3D ( 'NONE', #1108, #1017, #2711 ) ;
#2340 = DIRECTION ( 'NONE',  ( -0.000000000000000000, 0.000000000000000000, 1.000000000000000000 ) ) ;
#2341 = EDGE_CURVE ( 'NONE', #6708, #2656, #4397, .T. ) ;
#2342 = LINE ( 'NONE', #8658, #3096 ) ;
#2343 = ORIENTED_EDGE ( 'NONE', *, *, #4889, .F. ) ;
#2344 = PLANE ( 'NONE',  #3549 ) ;
#2345 = DIRECTION ( 'NONE',  ( 1.000000000000000000, 0.000000000000000000, 0.000000000000000000 ) ) ;
#2346 = CARTESIAN_POINT ( 'NONE',  ( -4.850000000000001421, 0.000000000000000000, 5.049999999999999822 ) ) ;
#2347 = LINE ( 'NONE', #6484, #1996 ) ;
#2348 = ORIENTED_EDGE ( 'NONE', *, *, #2914, .F. ) ;
#2349 = VECTOR ( 'NONE', #5327, 1000.000000000000000 ) ;
#2350 = FILL_AREA_STYLE_COLOUR ( '', #9836 ) ;
#2351 = DIRECTION ( 'NONE',  ( 1.000000000000000000, 0.000000000000000000, -0.000000000000000000 ) ) ;
#2352 = EDGE_CURVE ( 'NONE', #6247, #1531, #454, .T. ) ;
#2353 = ORIENTED_EDGE ( 'NONE', *, *, #4201, .T. ) ;
#2354 = LINE ( 'NONE', #4730, #8679 ) ;
#2355 = ORIENTED_EDGE ( 'NONE', *, *, #4706, .T. ) ;
#2356 = EDGE_LOOP ( 'NONE', ( #3192, #1796, #3147, #3209 ) ) ;
#2357 = ADVANCED_BREP_SHAPE_REPRESENTATION ( 'TESEO-LIV4FTR', ( #8753, #2029, #2131, #8779, #8883, #1804, #5686, #5381, #5419, #8830, #8794, #2453, #1978, #5552, #5300, #8984, #2000, #1962, #8864, #5400, #1844, #5627 ), #2816 ) ;
#2358 = CARTESIAN_POINT ( 'NONE',  ( 3.850000000000042721, 0.8000000000000000444, 0.3999999999999993006 ) ) ;
#2359 = UNCERTAINTY_MEASURE_WITH_UNIT (LENGTH_MEASURE( 1.000000000000000082E-05 ), #7130, 'distance_accuracy_value', 'NONE');
#2360 = STYLED_ITEM ( 'NONE', ( #6204 ), #2375 ) ;
#2361 = VECTOR ( 'NONE', #7287, 1000.000000000000000 ) ;
#2362 = LINE ( 'NONE', #4742, #10167 ) ;
#2363 = VERTEX_POINT ( 'NONE', #9998 ) ;
#2364 = CARTESIAN_POINT ( 'NONE',  ( -4.850000000000001421, 2.080624847486572282, 0.3999999999999993006 ) ) ;
#2365 = VECTOR ( 'NONE', #146, 1000.000000000000000 ) ;
#2366 = DIRECTION ( 'NONE',  ( -0.000000000000000000, -1.000000000000000000, -0.000000000000000000 ) ) ;
#2367 = LINE ( 'NONE', #2518, #2057 ) ;
#2368 = EDGE_CURVE ( 'NONE', #8674, #2980, #2898, .T. ) ;
#2369 = VECTOR ( 'NONE', #788, 1000.000000000000000 ) ;
#2370 = ORIENTED_EDGE ( 'NONE', *, *, #5819, .T. ) ;
#2371 = ORIENTED_EDGE ( 'NONE', *, *, #982, .T. ) ;
#2372 = VECTOR ( 'NONE', #1310, 1000.000000000000000 ) ;
#2373 =( NAMED_UNIT ( * ) SI_UNIT ( $, .STERADIAN. ) SOLID_ANGLE_UNIT ( ) );
#2374 = EDGE_LOOP ( 'NONE', ( #8734, #7573, #7473, #582 ) ) ;
#2375 = ADVANCED_FACE ( 'NONE', ( #2235 ), #8435, .F. ) ;
#2376 = VERTEX_POINT ( 'NONE', #6931 ) ;
#2377 =( GEOMETRIC_REPRESENTATION_CONTEXT ( 3 ) GLOBAL_UNCERTAINTY_ASSIGNED_CONTEXT ( ( #2875 ) ) GLOBAL_UNIT_ASSIGNED_CONTEXT ( ( #1051, #1973, #4217 ) ) REPRESENTATION_CONTEXT ( 'NONE', 'WORKASPACE' ) );
#2378 = FACE_OUTER_BOUND ( 'NONE', #4250, .T. ) ;
#2379 = PLANE ( 'NONE',  #7637 ) ;
#2380 = SURFACE_STYLE_USAGE ( .BOTH. , #7753 ) ;
#2381 = CARTESIAN_POINT ( 'NONE',  ( 4.399999999999999467, 2.011251983595061077, 4.642771119259120560 ) ) ;
#2382 = MECHANICAL_DESIGN_GEOMETRIC_PRESENTATION_REPRESENTATION (  '', ( #227 ), #8166 ) ;
#2383 = DIRECTION ( 'NONE',  ( 0.000000000000000000, 1.000000000000000000, 0.000000000000000000 ) ) ;
#2384 = CARTESIAN_POINT ( 'NONE',  ( -2.549999999999999378, 0.000000000000000000, -5.250000000000000000 ) ) ;
#2385 = DIRECTION ( 'NONE',  ( 3.336006684570780538E-15, 1.000000000000000000, -0.000000000000000000 ) ) ;
#2386 = VERTEX_POINT ( 'NONE', #4503 ) ;
#2387 = DIRECTION ( 'NONE',  ( -1.000000000000000000, -0.000000000000000000, 0.000000000000000000 ) ) ;
#2388 = ORIENTED_EDGE ( 'NONE', *, *, #8252, .T. ) ;
#2389 = VECTOR ( 'NONE', #10210, 1000.000000000000000 ) ;
#2390 = CARTESIAN_POINT ( 'NONE',  ( 3.849999999999996092, 2.080624847486572282, -3.700000000000000622 ) ) ;
#2391 = PRESENTATION_LAYER_ASSIGNMENT (  '', '', ( #7662 ) ) ;
#2392 = SURFACE_SIDE_STYLE ('',( #783 ) ) ;
#2393 = DIRECTION ( 'NONE',  ( -4.336808689942006692E-15, 0.000000000000000000, -1.000000000000000000 ) ) ;
#2394 = CARTESIAN_POINT ( 'NONE',  ( -4.850000000000000533, 0.000000000000000000, -2.600000000000000533 ) ) ;
#2395 = AXIS2_PLACEMENT_3D ( 'NONE', #9717, #1151, #7446 ) ;
#2396 = CARTESIAN_POINT ( 'NONE',  ( -4.850000000000001421, 0.000000000000000000, 0.3999999999999993006 ) ) ;
#2397 = MECHANICAL_DESIGN_GEOMETRIC_PRESENTATION_REPRESENTATION (  '', ( #5038 ), #400 ) ;
#2398 = ORIENTED_EDGE ( 'NONE', *, *, #3974, .T. ) ;
#2399 = CARTESIAN_POINT ( 'NONE',  ( -4.601999999999999424, 2.079276107729749246, 4.633229526919886432 ) ) ;
#2400 =( NAMED_UNIT ( * ) PLANE_ANGLE_UNIT ( ) SI_UNIT ( $, .RADIAN. ) );
#2401 = EDGE_LOOP ( 'NONE', ( #4108, #7939, #7743, #4007, #1234, #9592 ) ) ;
#2402 = LINE ( 'NONE', #8823, #7004 ) ;
#2403 = VERTEX_POINT ( 'NONE', #3843 ) ;
#2404 = ORIENTED_EDGE ( 'NONE', *, *, #8171, .F. ) ;
#2405 = PLANE ( 'NONE',  #7150 ) ;
#2406 = CARTESIAN_POINT ( 'NONE',  ( -4.850000000000000533, 0.000000000000000000, -3.700000000000000622 ) ) ;
#2407 = EDGE_CURVE ( 'NONE', #1683, #5574, #7592, .T. ) ;
#2408 = DIRECTION ( 'NONE',  ( -1.000000000000000000, 0.000000000000000000, 0.000000000000000000 ) ) ;
#2409 = DIRECTION ( 'NONE',  ( 0.000000000000000000, -0.000000000000000000, -1.000000000000000000 ) ) ;
#2410 = ORIENTED_EDGE ( 'NONE', *, *, #5528, .T. ) ;
#2411 = LINE ( 'NONE', #5002, #7414 ) ;
#2412 = CYLINDRICAL_SURFACE ( 'NONE', #8557, 0.1999999999999996503 ) ;
#2413 = EDGE_CURVE ( 'NONE', #5119, #9862, #6141, .T. ) ;
#2414 = EDGE_CURVE ( 'NONE', #10227, #7291, #7651, .T. ) ;
#2415 = VERTEX_POINT ( 'NONE', #3680 ) ;
#2416 = VERTEX_POINT ( 'NONE', #7758 ) ;
#2417 = FACE_OUTER_BOUND ( 'NONE', #8787, .T. ) ;
#2418 = PLANE ( 'NONE',  #4144 ) ;
#2419 = ORIENTED_EDGE ( 'NONE', *, *, #7452, .T. ) ;
#2420 = FILL_AREA_STYLE ('',( #8736 ) ) ;
#2421 = EDGE_CURVE ( 'NONE', #375, #2223, #4561, .T. ) ;
#2422 = ORIENTED_EDGE ( 'NONE', *, *, #1929, .F. ) ;
#2423 = CARTESIAN_POINT ( 'NONE',  ( 3.849999999999997424, 2.080624847486572282, 1.499999999999999556 ) ) ;
#2424 = PRESENTATION_LAYER_ASSIGNMENT (  '', '', ( #6879 ) ) ;
#2425 =( LENGTH_UNIT ( ) NAMED_UNIT ( * ) SI_UNIT ( .MILLI., .METRE. ) );
#2426 = CARTESIAN_POINT ( 'NONE',  ( 4.850000000000000533, 2.080624847486572282, -4.400000000000001243 ) ) ;
#2427 = EDGE_CURVE ( 'NONE', #1208, #7677, #1424, .T. ) ;
#2428 = AXIS2_PLACEMENT_3D ( 'NONE', #3505, #6699, #2781 ) ;
#2429 = EDGE_CURVE ( 'NONE', #167, #9245, #8974, .T. ) ;
#2430 = CARTESIAN_POINT ( 'NONE',  ( 0.000000000000000000, 0.8000000000000000444, -2.200000000000000178 ) ) ;
#2431 = FACE_OUTER_BOUND ( 'NONE', #410, .T. ) ;
#2432 = AXIS2_PLACEMENT_3D ( 'NONE', #6261, #7766, #7132 ) ;
#2433 = MECHANICAL_DESIGN_GEOMETRIC_PRESENTATION_REPRESENTATION (  '', ( #2599 ), #10044 ) ;
#2434 = DIRECTION ( 'NONE',  ( 0.000000000000000000, 0.000000000000000000, 1.000000000000000000 ) ) ;
#2435 =( LENGTH_UNIT ( ) NAMED_UNIT ( * ) SI_UNIT ( .MILLI., .METRE. ) );
#2436 = ORIENTED_EDGE ( 'NONE', *, *, #3368, .T. ) ;
#2437 = VECTOR ( 'NONE', #6641, 1000.000000000000000 ) ;
#2438 = ORIENTED_EDGE ( 'NONE', *, *, #5018, .T. ) ;
#2439 = DIRECTION ( 'NONE',  ( 0.000000000000000000, 0.000000000000000000, 1.000000000000000000 ) ) ;
#2440 = CARTESIAN_POINT ( 'NONE',  ( -4.850000000000000533, 2.080624847486572282, 3.299999999999998934 ) ) ;
#2441 = CARTESIAN_POINT ( 'NONE',  ( -4.850000000000000533, 0.7999999999999999334, -1.300000000000000711 ) ) ;
#2442 = CARTESIAN_POINT ( 'NONE',  ( -4.321550071340527488, 2.094318933867716837, -4.583225573193810298 ) ) ;
#2443 = CARTESIAN_POINT ( 'NONE',  ( -4.850000000000001421, 0.000000000000000000, -5.049999999999999822 ) ) ;
#2444 = LINE ( 'NONE', #3164, #8086 ) ;
#2445 = DIRECTION ( 'NONE',  ( -4.336808689942006692E-15, 0.000000000000000000, 1.000000000000000000 ) ) ;
#2446 = CARTESIAN_POINT ( 'NONE',  ( 3.850000000000042277, 0.8000000000000000444, -0.4000000000000010214 ) ) ;
#2447 = STYLED_ITEM ( 'NONE', ( #8384 ), #1106 ) ;
#2448 = ORIENTED_EDGE ( 'NONE', *, *, #5819, .F. ) ;
#2449 = CARTESIAN_POINT ( 'NONE',  ( -4.378750921375360150, 2.300000000000000266, 4.566699647756670366 ) ) ;
#2450 = FILL_AREA_STYLE ('',( #9555 ) ) ;
#2451 = EDGE_LOOP ( 'NONE', ( #9636, #6352, #6690, #1628 ) ) ;
#2452 = PLANE ( 'NONE',  #4868 ) ;
#2453 = MANIFOLD_SOLID_BREP ( 'LPattern2[10]', #1903 ) ;
#2454 = ORIENTED_EDGE ( 'NONE', *, *, #5069, .F. ) ;
#2455 = VERTEX_POINT ( 'NONE', #9386 ) ;
#2456 = SURFACE_STYLE_USAGE ( .BOTH. , #69 ) ;
#2457 = FILL_AREA_STYLE ('',( #5611 ) ) ;
#2458 = FILL_AREA_STYLE_COLOUR ( '', #3909 ) ;
#2459 = UNCERTAINTY_MEASURE_WITH_UNIT (LENGTH_MEASURE( 1.000000000000000082E-05 ), #9061, 'distance_accuracy_value', 'NONE');
#2460 = MECHANICAL_DESIGN_GEOMETRIC_PRESENTATION_REPRESENTATION (  '', ( #3291 ), #2947 ) ;
#2461 = FACE_OUTER_BOUND ( 'NONE', #2272, .T. ) ;
#2462 = LINE ( 'NONE', #5616, #6025 ) ;
#2463 = ORIENTED_EDGE ( 'NONE', *, *, #448, .F. ) ;
#2464 = CARTESIAN_POINT ( 'NONE',  ( -4.850000000000000533, 0.8000000000000000444, 4.799999999999998934 ) ) ;
#2465 = LINE ( 'NONE', #5766, #282 ) ;
#2466 = EDGE_CURVE ( 'NONE', #3977, #762, #2025, .T. ) ;
#2467 =( NAMED_UNIT ( * ) PLANE_ANGLE_UNIT ( ) SI_UNIT ( $, .RADIAN. ) );
#2468 = STYLED_ITEM ( 'NONE', ( #7795 ), #1970 ) ;
#2469 = EDGE_LOOP ( 'NONE', ( #8263, #6196, #6140, #1709 ) ) ;
#2470 = CARTESIAN_POINT ( 'NONE',  ( 4.322610860657357890, 2.098058160912054326, -4.564395171456509637 ) ) ;
#2471 = VERTEX_POINT ( 'NONE', #5584 ) ;
#2472 = CARTESIAN_POINT ( 'NONE',  ( -4.383229526919885544, 2.079276107729749690, 4.851999999999999424 ) ) ;
#2473 = EDGE_LOOP ( 'NONE', ( #10069, #9825, #9736, #5878 ) ) ;
#2474 = EDGE_CURVE ( 'NONE', #7941, #8913, #4660, .T. ) ;
#2475 = CARTESIAN_POINT ( 'NONE',  ( 4.850000000000004974, 0.8000000000000000444, 3.999999999999999112 ) ) ;
#2476 = AXIS2_PLACEMENT_3D ( 'NONE', #2999, #9389, #8382 ) ;
#2477 = ORIENTED_EDGE ( 'NONE', *, *, #7627, .F. ) ;
#2478 = AXIS2_PLACEMENT_3D ( 'NONE', #5250, #2253, #3068 ) ;
#2479 = CARTESIAN_POINT ( 'NONE',  ( -4.850000000000001421, 2.080624847486572282, 1.499999999999999556 ) ) ;
#2480 = DIRECTION ( 'NONE',  ( -0.000000000000000000, 1.000000000000000000, -0.000000000000000000 ) ) ;
#2481 = FACE_OUTER_BOUND ( 'NONE', #2509, .T. ) ;
#2482 = CARTESIAN_POINT ( 'NONE',  ( 4.849999999999997868, 0.7999999999999999334, -2.600000000000000533 ) ) ;
#2483 = VERTEX_POINT ( 'NONE', #1554 ) ;
#2484 = PRESENTATION_LAYER_ASSIGNMENT (  '', '', ( #2047 ) ) ;
#2485 = VECTOR ( 'NONE', #9936, 1000.000000000000000 ) ;
#2486 = COLOUR_RGB ( '',0.000000000000000000, 0.5019607843137254832, 0.000000000000000000 ) ;
#2487 = CARTESIAN_POINT ( 'NONE',  ( -4.850000000000000533, 2.080624847486572282, -4.200000000000001066 ) ) ;
#2488 = EDGE_LOOP ( 'NONE', ( #3307, #6807, #5588, #1465 ) ) ;
#2489 = ORIENTED_EDGE ( 'NONE', *, *, #4784, .F. ) ;
#2490 = DIRECTION ( 'NONE',  ( 1.000000000000000000, 0.000000000000000000, 0.000000000000000000 ) ) ;
#2491 = COLOUR_RGB ( '',0.000000000000000000, 0.5019607843137254832, 0.000000000000000000 ) ;
#2492 = CARTESIAN_POINT ( 'NONE',  ( 4.849999999999997868, 0.000000000000000000, -1.500000000000001332 ) ) ;
#2493 = EDGE_CURVE ( 'NONE', #4622, #7729, #4335, .T. ) ;
#2494 = LINE ( 'NONE', #5847, #10166 ) ;
#2495 = EDGE_CURVE ( 'NONE', #7461, #2376, #726, .T. ) ;
#2496 = PRESENTATION_STYLE_ASSIGNMENT (( #6480 ) ) ;
#2497 = VERTEX_POINT ( 'NONE', #10240 ) ;
#2498 = CARTESIAN_POINT ( 'NONE',  ( -3.849999999999962341, 0.000000000000000000, 0.6999999999999984013 ) ) ;
#2499 = CARTESIAN_POINT ( 'NONE',  ( -4.400000000000003908, 0.7999999999999993783, -4.649929289321881321 ) ) ;
#2500 = LINE ( 'NONE', #4116, #6771 ) ;
#2501 = VECTOR ( 'NONE', #42, 1000.000000000000000 ) ;
#2502 = ORIENTED_EDGE ( 'NONE', *, *, #5970, .F. ) ;
#2503 = DIRECTION ( 'NONE',  ( -1.000000000000000000, 0.000000000000000000, -4.336808689942006692E-15 ) ) ;
#2504 = EDGE_CURVE ( 'NONE', #2471, #7461, #3938, .T. ) ;
#2505 = VERTEX_POINT ( 'NONE', #7968 ) ;
#2506 = CARTESIAN_POINT ( 'NONE',  ( 4.849999999999998757, 0.7999999999999999334, -4.600000000000000533 ) ) ;
#2507 = ADVANCED_FACE ( 'NONE', ( #5436 ), #7856, .F. ) ;
#2508 = DIRECTION ( 'NONE',  ( 1.000000000000000000, 0.000000000000000000, -0.000000000000000000 ) ) ;
#2509 = EDGE_LOOP ( 'NONE', ( #7308, #1062, #9474, #3566 ) ) ;
#2510 = ORIENTED_EDGE ( 'NONE', *, *, #3814, .F. ) ;
#2511 = LINE ( 'NONE', #7942, #2201 ) ;
#2512 = DIRECTION ( 'NONE',  ( 0.000000000000000000, -1.000000000000000000, -0.000000000000000000 ) ) ;
#2513 = SURFACE_STYLE_FILL_AREA ( #1737 ) ;
#2514 = DIRECTION ( 'NONE',  ( -1.000000000000000000, 0.000000000000000000, 1.626303258728256059E-15 ) ) ;
#2515 = EDGE_LOOP ( 'NONE', ( #444, #1056, #7834, #8179 ) ) ;
#2516 = CARTESIAN_POINT ( 'NONE',  ( 4.850000000000000533, 2.080624847486572282, -4.200000000000001066 ) ) ;
#2517 = DIRECTION ( 'NONE',  ( -0.000000000000000000, 1.000000000000000000, -0.000000000000000000 ) ) ;
#2518 = CARTESIAN_POINT ( 'NONE',  ( -4.850000000000000533, 0.8000000000000000444, -6.599999999999999645 ) ) ;
#2519 = ORIENTED_EDGE ( 'NONE', *, *, #7784, .T. ) ;
#2520 = CARTESIAN_POINT ( 'NONE',  ( 4.850000000000000533, 0.000000000000000000, 3.299999999999998934 ) ) ;
#2521 = FILL_AREA_STYLE ('',( #2573 ) ) ;
#2522 = VERTEX_POINT ( 'NONE', #7909 ) ;
#2523 = CARTESIAN_POINT ( 'NONE',  ( -4.299999999999998934, 2.300000000000000711, 4.549999999999998934 ) ) ;
#2524 = SURFACE_STYLE_FILL_AREA ( #3451 ) ;
#2525 = ORIENTED_EDGE ( 'NONE', *, *, #6520, .F. ) ;
#2526 = LINE ( 'NONE', #9637, #8884 ) ;
#2527 = VERTEX_POINT ( 'NONE', #3987 ) ;
#2528 = CARTESIAN_POINT ( 'NONE',  ( 4.849999999999997868, 0.8000000000000000444, -3.299999999999999822 ) ) ;
#2529 = CARTESIAN_POINT ( 'NONE',  ( 4.344458487671658098, 2.077177608427186684, -4.614961830218758720 ) ) ;
#2530 = COLOUR_RGB ( '',0.8980392156862745390, 0.8980392156862745390, 0.8980392156862745390 ) ;
#2531 = SURFACE_SIDE_STYLE ('',( #3310 ) ) ;
#2532 = VECTOR ( 'NONE', #1247, 1000.000000000000000 ) ;
#2533 = DIRECTION ( 'NONE',  ( -1.000000000000000000, 0.000000000000000000, -0.000000000000000000 ) ) ;
#2534 = CARTESIAN_POINT ( 'NONE',  ( 3.849999999999997424, 0.7999999999999999334, -1.800000000000000711 ) ) ;
#2535 = FILL_AREA_STYLE ('',( #5585 ) ) ;
#2536 = FACE_OUTER_BOUND ( 'NONE', #7608, .T. ) ;
#2537 = ORIENTED_EDGE ( 'NONE', *, *, #8735, .F. ) ;
#2538 = ADVANCED_FACE ( 'NONE', ( #7124 ), #40, .T. ) ;
#2539 = SURFACE_SIDE_STYLE ('',( #6472 ) ) ;
#2540 = AXIS2_PLACEMENT_3D ( 'NONE', #9286, #3691, #10008 ) ;
#2541 = VERTEX_POINT ( 'NONE', #8218 ) ;
#2542 = FILL_AREA_STYLE_COLOUR ( '', #3396 ) ;
#2543 = LINE ( 'NONE', #9656, #6350 ) ;
#2544 = STYLED_ITEM ( 'NONE', ( #8595 ), #9903 ) ;
#2545 = LINE ( 'NONE', #887, #614 ) ;
#2546 = DIRECTION ( 'NONE',  ( 0.000000000000000000, -1.000000000000000000, 0.000000000000000000 ) ) ;
#2547 = ORIENTED_EDGE ( 'NONE', *, *, #6077, .T. ) ;
#2548 = CARTESIAN_POINT ( 'NONE',  ( 0.000000000000000000, 0.8000000000000000444, 3.999999999999998224 ) ) ;
#2549 = LINE ( 'NONE', #7926, #827 ) ;
#2550 = DIRECTION ( 'NONE',  ( 0.000000000000000000, 0.000000000000000000, 1.000000000000000000 ) ) ;
#2551 = VECTOR ( 'NONE', #8458, 1000.000000000000000 ) ;
#2552 = AXIS2_PLACEMENT_3D ( 'NONE', #6542, #9818, #9679 ) ;
#2553 = ORIENTED_EDGE ( 'NONE', *, *, #3439, .F. ) ;
#2554 = DIRECTION ( 'NONE',  ( -0.000000000000000000, 1.000000000000000000, -0.000000000000000000 ) ) ;
#2555 = ADVANCED_FACE ( 'NONE', ( #8910, #1803 ), #9017, .T. ) ;
#2556 =( NAMED_UNIT ( * ) PLANE_ANGLE_UNIT ( ) SI_UNIT ( $, .RADIAN. ) );
#2557 = VECTOR ( 'NONE', #2033, 1000.000000000000000 ) ;
#2558 = PLANE ( 'NONE',  #5042 ) ;
#2559 = EDGE_CURVE ( 'NONE', #375, #7479, #3510, .T. ) ;
#2560 = LINE ( 'NONE', #1885, #1646 ) ;
#2561 = EDGE_LOOP ( 'NONE', ( #9020, #5987, #4332, #8390 ) ) ;
#2562 = ORIENTED_EDGE ( 'NONE', *, *, #9081, .F. ) ;
#2563 = LINE ( 'NONE', #125, #4509 ) ;
#2564 = CARTESIAN_POINT ( 'NONE',  ( -4.398058160912052372, 2.022610860657357623, -4.635534117865372394 ) ) ;
#2565 = ADVANCED_FACE ( 'NONE', ( #2736 ), #9699, .F. ) ;
#2566 = FILL_AREA_STYLE ('',( #4999 ) ) ;
#2567 = UNCERTAINTY_MEASURE_WITH_UNIT (LENGTH_MEASURE( 1.000000000000000082E-05 ), #5252, 'distance_accuracy_value', 'NONE');
#2568 = CARTESIAN_POINT ( 'NONE',  ( -4.399929289321881321, 2.300000000000000266, 4.549999999999998934 ) ) ;
#2569 = LINE ( 'NONE', #8725, #3961 ) ;
#2570 = CARTESIAN_POINT ( 'NONE',  ( 4.850000000000000533, 2.080624847486572282, -0.9000000000000014655 ) ) ;
#2571 = ORIENTED_EDGE ( 'NONE', *, *, #5719, .F. ) ;
#2572 = PLANE ( 'NONE',  #4021 ) ;
#2573 = FILL_AREA_STYLE_COLOUR ( '', #147 ) ;
#2574 = VERTEX_POINT ( 'NONE', #2534 ) ;
#2575 = DIRECTION ( 'NONE',  ( -1.000000000000000000, 0.000000000000000000, 1.626303258728256257E-15 ) ) ;
#2576 = UNCERTAINTY_MEASURE_WITH_UNIT (LENGTH_MEASURE( 1.000000000000000082E-05 ), #1131, 'distance_accuracy_value', 'NONE');
#2577 = ORIENTED_EDGE ( 'NONE', *, *, #1872, .F. ) ;
#2578 =( NAMED_UNIT ( * ) SI_UNIT ( $, .STERADIAN. ) SOLID_ANGLE_UNIT ( ) );
#2579 = ORIENTED_EDGE ( 'NONE', *, *, #4216, .T. ) ;
#2580 = CARTESIAN_POINT ( 'NONE',  ( 4.850000000000001421, 0.000000000000000000, 4.799999999999999822 ) ) ;
#2581 =( NAMED_UNIT ( * ) PLANE_ANGLE_UNIT ( ) SI_UNIT ( $, .RADIAN. ) );
#2582 = DIRECTION ( 'NONE',  ( 0.000000000000000000, 0.000000000000000000, -1.000000000000000000 ) ) ;
#2583 = AXIS2_PLACEMENT_3D ( 'NONE', #7787, #698, #4737 ) ;
#2584 = FACE_OUTER_BOUND ( 'NONE', #1556, .T. ) ;
#2585 = EDGE_CURVE ( 'NONE', #9408, #3663, #4153, .T. ) ;
#2586 = CARTESIAN_POINT ( 'NONE',  ( 4.600000000000005862, 1.604392701679423663E-14, 0.000000000000000000 ) ) ;
#2587 = CARTESIAN_POINT ( 'NONE',  ( 3.849999999999997424, 0.000000000000000000, 0.3999999999999993006 ) ) ;
#2588 = ORIENTED_EDGE ( 'NONE', *, *, #448, .T. ) ;
#2589 = LINE ( 'NONE', #7971, #2094 ) ;
#2590 = AXIS2_PLACEMENT_3D ( 'NONE', #5890, #1965, #5117 ) ;
#2591 = ORIENTED_EDGE ( 'NONE', *, *, #2559, .T. ) ;
#2592 = EDGE_CURVE ( 'NONE', #3245, #2471, #1862, .T. ) ;
#2593 = FILL_AREA_STYLE ('',( #9104 ) ) ;
#2594 = STYLED_ITEM ( 'NONE', ( #4002 ), #5257 ) ;
#2595 = DIRECTION ( 'NONE',  ( 0.000000000000000000, 0.000000000000000000, -1.000000000000000000 ) ) ;
#2596 = LINE ( 'NONE', #9545, #7051 ) ;
#2597 = EDGE_CURVE ( 'NONE', #7188, #811, #7380, .T. ) ;
#2598 = LINE ( 'NONE', #5649, #5365 ) ;
#2599 = STYLED_ITEM ( 'NONE', ( #5777 ), #7868 ) ;
#2600 = DIRECTION ( 'NONE',  ( 0.000000000000000000, 0.000000000000000000, 1.000000000000000000 ) ) ;
#2601 = STYLED_ITEM ( 'NONE', ( #3556 ), #5536 ) ;
#2602 = FACE_OUTER_BOUND ( 'NONE', #2788, .T. ) ;
#2603 = CARTESIAN_POINT ( 'NONE',  ( 0.000000000000000000, 0.8000000000000000444, -4.800000000000002487 ) ) ;
#2604 = CARTESIAN_POINT ( 'NONE',  ( 4.399929289321881321, 0.7999999999999990452, -4.650000000000003908 ) ) ;
#2605 = ORIENTED_EDGE ( 'NONE', *, *, #5404, .T. ) ;
#2606 = EDGE_CURVE ( 'NONE', #3878, #9505, #9160, .T. ) ;
#2607 = CARTESIAN_POINT ( 'NONE',  ( -3.849999999999963229, 0.8000000000000000444, 0.000000000000000000 ) ) ;
#2608 = CARTESIAN_POINT ( 'NONE',  ( 3.850000000000053380, 0.000000000000000000, -1.500000000000001332 ) ) ;
#2609 = EDGE_CURVE ( 'NONE', #2505, #6117, #7633, .T. ) ;
#2610 = AXIS2_PLACEMENT_3D ( 'NONE', #2570, #4077, #3443 ) ;
#2611 = DIRECTION ( 'NONE',  ( 0.000000000000000000, -1.000000000000000000, 0.000000000000000000 ) ) ;
#2612 = ORIENTED_EDGE ( 'NONE', *, *, #2493, .F. ) ;
#2613 = DIRECTION ( 'NONE',  ( -0.000000000000000000, 0.000000000000000000, 1.000000000000000000 ) ) ;
#2614 =( NAMED_UNIT ( * ) SI_UNIT ( $, .STERADIAN. ) SOLID_ANGLE_UNIT ( ) );
#2615 = ORIENTED_EDGE ( 'NONE', *, *, #1714, .F. ) ;
#2616 = ORIENTED_EDGE ( 'NONE', *, *, #9006, .F. ) ;
#2617 =( NAMED_UNIT ( * ) SI_UNIT ( $, .STERADIAN. ) SOLID_ANGLE_UNIT ( ) );
#2618 = PLANE ( 'NONE',  #2339 ) ;
#2619 = SURFACE_SIDE_STYLE ('',( #2513 ) ) ;
#2620 = DIRECTION ( 'NONE',  ( -1.000000000000000000, -0.000000000000000000, 0.000000000000000000 ) ) ;
#2621 = EDGE_CURVE ( 'NONE', #9399, #2008, #6706, .T. ) ;
#2622 = DIRECTION ( 'NONE',  ( 1.000000000000000000, 0.000000000000000000, 0.000000000000000000 ) ) ;
#2623 = DIRECTION ( 'NONE',  ( 1.000000000000000000, -0.000000000000000000, 1.626303258728256257E-15 ) ) ;
#2624 = DIRECTION ( 'NONE',  ( 1.626303258728256257E-15, 0.000000000000000000, -1.000000000000000000 ) ) ;
#2625 = ORIENTED_EDGE ( 'NONE', *, *, #3064, .F. ) ;
#2626 = CARTESIAN_POINT ( 'NONE',  ( 4.357545201010645464, 2.082854828587678231, -4.588564738074769167 ) ) ;
#2627 = SURFACE_SIDE_STYLE ('',( #8841 ) ) ;
#2628 = ORIENTED_EDGE ( 'NONE', *, *, #10226, .T. ) ;
#2629 = CARTESIAN_POINT ( 'NONE',  ( 4.567668071082941594, 2.156595997628986350, -4.616619526214587488 ) ) ;
#2630 = ADVANCED_FACE ( 'NONE', ( #6918 ), #3729, .F. ) ;
#2631 = ORIENTED_EDGE ( 'NONE', *, *, #8400, .F. ) ;
#2632 = CYLINDRICAL_SURFACE ( 'NONE', #3821, 0.1999999999999996503 ) ;
#2633 = LINE ( 'NONE', #6408, #4741 ) ;
#2634 = DIRECTION ( 'NONE',  ( -4.336808689942006692E-15, 0.000000000000000000, 1.000000000000000000 ) ) ;
#2635 = STYLED_ITEM ( 'NONE', ( #10159 ), #2020 ) ;
#2636 = CARTESIAN_POINT ( 'NONE',  ( -4.399929289321881321, 2.000000000000000444, -4.649999999999999467 ) ) ;
#2637 = SURFACE_STYLE_FILL_AREA ( #4972 ) ;
#2638 = SURFACE_STYLE_USAGE ( .BOTH. , #9746 ) ;
#2639 = ADVANCED_FACE ( 'NONE', ( #7745 ), #1187, .F. ) ;
#2640 = DIRECTION ( 'NONE',  ( 1.000000000000000000, -0.000000000000000000, 1.626303258728256257E-15 ) ) ;
#2641 = VERTEX_POINT ( 'NONE', #9214 ) ;
#2642 = CARTESIAN_POINT ( 'NONE',  ( -4.383241106097909068, 2.026232285936369060, -4.649999999999999467 ) ) ;
#2643 = VECTOR ( 'NONE', #4626, 1000.000000000000000 ) ;
#2644 = EDGE_LOOP ( 'NONE', ( #5672, #9213, #9022, #4081, #4653, #6783 ) ) ;
#2645 = CARTESIAN_POINT ( 'NONE',  ( 4.849999999999997868, 0.8000000000000000444, 0.000000000000000000 ) ) ;
#2646 = CARTESIAN_POINT ( 'NONE',  ( -4.299999999999999822, 2.299999999999999822, -4.549999999999998934 ) ) ;
#2647 = STYLED_ITEM ( 'NONE', ( #1387 ), #10121 ) ;
#2648 = AXIS2_PLACEMENT_3D ( 'NONE', #1636, #5626, #4803 ) ;
#2649 = VECTOR ( 'NONE', #3735, 1000.000000000000000 ) ;
#2650 = FACE_OUTER_BOUND ( 'NONE', #4534, .T. ) ;
#2651 = AXIS2_PLACEMENT_3D ( 'NONE', #7823, #6841, #7040 ) ;
#2652 = FILL_AREA_STYLE_COLOUR ( '', #51 ) ;
#2653 = DIRECTION ( 'NONE',  ( 0.000000000000000000, 0.000000000000000000, 1.000000000000000000 ) ) ;
#2654 = FILL_AREA_STYLE ('',( #2702 ) ) ;
#2655 = EDGE_CURVE ( 'NONE', #3130, #9796, #5268, .T. ) ;
#2656 = VERTEX_POINT ( 'NONE', #6866 ) ;
#2657 = VECTOR ( 'NONE', #894, 1000.000000000000000 ) ;
#2658 = CARTESIAN_POINT ( 'NONE',  ( 4.850000000000001421, 0.8000000000000000444, 5.049999999999999822 ) ) ;
#2659 = MECHANICAL_DESIGN_GEOMETRIC_PRESENTATION_REPRESENTATION (  '', ( #1332 ), #3648 ) ;
#2660 = DIRECTION ( 'NONE',  ( 0.000000000000000000, -1.000000000000000000, -0.000000000000000000 ) ) ;
#2661 = VERTEX_POINT ( 'NONE', #10040 ) ;
#2662 = PRESENTATION_STYLE_ASSIGNMENT (( #7258 ) ) ;
#2663 =( NAMED_UNIT ( * ) SI_UNIT ( $, .STERADIAN. ) SOLID_ANGLE_UNIT ( ) );
#2664 = ORIENTED_EDGE ( 'NONE', *, *, #7482, .T. ) ;
#2665 = VERTEX_POINT ( 'NONE', #2168 ) ;
#2666 = SURFACE_STYLE_USAGE ( .BOTH. , #1018 ) ;
#2667 = UNCERTAINTY_MEASURE_WITH_UNIT (LENGTH_MEASURE( 1.000000000000000082E-05 ), #7031, 'distance_accuracy_value', 'NONE');
#2668 = EDGE_CURVE ( 'NONE', #8205, #9542, #6296, .T. ) ;
#2669 = CARTESIAN_POINT ( 'NONE',  ( -4.850000000000000533, 0.7999999999999999334, 2.399999999999999023 ) ) ;
#2670 = LINE ( 'NONE', #8344, #1980 ) ;
#2671 = MECHANICAL_DESIGN_GEOMETRIC_PRESENTATION_REPRESENTATION (  '', ( #6630 ), #7955 ) ;
#2672 = DIRECTION ( 'NONE',  ( 0.000000000000000000, -0.000000000000000000, -1.000000000000000000 ) ) ;
#2673 = CARTESIAN_POINT ( 'NONE',  ( -3.849999999999905942, 0.8000000000000000444, -4.000000000000001776 ) ) ;
#2674 = ORIENTED_EDGE ( 'NONE', *, *, #8275, .F. ) ;
#2675 = ORIENTED_EDGE ( 'NONE', *, *, #8687, .T. ) ;
#2676 = FACE_OUTER_BOUND ( 'NONE', #6869, .T. ) ;
#2677 =( GEOMETRIC_REPRESENTATION_CONTEXT ( 3 ) GLOBAL_UNCERTAINTY_ASSIGNED_CONTEXT ( ( #1852 ) ) GLOBAL_UNIT_ASSIGNED_CONTEXT ( ( #9534, #878, #4813 ) ) REPRESENTATION_CONTEXT ( 'NONE', 'WORKASPACE' ) );
#2678 = EDGE_LOOP ( 'NONE', ( #7713, #5068, #6051, #9559 ) ) ;
#2679 = UNCERTAINTY_MEASURE_WITH_UNIT (LENGTH_MEASURE( 1.000000000000000082E-05 ), #10107, 'distance_accuracy_value', 'NONE');
#2680 = CARTESIAN_POINT ( 'NONE',  ( 4.325701847718432802, 2.097980000000000178, -4.566688067432193243 ) ) ;
#2681 = ORIENTED_EDGE ( 'NONE', *, *, #6831, .T. ) ;
#2682 = EDGE_CURVE ( 'NONE', #5159, #3287, #5470, .T. ) ;
#2683 =( NAMED_UNIT ( * ) SI_UNIT ( $, .STERADIAN. ) SOLID_ANGLE_UNIT ( ) );
#2684 = FACE_OUTER_BOUND ( 'NONE', #3032, .T. ) ;
#2685 = LINE ( 'NONE', #1911, #3203 ) ;
#2686 = SURFACE_STYLE_USAGE ( .BOTH. , #344 ) ;
#2687 =( LENGTH_UNIT ( ) NAMED_UNIT ( * ) SI_UNIT ( .MILLI., .METRE. ) );
#2688 = DIRECTION ( 'NONE',  ( 0.000000000000000000, 0.000000000000000000, -1.000000000000000000 ) ) ;
#2689 = ORIENTED_EDGE ( 'NONE', *, *, #8677, .F. ) ;
#2690 = EDGE_CURVE ( 'NONE', #9542, #6844, #8691, .T. ) ;
#2691 = CARTESIAN_POINT ( 'NONE',  ( 4.850000000000001421, 0.000000000000000000, -2.900000000000001243 ) ) ;
#2692 = AXIS2_PLACEMENT_3D ( 'NONE', #9521, #711, #7847 ) ;
#2693 = ORIENTED_EDGE ( 'NONE', *, *, #6253, .F. ) ;
#2694 =( GEOMETRIC_REPRESENTATION_CONTEXT ( 3 ) GLOBAL_UNCERTAINTY_ASSIGNED_CONTEXT ( ( #2576 ) ) GLOBAL_UNIT_ASSIGNED_CONTEXT ( ( #1131, #1705, #3312 ) ) REPRESENTATION_CONTEXT ( 'NONE', 'WORKASPACE' ) );
#2695 = CARTESIAN_POINT ( 'NONE',  ( 4.321550071340529264, 2.094318933867717725, 4.583225573193810298 ) ) ;
#2696 = PRESENTATION_LAYER_ASSIGNMENT (  '', '', ( #6982 ) ) ;
#2697 = SURFACE_SIDE_STYLE ('',( #6715 ) ) ;
#2698 = VECTOR ( 'NONE', #9584, 1000.000000000000000 ) ;
#2699 = LINE ( 'NONE', #1000, #718 ) ;
#2700 = AXIS2_PLACEMENT_3D ( 'NONE', #5949, #1095, #6571 ) ;
#2701 = CARTESIAN_POINT ( 'NONE',  ( -4.849999999999943689, 0.8000000000000000444, -2.900000000000001688 ) ) ;
#2702 = FILL_AREA_STYLE_COLOUR ( '', #9613 ) ;
#2703 = LINE ( 'NONE', #456, #2978 ) ;
#2704 = DIRECTION ( 'NONE',  ( -1.000000000000000000, -0.000000000000000000, -0.000000000000000000 ) ) ;
#2705 = SURFACE_SIDE_STYLE ('',( #4120 ) ) ;
#2706 = DIRECTION ( 'NONE',  ( 0.000000000000000000, 1.000000000000000000, 0.000000000000000000 ) ) ;
#2707 = FILL_AREA_STYLE_COLOUR ( '', #3469 ) ;
#2708 = VECTOR ( 'NONE', #4151, 1000.000000000000000 ) ;
#2709 = VERTEX_POINT ( 'NONE', #7897 ) ;
#2710 = PLANE ( 'NONE',  #3195 ) ;
#2711 = DIRECTION ( 'NONE',  ( 1.626303258728256059E-15, 0.000000000000000000, 1.000000000000000000 ) ) ;
#2712 = DIRECTION ( 'NONE',  ( 0.000000000000000000, -0.000000000000000000, -1.000000000000000000 ) ) ;
#2713 = LINE ( 'NONE', #5867, #4625 ) ;
#2714 = VECTOR ( 'NONE', #838, 1000.000000000000000 ) ;
#2715 = VECTOR ( 'NONE', #8917, 1000.000000000000000 ) ;
#2716 = LINE ( 'NONE', #9045, #9226 ) ;
#2717 = CARTESIAN_POINT ( 'NONE',  ( -4.399999999999999467, 2.000000000000000444, 4.649929289321881321 ) ) ;
#2718 = ADVANCED_FACE ( 'NONE', ( #2417 ), #1692, .T. ) ;
#2719 = ORIENTED_EDGE ( 'NONE', *, *, #5852, .F. ) ;
#2720 = ORIENTED_EDGE ( 'NONE', *, *, #5528, .F. ) ;
#2721 = LINE ( 'NONE', #4423, #4195 ) ;
#2722 = ORIENTED_EDGE ( 'NONE', *, *, #7389, .F. ) ;
#2723 = STYLED_ITEM ( 'NONE', ( #1623 ), #21 ) ;
#2724 = VECTOR ( 'NONE', #997, 1000.000000000000000 ) ;
#2725 = AXIS2_PLACEMENT_3D ( 'NONE', #1359, #2800, #5337 ) ;
#2726 =( NAMED_UNIT ( * ) SI_UNIT ( $, .STERADIAN. ) SOLID_ANGLE_UNIT ( ) );
#2727 = LINE ( 'NONE', #9739, #3421 ) ;
#2728 = ORIENTED_EDGE ( 'NONE', *, *, #1926, .F. ) ;
#2729 = EDGE_CURVE ( 'NONE', #398, #3304, #9808, .T. ) ;
#2730 =( NAMED_UNIT ( * ) PLANE_ANGLE_UNIT ( ) SI_UNIT ( $, .RADIAN. ) );
#2731 = EDGE_CURVE ( 'NONE', #2363, #2049, #8732, .T. ) ;
#2732 = FILL_AREA_STYLE ('',( #8411 ) ) ;
#2733 = CARTESIAN_POINT ( 'NONE',  ( -4.849999999999944578, 0.8000000000000000444, 0.000000000000000000 ) ) ;
#2734 = DIRECTION ( 'NONE',  ( -4.336808689942006692E-15, 0.000000000000000000, 1.000000000000000000 ) ) ;
#2735 = VERTEX_POINT ( 'NONE', #8584 ) ;
#2736 = FACE_OUTER_BOUND ( 'NONE', #6892, .T. ) ;
#2737 = VERTEX_POINT ( 'NONE', #3972 ) ;
#2738 = CYLINDRICAL_SURFACE ( 'NONE', #2590, 0.1000000000000002554 ) ;
#2739 = ORIENTED_EDGE ( 'NONE', *, *, #3713, .F. ) ;
#2740 = EDGE_CURVE ( 'NONE', #896, #9955, #3090, .T. ) ;
#2741 = CIRCLE ( 'NONE', #4728, 0.1999999999999996503 ) ;
#2742 = EDGE_CURVE ( 'NONE', #973, #6427, #7953, .T. ) ;
#2743 = CARTESIAN_POINT ( 'NONE',  ( 4.355470801650223933, 2.064961830218759342, 4.627177608427185618 ) ) ;
#2744 = CARTESIAN_POINT ( 'NONE',  ( -4.299999999999998934, 2.000000000000000000, -4.649929289321881321 ) ) ;
#2745 = FACE_OUTER_BOUND ( 'NONE', #8900, .T. ) ;
#2746 = DIRECTION ( 'NONE',  ( 0.000000000000000000, 0.000000000000000000, -1.000000000000000000 ) ) ;
#2747 = MECHANICAL_DESIGN_GEOMETRIC_PRESENTATION_REPRESENTATION (  '', ( #6046 ), #3575 ) ;
#2748 = DIRECTION ( 'NONE',  ( 1.000000000000000000, 0.000000000000000000, -0.000000000000000000 ) ) ;
#2749 = ADVANCED_FACE ( 'NONE', ( #8637 ), #1541, .T. ) ;
#2750 = LINE ( 'NONE', #9080, #3725 ) ;
#2751 = ADVANCED_FACE ( 'NONE', ( #4701 ), #5550, .F. ) ;
#2752 = VECTOR ( 'NONE', #2208, 1000.000000000000000 ) ;
#2753 = DIRECTION ( 'NONE',  ( -1.000000000000000000, -0.000000000000000000, 0.000000000000000000 ) ) ;
#2754 = VERTEX_POINT ( 'NONE', #6097 ) ;
#2755 = PLANE ( 'NONE',  #6182 ) ;
#2756 =( GEOMETRIC_REPRESENTATION_CONTEXT ( 3 ) GLOBAL_UNCERTAINTY_ASSIGNED_CONTEXT ( ( #7943 ) ) GLOBAL_UNIT_ASSIGNED_CONTEXT ( ( #5019, #3252, #1908 ) ) REPRESENTATION_CONTEXT ( 'NONE', 'WORKASPACE' ) );
#2757 = VERTEX_POINT ( 'NONE', #5996 ) ;
#2758 = LINE ( 'NONE', #9769, #542 ) ;
#2759 = DIRECTION ( 'NONE',  ( -0.000000000000000000, 0.000000000000000000, 1.000000000000000000 ) ) ;
#2760 = AXIS2_PLACEMENT_3D ( 'NONE', #8200, #9867, #4896 ) ;
#2761 = EDGE_LOOP ( 'NONE', ( #817, #9066, #4675, #5651 ) ) ;
#2762 = UNCERTAINTY_MEASURE_WITH_UNIT (LENGTH_MEASURE( 1.000000000000000082E-05 ), #9039, 'distance_accuracy_value', 'NONE');
#2763 = CARTESIAN_POINT ( 'NONE',  ( -3.849999999999996092, 0.000000000000000000, -2.600000000000000533 ) ) ;
#2764 = VECTOR ( 'NONE', #1743, 1000.000000000000000 ) ;
#2765 = CARTESIAN_POINT ( 'NONE',  ( 3.850000000000065814, 0.8000000000000000444, -1.800000000000000711 ) ) ;
#2766 = DIRECTION ( 'NONE',  ( 0.000000000000000000, 0.000000000000000000, -1.000000000000000000 ) ) ;
#2767 = PLANE ( 'NONE',  #9002 ) ;
#2768 = ORIENTED_EDGE ( 'NONE', *, *, #6395, .T. ) ;
#2769 = ORIENTED_EDGE ( 'NONE', *, *, #8445, .F. ) ;
#2770 = COLOUR_RGB ( '',1.000000000000000000, 0.8117647058823529438, 0.5019607843137254832 ) ;
#2771 = DIRECTION ( 'NONE',  ( 1.000000000000000000, 0.000000000000000000, -0.000000000000000000 ) ) ;
#2772 = EDGE_LOOP ( 'NONE', ( #2954, #2588, #4494, #8682 ) ) ;
#2773 =( LENGTH_UNIT ( ) NAMED_UNIT ( * ) SI_UNIT ( .MILLI., .METRE. ) );
#2774 = UNCERTAINTY_MEASURE_WITH_UNIT (LENGTH_MEASURE( 1.000000000000000082E-05 ), #1087, 'distance_accuracy_value', 'NONE');
#2775 = VECTOR ( 'NONE', #4174, 1000.000000000000000 ) ;
#2776 = CARTESIAN_POINT ( 'NONE',  ( 4.397979999999999556, 2.025701847718434312, 4.633241221889688788 ) ) ;
#2777 = ADVANCED_FACE ( 'NONE', ( #7590 ), #2897, .F. ) ;
#2778 = FILL_AREA_STYLE ('',( #1225 ) ) ;
#2779 = ORIENTED_EDGE ( 'NONE', *, *, #5937, .T. ) ;
#2780 = EDGE_CURVE ( 'NONE', #6759, #5926, #8377, .T. ) ;
#2781 = DIRECTION ( 'NONE',  ( 1.626303258728256059E-15, 0.000000000000000000, -1.000000000000000000 ) ) ;
#2782 = LINE ( 'NONE', #8310, #9083 ) ;
#2783 = CARTESIAN_POINT ( 'NONE',  ( 4.850000000000000533, 0.8000000000000000444, 1.499999999999999556 ) ) ;
#2784 = VERTEX_POINT ( 'NONE', #9996 ) ;
#2785 = EDGE_CURVE ( 'NONE', #2325, #3831, #619, .T. ) ;
#2786 = ORIENTED_EDGE ( 'NONE', *, *, #577, .T. ) ;
#2787 = CARTESIAN_POINT ( 'NONE',  ( -4.316699762401995599, 2.301999999999999602, -4.629276107729750400 ) ) ;
#2788 = EDGE_LOOP ( 'NONE', ( #1762, #4751, #2625, #6949 ) ) ;
#2789 = EDGE_CURVE ( 'NONE', #2661, #4779, #2996, .T. ) ;
#2790 =( GEOMETRIC_REPRESENTATION_CONTEXT ( 3 ) GLOBAL_UNCERTAINTY_ASSIGNED_CONTEXT ( ( #9828 ) ) GLOBAL_UNIT_ASSIGNED_CONTEXT ( ( #1029, #2294, #5395 ) ) REPRESENTATION_CONTEXT ( 'NONE', 'WORKASPACE' ) );
#2791 =( NAMED_UNIT ( * ) PLANE_ANGLE_UNIT ( ) SI_UNIT ( $, .RADIAN. ) );
#2792 = DIRECTION ( 'NONE',  ( -4.336808689942006692E-15, 0.000000000000000000, -1.000000000000000000 ) ) ;
#2793 = CARTESIAN_POINT ( 'NONE',  ( -3.449999999999999289, 1.068629150101522818, -3.649999999999999467 ) ) ;
#2794 = CARTESIAN_POINT ( 'NONE',  ( -4.850000000000000533, 2.080624847486572282, 3.999999999999999112 ) ) ;
#2795 = VECTOR ( 'NONE', #9606, 1000.000000000000000 ) ;
#2796 = DIRECTION ( 'NONE',  ( 0.000000000000000000, 0.000000000000000000, -1.000000000000000000 ) ) ;
#2797 = VECTOR ( 'NONE', #8614, 1000.000000000000000 ) ;
#2798 = PLANE ( 'NONE',  #3629 ) ;
#2799 = CARTESIAN_POINT ( 'NONE',  ( 4.599999999999998757, 0.7999999999999997113, -4.850000000000003197 ) ) ;
#2800 = DIRECTION ( 'NONE',  ( 1.000000000000000000, -0.000000000000000000, 1.626303258728256059E-15 ) ) ;
#2801 = ADVANCED_FACE ( 'NONE', ( #2176 ), #5382, .F. ) ;
#2802 = VECTOR ( 'NONE', #8081, 1000.000000000000000 ) ;
#2803 = EDGE_CURVE ( 'NONE', #8562, #2031, #3788, .T. ) ;
#2804 = DIRECTION ( 'NONE',  ( 0.000000000000000000, -0.000000000000000000, -1.000000000000000000 ) ) ;
#2805 = ORIENTED_EDGE ( 'NONE', *, *, #8192, .F. ) ;
#2806 = FILL_AREA_STYLE_COLOUR ( '', #6015 ) ;
#2807 = ORIENTED_EDGE ( 'NONE', *, *, #6975, .T. ) ;
#2808 = CARTESIAN_POINT ( 'NONE',  ( 3.849999999999996092, 2.080624847486572282, 1.799999999999999600 ) ) ;
#2809 = STYLED_ITEM ( 'NONE', ( #5264 ), #10083 ) ;
#2810 = VECTOR ( 'NONE', #8450, 1000.000000000000000 ) ;
#2811 = CARTESIAN_POINT ( 'NONE',  ( -4.322610860657357890, 2.098058160912054326, 4.564395171456509637 ) ) ;
#2812 = VERTEX_POINT ( 'NONE', #5281 ) ;
#2813 = EDGE_CURVE ( 'NONE', #10227, #8620, #2126, .T. ) ;
#2814 = SURFACE_STYLE_FILL_AREA ( #4576 ) ;
#2815 = DIRECTION ( 'NONE',  ( -4.336808689942006692E-15, 0.000000000000000000, 1.000000000000000000 ) ) ;
#2816 =( GEOMETRIC_REPRESENTATION_CONTEXT ( 3 ) GLOBAL_UNCERTAINTY_ASSIGNED_CONTEXT ( ( #3587 ) ) GLOBAL_UNIT_ASSIGNED_CONTEXT ( ( #10111, #5239, #9343 ) ) REPRESENTATION_CONTEXT ( 'NONE', 'WORKASPACE' ) );
#2817 = CARTESIAN_POINT ( 'NONE',  ( 3.849999999999997424, 2.080624847486572282, 2.600000000000000533 ) ) ;
#2818 = AXIS2_PLACEMENT_3D ( 'NONE', #6842, #523, #2194 ) ;
#2819 = CARTESIAN_POINT ( 'NONE',  ( -4.378750921375360150, 2.300000000000000266, -4.566699647756670366 ) ) ;
#2820 = ORIENTED_EDGE ( 'NONE', *, *, #1260, .T. ) ;
#2821 = ORIENTED_EDGE ( 'NONE', *, *, #899, .F. ) ;
#2822 = VERTEX_POINT ( 'NONE', #6044 ) ;
#2823 = CARTESIAN_POINT ( 'NONE',  ( 3.849999999999997424, 2.080624847486572282, 3.699999999999999289 ) ) ;
#2824 = CARTESIAN_POINT ( 'NONE',  ( -4.850000000000000533, 0.000000000000000000, -3.100000000000000977 ) ) ;
#2825 = VECTOR ( 'NONE', #4791, 1000.000000000000000 ) ;
#2826 = PRESENTATION_STYLE_ASSIGNMENT (( #5693 ) ) ;
#2827 = ORIENTED_EDGE ( 'NONE', *, *, #9884, .T. ) ;
#2828 =( LENGTH_UNIT ( ) NAMED_UNIT ( * ) SI_UNIT ( .MILLI., .METRE. ) );
#2829 = DIRECTION ( 'NONE',  ( 0.000000000000000000, 0.000000000000000000, 1.000000000000000000 ) ) ;
#2830 = LINE ( 'NONE', #387, #39 ) ;
#2831 = PLANE ( 'NONE',  #5287 ) ;
#2832 = DIRECTION ( 'NONE',  ( 0.000000000000000000, 0.000000000000000000, 1.000000000000000000 ) ) ;
#2833 = ORIENTED_EDGE ( 'NONE', *, *, #9816, .F. ) ;
#2834 = PRESENTATION_STYLE_ASSIGNMENT (( #3561 ) ) ;
#2835 = CARTESIAN_POINT ( 'NONE',  ( -3.849999999999996092, 0.7999999999999999334, 3.999999999999999112 ) ) ;
#2836 = ORIENTED_EDGE ( 'NONE', *, *, #8872, .T. ) ;
#2837 = CARTESIAN_POINT ( 'NONE',  ( -4.850000000000001421, 0.8000000000000000444, 5.049999999999999822 ) ) ;
#2838 = VECTOR ( 'NONE', #6884, 1000.000000000000000 ) ;
#2839 = ORIENTED_EDGE ( 'NONE', *, *, #8902, .F. ) ;
#2840 = PLANE ( 'NONE',  #3966 ) ;
#2841 = CARTESIAN_POINT ( 'NONE',  ( -4.399999999999999467, 0.7999999999999999334, -4.649929289321881321 ) ) ;
#2842 = CARTESIAN_POINT ( 'NONE',  ( 4.316699762401994711, 2.302000000000000490, 4.629276107729747736 ) ) ;
#2843 = LINE ( 'NONE', #9172, #6985 ) ;
#2844 = DIRECTION ( 'NONE',  ( -1.626303258728256059E-15, -0.000000000000000000, -1.000000000000000000 ) ) ;
#2845 = EDGE_CURVE ( 'NONE', #2256, #6247, #1297, .T. ) ;
#2846 = SURFACE_SIDE_STYLE ('',( #9281 ) ) ;
#2847 = DIRECTION ( 'NONE',  ( -0.000000000000000000, -1.000000000000000000, 0.000000000000000000 ) ) ;
#2848 = PRESENTATION_LAYER_ASSIGNMENT (  '', '', ( #8646 ) ) ;
#2849 = LINE ( 'NONE', #9953, #5861 ) ;
#2850 = VECTOR ( 'NONE', #4970, 1000.000000000000000 ) ;
#2851 = SURFACE_STYLE_USAGE ( .BOTH. , #10057 ) ;
#2852 = EDGE_LOOP ( 'NONE', ( #4733, #5427, #7692, #9455 ) ) ;
#2853 = VECTOR ( 'NONE', #3950, 1000.000000000000000 ) ;
#2854 = CARTESIAN_POINT ( 'NONE',  ( -4.849999999999933920, 0.8000000000000000444, -4.000000000000001776 ) ) ;
#2855 = LINE ( 'NONE', #631, #1812 ) ;
#2856 = CARTESIAN_POINT ( 'NONE',  ( -4.850000000000000533, 0.000000000000000000, -4.800000000000001599 ) ) ;
#2857 = ORIENTED_EDGE ( 'NONE', *, *, #8485, .F. ) ;
#2858 =( NAMED_UNIT ( * ) PLANE_ANGLE_UNIT ( ) SI_UNIT ( $, .RADIAN. ) );
#2859 = FACE_OUTER_BOUND ( 'NONE', #751, .T. ) ;
#2860 = ORIENTED_EDGE ( 'NONE', *, *, #4919, .F. ) ;
#2861 = UNCERTAINTY_MEASURE_WITH_UNIT (LENGTH_MEASURE( 1.000000000000000082E-05 ), #8360, 'distance_accuracy_value', 'NONE');
#2862 = ADVANCED_FACE ( 'NONE', ( #5330 ), #2233, .T. ) ;
#2863 = DIRECTION ( 'NONE',  ( 0.000000000000000000, -1.000000000000000000, 0.000000000000000000 ) ) ;
#2864 = VECTOR ( 'NONE', #620, 1000.000000000000000 ) ;
#2865 = CARTESIAN_POINT ( 'NONE',  ( -4.399929289321881321, 1.617963242016830519E-14, 4.650000000000006573 ) ) ;
#2866 = EDGE_CURVE ( 'NONE', #1671, #254, #2843, .T. ) ;
#2867 = FACE_OUTER_BOUND ( 'NONE', #8269, .T. ) ;
#2868 = STYLED_ITEM ( 'NONE', ( #2826 ), #8805 ) ;
#2869 = MECHANICAL_DESIGN_GEOMETRIC_PRESENTATION_REPRESENTATION (  '', ( #2544 ), #5845 ) ;
#2870 = VERTEX_POINT ( 'NONE', #2080 ) ;
#2871 = ORIENTED_EDGE ( 'NONE', *, *, #3894, .F. ) ;
#2872 = CARTESIAN_POINT ( 'NONE',  ( 3.850000000000020073, 0.000000000000000000, 2.600000000000000533 ) ) ;
#2873 = ORIENTED_EDGE ( 'NONE', *, *, #6686, .T. ) ;
#2874 = CARTESIAN_POINT ( 'NONE',  ( 2.549999999999999378, 0.000000000000000000, 5.250000000000000000 ) ) ;
#2875 = UNCERTAINTY_MEASURE_WITH_UNIT (LENGTH_MEASURE( 1.000000000000000082E-05 ), #1051, 'distance_accuracy_value', 'NONE');
#2876 = COLOUR_RGB ( '',0.000000000000000000, 0.5019607843137254832, 0.000000000000000000 ) ;
#2877 = CARTESIAN_POINT ( 'NONE',  ( 4.850000000000038725, 0.8000000000000000444, 0.000000000000000000 ) ) ;
#2878 = AXIS2_PLACEMENT_3D ( 'NONE', #8455, #6013, #1992 ) ;
#2879 = CARTESIAN_POINT ( 'NONE',  ( -4.299999999999999822, 2.299999999999999822, -4.549999999999998934 ) ) ;
#2880 = ORIENTED_EDGE ( 'NONE', *, *, #9720, .T. ) ;
#2881 = FILL_AREA_STYLE_COLOUR ( '', #5298 ) ;
#2882 = CARTESIAN_POINT ( 'NONE',  ( 4.299999999999998934, 2.199990000000000556, 4.549999999999998934 ) ) ;
#2884 = STYLED_ITEM ( 'NONE', ( #2662 ), #9445 ) ;
#2883 = DIRECTION ( 'NONE',  ( 1.000000000000000000, 0.000000000000000000, 0.000000000000000000 ) ) ;
#2885 = PRESENTATION_LAYER_ASSIGNMENT (  '', '', ( #1905 ) ) ;
#2886 = ORIENTED_EDGE ( 'NONE', *, *, #1703, .T. ) ;
#2887 = LINE ( 'NONE', #7521, #4506 ) ;
#2888 = VERTEX_POINT ( 'NONE', #5226 ) ;
#2889 = CARTESIAN_POINT ( 'NONE',  ( 4.299999999999998934, 2.301999999999999602, -4.549999999999998934 ) ) ;
#2890 = ORIENTED_EDGE ( 'NONE', *, *, #3605, .T. ) ;
#2891 = LINE ( 'NONE', #6038, #9715 ) ;
#2892 = ORIENTED_EDGE ( 'NONE', *, *, #6655, .T. ) ;
#2893 = LINE ( 'NONE', #1348, #1268 ) ;
#2894 = DIRECTION ( 'NONE',  ( 1.000000000000000000, 0.000000000000000000, -4.336808689942006692E-15 ) ) ;
#2895 = SURFACE_STYLE_FILL_AREA ( #4344 ) ;
#2896 = EDGE_CURVE ( 'NONE', #8418, #1208, #508, .T. ) ;
#2897 = CYLINDRICAL_SURFACE ( 'NONE', #370, 0.1999999999999996503 ) ;
#2898 = LINE ( 'NONE', #2128, #7972 ) ;
#2899 = DIRECTION ( 'NONE',  ( 1.626303258728256059E-15, 0.000000000000000000, 1.000000000000000000 ) ) ;
#2900 = LINE ( 'NONE', #677, #7779 ) ;
#2901 = EDGE_CURVE ( 'NONE', #3529, #3813, #581, .T. ) ;
#2902 = LINE ( 'NONE', #4350, #6192 ) ;
#2903 = EDGE_CURVE ( 'NONE', #4090, #2316, #2086, .T. ) ;
#2904 = CARTESIAN_POINT ( 'NONE',  ( 0.000000000000000000, 0.8000000000000000444, 2.899999999999998579 ) ) ;
#2905 = EDGE_LOOP ( 'NONE', ( #2264, #2537, #6309, #4839, #3820, #9557 ) ) ;
#2906 = DIRECTION ( 'NONE',  ( 0.000000000000000000, 1.000000000000000000, 0.000000000000000000 ) ) ;
#2907 = VECTOR ( 'NONE', #7886, 1000.000000000000000 ) ;
#2908 = DIRECTION ( 'NONE',  ( -1.000000000000000000, 0.000000000000000000, -0.000000000000000000 ) ) ;
#2909 = ORIENTED_EDGE ( 'NONE', *, *, #1206, .F. ) ;
#2910 = DIRECTION ( 'NONE',  ( -0.000000000000000000, 0.000000000000000000, 1.000000000000000000 ) ) ;
#2911 =( NAMED_UNIT ( * ) PLANE_ANGLE_UNIT ( ) SI_UNIT ( $, .RADIAN. ) );
#2912 = ADVANCED_FACE ( 'NONE', ( #10059 ), #5392, .F. ) ;
#2913 = VERTEX_POINT ( 'NONE', #2854 ) ;
#2914 = EDGE_CURVE ( 'NONE', #977, #25, #6836, .T. ) ;
#2915 = SURFACE_STYLE_USAGE ( .BOTH. , #6846 ) ;
#2916 = VECTOR ( 'NONE', #9702, 1000.000000000000000 ) ;
#2917 = CARTESIAN_POINT ( 'NONE',  ( 0.000000000000000000, 0.8000000000000000444, -3.299999999999999822 ) ) ;
#2918 = COLOUR_RGB ( '',1.000000000000000000, 0.8117647058823529438, 0.5019607843137254832 ) ;
#2919 = FILL_AREA_STYLE_COLOUR ( '', #5037 ) ;
#2920 = ORIENTED_EDGE ( 'NONE', *, *, #716, .T. ) ;
#2921 = AXIS2_PLACEMENT_3D ( 'NONE', #750, #15, #2409 ) ;
#2922 = EDGE_LOOP ( 'NONE', ( #4050, #7190, #3176, #495 ) ) ;
#2923 = PLANE ( 'NONE',  #6323 ) ;
#2924 = EDGE_LOOP ( 'NONE', ( #5590, #6917, #5501, #58 ) ) ;
#2925 = AXIS2_PLACEMENT_3D ( 'NONE', #372, #3541, #6736 ) ;
#2926 = CARTESIAN_POINT ( 'NONE',  ( 3.850000000000018741, 0.8000000000000000444, 1.799999999999999600 ) ) ;
#2927 = CARTESIAN_POINT ( 'NONE',  ( -4.299999999999998934, 2.299999999999999822, -4.649929289321881321 ) ) ;
#2928 = CARTESIAN_POINT ( 'NONE',  ( -4.850000000000001421, 0.8000000000000000444, -3.700000000000001066 ) ) ;
#2929 = ORIENTED_EDGE ( 'NONE', *, *, #5143, .F. ) ;
#2930 = CARTESIAN_POINT ( 'NONE',  ( 4.850000000000000533, 0.7999999999999999334, 1.099999999999999423 ) ) ;
#2931 = ADVANCED_FACE ( 'NONE', ( #6986 ), #1306, .F. ) ;
#2932 = FILL_AREA_STYLE_COLOUR ( '', #1137 ) ;
#2933 = VECTOR ( 'NONE', #1641, 1000.000000000000000 ) ;
#2934 = EDGE_CURVE ( 'NONE', #2416, #615, #8502, .T. ) ;
#2935 = ORIENTED_EDGE ( 'NONE', *, *, #7831, .T. ) ;
#2936 = CARTESIAN_POINT ( 'NONE',  ( -2.699999999999999289, 0.7999999999999990452, -4.650000000000003908 ) ) ;
#2937 = ORIENTED_EDGE ( 'NONE', *, *, #2668, .T. ) ;
#2938 = CARTESIAN_POINT ( 'NONE',  ( 3.849999999999996092, 2.080624847486572282, 1.799999999999999600 ) ) ;
#2939 = EDGE_CURVE ( 'NONE', #1180, #9781, #6943, .T. ) ;
#2940 = CARTESIAN_POINT ( 'NONE',  ( -3.849999999999928590, 0.8000000000000000444, -2.600000000000001421 ) ) ;
#2941 = ORIENTED_EDGE ( 'NONE', *, *, #5401, .T. ) ;
#2942 = LINE ( 'NONE', #9268, #5720 ) ;
#2943 = ADVANCED_FACE ( 'NONE', ( #5293 ), #2244, .T. ) ;
#2944 = VERTEX_POINT ( 'NONE', #9396 ) ;
#2945 = EDGE_CURVE ( 'NONE', #5317, #1366, #7716, .T. ) ;
#2946 = CARTESIAN_POINT ( 'NONE',  ( 4.600000000000002309, 0.7999999999999998224, 4.649929289321881321 ) ) ;
#2947 =( GEOMETRIC_REPRESENTATION_CONTEXT ( 3 ) GLOBAL_UNCERTAINTY_ASSIGNED_CONTEXT ( ( #6509 ) ) GLOBAL_UNIT_ASSIGNED_CONTEXT ( ( #3876, #9209, #9309 ) ) REPRESENTATION_CONTEXT ( 'NONE', 'WORKASPACE' ) );
#2948 = DIRECTION ( 'NONE',  ( 0.000000000000000000, 1.000000000000000000, 0.000000000000000000 ) ) ;
#2949 = CARTESIAN_POINT ( 'NONE',  ( 4.850000000000000533, 2.080624847486572282, -8.673617379884035472E-16 ) ) ;
#2950 = CARTESIAN_POINT ( 'NONE',  ( 4.850000000000000533, 0.000000000000000000, 0.1999999999999987899 ) ) ;
#2951 = CARTESIAN_POINT ( 'NONE',  ( 4.366607917228704672, 2.156613802740584340, 4.817607869197447990 ) ) ;
#2952 = PLANE ( 'NONE',  #6107 ) ;
#2953 = CARTESIAN_POINT ( 'NONE',  ( 4.850000000000000533, 0.000000000000000000, 4.399999999999999467 ) ) ;
#2954 = ORIENTED_EDGE ( 'NONE', *, *, #3530, .T. ) ;
#2955 = FILL_AREA_STYLE ('',( #2806 ) ) ;
#2956 = PRESENTATION_LAYER_ASSIGNMENT (  '', '', ( #7406 ) ) ;
#2957 = PRESENTATION_STYLE_ASSIGNMENT (( #2245 ) ) ;
#2958 = ORIENTED_EDGE ( 'NONE', *, *, #4974, .T. ) ;
#2959 = CARTESIAN_POINT ( 'NONE',  ( -4.850000000000000533, 2.080624847486572282, 1.999999999999999556 ) ) ;
#2960 = DIRECTION ( 'NONE',  ( -0.000000000000000000, -1.000000000000000000, -0.000000000000000000 ) ) ;
#2961 = ORIENTED_EDGE ( 'NONE', *, *, #7499, .F. ) ;
#2962 = AXIS2_PLACEMENT_3D ( 'NONE', #102, #3262, #7969 ) ;
#2963 = DIRECTION ( 'NONE',  ( 0.000000000000000000, -0.000000000000000000, -1.000000000000000000 ) ) ;
#2964 = VECTOR ( 'NONE', #3187, 1000.000000000000000 ) ;
#2965 = DIRECTION ( 'NONE',  ( -0.000000000000000000, 0.000000000000000000, 1.000000000000000000 ) ) ;
#2966 = MECHANICAL_DESIGN_GEOMETRIC_PRESENTATION_REPRESENTATION (  '', ( #7931 ), #3314 ) ;
#2967 = ORIENTED_EDGE ( 'NONE', *, *, #5194, .T. ) ;
#2968 = VECTOR ( 'NONE', #6057, 1000.000000000000000 ) ;
#2969 = VERTEX_POINT ( 'NONE', #6161 ) ;
#2970 = ORIENTED_EDGE ( 'NONE', *, *, #3494, .T. ) ;
#2971 = EDGE_CURVE ( 'NONE', #6797, #4987, #9342, .T. ) ;
#2972 = DIRECTION ( 'NONE',  ( 0.000000000000000000, 0.000000000000000000, -1.000000000000000000 ) ) ;
#2973 = UNCERTAINTY_MEASURE_WITH_UNIT (LENGTH_MEASURE( 1.000000000000000082E-05 ), #4633, 'distance_accuracy_value', 'NONE');
#2974 = LINE ( 'NONE', #8523, #7211 ) ;
#2975 = LINE ( 'NONE', #2928, #8337 ) ;
#2976 = ORIENTED_EDGE ( 'NONE', *, *, #2092, .T. ) ;
#2977 = SURFACE_SIDE_STYLE ('',( #6908 ) ) ;
#2978 = VECTOR ( 'NONE', #9712, 1000.000000000000000 ) ;
#2979 = LINE ( 'NONE', #3083, #1619 ) ;
#2980 = VERTEX_POINT ( 'NONE', #6780 ) ;
#2981 =( NAMED_UNIT ( * ) SI_UNIT ( $, .STERADIAN. ) SOLID_ANGLE_UNIT ( ) );
#2982 = ORIENTED_EDGE ( 'NONE', *, *, #10148, .F. ) ;
#2983 =( GEOMETRIC_REPRESENTATION_CONTEXT ( 3 ) GLOBAL_UNCERTAINTY_ASSIGNED_CONTEXT ( ( #8573 ) ) GLOBAL_UNIT_ASSIGNED_CONTEXT ( ( #7432, #5888, #8268 ) ) REPRESENTATION_CONTEXT ( 'NONE', 'WORKASPACE' ) );
#2984 = DIRECTION ( 'NONE',  ( 1.991647080244468484E-31, 6.123233995736767268E-17, 1.000000000000000000 ) ) ;
#2985 = EDGE_LOOP ( 'NONE', ( #2571, #9158, #6645, #4385, #4069, #5758 ) ) ;
#2986 = FACE_OUTER_BOUND ( 'NONE', #691, .T. ) ;
#2987 = EDGE_CURVE ( 'NONE', #7302, #1322, #4616, .T. ) ;
#2988 = EDGE_LOOP ( 'NONE', ( #6960, #6794, #6434, #3799 ) ) ;
#2989 = LINE ( 'NONE', #1593, #2269 ) ;
#2990 = DIRECTION ( 'NONE',  ( -0.000000000000000000, -0.000000000000000000, -1.000000000000000000 ) ) ;
#2991 = ADVANCED_FACE ( 'NONE', ( #9186 ), #8387, .T. ) ;
#2992 = CARTESIAN_POINT ( 'NONE',  ( -3.849999999999996536, 0.000000000000000000, 2.600000000000000533 ) ) ;
#2993 = EDGE_CURVE ( 'NONE', #4874, #6620, #6426, .T. ) ;
#2994 = VECTOR ( 'NONE', #6303, 1000.000000000000000 ) ;
#2995 = PLANE ( 'NONE',  #1887 ) ;
#2996 = LINE ( 'NONE', #1354, #2532 ) ;
#2997 = EDGE_CURVE ( 'NONE', #2257, #1392, #7248, .T. ) ;
#2998 = LINE ( 'NONE', #7593, #4455 ) ;
#2999 = CARTESIAN_POINT ( 'NONE',  ( 4.399999999999999467, 2.100000000000000089, -4.649929289321881321 ) ) ;
#3000 = COLOUR_RGB ( '',1.000000000000000000, 0.8117647058823529438, 0.5019607843137254832 ) ;
#3001 = LINE ( 'NONE', #3056, #9294 ) ;
#3002 = ORIENTED_EDGE ( 'NONE', *, *, #91, .T. ) ;
#3003 = CARTESIAN_POINT ( 'NONE',  ( 0.000000000000000000, 0.000000000000000000, -2.900000000000000799 ) ) ;
#3004 = DIRECTION ( 'NONE',  ( 1.000000000000000000, 0.000000000000000000, -4.336808689942006692E-15 ) ) ;
#3005 = MECHANICAL_DESIGN_GEOMETRIC_PRESENTATION_REPRESENTATION (  '', ( #204 ), #4192 ) ;
#3006 = FACE_OUTER_BOUND ( 'NONE', #2488, .T. ) ;
#3007 = ORIENTED_EDGE ( 'NONE', *, *, #24, .T. ) ;
#3008 = DIRECTION ( 'NONE',  ( -4.336808689942006692E-15, 0.000000000000000000, 1.000000000000000000 ) ) ;
#3009 = SURFACE_STYLE_FILL_AREA ( #4620 ) ;
#3010 = ORIENTED_EDGE ( 'NONE', *, *, #2289, .T. ) ;
#3011 = CARTESIAN_POINT ( 'NONE',  ( -4.599999999999998757, 2.000000000000001332, 4.649929289321881321 ) ) ;
#3012 = VECTOR ( 'NONE', #4244, 1000.000000000000000 ) ;
#3013 = CARTESIAN_POINT ( 'NONE',  ( -3.449999999999999289, 2.200000000000000178, -3.649999999999999467 ) ) ;
#3014 = DIRECTION ( 'NONE',  ( -0.000000000000000000, 1.000000000000000000, -0.000000000000000000 ) ) ;
#3015 = VECTOR ( 'NONE', #3596, 1000.000000000000000 ) ;
#3016 = ORIENTED_EDGE ( 'NONE', *, *, #1518, .T. ) ;
#3017 = ORIENTED_EDGE ( 'NONE', *, *, #3814, .T. ) ;
#3018 = VERTEX_POINT ( 'NONE', #8760 ) ;
#3019 = VECTOR ( 'NONE', #453, 1000.000000000000000 ) ;
#3020 =( LENGTH_UNIT ( ) NAMED_UNIT ( * ) SI_UNIT ( .MILLI., .METRE. ) );
#3021 = CARTESIAN_POINT ( 'NONE',  ( 3.850000000000077360, 0.8000000000000000444, -2.900000000000000799 ) ) ;
#3022 = CARTESIAN_POINT ( 'NONE',  ( -4.379235665564122471, 2.300000000000000266, -4.566802440931187590 ) ) ;
#3023 = VERTEX_POINT ( 'NONE', #4670 ) ;
#3024 = PRESENTATION_STYLE_ASSIGNMENT (( #9463 ) ) ;
#3025 =( GEOMETRIC_REPRESENTATION_CONTEXT ( 3 ) GLOBAL_UNCERTAINTY_ASSIGNED_CONTEXT ( ( #5965 ) ) GLOBAL_UNIT_ASSIGNED_CONTEXT ( ( #247, #6558, #298 ) ) REPRESENTATION_CONTEXT ( 'NONE', 'WORKASPACE' ) );
#3026 = CARTESIAN_POINT ( 'NONE',  ( 4.849999999999997868, 0.8000000000000000444, -8.800000000000000711 ) ) ;
#3027 = DIRECTION ( 'NONE',  ( 0.000000000000000000, -0.000000000000000000, -1.000000000000000000 ) ) ;
#3028 = ADVANCED_FACE ( 'NONE', ( #4826 ), #9659, .F. ) ;
#3029 = FACE_OUTER_BOUND ( 'NONE', #3688, .T. ) ;
#3030 = EDGE_LOOP ( 'NONE', ( #2002, #2334, #3097, #4605 ) ) ;
#3031 = SURFACE_SIDE_STYLE ('',( #4648 ) ) ;
#3032 = EDGE_LOOP ( 'NONE', ( #2419, #4391, #336, #2768 ) ) ;
#3033 = VECTOR ( 'NONE', #4279, 1000.000000000000000 ) ;
#3034 = CARTESIAN_POINT ( 'NONE',  ( -4.316699647756667702, 2.300000000000000711, 4.628750921375361926 ) ) ;
#3035 = AXIS2_PLACEMENT_3D ( 'NONE', #4263, #2503, #1725 ) ;
#3036 = LINE ( 'NONE', #6036, #4454 ) ;
#3037 = ORIENTED_EDGE ( 'NONE', *, *, #80, .T. ) ;
#3038 = EDGE_CURVE ( 'NONE', #863, #5821, #4113, .T. ) ;
#3039 = FACE_OUTER_BOUND ( 'NONE', #1805, .T. ) ;
#3040 = ADVANCED_FACE ( 'NONE', ( #9490 ), #163, .T. ) ;
#3041 = ORIENTED_EDGE ( 'NONE', *, *, #4092, .T. ) ;
#3042 = SURFACE_STYLE_USAGE ( .BOTH. , #6248 ) ;
#3043 =( NAMED_UNIT ( * ) PLANE_ANGLE_UNIT ( ) SI_UNIT ( $, .RADIAN. ) );
#3044 = VECTOR ( 'NONE', #1729, 1000.000000000000000 ) ;
#3045 = VECTOR ( 'NONE', #9284, 1000.000000000000000 ) ;
#3046 = LINE ( 'NONE', #10048, #3336 ) ;
#3047 = PRESENTATION_STYLE_ASSIGNMENT (( #7026 ) ) ;
#3048 = FILL_AREA_STYLE_COLOUR ( '', #3000 ) ;
#3049 =( NAMED_UNIT ( * ) SI_UNIT ( $, .STERADIAN. ) SOLID_ANGLE_UNIT ( ) );
#3050 = DIRECTION ( 'NONE',  ( -1.000000000000000000, -0.000000000000000000, -0.000000000000000000 ) ) ;
#3051 = DIRECTION ( 'NONE',  ( -4.336808689942006692E-15, 0.000000000000000000, -1.000000000000000000 ) ) ;
#3052 = CARTESIAN_POINT ( 'NONE',  ( 3.849999999999996092, 2.080624847486572282, -2.600000000000000533 ) ) ;
#3053 = VECTOR ( 'NONE', #9121, 1000.000000000000000 ) ;
#3054 = PRESENTATION_LAYER_ASSIGNMENT (  '', '', ( #553 ) ) ;
#3055 = ADVANCED_FACE ( 'NONE', ( #5650 ), #8034, .F. ) ;
#3056 = CARTESIAN_POINT ( 'NONE',  ( -4.850000000000001421, 0.8000000000000000444, 0.6999999999999984013 ) ) ;
#3057 = LINE ( 'NONE', #6211, #4103 ) ;
#3058 = ORIENTED_EDGE ( 'NONE', *, *, #4434, .F. ) ;
#3059 = FACE_OUTER_BOUND ( 'NONE', #5843, .T. ) ;
#3060 = CARTESIAN_POINT ( 'NONE',  ( 4.850000000000000533, 2.080624847486572282, 1.999999999999999556 ) ) ;
#3061 =( NAMED_UNIT ( * ) PLANE_ANGLE_UNIT ( ) SI_UNIT ( $, .RADIAN. ) );
#3062 = PLANE ( 'NONE',  #2651 ) ;
#3063 = PRESENTATION_STYLE_ASSIGNMENT (( #6058 ) ) ;
#3064 = EDGE_CURVE ( 'NONE', #2242, #8241, #3110, .T. ) ;
#3065 = EDGE_CURVE ( 'NONE', #202, #502, #5547, .T. ) ;
#3066 = VERTEX_POINT ( 'NONE', #9604 ) ;
#3067 = CARTESIAN_POINT ( 'NONE',  ( -4.351144252825625003, 2.087420392015689963, 4.583309763107296320 ) ) ;
#3068 = DIRECTION ( 'NONE',  ( 0.000000000000000000, 0.000000000000000000, -1.000000000000000000 ) ) ;
#3069 = AXIS2_PLACEMENT_3D ( 'NONE', #1891, #8244, #5048 ) ;
#3070 = ORIENTED_EDGE ( 'NONE', *, *, #4326, .F. ) ;
#3071 = CARTESIAN_POINT ( 'NONE',  ( -4.850000000000001421, 0.8000000000000000444, -1.500000000000002220 ) ) ;
#3072 = EDGE_CURVE ( 'NONE', #8620, #8800, #947, .T. ) ;
#3073 = VERTEX_POINT ( 'NONE', #8709 ) ;
#3074 = ORIENTED_EDGE ( 'NONE', *, *, #4481, .F. ) ;
#3075 = PLANE ( 'NONE',  #6811 ) ;
#3076 = VECTOR ( 'NONE', #3534, 1000.000000000000000 ) ;
#3077 = CARTESIAN_POINT ( 'NONE',  ( 4.299999999999999822, 2.300000000000000266, 4.549999999999998934 ) ) ;
#3078 = UNCERTAINTY_MEASURE_WITH_UNIT (LENGTH_MEASURE( 1.000000000000000082E-05 ), #7280, 'distance_accuracy_value', 'NONE');
#3079 = DIRECTION ( 'NONE',  ( -1.000000000000000000, 0.000000000000000000, -0.000000000000000000 ) ) ;
#3080 = EDGE_LOOP ( 'NONE', ( #2202, #3610, #3860, #1347 ) ) ;
#3081 = PLANE ( 'NONE',  #6440 ) ;
#3082 = LINE ( 'NONE', #1486, #4097 ) ;
#3083 = CARTESIAN_POINT ( 'NONE',  ( 0.000000000000000000, 0.8000000000000000444, -1.800000000000000711 ) ) ;
#3084 =( NAMED_UNIT ( * ) SI_UNIT ( $, .STERADIAN. ) SOLID_ANGLE_UNIT ( ) );
#3085 = VECTOR ( 'NONE', #2058, 1000.000000000000000 ) ;
#3086 = AXIS2_PLACEMENT_3D ( 'NONE', #6078, #4381, #9833 ) ;
#3087 = ORIENTED_EDGE ( 'NONE', *, *, #3762, .T. ) ;
#3088 = PRESENTATION_STYLE_ASSIGNMENT (( #4750 ) ) ;
#3089 = ORIENTED_EDGE ( 'NONE', *, *, #7683, .F. ) ;
#3090 = LINE ( 'NONE', #4651, #9311 ) ;
#3091 = ADVANCED_FACE ( 'NONE', ( #4774 ), #7923, .T. ) ;
#3092 = DIRECTION ( 'NONE',  ( 0.000000000000000000, -0.000000000000000000, -1.000000000000000000 ) ) ;
#3093 = VERTEX_POINT ( 'NONE', #1664 ) ;
#3094 = ADVANCED_FACE ( 'NONE', ( #7299 ), #7347, .T. ) ;
#3095 = CARTESIAN_POINT ( 'NONE',  ( 4.299999999999998934, 2.302000000000000046, 4.549999999999998934 ) ) ;
#3096 = VECTOR ( 'NONE', #1560, 1000.000000000000000 ) ;
#3097 = ORIENTED_EDGE ( 'NONE', *, *, #3947, .F. ) ;
#3098 = STYLED_ITEM ( 'NONE', ( #235 ), #5753 ) ;
#3099 =( LENGTH_UNIT ( ) NAMED_UNIT ( * ) SI_UNIT ( .MILLI., .METRE. ) );
#3100 = DIRECTION ( 'NONE',  ( 0.000000000000000000, 0.000000000000000000, -1.000000000000000000 ) ) ;
#3101 =( LENGTH_UNIT ( ) NAMED_UNIT ( * ) SI_UNIT ( .MILLI., .METRE. ) );
#3102 = SURFACE_SIDE_STYLE ('',( #4046 ) ) ;
#3103 =( NAMED_UNIT ( * ) SI_UNIT ( $, .STERADIAN. ) SOLID_ANGLE_UNIT ( ) );
#3104 = ORIENTED_EDGE ( 'NONE', *, *, #9698, .F. ) ;
#3105 = EDGE_CURVE ( 'NONE', #7801, #3831, #5126, .T. ) ;
#3106 = CARTESIAN_POINT ( 'NONE',  ( 4.850000000000011191, 0.000000000000000000, 2.899999999999998579 ) ) ;
#3107 =( NAMED_UNIT ( * ) PLANE_ANGLE_UNIT ( ) SI_UNIT ( $, .RADIAN. ) );
#3108 = VERTEX_POINT ( 'NONE', #5848 ) ;
#3109 = SURFACE_SIDE_STYLE ('',( #3949 ) ) ;
#3110 = LINE ( 'NONE', #2394, #7641 ) ;
#3111 = LINE ( 'NONE', #2548, #9764 ) ;
#3112 = CARTESIAN_POINT ( 'NONE',  ( 4.400000000000003908, 0.7999999999999993783, -4.649929289321881321 ) ) ;
#3113 = DIRECTION ( 'NONE',  ( 4.336808689942006692E-15, -0.000000000000000000, -1.000000000000000000 ) ) ;
#3114 = ORIENTED_EDGE ( 'NONE', *, *, #9351, .T. ) ;
#3115 =( NAMED_UNIT ( * ) PLANE_ANGLE_UNIT ( ) SI_UNIT ( $, .RADIAN. ) );
#3116 = EDGE_CURVE ( 'NONE', #2483, #2257, #8660, .T. ) ;
#3117 = DIRECTION ( 'NONE',  ( 0.000000000000000000, -0.000000000000000000, -1.000000000000000000 ) ) ;
#3118 = PRESENTATION_LAYER_ASSIGNMENT (  '', '', ( #3613 ) ) ;
#3119 = VERTEX_POINT ( 'NONE', #1876 ) ;
#3120 = DIRECTION ( 'NONE',  ( 1.000000000000000000, 0.000000000000000000, 0.000000000000000000 ) ) ;
#3121 = ORIENTED_EDGE ( 'NONE', *, *, #7465, .T. ) ;
#3122 = ORIENTED_EDGE ( 'NONE', *, *, #9082, .F. ) ;
#3123 = DIRECTION ( 'NONE',  ( 1.626303258728256257E-15, 0.000000000000000000, -1.000000000000000000 ) ) ;
#3124 = FACE_OUTER_BOUND ( 'NONE', #9768, .T. ) ;
#3125 = ADVANCED_FACE ( 'NONE', ( #2745 ), #3378, .F. ) ;
#3126 = VECTOR ( 'NONE', #261, 1000.000000000000000 ) ;
#3127 = VECTOR ( 'NONE', #7503, 1000.000000000000000 ) ;
#3128 = CARTESIAN_POINT ( 'NONE',  ( 4.567488058945588847, 2.156818344548029120, 4.616559281606940957 ) ) ;
#3129 = SURFACE_SIDE_STYLE ('',( #4846 ) ) ;
#3130 = VERTEX_POINT ( 'NONE', #5081 ) ;
#3131 = CARTESIAN_POINT ( 'NONE',  ( -3.849999999999974332, 0.000000000000000000, 2.599999999999999645 ) ) ;
#3132 = AXIS2_PLACEMENT_3D ( 'NONE', #7717, #3634, #2190 ) ;
#3133 = PLANE ( 'NONE',  #6712 ) ;
#3134 = VECTOR ( 'NONE', #6088, 1000.000000000000000 ) ;
#3135 = VECTOR ( 'NONE', #1450, 1000.000000000000000 ) ;
#3136 = LINE ( 'NONE', #9465, #6419 ) ;
#3137 = CARTESIAN_POINT ( 'NONE',  ( -3.849999999999997424, 2.080624847486572282, -2.900000000000000799 ) ) ;
#3138 = STYLED_ITEM ( 'NONE', ( #5035 ), #4380 ) ;
#3139 = ORIENTED_EDGE ( 'NONE', *, *, #9938, .F. ) ;
#3140 = PLANE ( 'NONE',  #9250 ) ;
#3141 = ORIENTED_EDGE ( 'NONE', *, *, #8545, .T. ) ;
#3142 = FILL_AREA_STYLE_COLOUR ( '', #6439 ) ;
#3143 = VERTEX_POINT ( 'NONE', #3472 ) ;
#3144 = AXIS2_PLACEMENT_3D ( 'NONE', #4986, #1146, #6574 ) ;
#3145 = CARTESIAN_POINT ( 'NONE',  ( 4.299999999999998934, 2.300000000000000266, 4.549999999999998934 ) ) ;
#3146 = VECTOR ( 'NONE', #9208, 1000.000000000000000 ) ;
#3147 = ORIENTED_EDGE ( 'NONE', *, *, #342, .F. ) ;
#3148 = SURFACE_STYLE_USAGE ( .BOTH. , #3837 ) ;
#3149 = FACE_OUTER_BOUND ( 'NONE', #6493, .T. ) ;
#3150 = CARTESIAN_POINT ( 'NONE',  ( 4.850000000000001421, 0.000000000000000000, 0.3999999999999993006 ) ) ;
#3151 = VECTOR ( 'NONE', #9700, 1000.000000000000000 ) ;
#3152 = DIRECTION ( 'NONE',  ( -1.000000000000000000, -0.000000000000000000, 0.000000000000000000 ) ) ;
#3153 = EDGE_LOOP ( 'NONE', ( #3992, #6278, #2857, #9733 ) ) ;
#3154 = DIRECTION ( 'NONE',  ( 0.000000000000000000, -0.000000000000000000, 1.000000000000000000 ) ) ;
#3155 = EDGE_LOOP ( 'NONE', ( #9285, #3114, #3302, #924 ) ) ;
#3156 = FACE_OUTER_BOUND ( 'NONE', #2151, .T. ) ;
#3157 = PRESENTATION_LAYER_ASSIGNMENT (  '', '', ( #9120 ) ) ;
#3158 =( GEOMETRIC_REPRESENTATION_CONTEXT ( 3 ) GLOBAL_UNCERTAINTY_ASSIGNED_CONTEXT ( ( #6181 ) ) GLOBAL_UNIT_ASSIGNED_CONTEXT ( ( #7053, #126, #1734 ) ) REPRESENTATION_CONTEXT ( 'NONE', 'WORKASPACE' ) );
#3159 = DIRECTION ( 'NONE',  ( 1.000000000000000000, -0.000000000000000000, 0.000000000000000000 ) ) ;
#3160 = EDGE_CURVE ( 'NONE', #3276, #4993, #260, .T. ) ;
#3161 = SURFACE_STYLE_USAGE ( .BOTH. , #3109 ) ;
#3162 = CIRCLE ( 'NONE', #8456, 0.1999999999999996503 ) ;
#3163 = DIRECTION ( 'NONE',  ( 0.000000000000000000, 0.000000000000000000, -1.000000000000000000 ) ) ;
#3164 = CARTESIAN_POINT ( 'NONE',  ( 4.849999999999997868, 0.8000000000000000444, 0.000000000000000000 ) ) ;
#3165 = CARTESIAN_POINT ( 'NONE',  ( -4.850000000000000533, 0.000000000000000000, 2.399999999999999023 ) ) ;
#3166 = ORIENTED_EDGE ( 'NONE', *, *, #1703, .F. ) ;
#3167 = ADVANCED_FACE ( 'NONE', ( #9708 ), #9852, .T. ) ;
#3168 = MECHANICAL_DESIGN_GEOMETRIC_PRESENTATION_REPRESENTATION (  '', ( #8132 ), #534 ) ;
#3169 = CARTESIAN_POINT ( 'NONE',  ( -4.299999999999998934, 2.097980000000000178, 4.549999999999999822 ) ) ;
#3170 = EDGE_CURVE ( 'NONE', #9918, #8771, #7484, .T. ) ;
#3171 = PRESENTATION_STYLE_ASSIGNMENT (( #2 ) ) ;
#3172 = ORIENTED_EDGE ( 'NONE', *, *, #766, .T. ) ;
#3173 = AXIS2_PLACEMENT_3D ( 'NONE', #9032, #5083, #1144 ) ;
#3174 = CARTESIAN_POINT ( 'NONE',  ( -4.850000000000000533, 0.000000000000000000, 1.099999999999999423 ) ) ;
#3175 = ORIENTED_EDGE ( 'NONE', *, *, #8888, .T. ) ;
#3176 = ORIENTED_EDGE ( 'NONE', *, *, #3319, .F. ) ;
#3177 = CARTESIAN_POINT ( 'NONE',  ( 3.850000000000053380, 0.8000000000000000444, 0.000000000000000000 ) ) ;
#3178 = EDGE_CURVE ( 'NONE', #4598, #9542, #8920, .T. ) ;
#3179 = DIRECTION ( 'NONE',  ( 0.000000000000000000, 0.000000000000000000, 1.000000000000000000 ) ) ;
#3180 = UNCERTAINTY_MEASURE_WITH_UNIT (LENGTH_MEASURE( 1.000000000000000082E-05 ), #2009, 'distance_accuracy_value', 'NONE');
#3181 = VECTOR ( 'NONE', #5318, 1000.000000000000000 ) ;
#3182 = LINE ( 'NONE', #9512, #4257 ) ;
#3183 = VECTOR ( 'NONE', #4489, 1000.000000000000000 ) ;
#3184 = EDGE_CURVE ( 'NONE', #10095, #6346, #2699, .T. ) ;
#3185 = CARTESIAN_POINT ( 'NONE',  ( -4.850000000000000533, 0.7999999999999999334, 2.899999999999998579 ) ) ;
#3186 = ORIENTED_EDGE ( 'NONE', *, *, #6082, .F. ) ;
#3187 = DIRECTION ( 'NONE',  ( -0.000000000000000000, 0.000000000000000000, 1.000000000000000000 ) ) ;
#3188 = VECTOR ( 'NONE', #4790, 1000.000000000000000 ) ;
#3189 = FACE_OUTER_BOUND ( 'NONE', #3483, .T. ) ;
#3190 = FACE_OUTER_BOUND ( 'NONE', #8877, .T. ) ;
#3191 = VECTOR ( 'NONE', #6876, 1000.000000000000000 ) ;
#3192 = ORIENTED_EDGE ( 'NONE', *, *, #1086, .T. ) ;
#3193 = ORIENTED_EDGE ( 'NONE', *, *, #2866, .F. ) ;
#3194 = FILL_AREA_STYLE ('',( #661 ) ) ;
#3195 = AXIS2_PLACEMENT_3D ( 'NONE', #8289, #8339, #1203 ) ;
#3196 = CARTESIAN_POINT ( 'NONE',  ( 3.850000000000053380, 0.000000000000000000, -1.500000000000001332 ) ) ;
#3197 = ORIENTED_EDGE ( 'NONE', *, *, #1072, .T. ) ;
#3198 = SURFACE_STYLE_USAGE ( .BOTH. , #3976 ) ;
#3199 = ORIENTED_EDGE ( 'NONE', *, *, #2585, .T. ) ;
#3200 = VECTOR ( 'NONE', #4983, 1000.000000000000000 ) ;
#3201 = PLANE ( 'NONE',  #9943 ) ;
#3202 = COLOUR_RGB ( '',1.000000000000000000, 0.8117647058823529438, 0.5019607843137254832 ) ;
#3203 = VECTOR ( 'NONE', #9834, 1000.000000000000000 ) ;
#3204 = SURFACE_SIDE_STYLE ('',( #6977 ) ) ;
#3205 =( NAMED_UNIT ( * ) PLANE_ANGLE_UNIT ( ) SI_UNIT ( $, .RADIAN. ) );
#3206 =( NAMED_UNIT ( * ) SI_UNIT ( $, .STERADIAN. ) SOLID_ANGLE_UNIT ( ) );
#3207 = DIRECTION ( 'NONE',  ( -0.000000000000000000, -1.000000000000000000, -0.000000000000000000 ) ) ;
#3208 = ORIENTED_EDGE ( 'NONE', *, *, #6479, .F. ) ;
#3209 = ORIENTED_EDGE ( 'NONE', *, *, #9236, .F. ) ;
#3210 = VECTOR ( 'NONE', #8399, 1000.000000000000000 ) ;
#3211 = CARTESIAN_POINT ( 'NONE',  ( -4.850000000000001421, 0.8000000000000000444, -5.049999999999999822 ) ) ;
#3212 = VECTOR ( 'NONE', #5647, 1000.000000000000000 ) ;
#3213 = CARTESIAN_POINT ( 'NONE',  ( 2.549999999999999378, 0.2000000000000000111, 4.650000000000006573 ) ) ;
#3214 = CARTESIAN_POINT ( 'NONE',  ( -4.850000000000000533, 2.080624847486572282, -3.500000000000000444 ) ) ;
#3215 = CARTESIAN_POINT ( 'NONE',  ( -3.849999999999963229, 0.8000000000000000444, 1.499999999999998668 ) ) ;
#3216 = VECTOR ( 'NONE', #6902, 1000.000000000000000 ) ;
#3217 = COLOUR_RGB ( '',0.000000000000000000, 0.5019607843137254832, 0.000000000000000000 ) ;
#3218 = SURFACE_SIDE_STYLE ('',( #3904 ) ) ;
#3219 = VECTOR ( 'NONE', #9127, 1000.000000000000000 ) ;
#3220 = CARTESIAN_POINT ( 'NONE',  ( 4.850000000000000533, 2.080624847486572282, 4.599999999999998757 ) ) ;
#3221 = CARTESIAN_POINT ( 'NONE',  ( 3.850000000000008527, 0.8000000000000000444, 2.899999999999998579 ) ) ;
#3222 = ORIENTED_EDGE ( 'NONE', *, *, #6978, .F. ) ;
#3223 = ADVANCED_FACE ( 'NONE', ( #3518 ), #6666, .T. ) ;
#3224 = CARTESIAN_POINT ( 'NONE',  ( -4.389222690360981005, 2.052198665876328931, 4.616619526214587488 ) ) ;
#3225 = LINE ( 'NONE', #7699, #7205 ) ;
#3226 = ORIENTED_EDGE ( 'NONE', *, *, #5504, .F. ) ;
#3227 = CARTESIAN_POINT ( 'NONE',  ( -3.849999999999904610, 0.000000000000000000, -4.800000000000002487 ) ) ;
#3228 = EDGE_CURVE ( 'NONE', #2913, #8254, #1817, .T. ) ;
#3229 = ORIENTED_EDGE ( 'NONE', *, *, #6343, .F. ) ;
#3230 = VERTEX_POINT ( 'NONE', #8079 ) ;
#3231 = CARTESIAN_POINT ( 'NONE',  ( -4.850000000000000533, 0.7999999999999999334, 1.099999999999999423 ) ) ;
#3232 = CARTESIAN_POINT ( 'NONE',  ( 4.850000000000005862, 0.8000000000000000444, 3.999999999999999112 ) ) ;
#3233 = CARTESIAN_POINT ( 'NONE',  ( -4.850000000000000533, 0.000000000000000000, 0.8999999999999998002 ) ) ;
#3234 = LINE ( 'NONE', #9564, #8553 ) ;
#3235 = MECHANICAL_DESIGN_GEOMETRIC_PRESENTATION_REPRESENTATION (  '', ( #2254 ), #5221 ) ;
#3236 = ORIENTED_EDGE ( 'NONE', *, *, #4270, .F. ) ;
#3237 = LINE ( 'NONE', #5145, #9428 ) ;
#3238 =( LENGTH_UNIT ( ) NAMED_UNIT ( * ) SI_UNIT ( .MILLI., .METRE. ) );
#3239 = FILL_AREA_STYLE_COLOUR ( '', #2045 ) ;
#3240 = AXIS2_PLACEMENT_3D ( 'NONE', #4924, #4107, #8749 ) ;
#3241 = ORIENTED_EDGE ( 'NONE', *, *, #6605, .F. ) ;
#3242 = LINE ( 'NONE', #6398, #7467 ) ;
#3243 = ORIENTED_EDGE ( 'NONE', *, *, #8819, .F. ) ;
#3244 = PLANE ( 'NONE',  #1647 ) ;
#3245 = VERTEX_POINT ( 'NONE', #6929 ) ;
#3246 = CARTESIAN_POINT ( 'NONE',  ( 4.850000000000000533, 0.000000000000000000, 1.299999999999999600 ) ) ;
#3247 = EDGE_CURVE ( 'NONE', #2709, #2944, #2177, .T. ) ;
#3248 = EDGE_LOOP ( 'NONE', ( #3579, #7173, #732, #2310 ) ) ;
#3249 = CARTESIAN_POINT ( 'NONE',  ( 4.849999999999997868, 0.000000000000000000, 1.099999999999999423 ) ) ;
#3250 = CIRCLE ( 'NONE', #8213, 0.1999999999999996503 ) ;
#3251 = ADVANCED_FACE ( 'NONE', ( #1298 ), #5383, .F. ) ;
#3252 =( NAMED_UNIT ( * ) PLANE_ANGLE_UNIT ( ) SI_UNIT ( $, .RADIAN. ) );
#3253 = LINE ( 'NONE', #6515, #7143 ) ;
#3254 =( LENGTH_UNIT ( ) NAMED_UNIT ( * ) SI_UNIT ( .MILLI., .METRE. ) );
#3255 = SURFACE_SIDE_STYLE ('',( #2637 ) ) ;
#3256 = ORIENTED_EDGE ( 'NONE', *, *, #756, .T. ) ;
#3257 = PRESENTATION_STYLE_ASSIGNMENT (( #7186 ) ) ;
#3258 = DIRECTION ( 'NONE',  ( 0.000000000000000000, 0.000000000000000000, -1.000000000000000000 ) ) ;
#3259 = VECTOR ( 'NONE', #1811, 1000.000000000000000 ) ;
#3260 = CIRCLE ( 'NONE', #5895, 0.1999999999999996503 ) ;
#3261 = SURFACE_STYLE_USAGE ( .BOTH. , #101 ) ;
#3262 = DIRECTION ( 'NONE',  ( -1.000000000000000000, 0.000000000000000000, -4.336808689942006692E-15 ) ) ;
#3263 = ORIENTED_EDGE ( 'NONE', *, *, #7526, .T. ) ;
#3264 = EDGE_CURVE ( 'NONE', #251, #2403, #2081, .T. ) ;
#3265 = VECTOR ( 'NONE', #2672, 1000.000000000000000 ) ;
#3266 = DIRECTION ( 'NONE',  ( -0.000000000000000000, -1.000000000000000000, 0.000000000000000000 ) ) ;
#3267 = EDGE_CURVE ( 'NONE', #3594, #3023, #7538, .T. ) ;
#3268 = ORIENTED_EDGE ( 'NONE', *, *, #4564, .T. ) ;
#3269 = PRESENTATION_STYLE_ASSIGNMENT (( #8808 ) ) ;
#3270 = EDGE_CURVE ( 'NONE', #8046, #4804, #2024, .T. ) ;
#3271 = FILL_AREA_STYLE ('',( #834 ) ) ;
#3272 = DIRECTION ( 'NONE',  ( 1.626303258728256059E-15, 0.000000000000000000, 1.000000000000000000 ) ) ;
#3273 = FILL_AREA_STYLE ('',( #9030 ) ) ;
#3274 = AXIS2_PLACEMENT_3D ( 'NONE', #2122, #4393, #7533 ) ;
#3275 =( NAMED_UNIT ( * ) PLANE_ANGLE_UNIT ( ) SI_UNIT ( $, .RADIAN. ) );
#3276 = VERTEX_POINT ( 'NONE', #5177 ) ;
#3277 = FILL_AREA_STYLE_COLOUR ( '', #3465 ) ;
#3278 = LINE ( 'NONE', #7874, #2802 ) ;
#3279 = VECTOR ( 'NONE', #2132, 1000.000000000000000 ) ;
#3280 = EDGE_LOOP ( 'NONE', ( #1218, #5347, #3208, #7276 ) ) ;
#3281 = CARTESIAN_POINT ( 'NONE',  ( 0.000000000000000000, 0.000000000000000000, -3.700000000000001066 ) ) ;
#3282 = DIRECTION ( 'NONE',  ( -0.000000000000000000, -1.000000000000000000, -0.000000000000000000 ) ) ;
#3283 = VERTEX_POINT ( 'NONE', #8378 ) ;
#3284 = LINE ( 'NONE', #3071, #380 ) ;
#3285 = PLANE ( 'NONE',  #6104 ) ;
#3286 = ORIENTED_EDGE ( 'NONE', *, *, #5374, .T. ) ;
#3287 = VERTEX_POINT ( 'NONE', #8491 ) ;
#3288 = DIRECTION ( 'NONE',  ( 0.000000000000000000, 0.000000000000000000, -1.000000000000000000 ) ) ;
#3289 = FILL_AREA_STYLE_COLOUR ( '', #7180 ) ;
#3290 = UNCERTAINTY_MEASURE_WITH_UNIT (LENGTH_MEASURE( 1.000000000000000082E-05 ), #6288, 'distance_accuracy_value', 'NONE');
#3291 = STYLED_ITEM ( 'NONE', ( #2313 ), #897 ) ;
#3292 =( NAMED_UNIT ( * ) PLANE_ANGLE_UNIT ( ) SI_UNIT ( $, .RADIAN. ) );
#3293 = LINE ( 'NONE', #6441, #2075 ) ;
#3294 = VERTEX_POINT ( 'NONE', #9122 ) ;
#3295 = DIRECTION ( 'NONE',  ( 0.000000000000000000, 0.000000000000000000, 1.000000000000000000 ) ) ;
#3296 = DIRECTION ( 'NONE',  ( 0.000000000000000000, 0.000000000000000000, -1.000000000000000000 ) ) ;
#3297 = EDGE_CURVE ( 'NONE', #3545, #2888, #1404, .T. ) ;
#3298 = STYLED_ITEM ( 'NONE', ( #6452 ), #2000 ) ;
#3299 = ORIENTED_EDGE ( 'NONE', *, *, #9137, .T. ) ;
#3300 = CARTESIAN_POINT ( 'NONE',  ( 4.396820589076218866, 2.028814561459465704, -4.631583005347355453 ) ) ;
#3301 = SURFACE_SIDE_STYLE ('',( #140 ) ) ;
#3302 = ORIENTED_EDGE ( 'NONE', *, *, #4184, .F. ) ;
#3303 = CARTESIAN_POINT ( 'NONE',  ( -4.299999999999998934, 2.100000000000000533, 4.549999999999998934 ) ) ;
#3304 = VERTEX_POINT ( 'NONE', #2950 ) ;
#3305 = DIRECTION ( 'NONE',  ( 1.626303258728256059E-15, 0.000000000000000000, 1.000000000000000000 ) ) ;
#3306 = PRESENTATION_LAYER_ASSIGNMENT (  '', '', ( #1320 ) ) ;
#3307 = ORIENTED_EDGE ( 'NONE', *, *, #6850, .T. ) ;
#3308 = DIRECTION ( 'NONE',  ( -1.000000000000000000, 0.000000000000000000, -4.336808689942006692E-15 ) ) ;
#3309 = CARTESIAN_POINT ( 'NONE',  ( 4.335883943217360148, 2.085287539139260016, -4.603875565893685184 ) ) ;
#3310 = SURFACE_STYLE_FILL_AREA ( #8697 ) ;
#3311 = PLANE ( 'NONE',  #554 ) ;
#3312 =( NAMED_UNIT ( * ) SI_UNIT ( $, .STERADIAN. ) SOLID_ANGLE_UNIT ( ) );
#3313 = MECHANICAL_DESIGN_GEOMETRIC_PRESENTATION_REPRESENTATION (  '', ( #484 ), #4302 ) ;
#3314 =( GEOMETRIC_REPRESENTATION_CONTEXT ( 3 ) GLOBAL_UNCERTAINTY_ASSIGNED_CONTEXT ( ( #6286 ) ) GLOBAL_UNIT_ASSIGNED_CONTEXT ( ( #191, #3353, #4479 ) ) REPRESENTATION_CONTEXT ( 'NONE', 'WORKASPACE' ) );
#3315 =( LENGTH_UNIT ( ) NAMED_UNIT ( * ) SI_UNIT ( .MILLI., .METRE. ) );
#3316 = PRESENTATION_LAYER_ASSIGNMENT (  '', '', ( #3138 ) ) ;
#3317 =( NAMED_UNIT ( * ) SI_UNIT ( $, .STERADIAN. ) SOLID_ANGLE_UNIT ( ) );
#3318 = FILL_AREA_STYLE ('',( #7076 ) ) ;
#3319 = EDGE_CURVE ( 'NONE', #2036, #8703, #9330, .T. ) ;
#3320 = ORIENTED_EDGE ( 'NONE', *, *, #7859, .T. ) ;
#3321 = ORIENTED_EDGE ( 'NONE', *, *, #8824, .F. ) ;
#3322 = SURFACE_STYLE_FILL_AREA ( #2593 ) ;
#3323 = EDGE_CURVE ( 'NONE', #493, #762, #2234, .T. ) ;
#3324 = EDGE_CURVE ( 'NONE', #9051, #150, #4448, .T. ) ;
#3325 = SURFACE_STYLE_USAGE ( .BOTH. , #157 ) ;
#3326 = PRESENTATION_LAYER_ASSIGNMENT (  '', '', ( #5297 ) ) ;
#3327 = CIRCLE ( 'NONE', #7588, 0.1999999999999996503 ) ;
#3328 = CARTESIAN_POINT ( 'NONE',  ( -3.849999999999996092, 0.7999999999999999334, -2.600000000000000533 ) ) ;
#3329 = EDGE_CURVE ( 'NONE', #859, #9684, #6098, .T. ) ;
#3330 = SURFACE_STYLE_FILL_AREA ( #7821 ) ;
#3331 = EDGE_LOOP ( 'NONE', ( #6705, #3781, #9260, #4807 ) ) ;
#3332 = CARTESIAN_POINT ( 'NONE',  ( -4.299999999999999822, 2.100000000000000089, 4.549999999999999822 ) ) ;
#3333 = DIRECTION ( 'NONE',  ( -0.000000000000000000, -1.000000000000000000, 0.000000000000000000 ) ) ;
#3334 = VECTOR ( 'NONE', #6363, 1000.000000000000000 ) ;
#3335 = ORIENTED_EDGE ( 'NONE', *, *, #8957, .F. ) ;
#3336 = VECTOR ( 'NONE', #6251, 1000.000000000000000 ) ;
#3337 = CARTESIAN_POINT ( 'NONE',  ( -4.850000000000000533, 0.000000000000000000, -4.400000000000001243 ) ) ;
#3338 = PLANE ( 'NONE',  #7544 ) ;
#3339 = SURFACE_STYLE_USAGE ( .BOTH. , #2705 ) ;
#3340 = FACE_OUTER_BOUND ( 'NONE', #2275, .T. ) ;
#3341 = VERTEX_POINT ( 'NONE', #8433 ) ;
#3342 = ORIENTED_EDGE ( 'NONE', *, *, #3267, .F. ) ;
#3343 = CARTESIAN_POINT ( 'NONE',  ( 4.400000000000003908, 0.7999999999999993783, 4.649929289321881321 ) ) ;
#3344 = FACE_OUTER_BOUND ( 'NONE', #544, .T. ) ;
#3345 = PLANE ( 'NONE',  #9060 ) ;
#3346 = CARTESIAN_POINT ( 'NONE',  ( -3.449999999999999289, 2.299999999999999822, -3.649999999999999467 ) ) ;
#3347 = FACE_OUTER_BOUND ( 'NONE', #1312, .T. ) ;
#3348 = DIRECTION ( 'NONE',  ( -4.336808689942006692E-15, 0.000000000000000000, -1.000000000000000000 ) ) ;
#3349 = ORIENTED_EDGE ( 'NONE', *, *, #9665, .F. ) ;
#3350 = CARTESIAN_POINT ( 'NONE',  ( -4.599999999999998757, 2.000000000000000888, 4.649929289321881321 ) ) ;
#3351 = EDGE_LOOP ( 'NONE', ( #9879, #5724, #8196, #7428 ) ) ;
#3352 = COLOUR_RGB ( '',0.000000000000000000, 0.5019607843137254832, 0.000000000000000000 ) ;
#3353 =( NAMED_UNIT ( * ) PLANE_ANGLE_UNIT ( ) SI_UNIT ( $, .RADIAN. ) );
#3354 = ORIENTED_EDGE ( 'NONE', *, *, #2559, .F. ) ;
#3355 =( NAMED_UNIT ( * ) PLANE_ANGLE_UNIT ( ) SI_UNIT ( $, .RADIAN. ) );
#3356 = VERTEX_POINT ( 'NONE', #3842 ) ;
#3357 = EDGE_CURVE ( 'NONE', #1126, #305, #7591, .T. ) ;
#3358 = CARTESIAN_POINT ( 'NONE',  ( -4.850000000000001421, 0.000000000000000000, -4.800000000000002487 ) ) ;
#3359 = CARTESIAN_POINT ( 'NONE',  ( 4.850000000000001421, 0.000000000000000000, 4.799999999999999822 ) ) ;
#3360 = DIRECTION ( 'NONE',  ( 0.000000000000000000, 0.000000000000000000, 1.000000000000000000 ) ) ;
#3361 = LINE ( 'NONE', #4867, #9831 ) ;
#3362 = AXIS2_PLACEMENT_3D ( 'NONE', #9783, #429, #1948 ) ;
#3363 = PLANE ( 'NONE',  #3516 ) ;
#3364 = ADVANCED_FACE ( 'NONE', ( #1453 ), #8544, .F. ) ;
#3365 = SURFACE_SIDE_STYLE ('',( #5114 ) ) ;
#3366 =( LENGTH_UNIT ( ) NAMED_UNIT ( * ) SI_UNIT ( .MILLI., .METRE. ) );
#3367 = ORIENTED_EDGE ( 'NONE', *, *, #9181, .F. ) ;
#3368 = EDGE_CURVE ( 'NONE', #4598, #5691, #9632, .T. ) ;
#3369 = LINE ( 'NONE', #6521, #2916 ) ;
#3370 = AXIS2_PLACEMENT_3D ( 'NONE', #1767, #5897, #9076 ) ;
#3371 = ORIENTED_EDGE ( 'NONE', *, *, #5087, .F. ) ;
#3372 = CARTESIAN_POINT ( 'NONE',  ( -4.850000000000001421, 0.000000000000000000, -2.900000000000000799 ) ) ;
#3373 = FACE_OUTER_BOUND ( 'NONE', #815, .T. ) ;
#3374 = STYLED_ITEM ( 'NONE', ( #4689 ), #8864 ) ;
#3375 = VECTOR ( 'NONE', #5995, 1000.000000000000000 ) ;
#3376 = PLANE ( 'NONE',  #8893 ) ;
#3377 = LINE ( 'NONE', #7346, #9847 ) ;
#3378 = PLANE ( 'NONE',  #2042 ) ;
#3379 = CARTESIAN_POINT ( 'NONE',  ( -3.849999999999950795, 0.8000000000000000444, -0.4000000000000019096 ) ) ;
#3380 = SURFACE_STYLE_FILL_AREA ( #8082 ) ;
#3381 = ADVANCED_FACE ( 'NONE', ( #5435 ), #2572, .T. ) ;
#3382 =( GEOMETRIC_REPRESENTATION_CONTEXT ( 3 ) GLOBAL_UNCERTAINTY_ASSIGNED_CONTEXT ( ( #2567 ) ) GLOBAL_UNIT_ASSIGNED_CONTEXT ( ( #5252, #4581, #7675 ) ) REPRESENTATION_CONTEXT ( 'NONE', 'WORKASPACE' ) );
#3383 = VERTEX_POINT ( 'NONE', #6548 ) ;
#3384 = FILL_AREA_STYLE ('',( #8138 ) ) ;
#3385 = FILL_AREA_STYLE ('',( #315 ) ) ;
#3386 = VECTOR ( 'NONE', #9501, 1000.000000000000000 ) ;
#3387 = LINE ( 'NONE', #7354, #3044 ) ;
#3388 = FILL_AREA_STYLE ('',( #317 ) ) ;
#3389 = ORIENTED_EDGE ( 'NONE', *, *, #1921, .F. ) ;
#3390 = ADVANCED_FACE ( 'NONE', ( #238 ), #1028, .T. ) ;
#3391 = ORIENTED_EDGE ( 'NONE', *, *, #4967, .T. ) ;
#3392 = DIRECTION ( 'NONE',  ( -1.000000000000000000, -0.000000000000000000, 0.000000000000000000 ) ) ;
#3393 = LINE ( 'NONE', #6540, #9349 ) ;
#3394 = UNCERTAINTY_MEASURE_WITH_UNIT (LENGTH_MEASURE( 1.000000000000000082E-05 ), #3366, 'distance_accuracy_value', 'NONE');
#3395 = FACE_OUTER_BOUND ( 'NONE', #3248, .T. ) ;
#3396 = COLOUR_RGB ( '',0.000000000000000000, 0.5019607843137254832, 0.000000000000000000 ) ;
#3397 = PLANE ( 'NONE',  #5770 ) ;
#3398 = CARTESIAN_POINT ( 'NONE',  ( 0.000000000000000000, 0.8000000000000000444, -0.4000000000000010214 ) ) ;
#3399 = CARTESIAN_POINT ( 'NONE',  ( 3.850000000000030287, 0.000000000000000000, 0.6999999999999992895 ) ) ;
#3400 = EDGE_LOOP ( 'NONE', ( #1791, #4872, #6032, #8737 ) ) ;
#3401 = DIRECTION ( 'NONE',  ( 0.000000000000000000, -1.000000000000000000, 0.000000000000000000 ) ) ;
#3402 = CARTESIAN_POINT ( 'NONE',  ( -3.849999999999918376, 0.8000000000000000444, -2.900000000000001688 ) ) ;
#3403 = ORIENTED_EDGE ( 'NONE', *, *, #813, .T. ) ;
#3404 = SURFACE_STYLE_USAGE ( .BOTH. , #6602 ) ;
#3405 = UNCERTAINTY_MEASURE_WITH_UNIT (LENGTH_MEASURE( 1.000000000000000082E-05 ), #206, 'distance_accuracy_value', 'NONE');
#3406 = CARTESIAN_POINT ( 'NONE',  ( 4.456595997628985728, 2.267668071082945325, -4.583309763107296320 ) ) ;
#3407 = VERTEX_POINT ( 'NONE', #8004 ) ;
#3408 = DIRECTION ( 'NONE',  ( 1.000000000000000000, 0.000000000000000000, 0.000000000000000000 ) ) ;
#3409 = CARTESIAN_POINT ( 'NONE',  ( 4.392771119259119672, 2.011251983595060633, -4.649999999999999467 ) ) ;
#3410 = STYLED_ITEM ( 'NONE', ( #2154 ), #7207 ) ;
#3411 = CARTESIAN_POINT ( 'NONE',  ( -4.849999999999926814, 0.8000000000000000444, -2.900000000000001688 ) ) ;
#3412 = ADVANCED_FACE ( 'NONE', ( #139 ), #4800, .T. ) ;
#3413 = SURFACE_STYLE_FILL_AREA ( #248 ) ;
#3414 = SURFACE_SIDE_STYLE ('',( #250 ) ) ;
#3415 = ORIENTED_EDGE ( 'NONE', *, *, #1475, .F. ) ;
#3416 = DIRECTION ( 'NONE',  ( 0.000000000000000000, 0.000000000000000000, 1.000000000000000000 ) ) ;
#3417 = ORIENTED_EDGE ( 'NONE', *, *, #4948, .F. ) ;
#3418 = PRESENTATION_LAYER_ASSIGNMENT (  '', '', ( #7214 ) ) ;
#3419 = LINE ( 'NONE', #886, #2230 ) ;
#3420 = CARTESIAN_POINT ( 'NONE',  ( 3.849999999999996092, 2.080624847486572282, -4.800000000000001599 ) ) ;
#3421 = VECTOR ( 'NONE', #5924, 1000.000000000000000 ) ;
#3422 = DIRECTION ( 'NONE',  ( 0.000000000000000000, -1.000000000000000000, -0.000000000000000000 ) ) ;
#3423 = EDGE_CURVE ( 'NONE', #5926, #941, #37, .T. ) ;
#3424 = VECTOR ( 'NONE', #5465, 1000.000000000000000 ) ;
#3425 = CARTESIAN_POINT ( 'NONE',  ( -3.849999999999996092, 2.080624847486572282, 2.899999999999999023 ) ) ;
#3426 = FACE_OUTER_BOUND ( 'NONE', #2356, .T. ) ;
#3427 = LINE ( 'NONE', #7486, #6765 ) ;
#3428 = EDGE_LOOP ( 'NONE', ( #6129, #9523, #2805, #1781 ) ) ;
#3429 =( GEOMETRIC_REPRESENTATION_CONTEXT ( 3 ) GLOBAL_UNCERTAINTY_ASSIGNED_CONTEXT ( ( #5865 ) ) GLOBAL_UNIT_ASSIGNED_CONTEXT ( ( #7891, #9308, #9418 ) ) REPRESENTATION_CONTEXT ( 'NONE', 'WORKASPACE' ) );
#3430 = CARTESIAN_POINT ( 'NONE',  ( 4.399929289321881321, 2.000000000000001776, -4.850000000000000533 ) ) ;
#3431 =( NAMED_UNIT ( * ) SI_UNIT ( $, .STERADIAN. ) SOLID_ANGLE_UNIT ( ) );
#3432 = PLANE ( 'NONE',  #1156 ) ;
#3433 = ORIENTED_EDGE ( 'NONE', *, *, #8120, .T. ) ;
#3434 = EDGE_CURVE ( 'NONE', #7253, #6863, #7809, .T. ) ;
#3435 = ORIENTED_EDGE ( 'NONE', *, *, #6885, .T. ) ;
#3436 = CARTESIAN_POINT ( 'NONE',  ( 4.849999999999997868, 0.000000000000000000, -3.300000000000000711 ) ) ;
#3437 = CARTESIAN_POINT ( 'NONE',  ( -4.314297578979999770, 2.100000000000000089, -4.559095685303836021 ) ) ;
#3438 =( NAMED_UNIT ( * ) PLANE_ANGLE_UNIT ( ) SI_UNIT ( $, .RADIAN. ) );
#3439 = EDGE_CURVE ( 'NONE', #205, #7914, #4236, .T. ) ;
#3440 = DIRECTION ( 'NONE',  ( -0.000000000000000000, 1.000000000000000000, -0.000000000000000000 ) ) ;
#3441 = CARTESIAN_POINT ( 'NONE',  ( -3.849999999999997424, 0.000000000000000000, -1.800000000000000711 ) ) ;
#3442 = VECTOR ( 'NONE', #5517, 1000.000000000000000 ) ;
#3443 = DIRECTION ( 'NONE',  ( -4.336808689942006692E-15, 0.000000000000000000, -1.000000000000000000 ) ) ;
#3444 = DIRECTION ( 'NONE',  ( -0.000000000000000000, -0.000000000000000000, -1.000000000000000000 ) ) ;
#3445 = EDGE_CURVE ( 'NONE', #2403, #5317, #2280, .T. ) ;
#3446 = VERTEX_POINT ( 'NONE', #8596 ) ;
#3447 = VERTEX_POINT ( 'NONE', #288 ) ;
#3448 = PLANE ( 'NONE',  #3362 ) ;
#3449 = MECHANICAL_DESIGN_GEOMETRIC_PRESENTATION_REPRESENTATION (  '', ( #640 ), #5104 ) ;
#3450 = EDGE_LOOP ( 'NONE', ( #8426, #4679, #7562, #2039 ) ) ;
#3451 = FILL_AREA_STYLE ('',( #7325 ) ) ;
#3452 = LINE ( 'NONE', #8305, #4095 ) ;
#3453 = ORIENTED_EDGE ( 'NONE', *, *, #6220, .T. ) ;
#3454 = FACE_OUTER_BOUND ( 'NONE', #658, .T. ) ;
#3455 = CLOSED_SHELL ( 'NONE', ( #10122, #4465, #3679, #7736, #6327, #425, #3028, #4452 ) ) ;
#3456 = DIRECTION ( 'NONE',  ( 0.000000000000000000, 0.000000000000000000, 1.000000000000000000 ) ) ;
#3457 = DIRECTION ( 'NONE',  ( -0.000000000000000000, 1.000000000000000000, -3.336006684570780538E-15 ) ) ;
#3458 = AXIS2_PLACEMENT_3D ( 'NONE', #8389, #2087, #4617 ) ;
#3459 = FACE_OUTER_BOUND ( 'NONE', #8636, .T. ) ;
#3460 = DIRECTION ( 'NONE',  ( -1.000000000000000000, 0.000000000000000000, -0.000000000000000000 ) ) ;
#3461 = DIRECTION ( 'NONE',  ( 1.626303258728256257E-15, 0.000000000000000000, 1.000000000000000000 ) ) ;
#3462 = LINE ( 'NONE', #5934, #6951 ) ;
#3463 = ORIENTED_EDGE ( 'NONE', *, *, #6085, .T. ) ;
#3464 = LINE ( 'NONE', #9797, #5228 ) ;
#3465 = COLOUR_RGB ( '',1.000000000000000000, 0.8117647058823529438, 0.5019607843137254832 ) ;
#3466 = VECTOR ( 'NONE', #7997, 1000.000000000000000 ) ;
#3467 = ORIENTED_EDGE ( 'NONE', *, *, #8759, .T. ) ;
#3468 = CARTESIAN_POINT ( 'NONE',  ( 4.399929289321881321, 2.000000000000000888, 4.649999999999999467 ) ) ;
#3469 = COLOUR_RGB ( '',0.000000000000000000, 0.5019607843137254832, 0.000000000000000000 ) ;
#3470 = FACE_OUTER_BOUND ( 'NONE', #2451, .T. ) ;
#3471 = VECTOR ( 'NONE', #6980, 1000.000000000000000 ) ;
#3472 = CARTESIAN_POINT ( 'NONE',  ( 4.849999999999997868, 0.7999999999999999334, -0.4000000000000010214 ) ) ;
#3473 = CARTESIAN_POINT ( 'NONE',  ( 4.850000000000001421, 0.7999999999999999334, -0.7000000000000009548 ) ) ;
#3474 = LINE ( 'NONE', #9125, #4966 ) ;
#3475 = CARTESIAN_POINT ( 'NONE',  ( 4.850000000000023626, 0.8000000000000000444, 1.799999999999999600 ) ) ;
#3476 = AXIS2_PLACEMENT_3D ( 'NONE', #842, #55, #5702 ) ;
#3477 =( NAMED_UNIT ( * ) PLANE_ANGLE_UNIT ( ) SI_UNIT ( $, .RADIAN. ) );
#3478 = AXIS2_PLACEMENT_3D ( 'NONE', #9007, #5160, #5109 ) ;
#3479 = EDGE_CURVE ( 'NONE', #6485, #4457, #7274, .T. ) ;
#3480 = CARTESIAN_POINT ( 'NONE',  ( -4.850000000000000533, 0.000000000000000000, -4.600000000000000533 ) ) ;
#3481 = DIRECTION ( 'NONE',  ( 0.000000000000000000, -1.000000000000000000, -0.000000000000000000 ) ) ;
#3482 = MECHANICAL_DESIGN_GEOMETRIC_PRESENTATION_REPRESENTATION (  '', ( #4297 ), #10105 ) ;
#3483 = EDGE_LOOP ( 'NONE', ( #4462, #3748, #9782, #9218 ) ) ;
#3484 = LINE ( 'NONE', #6269, #2372 ) ;
#3485 = CARTESIAN_POINT ( 'NONE',  ( 3.849999999999997424, 2.080624847486572282, 4.799999999999999822 ) ) ;
#3486 = EDGE_CURVE ( 'NONE', #17, #4475, #4027, .T. ) ;
#3487 = EDGE_CURVE ( 'NONE', #2455, #9115, #277, .T. ) ;
#3488 = UNCERTAINTY_MEASURE_WITH_UNIT (LENGTH_MEASURE( 1.000000000000000082E-05 ), #2828, 'distance_accuracy_value', 'NONE');
#3489 = CYLINDRICAL_SURFACE ( 'NONE', #3718, 0.1999999999999996503 ) ;
#3490 = LINE ( 'NONE', #5917, #1315 ) ;
#3491 = VECTOR ( 'NONE', #4712, 1000.000000000000000 ) ;
#3492 = CARTESIAN_POINT ( 'NONE',  ( 4.850000000000000533, 0.000000000000000000, 1.099999999999999423 ) ) ;
#3493 = SURFACE_STYLE_FILL_AREA ( #1898 ) ;
#3494 = EDGE_CURVE ( 'NONE', #1240, #9978, #9385, .T. ) ;
#3495 = ORIENTED_EDGE ( 'NONE', *, *, #4089, .F. ) ;
#3496 = ORIENTED_EDGE ( 'NONE', *, *, #7928, .F. ) ;
#3497 =( GEOMETRIC_REPRESENTATION_CONTEXT ( 3 ) GLOBAL_UNCERTAINTY_ASSIGNED_CONTEXT ( ( #5876 ) ) GLOBAL_UNIT_ASSIGNED_CONTEXT ( ( #9338, #10106, #576 ) ) REPRESENTATION_CONTEXT ( 'NONE', 'WORKASPACE' ) );
#3498 = ORIENTED_EDGE ( 'NONE', *, *, #487, .F. ) ;
#3499 = EDGE_CURVE ( 'NONE', #2192, #6711, #3242, .T. ) ;
#3500 = SURFACE_STYLE_USAGE ( .BOTH. , #4285 ) ;
#3501 = UNCERTAINTY_MEASURE_WITH_UNIT (LENGTH_MEASURE( 1.000000000000000082E-05 ), #4101, 'distance_accuracy_value', 'NONE');
#3502 = EDGE_CURVE ( 'NONE', #3276, #68, #5057, .T. ) ;
#3503 = ORIENTED_EDGE ( 'NONE', *, *, #2148, .T. ) ;
#3504 = PRESENTATION_STYLE_ASSIGNMENT (( #9926 ) ) ;
#3505 = CARTESIAN_POINT ( 'NONE',  ( -3.849999999999997424, 2.080624847486572282, 2.600000000000000533 ) ) ;
#3506 =( NAMED_UNIT ( * ) SI_UNIT ( $, .STERADIAN. ) SOLID_ANGLE_UNIT ( ) );
#3507 = PRESENTATION_LAYER_ASSIGNMENT (  '', '', ( #1364 ) ) ;
#3508 = PRESENTATION_STYLE_ASSIGNMENT (( #5733 ) ) ;
#3509 = ORIENTED_EDGE ( 'NONE', *, *, #5323, .F. ) ;
#3510 = LINE ( 'NONE', #4920, #519 ) ;
#3511 = CARTESIAN_POINT ( 'NONE',  ( -4.850000000000001421, 0.8000000000000000444, 5.049999999999999822 ) ) ;
#3512 = ORIENTED_EDGE ( 'NONE', *, *, #3669, .T. ) ;
#3513 = CARTESIAN_POINT ( 'NONE',  ( 3.849999999999996536, 0.000000000000000000, -0.4000000000000010214 ) ) ;
#3514 = VECTOR ( 'NONE', #6243, 1000.000000000000000 ) ;
#3515 = VERTEX_POINT ( 'NONE', #5203 ) ;
#3516 = AXIS2_PLACEMENT_3D ( 'NONE', #1039, #8216, #2734 ) ;
#3517 = DIRECTION ( 'NONE',  ( 0.000000000000000000, 1.000000000000000000, 0.000000000000000000 ) ) ;
#3518 = FACE_OUTER_BOUND ( 'NONE', #4532, .T. ) ;
#3519 = AXIS2_PLACEMENT_3D ( 'NONE', #3060, #3004, #1413 ) ;
#3520 = DIRECTION ( 'NONE',  ( 1.626303258728256257E-15, 0.000000000000000000, -1.000000000000000000 ) ) ;
#3521 = CARTESIAN_POINT ( 'NONE',  ( -2.699999999999999289, 0.7999999999999990452, -4.650000000000002132 ) ) ;
#3522 = AXIS2_PLACEMENT_3D ( 'NONE', #5759, #8937, #8047 ) ;
#3523 = CARTESIAN_POINT ( 'NONE',  ( -4.850000000000000533, 0.000000000000000000, 1.099999999999999423 ) ) ;
#3524 = COLOUR_RGB ( '',0.000000000000000000, 0.5019607843137254832, 0.000000000000000000 ) ;
#3525 = CARTESIAN_POINT ( 'NONE',  ( 4.850000000000001421, 2.080624847486572282, 2.600000000000000533 ) ) ;
#3526 = CARTESIAN_POINT ( 'NONE',  ( -4.600000000000005862, 1.604392701679423663E-14, 4.649929289321881321 ) ) ;
#3527 = VECTOR ( 'NONE', #8993, 1000.000000000000000 ) ;
#3528 = AXIS2_PLACEMENT_3D ( 'NONE', #2430, #1701, #7964 ) ;
#3529 = VERTEX_POINT ( 'NONE', #9875 ) ;
#3530 = EDGE_CURVE ( 'NONE', #5757, #2661, #8998, .T. ) ;
#3531 = DIRECTION ( 'NONE',  ( 1.626303258728256257E-15, 0.000000000000000000, 1.000000000000000000 ) ) ;
#3532 = CARTESIAN_POINT ( 'NONE',  ( -2.699999999999999289, 0.2000000000000324019, -4.850000000000004974 ) ) ;
#3533 = ADVANCED_FACE ( 'NONE', ( #6796 ), #8403, .T. ) ;
#3534 = DIRECTION ( 'NONE',  ( 0.000000000000000000, 0.000000000000000000, -1.000000000000000000 ) ) ;
#3535 = ORIENTED_EDGE ( 'NONE', *, *, #3065, .T. ) ;
#3536 = CARTESIAN_POINT ( 'NONE',  ( -4.850000000000000533, 0.000000000000000000, -2.200000000000000622 ) ) ;
#3537 = CARTESIAN_POINT ( 'NONE',  ( 4.850000000000000533, 0.8000000000000000444, 4.799999999999999822 ) ) ;
#3538 = STYLED_ITEM ( 'NONE', ( #50 ), #9726 ) ;
#3539 = PRESENTATION_LAYER_ASSIGNMENT (  '', '', ( #8506 ) ) ;
#3540 = VECTOR ( 'NONE', #4316, 1000.000000000000000 ) ;
#3541 = DIRECTION ( 'NONE',  ( 0.000000000000000000, 1.000000000000000000, 0.000000000000000000 ) ) ;
#3542 = EDGE_CURVE ( 'NONE', #3119, #4142, #9919, .T. ) ;
#3543 = CARTESIAN_POINT ( 'NONE',  ( 4.850000000000000533, 0.000000000000000000, -4.200000000000001066 ) ) ;
#3544 = ORIENTED_EDGE ( 'NONE', *, *, #3736, .T. ) ;
#3545 = VERTEX_POINT ( 'NONE', #2872 ) ;
#3546 = DIRECTION ( 'NONE',  ( 1.000000000000000000, 0.000000000000000000, 0.000000000000000000 ) ) ;
#3547 = EDGE_LOOP ( 'NONE', ( #3535, #7215, #9842, #2958 ) ) ;
#3548 = CLOSED_SHELL ( 'NONE', ( #1573, #127, #2931, #586, #967, #6577, #3251, #5656 ) ) ;
#3549 = AXIS2_PLACEMENT_3D ( 'NONE', #7247, #9602, #9753 ) ;
#3550 = AXIS2_PLACEMENT_3D ( 'NONE', #3523, #6672, #9858 ) ;
#3551 = CARTESIAN_POINT ( 'NONE',  ( 4.849999999999998757, 0.7999999999999999334, 3.099999999999999645 ) ) ;
#3552 = CARTESIAN_POINT ( 'NONE',  ( 4.387420392015691561, 2.051144252825626513, 4.616619526214588376 ) ) ;
#3553 = PLANE ( 'NONE',  #225 ) ;
#3554 = VERTEX_POINT ( 'NONE', #2103 ) ;
#3555 = LINE ( 'NONE', #6697, #8949 ) ;
#3556 = PRESENTATION_STYLE_ASSIGNMENT (( #3659 ) ) ;
#3557 =( NAMED_UNIT ( * ) PLANE_ANGLE_UNIT ( ) SI_UNIT ( $, .RADIAN. ) );
#3558 = SURFACE_STYLE_USAGE ( .BOTH. , #5930 ) ;
#3559 =( NAMED_UNIT ( * ) PLANE_ANGLE_UNIT ( ) SI_UNIT ( $, .RADIAN. ) );
#3560 = ORIENTED_EDGE ( 'NONE', *, *, #9403, .T. ) ;
#3561 = SURFACE_STYLE_USAGE ( .BOTH. , #4601 ) ;
#3562 = EDGE_LOOP ( 'NONE', ( #948, #1468, #9888, #5417 ) ) ;
#3563 = ADVANCED_FACE ( 'NONE', ( #2676 ), #7416, .F. ) ;
#3564 = CARTESIAN_POINT ( 'NONE',  ( -4.299999999999999822, 2.299999999999999822, -4.549999999999998934 ) ) ;
#3565 = EDGE_CURVE ( 'NONE', #8220, #5691, #5103, .T. ) ;
#3566 = ORIENTED_EDGE ( 'NONE', *, *, #9601, .F. ) ;
#3567 = MECHANICAL_DESIGN_GEOMETRIC_PRESENTATION_REPRESENTATION (  '', ( #6207 ), #4242 ) ;
#3568 = PRESENTATION_STYLE_ASSIGNMENT (( #9272 ) ) ;
#3569 = CARTESIAN_POINT ( 'NONE',  ( -2.549999999999999378, 0.8000000000000000444, -4.650000000000000355 ) ) ;
#3570 = FACE_OUTER_BOUND ( 'NONE', #8476, .T. ) ;
#3571 = DIRECTION ( 'NONE',  ( 1.000000000000000000, 3.336006684570780538E-15, -0.000000000000000000 ) ) ;
#3572 = DIRECTION ( 'NONE',  ( 1.000000000000000000, 0.000000000000000000, 0.000000000000000000 ) ) ;
#3573 = EDGE_CURVE ( 'NONE', #8519, #8091, #7509, .T. ) ;
#3574 = PLANE ( 'NONE',  #8930 ) ;
#3575 =( GEOMETRIC_REPRESENTATION_CONTEXT ( 3 ) GLOBAL_UNCERTAINTY_ASSIGNED_CONTEXT ( ( #8050 ) ) GLOBAL_UNIT_ASSIGNED_CONTEXT ( ( #4654, #10093, #2224 ) ) REPRESENTATION_CONTEXT ( 'NONE', 'WORKASPACE' ) );
#3576 = DIRECTION ( 'NONE',  ( 0.000000000000000000, 0.000000000000000000, 1.000000000000000000 ) ) ;
#3577 = CARTESIAN_POINT ( 'NONE',  ( 3.849999999999996092, 0.8000000000000000444, 3.999999999999999112 ) ) ;
#3578 = DIRECTION ( 'NONE',  ( 0.000000000000000000, 1.000000000000000000, 5.782411586589358033E-15 ) ) ;
#3579 = ORIENTED_EDGE ( 'NONE', *, *, #3993, .F. ) ;
#3580 = FACE_OUTER_BOUND ( 'NONE', #8568, .T. ) ;
#3581 = COLOUR_RGB ( '',0.000000000000000000, 0.5019607843137254832, 0.000000000000000000 ) ;
#3582 = FILL_AREA_STYLE_COLOUR ( '', #8247 ) ;
#3583 = ORIENTED_EDGE ( 'NONE', *, *, #6566, .T. ) ;
#3584 = SURFACE_STYLE_FILL_AREA ( #6784 ) ;
#3585 = DIRECTION ( 'NONE',  ( -0.000000000000000000, 0.000000000000000000, -1.000000000000000000 ) ) ;
#3586 = ORIENTED_EDGE ( 'NONE', *, *, #5088, .T. ) ;
#3587 = UNCERTAINTY_MEASURE_WITH_UNIT (LENGTH_MEASURE( 1.000000000000000082E-05 ), #10111, 'distance_accuracy_value', 'NONE');
#3588 = DIRECTION ( 'NONE',  ( -1.000000000000000000, 0.000000000000000000, -0.000000000000000000 ) ) ;
#3589 = MECHANICAL_DESIGN_GEOMETRIC_PRESENTATION_REPRESENTATION (  '', ( #9395 ), #3429 ) ;
#3590 = DIRECTION ( 'NONE',  ( 0.000000000000000000, -0.000000000000000000, -1.000000000000000000 ) ) ;
#3591 = CARTESIAN_POINT ( 'NONE',  ( -4.850000000000000533, 0.8000000000000000444, -3.299999999999999822 ) ) ;
#3592 = CARTESIAN_POINT ( 'NONE',  ( -4.299999999999998934, 2.302000000000000046, -4.549999999999998934 ) ) ;
#3593 = ORIENTED_EDGE ( 'NONE', *, *, #5321, .F. ) ;
#3594 = VERTEX_POINT ( 'NONE', #8257 ) ;
#3595 = VECTOR ( 'NONE', #6093, 1000.000000000000000 ) ;
#3596 = DIRECTION ( 'NONE',  ( -0.000000000000000000, -0.000000000000000000, -1.000000000000000000 ) ) ;
#3597 = VERTEX_POINT ( 'NONE', #6644 ) ;
#3598 = CARTESIAN_POINT ( 'NONE',  ( -4.399929289321881321, 0.7999999999999998224, -4.850000000000002309 ) ) ;
#3599 = UNCERTAINTY_MEASURE_WITH_UNIT (LENGTH_MEASURE( 1.000000000000000082E-05 ), #3254, 'distance_accuracy_value', 'NONE');
#3600 = CARTESIAN_POINT ( 'NONE',  ( 4.299999999999998934, 2.299999999999999822, 4.649929289321881321 ) ) ;
#3601 = SURFACE_STYLE_FILL_AREA ( #5925 ) ;
#3602 = EDGE_LOOP ( 'NONE', ( #5658, #1538, #9406, #536 ) ) ;
#3603 = DIRECTION ( 'NONE',  ( -3.336006684570780538E-15, 1.000000000000000000, 0.000000000000000000 ) ) ;
#3604 = CYLINDRICAL_SURFACE ( 'NONE', #5828, 0.1499999999999999667 ) ;
#3605 = EDGE_CURVE ( 'NONE', #4421, #9932, #2721, .T. ) ;
#3606 = PLANE ( 'NONE',  #8939 ) ;
#3607 = ORIENTED_EDGE ( 'NONE', *, *, #156, .F. ) ;
#3608 = CARTESIAN_POINT ( 'NONE',  ( 4.299999999999998934, 2.097979999999999734, -4.549999999999998934 ) ) ;
#3609 = CARTESIAN_POINT ( 'NONE',  ( 4.850000000000001421, 0.7999999999999999334, 3.699999999999999289 ) ) ;
#3610 = ORIENTED_EDGE ( 'NONE', *, *, #9596, .T. ) ;
#3611 = CARTESIAN_POINT ( 'NONE',  ( -4.399929289321881321, 2.000000000000002220, -4.851999999999999424 ) ) ;
#3612 = ORIENTED_EDGE ( 'NONE', *, *, #8042, .T. ) ;
#3613 = STYLED_ITEM ( 'NONE', ( #865 ), #1964 ) ;
#3614 = SURFACE_SIDE_STYLE ('',( #9893 ) ) ;
#3615 = CARTESIAN_POINT ( 'NONE',  ( 4.299999999999999822, 2.100000000000000089, 4.549999999999999822 ) ) ;
#3616 = LINE ( 'NONE', #9029, #5735 ) ;
#3617 = LINE ( 'NONE', #1141, #8666 ) ;
#3618 = EDGE_CURVE ( 'NONE', #3990, #4407, #8300, .T. ) ;
#3619 = DIRECTION ( 'NONE',  ( 0.000000000000000000, 0.000000000000000000, 1.000000000000000000 ) ) ;
#3620 = CARTESIAN_POINT ( 'NONE',  ( 3.850000000000020517, 0.000000000000000000, 2.600000000000000533 ) ) ;
#3621 = VECTOR ( 'NONE', #3747, 1000.000000000000000 ) ;
#3622 = CARTESIAN_POINT ( 'NONE',  ( 4.333370007714941963, 2.267488058945591245, 4.706818344548027611 ) ) ;
#3623 = VECTOR ( 'NONE', #5196, 1000.000000000000000 ) ;
#3624 = CARTESIAN_POINT ( 'NONE',  ( -4.850000000000000533, 0.000000000000000000, -1.100000000000001199 ) ) ;
#3625 = EDGE_CURVE ( 'NONE', #684, #6834, #2052, .T. ) ;
#3626 = DIRECTION ( 'NONE',  ( 1.000000000000000000, 0.000000000000000000, -0.000000000000000000 ) ) ;
#3627 = STYLED_ITEM ( 'NONE', ( #6647 ), #7067 ) ;
#3628 = VECTOR ( 'NONE', #8486, 1000.000000000000000 ) ;
#3629 = AXIS2_PLACEMENT_3D ( 'NONE', #1053, #6627, #8190 ) ;
#3630 = LINE ( 'NONE', #4352, #7726 ) ;
#3631 = ORIENTED_EDGE ( 'NONE', *, *, #6218, .T. ) ;
#3632 = CARTESIAN_POINT ( 'NONE',  ( 3.849999999999997424, 0.000000000000000000, 4.799999999999999822 ) ) ;
#3633 = DIRECTION ( 'NONE',  ( 0.000000000000000000, -1.000000000000000000, 0.000000000000000000 ) ) ;
#3634 = DIRECTION ( 'NONE',  ( 0.000000000000000000, -1.000000000000000000, 3.491481338843133355E-15 ) ) ;
#3635 = SURFACE_SIDE_STYLE ('',( #4517 ) ) ;
#3636 = EDGE_LOOP ( 'NONE', ( #9990, #5343, #2061, #4388 ) ) ;
#3637 = LINE ( 'NONE', #4359, #4032 ) ;
#3638 = PRESENTATION_LAYER_ASSIGNMENT (  '', '', ( #7267 ) ) ;
#3639 = AXIS2_PLACEMENT_3D ( 'NONE', #6322, #6430, #2550 ) ;
#3640 =( GEOMETRIC_REPRESENTATION_CONTEXT ( 3 ) GLOBAL_UNCERTAINTY_ASSIGNED_CONTEXT ( ( #9302 ) ) GLOBAL_UNIT_ASSIGNED_CONTEXT ( ( #5385, #9228, #1601 ) ) REPRESENTATION_CONTEXT ( 'NONE', 'WORKASPACE' ) );
#3641 = CARTESIAN_POINT ( 'NONE',  ( -4.849999999999999645, 0.8000000000000000444, 3.999999999999998224 ) ) ;
#3642 = VERTEX_POINT ( 'NONE', #7616 ) ;
#3643 = LINE ( 'NONE', #5966, #1070 ) ;
#3644 = DIRECTION ( 'NONE',  ( 1.000000000000000000, 0.000000000000000000, 0.000000000000000000 ) ) ;
#3645 = CARTESIAN_POINT ( 'NONE',  ( 4.850000000000000533, 0.7999999999999999334, -2.000000000000000888 ) ) ;
#3646 = PRESENTATION_LAYER_ASSIGNMENT (  '', '', ( #7437 ) ) ;
#3647 = CARTESIAN_POINT ( 'NONE',  ( 4.850000000000000533, 0.000000000000000000, -2.200000000000000622 ) ) ;
#3648 =( GEOMETRIC_REPRESENTATION_CONTEXT ( 3 ) GLOBAL_UNCERTAINTY_ASSIGNED_CONTEXT ( ( #8245 ) ) GLOBAL_UNIT_ASSIGNED_CONTEXT ( ( #7890, #602, #704 ) ) REPRESENTATION_CONTEXT ( 'NONE', 'WORKASPACE' ) );
#3649 = ORIENTED_EDGE ( 'NONE', *, *, #5882, .F. ) ;
#3650 = ORIENTED_EDGE ( 'NONE', *, *, #4590, .F. ) ;
#3651 = ORIENTED_EDGE ( 'NONE', *, *, #19, .T. ) ;
#3652 = DIRECTION ( 'NONE',  ( -0.000000000000000000, 1.000000000000000000, -0.000000000000000000 ) ) ;
#3653 = DIRECTION ( 'NONE',  ( 1.000000000000000000, 0.000000000000000000, 0.000000000000000000 ) ) ;
#3654 = AXIS2_PLACEMENT_3D ( 'NONE', #9585, #1037, #3360 ) ;
#3655 = ADVANCED_FACE ( 'NONE', ( #9050 ), #3448, .T. ) ;
#3656 =( NAMED_UNIT ( * ) SI_UNIT ( $, .STERADIAN. ) SOLID_ANGLE_UNIT ( ) );
#3657 = VERTEX_POINT ( 'NONE', #4586 ) ;
#3658 = CARTESIAN_POINT ( 'NONE',  ( -3.449999999999999289, 2.200000000000000178, -4.049999999999999822 ) ) ;
#3659 = SURFACE_STYLE_USAGE ( .BOTH. , #1281 ) ;
#3660 = FILL_AREA_STYLE ('',( #2932 ) ) ;
#3661 = ADVANCED_FACE ( 'NONE', ( #9409 ), #9358, .F. ) ;
#3662 = DIRECTION ( 'NONE',  ( 0.000000000000000000, -0.000000000000000000, -1.000000000000000000 ) ) ;
#3663 = VERTEX_POINT ( 'NONE', #8622 ) ;
#3664 = CARTESIAN_POINT ( 'NONE',  ( 3.849999999999996536, 0.000000000000000000, 2.899999999999998579 ) ) ;
#3665 = ORIENTED_EDGE ( 'NONE', *, *, #5842, .F. ) ;
#3666 = CARTESIAN_POINT ( 'NONE',  ( 4.399929289321881321, 2.000000000000002220, -4.851999999999999424 ) ) ;
#3667 = LINE ( 'NONE', #6812, #10237 ) ;
#3668 = VERTEX_POINT ( 'NONE', #1576 ) ;
#3669 = EDGE_CURVE ( 'NONE', #7062, #3977, #5410, .T. ) ;
#3670 = PRESENTATION_LAYER_ASSIGNMENT (  '', '', ( #8132 ) ) ;
#3671 = CARTESIAN_POINT ( 'NONE',  ( 4.850000000000000533, 0.000000000000000000, -8.673617379884035472E-16 ) ) ;
#3672 = EDGE_LOOP ( 'NONE', ( #2720, #3593, #4893, #5575, #851, #6941 ) ) ;
#3673 = CARTESIAN_POINT ( 'NONE',  ( 4.849999999999997868, 0.7999999999999999334, -1.500000000000001332 ) ) ;
#3674 = CARTESIAN_POINT ( 'NONE',  ( -3.849999999999996092, 2.080624847486572282, 2.899999999999999023 ) ) ;
#3675 = PLANE ( 'NONE',  #2338 ) ;
#3676 = EDGE_CURVE ( 'NONE', #2757, #684, #3914, .T. ) ;
#3677 = SURFACE_SIDE_STYLE ('',( #5176 ) ) ;
#3678 = CARTESIAN_POINT ( 'NONE',  ( 2.399999999999999467, 0.2000000000000000389, 4.650000000000006573 ) ) ;
#3679 = ADVANCED_FACE ( 'NONE', ( #7679 ), #3075, .F. ) ;
#3680 = CARTESIAN_POINT ( 'NONE',  ( -3.849999999999985434, 0.000000000000000000, 2.899999999999998135 ) ) ;
#3681 = PLANE ( 'NONE',  #10248 ) ;
#3682 = PRESENTATION_STYLE_ASSIGNMENT (( #10104 ) ) ;
#3683 = COLOUR_RGB ( '',0.000000000000000000, 0.5019607843137254832, 0.000000000000000000 ) ;
#3684 = LINE ( 'NONE', #4401, #4548 ) ;
#3685 = VECTOR ( 'NONE', #4327, 1000.000000000000000 ) ;
#3686 = AXIS2_PLACEMENT_3D ( 'NONE', #9529, #95, #2582 ) ;
#3687 = LINE ( 'NONE', #2904, #8726 ) ;
#3688 = EDGE_LOOP ( 'NONE', ( #3002, #1369, #9130, #1289 ) ) ;
#3689 = LINE ( 'NONE', #8444, #7673 ) ;
#3690 = COLOUR_RGB ( '',0.000000000000000000, 0.5019607843137254832, 0.000000000000000000 ) ;
#3691 = DIRECTION ( 'NONE',  ( 0.000000000000000000, -1.000000000000000000, 0.000000000000000000 ) ) ;
#3692 =( LENGTH_UNIT ( ) NAMED_UNIT ( * ) SI_UNIT ( .MILLI., .METRE. ) );
#3693 = ORIENTED_EDGE ( 'NONE', *, *, #3357, .T. ) ;
#3694 = VECTOR ( 'NONE', #1935, 1000.000000000000000 ) ;
#3695 = LINE ( 'NONE', #8391, #1989 ) ;
#3696 = DIRECTION ( 'NONE',  ( 0.000000000000000000, -1.000000000000000000, -0.000000000000000000 ) ) ;
#3697 = SURFACE_STYLE_FILL_AREA ( #1207 ) ;
#3698 = ORIENTED_EDGE ( 'NONE', *, *, #2226, .F. ) ;
#3699 = UNCERTAINTY_MEASURE_WITH_UNIT (LENGTH_MEASURE( 1.000000000000000082E-05 ), #7388, 'distance_accuracy_value', 'NONE');
#3700 = ADVANCED_FACE ( 'NONE', ( #595 ), #2923, .F. ) ;
#3701 = FILL_AREA_STYLE_COLOUR ( '', #4876 ) ;
#3702 = COLOUR_RGB ( '',0.000000000000000000, 0.5019607843137254832, 0.000000000000000000 ) ;
#3703 = EDGE_CURVE ( 'NONE', #1416, #182, #2152, .T. ) ;
#3704 = DIRECTION ( 'NONE',  ( -0.000000000000000000, 1.000000000000000000, 0.000000000000000000 ) ) ;
#3705 = DIRECTION ( 'NONE',  ( -1.000000000000000000, 0.000000000000000000, -0.000000000000000000 ) ) ;
#3706 = DIRECTION ( 'NONE',  ( -8.673617379884051249E-15, 0.000000000000000000, -1.000000000000000000 ) ) ;
#3707 = EDGE_CURVE ( 'NONE', #6844, #1671, #1378, .T. ) ;
#3708 = PRESENTATION_LAYER_ASSIGNMENT (  '', '', ( #6003 ) ) ;
#3709 = VERTEX_POINT ( 'NONE', #6539 ) ;
#3710 = ORIENTED_EDGE ( 'NONE', *, *, #1551, .F. ) ;
#3711 = FILL_AREA_STYLE ('',( #3867 ) ) ;
#3712 = ORIENTED_EDGE ( 'NONE', *, *, #5486, .F. ) ;
#3713 = EDGE_CURVE ( 'NONE', #5119, #8013, #2563, .T. ) ;
#3714 = FACE_OUTER_BOUND ( 'NONE', #9198, .T. ) ;
#3715 = UNCERTAINTY_MEASURE_WITH_UNIT (LENGTH_MEASURE( 1.000000000000000082E-05 ), #5455, 'distance_accuracy_value', 'NONE');
#3716 = EDGE_CURVE ( 'NONE', #6809, #3018, #6333, .T. ) ;
#3717 = LINE ( 'NONE', #541, #6554 ) ;
#3718 = AXIS2_PLACEMENT_3D ( 'NONE', #8944, #1838, #9776 ) ;
#3719 = EDGE_LOOP ( 'NONE', ( #7982, #6068, #6377, #4280 ) ) ;
#3720 = CARTESIAN_POINT ( 'NONE',  ( 4.299999999999999822, 2.100000000000000089, 4.549999999999999822 ) ) ;
#3721 = FACE_OUTER_BOUND ( 'NONE', #6471, .T. ) ;
#3722 = LINE ( 'NONE', #6031, #5597 ) ;
#3724 = AXIS2_PLACEMENT_3D ( 'NONE', #1362, #2188, #7600 ) ;
#3723 = CARTESIAN_POINT ( 'NONE',  ( 4.850000000000000533, 0.000000000000000000, 1.099999999999999423 ) ) ;
#3725 = VECTOR ( 'NONE', #8282, 1000.000000000000000 ) ;
#3726 = ORIENTED_EDGE ( 'NONE', *, *, #8281, .T. ) ;
#3727 = SURFACE_STYLE_USAGE ( .BOTH. , #1959 ) ;
#3728 = ORIENTED_EDGE ( 'NONE', *, *, #2939, .T. ) ;
#3729 = CYLINDRICAL_SURFACE ( 'NONE', #10137, 0.1999999999999996503 ) ;
#3730 = CARTESIAN_POINT ( 'NONE',  ( -4.850000000000000533, 0.000000000000000000, 4.399999999999999467 ) ) ;
#3731 = ORIENTED_EDGE ( 'NONE', *, *, #2407, .T. ) ;
#3732 = DIRECTION ( 'NONE',  ( 1.626303258728256059E-15, 0.000000000000000000, -1.000000000000000000 ) ) ;
#3733 = ORIENTED_EDGE ( 'NONE', *, *, #2368, .T. ) ;
#3734 = COLOUR_RGB ( '',1.000000000000000000, 0.8117647058823529438, 0.5019607843137254832 ) ;
#3735 = DIRECTION ( 'NONE',  ( 0.000000000000000000, 0.000000000000000000, -1.000000000000000000 ) ) ;
#3736 = EDGE_CURVE ( 'NONE', #1864, #7062, #1678, .T. ) ;
#3737 = DIRECTION ( 'NONE',  ( 1.626303258728256059E-15, 0.000000000000000000, 1.000000000000000000 ) ) ;
#3738 = CARTESIAN_POINT ( 'NONE',  ( 4.299999999999999822, 2.097980000000000622, 4.549999999999998934 ) ) ;
#3739 = CARTESIAN_POINT ( 'NONE',  ( 3.849999999999997424, 2.080624847486572282, -2.900000000000000799 ) ) ;
#3740 = DIRECTION ( 'NONE',  ( 0.000000000000000000, 0.000000000000000000, -1.000000000000000000 ) ) ;
#3741 = CARTESIAN_POINT ( 'NONE',  ( -4.850000000000000533, 0.000000000000000000, -8.673617379884035472E-16 ) ) ;
#3742 = VECTOR ( 'NONE', #1578, 1000.000000000000000 ) ;
#3743 = FACE_OUTER_BOUND ( 'NONE', #5738, .T. ) ;
#3744 = ORIENTED_EDGE ( 'NONE', *, *, #5025, .F. ) ;
#3745 = EDGE_CURVE ( 'NONE', #1864, #1201, #9676, .T. ) ;
#3746 = CARTESIAN_POINT ( 'NONE',  ( 3.849999999999996536, 0.000000000000000000, 1.799999999999999600 ) ) ;
#3747 = DIRECTION ( 'NONE',  ( -1.000000000000000000, -0.000000000000000000, -0.000000000000000000 ) ) ;
#3748 = ORIENTED_EDGE ( 'NONE', *, *, #2621, .F. ) ;
#3749 = DIRECTION ( 'NONE',  ( 0.000000000000000000, -1.000000000000000000, -0.000000000000000000 ) ) ;
#3750 = FILL_AREA_STYLE_COLOUR ( '', #2491 ) ;
#3751 = ORIENTED_EDGE ( 'NONE', *, *, #3713, .T. ) ;
#3752 = PRESENTATION_STYLE_ASSIGNMENT (( #2915 ) ) ;
#3753 = VECTOR ( 'NONE', #4208, 1000.000000000000000 ) ;
#3754 = FACE_OUTER_BOUND ( 'NONE', #871, .T. ) ;
#3755 = AXIS2_PLACEMENT_3D ( 'NONE', #4606, #7751, #667 ) ;
#3756 = SURFACE_STYLE_USAGE ( .BOTH. , #1373 ) ;
#3757 = ORIENTED_EDGE ( 'NONE', *, *, #4323, .F. ) ;
#3758 = PRESENTATION_LAYER_ASSIGNMENT (  '', '', ( #5244 ) ) ;
#3759 = VECTOR ( 'NONE', #1277, 1000.000000000000000 ) ;
#3760 = VERTEX_POINT ( 'NONE', #9507 ) ;
#3761 = DIRECTION ( 'NONE',  ( 0.000000000000000000, -1.000000000000000000, -0.000000000000000000 ) ) ;
#3762 = EDGE_CURVE ( 'NONE', #3108, #650, #3960, .T. ) ;
#3763 = CARTESIAN_POINT ( 'NONE',  ( 3.850000000000042277, 0.8000000000000000444, 0.000000000000000000 ) ) ;
#3764 = VECTOR ( 'NONE', #8203, 1000.000000000000000 ) ;
#3765 = DIRECTION ( 'NONE',  ( -0.000000000000000000, -1.000000000000000000, 0.000000000000000000 ) ) ;
#3766 = DIRECTION ( 'NONE',  ( -0.000000000000000000, 0.000000000000000000, 1.000000000000000000 ) ) ;
#3767 = EDGE_CURVE ( 'NONE', #3907, #9149, #2511, .T. ) ;
#3768 = EDGE_CURVE ( 'NONE', #4903, #1325, #7981, .T. ) ;
#3769 = CARTESIAN_POINT ( 'NONE',  ( -4.456613802740582386, 2.267607869197447279, -4.583321372093178248 ) ) ;
#3770 = ORIENTED_EDGE ( 'NONE', *, *, #2115, .F. ) ;
#3771 = DIRECTION ( 'NONE',  ( 0.000000000000000000, 0.000000000000000000, -1.000000000000000000 ) ) ;
#3772 = ADVANCED_FACE ( 'NONE', ( #4840 ), #2405, .F. ) ;
#3773 = DIRECTION ( 'NONE',  ( -0.000000000000000000, -1.000000000000000000, -0.000000000000000000 ) ) ;
#3774 = DIRECTION ( 'NONE',  ( 0.000000000000000000, 0.000000000000000000, 1.000000000000000000 ) ) ;
#3775 = ORIENTED_EDGE ( 'NONE', *, *, #2609, .T. ) ;
#3776 = LINE ( 'NONE', #1233, #3183 ) ;
#3777 = ORIENTED_EDGE ( 'NONE', *, *, #1845, .F. ) ;
#3778 = AXIS2_PLACEMENT_3D ( 'NONE', #7304, #5754, #8932 ) ;
#3779 =( NAMED_UNIT ( * ) PLANE_ANGLE_UNIT ( ) SI_UNIT ( $, .RADIAN. ) );
#3780 =( LENGTH_UNIT ( ) NAMED_UNIT ( * ) SI_UNIT ( .MILLI., .METRE. ) );
#3781 = ORIENTED_EDGE ( 'NONE', *, *, #7831, .F. ) ;
#3782 = DIRECTION ( 'NONE',  ( 3.336006684570780538E-15, -1.000000000000000000, -0.000000000000000000 ) ) ;
#3783 = ORIENTED_EDGE ( 'NONE', *, *, #4836, .T. ) ;
#3784 = DIRECTION ( 'NONE',  ( 0.000000000000000000, -0.000000000000000000, -1.000000000000000000 ) ) ;
#3785 = LINE ( 'NONE', #7024, #6607 ) ;
#3786 = COLOUR_RGB ( '',0.000000000000000000, 0.5019607843137254832, 0.000000000000000000 ) ;
#3787 = CARTESIAN_POINT ( 'NONE',  ( 4.850000000000001421, 2.080624847486572282, -1.800000000000000711 ) ) ;
#3788 = LINE ( 'NONE', #9278, #3191 ) ;
#3789 = FILL_AREA_STYLE ('',( #6824 ) ) ;
#3790 =( LENGTH_UNIT ( ) NAMED_UNIT ( * ) SI_UNIT ( .MILLI., .METRE. ) );
#3791 = FACE_OUTER_BOUND ( 'NONE', #1915, .T. ) ;
#3792 = VECTOR ( 'NONE', #7570, 1000.000000000000000 ) ;
#3793 = PRESENTATION_STYLE_ASSIGNMENT (( #9439 ) ) ;
#3794 = PRESENTATION_STYLE_ASSIGNMENT (( #5487 ) ) ;
#3795 = ORIENTED_EDGE ( 'NONE', *, *, #8192, .T. ) ;
#3796 = DIRECTION ( 'NONE',  ( 0.000000000000000000, -3.491481338843133355E-15, -1.000000000000000000 ) ) ;
#3797 = MECHANICAL_DESIGN_GEOMETRIC_PRESENTATION_REPRESENTATION (  '', ( #2468 ), #7250 ) ;
#3798 = CARTESIAN_POINT ( 'NONE',  ( 4.850000000000001421, 2.080624847486572282, 0.3999999999999993006 ) ) ;
#3799 = ORIENTED_EDGE ( 'NONE', *, *, #5896, .T. ) ;
#3800 = LINE ( 'NONE', #4619, #3812 ) ;
#3801 = DIRECTION ( 'NONE',  ( -0.000000000000000000, 0.000000000000000000, 1.000000000000000000 ) ) ;
#3802 = VERTEX_POINT ( 'NONE', #1622 ) ;
#3803 = VECTOR ( 'NONE', #4703, 1000.000000000000000 ) ;
#3804 = EDGE_CURVE ( 'NONE', #3023, #863, #853, .T. ) ;
#3805 = SURFACE_STYLE_USAGE ( .BOTH. , #639 ) ;
#3806 = CIRCLE ( 'NONE', #8087, 0.1999999999999996503 ) ;
#3807 = CARTESIAN_POINT ( 'NONE',  ( -4.850000000000000533, 0.000000000000000000, -3.300000000000000711 ) ) ;
#3808 = DIRECTION ( 'NONE',  ( 0.000000000000000000, -1.000000000000000000, -0.000000000000000000 ) ) ;
#3809 = AXIS2_PLACEMENT_3D ( 'NONE', #8792, #1589, #1543 ) ;
#3810 = ADVANCED_FACE ( 'NONE', ( #9561 ), #8721, .T. ) ;
#3811 = EDGE_LOOP ( 'NONE', ( #4955, #9306, #7019, #1634 ) ) ;
#3812 = VECTOR ( 'NONE', #6216, 1000.000000000000000 ) ;
#3813 = VERTEX_POINT ( 'NONE', #3343 ) ;
#3814 = EDGE_CURVE ( 'NONE', #6953, #8205, #6494, .T. ) ;
#3815 = DIRECTION ( 'NONE',  ( 1.626303258728256257E-15, 0.000000000000000000, 1.000000000000000000 ) ) ;
#3816 = ORIENTED_EDGE ( 'NONE', *, *, #745, .T. ) ;
#3817 = CARTESIAN_POINT ( 'NONE',  ( 4.850000000000001421, 0.8000000000000000444, 3.699999999999999734 ) ) ;
#3818 = LINE ( 'NONE', #2262, #7528 ) ;
#3819 = FACE_OUTER_BOUND ( 'NONE', #8587, .T. ) ;
#3820 = ORIENTED_EDGE ( 'NONE', *, *, #8299, .F. ) ;
#3821 = AXIS2_PLACEMENT_3D ( 'NONE', #1034, #8068, #1418 ) ;
#3822 = PRODUCT_DEFINITION_SHAPE ( 'NONE', 'NONE',  #8586 ) ;
#3823 = PRESENTATION_LAYER_ASSIGNMENT (  '', '', ( #5631 ) ) ;
#3824 = LINE ( 'NONE', #2364, #3424 ) ;
#3825 = CARTESIAN_POINT ( 'NONE',  ( 0.000000000000000000, 0.8000000000000000444, -1.100000000000000089 ) ) ;
#3826 =( NAMED_UNIT ( * ) PLANE_ANGLE_UNIT ( ) SI_UNIT ( $, .RADIAN. ) );
#3827 = EDGE_CURVE ( 'NONE', #3294, #2574, #7310, .T. ) ;
#3828 = ORIENTED_EDGE ( 'NONE', *, *, #3324, .F. ) ;
#3830 = EDGE_CURVE ( 'NONE', #1654, #1322, #1882, .T. ) ;
#3829 = CARTESIAN_POINT ( 'NONE',  ( -3.849999999999997424, 0.8000000000000000444, 4.799999999999998934 ) ) ;
#3831 = VERTEX_POINT ( 'NONE', #5190 ) ;
#3832 = MECHANICAL_DESIGN_GEOMETRIC_PRESENTATION_REPRESENTATION (  '', ( #8113 ), #7411 ) ;
#3833 = SURFACE_SIDE_STYLE ('',( #26 ) ) ;
#3834 =( NAMED_UNIT ( * ) PLANE_ANGLE_UNIT ( ) SI_UNIT ( $, .RADIAN. ) );
#3835 = ORIENTED_EDGE ( 'NONE', *, *, #7272, .F. ) ;
#3836 = ORIENTED_EDGE ( 'NONE', *, *, #9650, .T. ) ;
#3837 = SURFACE_SIDE_STYLE ('',( #719 ) ) ;
#3838 = CARTESIAN_POINT ( 'NONE',  ( -4.850000000000000533, 0.000000000000000000, 0.1999999999999987899 ) ) ;
#3839 = FACE_OUTER_BOUND ( 'NONE', #1376, .T. ) ;
#3840 = CARTESIAN_POINT ( 'NONE',  ( 4.389905016664405579, 2.045755559128688006, 4.619933318518286924 ) ) ;
#3841 = EDGE_CURVE ( 'NONE', #1169, #1361, #5139, .T. ) ;
#3842 = CARTESIAN_POINT ( 'NONE',  ( -4.850000000000001421, 0.000000000000000000, -4.000000000000000888 ) ) ;
#3843 = CARTESIAN_POINT ( 'NONE',  ( 3.849999999999996980, 0.8000000000000000444, -1.500000000000001332 ) ) ;
#3844 = DIRECTION ( 'NONE',  ( 1.000000000000000000, -0.000000000000000000, 0.000000000000000000 ) ) ;
#3845 = FILL_AREA_STYLE_COLOUR ( '', #1166 ) ;
#3846 = COLOUR_RGB ( '',0.000000000000000000, 0.5019607843137254832, 0.000000000000000000 ) ;
#3847 =( NAMED_UNIT ( * ) SI_UNIT ( $, .STERADIAN. ) SOLID_ANGLE_UNIT ( ) );
#3848 = ORIENTED_EDGE ( 'NONE', *, *, #5442, .T. ) ;
#3849 = FACE_OUTER_BOUND ( 'NONE', #8839, .T. ) ;
#3850 =( NAMED_UNIT ( * ) PLANE_ANGLE_UNIT ( ) SI_UNIT ( $, .RADIAN. ) );
#3851 = VECTOR ( 'NONE', #7540, 1000.000000000000000 ) ;
#3852 = CARTESIAN_POINT ( 'NONE',  ( 4.849999999999997868, 0.000000000000000000, 3.299999999999998934 ) ) ;
#3853 = FACE_OUTER_BOUND ( 'NONE', #2469, .T. ) ;
#3854 = DIRECTION ( 'NONE',  ( -1.000000000000000000, 0.000000000000000000, 1.626303258728256059E-15 ) ) ;
#3855 = ORIENTED_EDGE ( 'NONE', *, *, #7030, .F. ) ;
#3856 = CARTESIAN_POINT ( 'NONE',  ( -4.399999999999999467, 2.000000000000000444, 4.649929289321881321 ) ) ;
#3857 = STYLED_ITEM ( 'NONE', ( #85 ), #2751 ) ;
#3858 = CARTESIAN_POINT ( 'NONE',  ( -3.849999999999996536, 2.080624847486572282, 3.699999999999999289 ) ) ;
#3859 = PRESENTATION_LAYER_ASSIGNMENT (  '', '', ( #708 ) ) ;
#3860 = ORIENTED_EDGE ( 'NONE', *, *, #6654, .T. ) ;
#3861 =( NAMED_UNIT ( * ) PLANE_ANGLE_UNIT ( ) SI_UNIT ( $, .RADIAN. ) );
#3862 = STYLED_ITEM ( 'NONE', ( #1474 ), #3700 ) ;
#3863 = ADVANCED_FACE ( 'NONE', ( #9088 ), #2710, .F. ) ;
#3864 = EDGE_CURVE ( 'NONE', #4631, #8612, #9863, .T. ) ;
#3865 = EDGE_LOOP ( 'NONE', ( #5448, #4314, #6109, #5138 ) ) ;
#3866 = ORIENTED_EDGE ( 'NONE', *, *, #2178, .F. ) ;
#3867 = FILL_AREA_STYLE_COLOUR ( '', #7634 ) ;
#3868 = ORIENTED_EDGE ( 'NONE', *, *, #7902, .F. ) ;
#3869 = AXIS2_PLACEMENT_3D ( 'NONE', #6717, #2600, #5747 ) ;
#3870 = CARTESIAN_POINT ( 'NONE',  ( 4.379235665564122471, 2.300000000000000266, 4.566802440931187590 ) ) ;
#3871 = FILL_AREA_STYLE_COLOUR ( '', #5403 ) ;
#3872 = SURFACE_STYLE_USAGE ( .BOTH. , #9206 ) ;
#3873 = ORIENTED_EDGE ( 'NONE', *, *, #9335, .T. ) ;
#3874 =( GEOMETRIC_REPRESENTATION_CONTEXT ( 3 ) GLOBAL_UNCERTAINTY_ASSIGNED_CONTEXT ( ( #9911 ) ) GLOBAL_UNIT_ASSIGNED_CONTEXT ( ( #5175, #404, #4395 ) ) REPRESENTATION_CONTEXT ( 'NONE', 'WORKASPACE' ) );
#3875 = FILL_AREA_STYLE_COLOUR ( '', #1605 ) ;
#3876 =( LENGTH_UNIT ( ) NAMED_UNIT ( * ) SI_UNIT ( .MILLI., .METRE. ) );
#3877 = EDGE_CURVE ( 'NONE', #9183, #3802, #3637, .T. ) ;
#3878 = VERTEX_POINT ( 'NONE', #7497 ) ;
#3879 =( NAMED_UNIT ( * ) PLANE_ANGLE_UNIT ( ) SI_UNIT ( $, .RADIAN. ) );
#3880 = ORIENTED_EDGE ( 'NONE', *, *, #5274, .T. ) ;
#3881 = STYLED_ITEM ( 'NONE', ( #8631 ), #8994 ) ;
#3882 = VECTOR ( 'NONE', #7669, 1000.000000000000000 ) ;
#3883 = ORIENTED_EDGE ( 'NONE', *, *, #6924, .F. ) ;
#3884 = FACE_OUTER_BOUND ( 'NONE', #8023, .T. ) ;
#3885 = ORIENTED_EDGE ( 'NONE', *, *, #2341, .T. ) ;
#3886 = CARTESIAN_POINT ( 'NONE',  ( -4.849999999999958789, 0.8000000000000000444, -4.800000000000002487 ) ) ;
#3887 = CARTESIAN_POINT ( 'NONE',  ( 4.850000000000025402, 0.8000000000000000444, -0.7000000000000009548 ) ) ;
#3888 = STYLED_ITEM ( 'NONE', ( #629 ), #9525 ) ;
#3889 = DIRECTION ( 'NONE',  ( 1.000000000000000000, 0.000000000000000000, -4.336808689942006692E-15 ) ) ;
#3890 = CARTESIAN_POINT ( 'NONE',  ( 4.394318933867716659, 2.033225573193808700, 4.628379217981353655 ) ) ;
#3891 =( NAMED_UNIT ( * ) SI_UNIT ( $, .STERADIAN. ) SOLID_ANGLE_UNIT ( ) );
#3892 = EDGE_CURVE ( 'NONE', #61, #8693, #2758, .T. ) ;
#3893 =( LENGTH_UNIT ( ) NAMED_UNIT ( * ) SI_UNIT ( .MILLI., .METRE. ) );
#3894 = EDGE_CURVE ( 'NONE', #8936, #9781, #1154, .T. ) ;
#3895 = DIRECTION ( 'NONE',  ( -4.336808689942006692E-15, 0.000000000000000000, 1.000000000000000000 ) ) ;
#3896 = EDGE_CURVE ( 'NONE', #6381, #8205, #5503, .T. ) ;
#3897 = CARTESIAN_POINT ( 'NONE',  ( -4.399929289321881321, 2.000000000000000444, 4.549999999999998934 ) ) ;
#3898 = CIRCLE ( 'NONE', #1242, 0.1999999999999996503 ) ;
#3899 = FILL_AREA_STYLE ('',( #8751 ) ) ;
#3900 = PLANE ( 'NONE',  #5805 ) ;
#3901 = ORIENTED_EDGE ( 'NONE', *, *, #2903, .T. ) ;
#3902 = EDGE_CURVE ( 'NONE', #3023, #3294, #363, .T. ) ;
#3903 = CARTESIAN_POINT ( 'NONE',  ( -4.338564738074769167, 2.082854828587677343, -4.607545201010647240 ) ) ;
#3904 = SURFACE_STYLE_FILL_AREA ( #7979 ) ;
#3905 = CARTESIAN_POINT ( 'NONE',  ( 3.849999999999997424, 0.000000000000000000, 2.600000000000000533 ) ) ;
#3906 = DIRECTION ( 'NONE',  ( -1.000000000000000000, 0.000000000000000000, -0.000000000000000000 ) ) ;
#3907 = VERTEX_POINT ( 'NONE', #7552 ) ;
#3908 = FACE_OUTER_BOUND ( 'NONE', #1733, .T. ) ;
#3909 = COLOUR_RGB ( '',0.000000000000000000, 0.5019607843137254832, 0.000000000000000000 ) ;
#3910 = ORIENTED_EDGE ( 'NONE', *, *, #6479, .T. ) ;
#3911 = CARTESIAN_POINT ( 'NONE',  ( -4.387420392015691561, 2.051144252825626513, -4.616619526214588376 ) ) ;
#3912 = ORIENTED_EDGE ( 'NONE', *, *, #8097, .T. ) ;
#3913 = ORIENTED_EDGE ( 'NONE', *, *, #5992, .T. ) ;
#3914 = LINE ( 'NONE', #7000, #712 ) ;
#3915 = CARTESIAN_POINT ( 'NONE',  ( -3.849999999999928590, 0.8000000000000000444, -1.800000000000001155 ) ) ;
#3916 = AXIS2_PLACEMENT_3D ( 'NONE', #3671, #6815, #9989 ) ;
#3917 = UNCERTAINTY_MEASURE_WITH_UNIT (LENGTH_MEASURE( 1.000000000000000082E-05 ), #10065, 'distance_accuracy_value', 'NONE');
#3918 = CARTESIAN_POINT ( 'NONE',  ( -4.849999999999948130, 0.8000000000000000444, -0.7000000000000018430 ) ) ;
#3919 =( GEOMETRIC_REPRESENTATION_CONTEXT ( 3 ) GLOBAL_UNCERTAINTY_ASSIGNED_CONTEXT ( ( #699 ) ) GLOBAL_UNIT_ASSIGNED_CONTEXT ( ( #5325, #2791, #1396 ) ) REPRESENTATION_CONTEXT ( 'NONE', 'WORKASPACE' ) );
#3920 = ORIENTED_EDGE ( 'NONE', *, *, #3184, .T. ) ;
#3921 = CARTESIAN_POINT ( 'NONE',  ( 4.849999999999997868, 0.8000000000000000444, 5.049999999999999822 ) ) ;
#3922 = CARTESIAN_POINT ( 'NONE',  ( -4.399929289321881321, 2.000000000000000444, 4.649999999999999467 ) ) ;
#3923 = DIRECTION ( 'NONE',  ( -3.336006684570780538E-15, -1.000000000000000000, 0.000000000000000000 ) ) ;
#3924 = VECTOR ( 'NONE', #5635, 1000.000000000000000 ) ;
#3925 = ORIENTED_EDGE ( 'NONE', *, *, #1910, .F. ) ;
#3926 = ORIENTED_EDGE ( 'NONE', *, *, #5030, .T. ) ;
#3927 = DIRECTION ( 'NONE',  ( 1.000000000000000000, 0.000000000000000000, 0.000000000000000000 ) ) ;
#3928 = ORIENTED_EDGE ( 'NONE', *, *, #6130, .F. ) ;
#3929 = CARTESIAN_POINT ( 'NONE',  ( 4.599999999999998757, 2.078750921375358995, 4.633229641565213441 ) ) ;
#3930 = PRESENTATION_LAYER_ASSIGNMENT (  '', '', ( #957 ) ) ;
#3931 = ORIENTED_EDGE ( 'NONE', *, *, #2504, .T. ) ;
#3932 = ADVANCED_FACE ( 'NONE', ( #1889 ), #5864, .F. ) ;
#3933 = AXIS2_PLACEMENT_3D ( 'NONE', #971, #2623, #79 ) ;
#3934 = PLANE ( 'NONE',  #3686 ) ;
#3935 = CARTESIAN_POINT ( 'NONE',  ( 4.850000000000001421, 0.8000000000000000444, 5.049999999999999822 ) ) ;
#3936 = DIRECTION ( 'NONE',  ( 1.626303258728256257E-15, 0.000000000000000000, 1.000000000000000000 ) ) ;
#3937 = DIRECTION ( 'NONE',  ( 0.000000000000000000, 0.000000000000000000, -1.000000000000000000 ) ) ;
#3938 = LINE ( 'NONE', #8745, #5010 ) ;
#3939 = FILL_AREA_STYLE ('',( #3988 ) ) ;
#3940 = ADVANCED_FACE ( 'NONE', ( #8242 ), #6731, .T. ) ;
#3941 = CARTESIAN_POINT ( 'NONE',  ( 4.850000000000001421, 0.7999999999999999334, 1.499999999999999556 ) ) ;
#3942 = ORIENTED_EDGE ( 'NONE', *, *, #3105, .T. ) ;
#3943 = FACE_OUTER_BOUND ( 'NONE', #6513, .T. ) ;
#3944 = ORIENTED_EDGE ( 'NONE', *, *, #3573, .F. ) ;
#3945 = SURFACE_SIDE_STYLE ('',( #9484 ) ) ;
#3946 =( LENGTH_UNIT ( ) NAMED_UNIT ( * ) SI_UNIT ( .MILLI., .METRE. ) );
#3947 = EDGE_CURVE ( 'NONE', #7941, #2665, #319, .T. ) ;
#3948 = CARTESIAN_POINT ( 'NONE',  ( 0.000000000000000000, 2.000000000000001332, -4.849999999999999645 ) ) ;
#3949 = SURFACE_STYLE_FILL_AREA ( #733 ) ;
#3950 = DIRECTION ( 'NONE',  ( -0.000000000000000000, 1.000000000000000000, -0.000000000000000000 ) ) ;
#3951 = CARTESIAN_POINT ( 'NONE',  ( -4.850000000000001421, 0.7999999999999999334, -4.000000000000000888 ) ) ;
#3952 =( LENGTH_UNIT ( ) NAMED_UNIT ( * ) SI_UNIT ( .MILLI., .METRE. ) );
#3953 = EDGE_CURVE ( 'NONE', #7729, #2270, #3484, .T. ) ;
#3954 = ORIENTED_EDGE ( 'NONE', *, *, #7324, .F. ) ;
#3955 = DIRECTION ( 'NONE',  ( 0.000000000000000000, 0.000000000000000000, -1.000000000000000000 ) ) ;
#3956 = DIRECTION ( 'NONE',  ( 0.000000000000000000, 1.000000000000000000, 0.000000000000000000 ) ) ;
#3957 = ORIENTED_EDGE ( 'NONE', *, *, #5146, .F. ) ;
#3958 = ORIENTED_EDGE ( 'NONE', *, *, #9957, .T. ) ;
#3959 = VERTEX_POINT ( 'NONE', #10161 ) ;
#3960 = LINE ( 'NONE', #965, #8479 ) ;
#3961 = VECTOR ( 'NONE', #9728, 1000.000000000000000 ) ;
#3962 = PLANE ( 'NONE',  #1097 ) ;
#3963 = CARTESIAN_POINT ( 'NONE',  ( 0.000000000000000000, 0.8000000000000000444, -2.600000000000001421 ) ) ;
#3964 = ORIENTED_EDGE ( 'NONE', *, *, #3116, .T. ) ;
#3965 = LINE ( 'NONE', #4900, #9098 ) ;
#3966 = AXIS2_PLACEMENT_3D ( 'NONE', #8224, #5990, #6623 ) ;
#3967 =( LENGTH_UNIT ( ) NAMED_UNIT ( * ) SI_UNIT ( .MILLI., .METRE. ) );
#3968 = VECTOR ( 'NONE', #5701, 1000.000000000000000 ) ;
#3969 = ORIENTED_EDGE ( 'NONE', *, *, #5329, .F. ) ;
#3970 = PLANE ( 'NONE',  #4950 ) ;
#3971 = ORIENTED_EDGE ( 'NONE', *, *, #2934, .T. ) ;
#3972 = CARTESIAN_POINT ( 'NONE',  ( 4.850000000000001421, 0.000000000000000000, 4.799999999999999822 ) ) ;
#3973 = DIRECTION ( 'NONE',  ( -0.000000000000000000, 0.000000000000000000, 1.000000000000000000 ) ) ;
#3974 = EDGE_CURVE ( 'NONE', #9087, #3356, #6988, .T. ) ;
#3975 = ORIENTED_EDGE ( 'NONE', *, *, #1081, .T. ) ;
#3976 = SURFACE_SIDE_STYLE ('',( #9425 ) ) ;
#3977 = VERTEX_POINT ( 'NONE', #737 ) ;
#3978 = SURFACE_STYLE_FILL_AREA ( #2277 ) ;
#3979 = CARTESIAN_POINT ( 'NONE',  ( -3.849999999999996536, 0.000000000000000000, -2.900000000000000799 ) ) ;
#3980 = EDGE_CURVE ( 'NONE', #6117, #9374, #6113, .T. ) ;
#3981 = SURFACE_STYLE_FILL_AREA ( #822 ) ;
#3982 =( GEOMETRIC_REPRESENTATION_CONTEXT ( 3 ) GLOBAL_UNCERTAINTY_ASSIGNED_CONTEXT ( ( #6588 ) ) GLOBAL_UNIT_ASSIGNED_CONTEXT ( ( #2015, #1088, #5166 ) ) REPRESENTATION_CONTEXT ( 'NONE', 'WORKASPACE' ) );
#3983 = DIRECTION ( 'NONE',  ( 0.000000000000000000, 0.000000000000000000, 1.000000000000000000 ) ) ;
#3984 = B_SPLINE_SURFACE_WITH_KNOTS ( 'NONE', 1, 3, ( 
 ( #6119, #1213, #5350, #9296, #8518, #3592 ),
 ( #4369, #7506, #6737, #9915, #2819, #5969 ),
 ( #9144, #4418, #5200, #4680, #4628, #4835 ),
 ( #848, #4, #3911, #7986, #7937, #7048 ) ),
 .UNSPECIFIED., .F., .F., .F.,
 ( 2, 1, 1, 2 ),
 ( 4, 2, 4 ),
 ( -0.01000000000000000021, 0.000000000000000000, 1.000000000000000000, 1.010099999999999998 ),
 ( 0.000000000000000000, 0.5000000000000000000, 1.000000000000000000 ),
 .UNSPECIFIED. ) ;
#3985 = DIRECTION ( 'NONE',  ( 0.000000000000000000, 0.000000000000000000, 1.000000000000000000 ) ) ;
#3986 = EDGE_CURVE ( 'NONE', #954, #6240, #10114, .T. ) ;
#3987 = CARTESIAN_POINT ( 'NONE',  ( -4.850000000000000533, 0.000000000000000000, -1.500000000000001332 ) ) ;
#3988 = FILL_AREA_STYLE_COLOUR ( '', #8611 ) ;
#3989 = DIRECTION ( 'NONE',  ( 0.000000000000000000, -1.000000000000000000, -0.000000000000000000 ) ) ;
#3990 = VERTEX_POINT ( 'NONE', #685 ) ;
#3991 = CARTESIAN_POINT ( 'NONE',  ( 4.850000000000041389, 0.000000000000000000, -1.500000000000001332 ) ) ;
#3992 = ORIENTED_EDGE ( 'NONE', *, *, #1927, .T. ) ;
#3993 = EDGE_CURVE ( 'NONE', #7657, #9796, #2315, .T. ) ;
#3994 = DIRECTION ( 'NONE',  ( -0.000000000000000000, 3.336006684570780538E-15, 1.000000000000000000 ) ) ;
#3995 = SURFACE_STYLE_FILL_AREA ( #7712 ) ;
#3996 = SURFACE_STYLE_USAGE ( .BOTH. , #7920 ) ;
#3997 = CARTESIAN_POINT ( 'NONE',  ( 4.599999999999998757, 0.7999999999999997113, -4.850000000000003197 ) ) ;
#3998 = CARTESIAN_POINT ( 'NONE',  ( -4.335883943217359260, 2.085287539139261348, 4.603875565893686073 ) ) ;
#3999 = PLANE ( 'NONE',  #7773 ) ;
#4000 = VERTEX_POINT ( 'NONE', #2193 ) ;
#4001 = CARTESIAN_POINT ( 'NONE',  ( -3.849999999999950351, 0.000000000000000000, -0.4000000000000019096 ) ) ;
#4002 = PRESENTATION_STYLE_ASSIGNMENT (( #8041 ) ) ;
#4003 = ORIENTED_EDGE ( 'NONE', *, *, #5241, .F. ) ;
#4004 = VECTOR ( 'NONE', #3050, 1000.000000000000000 ) ;
#4005 = LINE ( 'NONE', #2255, #1069 ) ;
#4006 = SURFACE_SIDE_STYLE ('',( #66 ) ) ;
#4007 = ORIENTED_EDGE ( 'NONE', *, *, #7992, .F. ) ;
#4008 = ORIENTED_EDGE ( 'NONE', *, *, #8927, .F. ) ;
#4009 = DIRECTION ( 'NONE',  ( -0.000000000000000000, -1.000000000000000000, 0.000000000000000000 ) ) ;
#4010 = CARTESIAN_POINT ( 'NONE',  ( -4.850000000000000533, 0.000000000000000000, -4.400000000000001243 ) ) ;
#4011 = ADVANCED_FACE ( 'NONE', ( #2295 ), #8560, .T. ) ;
#4012 = ADVANCED_FACE ( 'NONE', ( #3853 ), #3062, .F. ) ;
#4013 = CARTESIAN_POINT ( 'NONE',  ( 4.399999999999999467, 2.000000000000000444, -4.649929289321881321 ) ) ;
#4014 = UNCERTAINTY_MEASURE_WITH_UNIT (LENGTH_MEASURE( 1.000000000000000082E-05 ), #6217, 'distance_accuracy_value', 'NONE');
#4015 = VECTOR ( 'NONE', #4491, 1000.000000000000000 ) ;
#4016 = PLANE ( 'NONE',  #7706 ) ;
#4017 =( GEOMETRIC_REPRESENTATION_CONTEXT ( 3 ) GLOBAL_UNCERTAINTY_ASSIGNED_CONTEXT ( ( #3501 ) ) GLOBAL_UNIT_ASSIGNED_CONTEXT ( ( #4101, #4152, #8856 ) ) REPRESENTATION_CONTEXT ( 'NONE', 'WORKASPACE' ) );
#4018 = SURFACE_STYLE_USAGE ( .BOTH. , #9513 ) ;
#4019 = ORIENTED_EDGE ( 'NONE', *, *, #637, .T. ) ;
#4020 = CARTESIAN_POINT ( 'NONE',  ( -4.850000000000001421, 0.000000000000000000, 3.699999999999999289 ) ) ;
#4021 = AXIS2_PLACEMENT_3D ( 'NONE', #7368, #7222, #4082 ) ;
#4022 = PLANE ( 'NONE',  #3933 ) ;
#4023 = DIRECTION ( 'NONE',  ( -0.000000000000000000, -1.000000000000000000, -0.000000000000000000 ) ) ;
#4024 = EDGE_CURVE ( 'NONE', #4943, #4407, #3800, .T. ) ;
#4025 =( GEOMETRIC_REPRESENTATION_CONTEXT ( 3 ) GLOBAL_UNCERTAINTY_ASSIGNED_CONTEXT ( ( #7512 ) ) GLOBAL_UNIT_ASSIGNED_CONTEXT ( ( #10181, #10224, #2273 ) ) REPRESENTATION_CONTEXT ( 'NONE', 'WORKASPACE' ) );
#4026 = EDGE_LOOP ( 'NONE', ( #2664, #4177, #3058, #1389 ) ) ;
#4027 = LINE ( 'NONE', #7165, #7309 ) ;
#4028 = FILL_AREA_STYLE_COLOUR ( '', #34 ) ;
#4029 = EDGE_CURVE ( 'NONE', #1208, #2107, #4520, .T. ) ;
#4030 = ORIENTED_EDGE ( 'NONE', *, *, #653, .F. ) ;
#4031 = CARTESIAN_POINT ( 'NONE',  ( -3.849999999999963229, 0.000000000000000000, 1.499999999999998668 ) ) ;
#4032 = VECTOR ( 'NONE', #6678, 1000.000000000000000 ) ;
#4033 = ADVANCED_FACE ( 'NONE', ( #8508 ), #9397, .T. ) ;
#4034 = ORIENTED_EDGE ( 'NONE', *, *, #10071, .T. ) ;
#4035 = CARTESIAN_POINT ( 'NONE',  ( 4.567668071082941594, 2.156595997628986350, 4.616619526214588376 ) ) ;
#4036 = ORIENTED_EDGE ( 'NONE', *, *, #2993, .F. ) ;
#4037 = LINE ( 'NONE', #1798, #286 ) ;
#4038 = DIRECTION ( 'NONE',  ( 1.000000000000000000, 0.000000000000000000, 0.000000000000000000 ) ) ;
#4039 = DIRECTION ( 'NONE',  ( 0.000000000000000000, 0.000000000000000000, -1.000000000000000000 ) ) ;
#4040 = SURFACE_SIDE_STYLE ('',( #3981 ) ) ;
#4042 = VECTOR ( 'NONE', #1945, 1000.000000000000000 ) ;
#4041 = SURFACE_SIDE_STYLE ('',( #8855 ) ) ;
#4043 = EDGE_LOOP ( 'NONE', ( #3710, #709, #4293, #9520, #9016, #2674 ) ) ;
#4044 = FACE_OUTER_BOUND ( 'NONE', #2374, .T. ) ;
#4045 = SURFACE_STYLE_FILL_AREA ( #2282 ) ;
#4046 = SURFACE_STYLE_FILL_AREA ( #2535 ) ;
#4047 = CARTESIAN_POINT ( 'NONE',  ( 2.699999999999999289, 0.2000000000000000389, 4.650000000000006573 ) ) ;
#4048 = ORIENTED_EDGE ( 'NONE', *, *, #1221, .F. ) ;
#4049 = SURFACE_STYLE_USAGE ( .BOTH. , #882 ) ;
#4050 = ORIENTED_EDGE ( 'NONE', *, *, #4919, .T. ) ;
#4051 = CIRCLE ( 'NONE', #7168, 0.5999999999999998668 ) ;
#4052 = STYLED_ITEM ( 'NONE', ( #8076 ), #313 ) ;
#4053 = FACE_OUTER_BOUND ( 'NONE', #1644, .T. ) ;
#4054 = CARTESIAN_POINT ( 'NONE',  ( -2.399999999999999467, 0.7999999999999998224, -4.650000000000005684 ) ) ;
#4055 =( LENGTH_UNIT ( ) NAMED_UNIT ( * ) SI_UNIT ( .MILLI., .METRE. ) );
#4056 = CARTESIAN_POINT ( 'NONE',  ( -4.850000000000000533, 2.080624847486572282, -1.300000000000000711 ) ) ;
#4057 = ORIENTED_EDGE ( 'NONE', *, *, #8434, .F. ) ;
#4058 = PRESENTATION_LAYER_ASSIGNMENT (  '', '', ( #2723 ) ) ;
#4059 = CARTESIAN_POINT ( 'NONE',  ( 4.850000000000000533, 0.000000000000000000, 2.399999999999999023 ) ) ;
#4060 =( GEOMETRIC_REPRESENTATION_CONTEXT ( 3 ) GLOBAL_UNCERTAINTY_ASSIGNED_CONTEXT ( ( #4738 ) ) GLOBAL_UNIT_ASSIGNED_CONTEXT ( ( #7244, #9704, #1809 ) ) REPRESENTATION_CONTEXT ( 'NONE', 'WORKASPACE' ) );
#4061 = SURFACE_STYLE_FILL_AREA ( #8663 ) ;
#4062 = FACE_OUTER_BOUND ( 'NONE', #2922, .T. ) ;
#4063 = ORIENTED_EDGE ( 'NONE', *, *, #5842, .T. ) ;
#4064 = SURFACE_STYLE_FILL_AREA ( #221 ) ;
#4065 = EDGE_CURVE ( 'NONE', #1286, #1180, #1515, .T. ) ;
#4066 = ORIENTED_EDGE ( 'NONE', *, *, #10246, .T. ) ;
#4067 =( LENGTH_UNIT ( ) NAMED_UNIT ( * ) SI_UNIT ( .MILLI., .METRE. ) );
#4068 = DIRECTION ( 'NONE',  ( 0.000000000000000000, 0.000000000000000000, -1.000000000000000000 ) ) ;
#4069 = ORIENTED_EDGE ( 'NONE', *, *, #1985, .F. ) ;
#4070 = EDGE_LOOP ( 'NONE', ( #3286, #7915, #7881, #6009 ) ) ;
#4071 = CARTESIAN_POINT ( 'NONE',  ( 0.000000000000000000, 1.687792868793693186E-14, -4.850000000000005862 ) ) ;
#4072 = DIRECTION ( 'NONE',  ( 0.000000000000000000, 0.000000000000000000, -1.000000000000000000 ) ) ;
#4073 = STYLED_ITEM ( 'NONE', ( #7453 ), #7462 ) ;
#4074 = DIRECTION ( 'NONE',  ( 0.000000000000000000, -1.000000000000000000, -0.000000000000000000 ) ) ;
#4075 = ORIENTED_EDGE ( 'NONE', *, *, #670, .F. ) ;
#4076 = CARTESIAN_POINT ( 'NONE',  ( 4.850000000000000533, 2.080624847486572282, -0.2000000000000005107 ) ) ;
#4077 = DIRECTION ( 'NONE',  ( 1.000000000000000000, 0.000000000000000000, -4.336808689942006692E-15 ) ) ;
#4078 = DIRECTION ( 'NONE',  ( 0.000000000000000000, 0.000000000000000000, -1.000000000000000000 ) ) ;
#4079 = EDGE_CURVE ( 'NONE', #9609, #4142, #6893, .T. ) ;
#4080 = CIRCLE ( 'NONE', #1429, 0.5999999999999998668 ) ;
#4081 = ORIENTED_EDGE ( 'NONE', *, *, #6774, .F. ) ;
#4082 = DIRECTION ( 'NONE',  ( -1.000000000000000000, 0.000000000000000000, -0.000000000000000000 ) ) ;
#4083 = DIRECTION ( 'NONE',  ( 0.000000000000000000, -1.000000000000000000, -0.000000000000000000 ) ) ;
#4084 = ORIENTED_EDGE ( 'NONE', *, *, #2249, .F. ) ;
#4085 = AXIS2_PLACEMENT_3D ( 'NONE', #8929, #6761, #5277 ) ;
#4086 = CARTESIAN_POINT ( 'NONE',  ( -4.316688183223971187, 2.100000000000000533, 4.576232285936366218 ) ) ;
#4087 = FACE_OUTER_BOUND ( 'NONE', #7282, .T. ) ;
#4088 = EDGE_CURVE ( 'NONE', #3143, #9340, #3695, .T. ) ;
#4089 = EDGE_CURVE ( 'NONE', #5113, #111, #9348, .T. ) ;
#4090 = VERTEX_POINT ( 'NONE', #3905 ) ;
#4091 =( NAMED_UNIT ( * ) PLANE_ANGLE_UNIT ( ) SI_UNIT ( $, .RADIAN. ) );
#4092 = EDGE_CURVE ( 'NONE', #8834, #4906, #10204, .T. ) ;
#4093 = ORIENTED_EDGE ( 'NONE', *, *, #9497, .T. ) ;
#4094 = PLANE ( 'NONE',  #10051 ) ;
#4095 = VECTOR ( 'NONE', #381, 1000.000000000000000 ) ;
#4096 = LINE ( 'NONE', #8119, #1875 ) ;
#4097 = VECTOR ( 'NONE', #1534, 1000.000000000000000 ) ;
#4098 = DIRECTION ( 'NONE',  ( -1.000000000000000000, 0.000000000000000000, 1.626303258728256059E-15 ) ) ;
#4099 = CARTESIAN_POINT ( 'NONE',  ( -3.849999999999951683, 0.8000000000000000444, 0.3999999999999985789 ) ) ;
#4100 = ORIENTED_EDGE ( 'NONE', *, *, #1090, .T. ) ;
#4101 =( LENGTH_UNIT ( ) NAMED_UNIT ( * ) SI_UNIT ( .MILLI., .METRE. ) );
#4102 = PRESENTATION_STYLE_ASSIGNMENT (( #7187 ) ) ;
#4103 = VECTOR ( 'NONE', #5440, 1000.000000000000000 ) ;
#4104 = AXIS2_PLACEMENT_3D ( 'NONE', #8833, #1113, #8151 ) ;
#4105 = DIRECTION ( 'NONE',  ( 1.000000000000000000, 0.000000000000000000, -0.000000000000000000 ) ) ;
#4106 = VERTEX_POINT ( 'NONE', #3112 ) ;
#4107 = DIRECTION ( 'NONE',  ( 0.000000000000000000, 0.000000000000000000, -1.000000000000000000 ) ) ;
#4108 = ORIENTED_EDGE ( 'NONE', *, *, #5150, .F. ) ;
#4109 = CARTESIAN_POINT ( 'NONE',  ( 3.849999999999996092, 2.080624847486572282, -4.800000000000001599 ) ) ;
#4110 = DIRECTION ( 'NONE',  ( -0.000000000000000000, -1.000000000000000000, -0.000000000000000000 ) ) ;
#4111 = SURFACE_SIDE_STYLE ('',( #945 ) ) ;
#4112 = MECHANICAL_DESIGN_GEOMETRIC_PRESENTATION_REPRESENTATION (  '', ( #7232 ), #1438 ) ;
#4113 = LINE ( 'NONE', #1611, #8656 ) ;
#4114 = ORIENTED_EDGE ( 'NONE', *, *, #9372, .T. ) ;
#4115 = CARTESIAN_POINT ( 'NONE',  ( 0.000000000000000000, 0.7999999999999990452, -4.650000000000003908 ) ) ;
#4116 = CARTESIAN_POINT ( 'NONE',  ( -3.849999999999996092, 2.080624847486572282, -4.800000000000001599 ) ) ;
#4117 = CIRCLE ( 'NONE', #1124, 0.1499999999999999667 ) ;
#4118 = EDGE_LOOP ( 'NONE', ( #7525, #5452, #8571, #8950 ) ) ;
#4119 = CARTESIAN_POINT ( 'NONE',  ( 3.849999999999996536, 0.000000000000000000, 3.999999999999999112 ) ) ;
#4120 = SURFACE_STYLE_FILL_AREA ( #3385 ) ;
#4121 = FACE_OUTER_BOUND ( 'NONE', #5351, .T. ) ;
#4122 = DIRECTION ( 'NONE',  ( 0.000000000000000000, -1.000000000000000000, 3.336006684570780538E-15 ) ) ;
#4123 = ORIENTED_EDGE ( 'NONE', *, *, #1513, .T. ) ;
#4124 = ORIENTED_EDGE ( 'NONE', *, *, #7324, .T. ) ;
#4125 = CARTESIAN_POINT ( 'NONE',  ( -4.389905016664405579, 2.045755559128688006, -4.619933318518286924 ) ) ;
#4126 = EDGE_CURVE ( 'NONE', #6656, #859, #2089, .T. ) ;
#4127 = UNCERTAINTY_MEASURE_WITH_UNIT (LENGTH_MEASURE( 1.000000000000000082E-05 ), #7555, 'distance_accuracy_value', 'NONE');
#4128 = CARTESIAN_POINT ( 'NONE',  ( 4.850000000000000533, 0.8000000000000000444, -4.400000000000000355 ) ) ;
#4129 = PRESENTATION_LAYER_ASSIGNMENT (  '', '', ( #2635 ) ) ;
#4130 = ORIENTED_EDGE ( 'NONE', *, *, #4126, .F. ) ;
#4131 = LINE ( 'NONE', #5670, #2964 ) ;
#4132 = LINE ( 'NONE', #7268, #120 ) ;
#4133 = EDGE_CURVE ( 'NONE', #68, #4804, #1417, .T. ) ;
#4134 = DIRECTION ( 'NONE',  ( 1.626303258728256059E-15, 0.000000000000000000, -1.000000000000000000 ) ) ;
#4135 = EDGE_CURVE ( 'NONE', #6229, #3642, #2138, .T. ) ;
#4136 = VECTOR ( 'NONE', #1666, 1000.000000000000000 ) ;
#4137 = VECTOR ( 'NONE', #4365, 1000.000000000000000 ) ;
#4138 = ORIENTED_EDGE ( 'NONE', *, *, #3329, .F. ) ;
#4139 = CARTESIAN_POINT ( 'NONE',  ( 4.399999999999999467, 2.000000000000000444, -4.649929289321881321 ) ) ;
#4140 = PRESENTATION_STYLE_ASSIGNMENT (( #1689 ) ) ;
#4141 = ORIENTED_EDGE ( 'NONE', *, *, #5504, .T. ) ;
#4142 = VERTEX_POINT ( 'NONE', #2346 ) ;
#4143 =( NAMED_UNIT ( * ) SI_UNIT ( $, .STERADIAN. ) SOLID_ANGLE_UNIT ( ) );
#4144 = AXIS2_PLACEMENT_3D ( 'NONE', #976, #337, #7371 ) ;
#4145 = ORIENTED_EDGE ( 'NONE', *, *, #8006, .F. ) ;
#4146 = CARTESIAN_POINT ( 'NONE',  ( -3.849999999999996536, 2.080624847486572282, 2.600000000000000533 ) ) ;
#4147 = VECTOR ( 'NONE', #3008, 1000.000000000000000 ) ;
#4148 = LINE ( 'NONE', #2479, #7046 ) ;
#4149 = CARTESIAN_POINT ( 'NONE',  ( -3.849999999999996092, 0.7999999999999999334, -3.700000000000001066 ) ) ;
#4150 = EDGE_CURVE ( 'NONE', #3529, #7253, #3278, .T. ) ;
#4151 = DIRECTION ( 'NONE',  ( 1.000000000000000000, 0.000000000000000000, 0.000000000000000000 ) ) ;
#4152 =( NAMED_UNIT ( * ) PLANE_ANGLE_UNIT ( ) SI_UNIT ( $, .RADIAN. ) );
#4153 = LINE ( 'NONE', #6517, #1371 ) ;
#4154 = COLOUR_RGB ( '',0.000000000000000000, 0.5019607843137254832, 0.000000000000000000 ) ;
#4155 =( NAMED_UNIT ( * ) SI_UNIT ( $, .STERADIAN. ) SOLID_ANGLE_UNIT ( ) );
#4156 = DIRECTION ( 'NONE',  ( 1.626303258728256257E-15, 0.000000000000000000, -1.000000000000000000 ) ) ;
#4157 = EDGE_LOOP ( 'NONE', ( #123, #8933, #237, #3342, #5915, #6195 ) ) ;
#4158 = DIRECTION ( 'NONE',  ( 1.626303258728256059E-15, 0.000000000000000000, 1.000000000000000000 ) ) ;
#4159 = VERTEX_POINT ( 'NONE', #6483 ) ;
#4160 = PRESENTATION_STYLE_ASSIGNMENT (( #942 ) ) ;
#4161 = CARTESIAN_POINT ( 'NONE',  ( -4.399929289321881321, 2.000000000000001332, -4.749990000000000379 ) ) ;
#4162 = EDGE_CURVE ( 'NONE', #9393, #8995, #4938, .T. ) ;
#4163 = CARTESIAN_POINT ( 'NONE',  ( -3.849999999999974332, 0.8000000000000000444, 1.799999999999998490 ) ) ;
#4164 = CARTESIAN_POINT ( 'NONE',  ( 4.849999999999998757, 0.000000000000000000, -3.500000000000000444 ) ) ;
#4165 = DIRECTION ( 'NONE',  ( -0.000000000000000000, 1.000000000000000000, -0.000000000000000000 ) ) ;
#4166 = FACE_OUTER_BOUND ( 'NONE', #3351, .T. ) ;
#4167 = SURFACE_SIDE_STYLE ('',( #4061 ) ) ;
#4168 = FILL_AREA_STYLE_COLOUR ( '', #8104 ) ;
#4169 = ORIENTED_EDGE ( 'NONE', *, *, #2606, .F. ) ;
#4170 = VECTOR ( 'NONE', #3737, 1000.000000000000000 ) ;
#4171 = STYLED_ITEM ( 'NONE', ( #8290 ), #135 ) ;
#4172 = DIRECTION ( 'NONE',  ( 1.000000000000000000, 0.000000000000000000, 0.000000000000000000 ) ) ;
#4173 = CARTESIAN_POINT ( 'NONE',  ( 4.850000000000000533, 2.080624847486572282, -4.600000000000000533 ) ) ;
#4174 = DIRECTION ( 'NONE',  ( 0.000000000000000000, 1.000000000000000000, 0.000000000000000000 ) ) ;
#4175 = FACE_OUTER_BOUND ( 'NONE', #558, .T. ) ;
#4176 = DIRECTION ( 'NONE',  ( 3.336006684570780538E-15, 1.000000000000000000, -0.000000000000000000 ) ) ;
#4177 = ORIENTED_EDGE ( 'NONE', *, *, #9504, .F. ) ;
#4178 = ORIENTED_EDGE ( 'NONE', *, *, #2109, .T. ) ;
#4179 =( NAMED_UNIT ( * ) PLANE_ANGLE_UNIT ( ) SI_UNIT ( $, .RADIAN. ) );
#4180 = DIRECTION ( 'NONE',  ( 0.000000000000000000, 1.000000000000000000, 0.000000000000000000 ) ) ;
#4181 = PRESENTATION_STYLE_ASSIGNMENT (( #2666 ) ) ;
#4182 = LINE ( 'NONE', #231, #6349 ) ;
#4183 = CARTESIAN_POINT ( 'NONE',  ( -3.849999999999997424, 2.080624847486572282, 0.3999999999999993006 ) ) ;
#4184 = EDGE_CURVE ( 'NONE', #3642, #3245, #9664, .T. ) ;
#4185 = CARTESIAN_POINT ( 'NONE',  ( -4.850000000000000533, 0.000000000000000000, -2.400000000000000355 ) ) ;
#4186 = EDGE_CURVE ( 'NONE', #9609, #4881, #2549, .T. ) ;
#4187 = CARTESIAN_POINT ( 'NONE',  ( -3.849999999999997424, 2.080624847486572282, 4.799999999999999822 ) ) ;
#4188 = VERTEX_POINT ( 'NONE', #4827 ) ;
#4189 = CARTESIAN_POINT ( 'NONE',  ( -4.456818344548027611, 2.267488058945590801, 4.583370007714943739 ) ) ;
#4190 = LINE ( 'NONE', #9132, #7750 ) ;
#4191 = ORIENTED_EDGE ( 'NONE', *, *, #2148, .F. ) ;
#4192 =( GEOMETRIC_REPRESENTATION_CONTEXT ( 3 ) GLOBAL_UNCERTAINTY_ASSIGNED_CONTEXT ( ( #4330 ) ) GLOBAL_UNIT_ASSIGNED_CONTEXT ( ( #2687, #7430, #200 ) ) REPRESENTATION_CONTEXT ( 'NONE', 'WORKASPACE' ) );
#4193 = ORIENTED_EDGE ( 'NONE', *, *, #483, .F. ) ;
#4194 = CARTESIAN_POINT ( 'NONE',  ( 4.599999999999998757, 2.078750921375359439, -4.633229641565213441 ) ) ;
#4195 = VECTOR ( 'NONE', #3546, 1000.000000000000000 ) ;
#4196 = STYLED_ITEM ( 'NONE', ( #7904 ), #721 ) ;
#4197 = VERTEX_POINT ( 'NONE', #4932 ) ;
#4198 = DIRECTION ( 'NONE',  ( 1.626303258728256257E-15, 0.000000000000000000, 1.000000000000000000 ) ) ;
#4199 = CARTESIAN_POINT ( 'NONE',  ( -3.449999999999999289, 2.200000000000000178, -4.049999999999999822 ) ) ;
#4200 = DIRECTION ( 'NONE',  ( -0.000000000000000000, 1.000000000000000000, 0.000000000000000000 ) ) ;
#4201 = EDGE_CURVE ( 'NONE', #2223, #9087, #8869, .T. ) ;
#4202 = AXIS2_PLACEMENT_3D ( 'NONE', #9447, #2546, #3163 ) ;
#4203 = COLOUR_RGB ( '',0.000000000000000000, 0.5019607843137254832, 0.000000000000000000 ) ;
#4204 = DIRECTION ( 'NONE',  ( 1.000000000000000000, 0.000000000000000000, -0.000000000000000000 ) ) ;
#4205 = DIRECTION ( 'NONE',  ( 0.000000000000000000, -0.000000000000000000, 1.000000000000000000 ) ) ;
#4206 = PLANE ( 'NONE',  #4811 ) ;
#4207 = ORIENTED_EDGE ( 'NONE', *, *, #830, .F. ) ;
#4208 = DIRECTION ( 'NONE',  ( 0.000000000000000000, -0.000000000000000000, -1.000000000000000000 ) ) ;
#4209 = VECTOR ( 'NONE', #566, 1000.000000000000000 ) ;
#4210 = ORIENTED_EDGE ( 'NONE', *, *, #6343, .T. ) ;
#4211 = DIRECTION ( 'NONE',  ( -1.000000000000000000, 0.000000000000000000, -0.000000000000000000 ) ) ;
#4212 = STYLED_ITEM ( 'NONE', ( #8524 ), #8832 ) ;
#4213 = COLOUR_RGB ( '',0.8980392156862745390, 0.8980392156862745390, 0.8980392156862745390 ) ;
#4214 = DIRECTION ( 'NONE',  ( -0.000000000000000000, -1.000000000000000000, 0.000000000000000000 ) ) ;
#4215 = DIRECTION ( 'NONE',  ( 0.000000000000000000, 1.000000000000000000, 0.000000000000000000 ) ) ;
#4216 = EDGE_CURVE ( 'NONE', #7800, #2386, #10254, .T. ) ;
#4217 =( NAMED_UNIT ( * ) SI_UNIT ( $, .STERADIAN. ) SOLID_ANGLE_UNIT ( ) );
#4218 = DIRECTION ( 'NONE',  ( -1.000000000000000000, -0.000000000000000000, 0.000000000000000000 ) ) ;
#4219 = CARTESIAN_POINT ( 'NONE',  ( -4.850000000000000533, 2.080624847486572282, 1.999999999999999556 ) ) ;
#4220 =( NAMED_UNIT ( * ) SI_UNIT ( $, .STERADIAN. ) SOLID_ANGLE_UNIT ( ) );
#4221 = VERTEX_POINT ( 'NONE', #2499 ) ;
#4222 = SURFACE_STYLE_USAGE ( .BOTH. , #1057 ) ;
#4223 = EDGE_CURVE ( 'NONE', #4912, #1412, #7301, .T. ) ;
#4224 = CARTESIAN_POINT ( 'NONE',  ( 4.333321372093176471, 2.267607869197447279, -4.706613802740580610 ) ) ;
#4225 = VECTOR ( 'NONE', #517, 1000.000000000000000 ) ;
#4226 = PRESENTATION_LAYER_ASSIGNMENT (  '', '', ( #6016 ) ) ;
#4227 = SURFACE_STYLE_USAGE ( .BOTH. , #360 ) ;
#4228 = ORIENTED_EDGE ( 'NONE', *, *, #2945, .F. ) ;
#4229 = ORIENTED_EDGE ( 'NONE', *, *, #5592, .T. ) ;
#4230 = DIRECTION ( 'NONE',  ( -3.336006684570780538E-15, -1.000000000000000000, 0.000000000000000000 ) ) ;
#4231 = UNCERTAINTY_MEASURE_WITH_UNIT (LENGTH_MEASURE( 1.000000000000000082E-05 ), #10017, 'distance_accuracy_value', 'NONE');
#4232 = DIRECTION ( 'NONE',  ( 0.000000000000000000, 0.000000000000000000, -1.000000000000000000 ) ) ;
#4233 = CARTESIAN_POINT ( 'NONE',  ( 4.850000000000000533, 0.7999999999999999334, 0.1999999999999987899 ) ) ;
#4234 = LINE ( 'NONE', #1071, #2764 ) ;
#4235 = ORIENTED_EDGE ( 'NONE', *, *, #8467, .F. ) ;
#4236 = LINE ( 'NONE', #8060, #6154 ) ;
#4237 = ORIENTED_EDGE ( 'NONE', *, *, #7078, .T. ) ;
#4238 = CARTESIAN_POINT ( 'NONE',  ( 4.457639970946510211, 2.269452524890164469, -4.583309763107296320 ) ) ;
#4239 = ORIENTED_EDGE ( 'NONE', *, *, #6250, .T. ) ;
#4240 = PLANE ( 'NONE',  #7880 ) ;
#4241 = CARTESIAN_POINT ( 'NONE',  ( 4.399929289321881321, 2.000000000000000888, 4.649999999999999467 ) ) ;
#4242 =( GEOMETRIC_REPRESENTATION_CONTEXT ( 3 ) GLOBAL_UNCERTAINTY_ASSIGNED_CONTEXT ( ( #7837 ) ) GLOBAL_UNIT_ASSIGNED_CONTEXT ( ( #3020, #2260, #908 ) ) REPRESENTATION_CONTEXT ( 'NONE', 'WORKASPACE' ) );
#4243 = FILL_AREA_STYLE ('',( #1084 ) ) ;
#4244 = DIRECTION ( 'NONE',  ( 0.000000000000000000, 0.000000000000000000, -1.000000000000000000 ) ) ;
#4245 = FILL_AREA_STYLE_COLOUR ( '', #5303 ) ;
#4246 = ORIENTED_EDGE ( 'NONE', *, *, #6654, .F. ) ;
#4247 = EDGE_CURVE ( 'NONE', #3407, #5721, #7980, .T. ) ;
#4248 = CARTESIAN_POINT ( 'NONE',  ( -4.366619526214588376, 2.051144252825626069, -4.637420392015688897 ) ) ;
#4249 = PRESENTATION_LAYER_ASSIGNMENT (  '', '', ( #6046 ) ) ;
#4250 = EDGE_LOOP ( 'NONE', ( #9444, #6021, #9940, #8137 ) ) ;
#4251 = PRESENTATION_LAYER_ASSIGNMENT (  '', '', ( #9391 ) ) ;
#4252 = DIRECTION ( 'NONE',  ( 0.000000000000000000, 0.000000000000000000, -1.000000000000000000 ) ) ;
#4253 = LINE ( 'NONE', #8754, #8212 ) ;
#4254 = EDGE_CURVE ( 'NONE', #8059, #1384, #1770, .T. ) ;
#4255 = CARTESIAN_POINT ( 'NONE',  ( 3.850000000000042721, 0.8000000000000000444, 0.3999999999999993006 ) ) ;
#4256 = MECHANICAL_DESIGN_GEOMETRIC_PRESENTATION_REPRESENTATION (  '', ( #6716 ), #6886 ) ;
#4257 = VECTOR ( 'NONE', #8723, 1000.000000000000000 ) ;
#4258 = ADVANCED_FACE ( 'NONE', ( #8815 ), #8038, .F. ) ;
#4259 = MECHANICAL_DESIGN_GEOMETRIC_PRESENTATION_REPRESENTATION (  '', ( #4923 ), #6890 ) ;
#4260 = FACE_OUTER_BOUND ( 'NONE', #4690, .T. ) ;
#4261 = DIRECTION ( 'NONE',  ( 0.000000000000000000, 0.000000000000000000, -1.000000000000000000 ) ) ;
#4262 = SURFACE_SIDE_STYLE ('',( #5036 ) ) ;
#4263 = CARTESIAN_POINT ( 'NONE',  ( -4.850000000000000533, 2.080624847486572282, 4.599999999999998757 ) ) ;
#4264 = ADVANCED_FACE ( 'NONE', ( #1145 ), #2798, .T. ) ;
#4265 = AXIS2_PLACEMENT_3D ( 'NONE', #2423, #6462, #872 ) ;
#4266 =( NAMED_UNIT ( * ) SI_UNIT ( $, .STERADIAN. ) SOLID_ANGLE_UNIT ( ) );
#4267 = ORIENTED_EDGE ( 'NONE', *, *, #7144, .T. ) ;
#4268 = DIRECTION ( 'NONE',  ( -1.000000000000000000, 0.000000000000000000, 1.626303258728256257E-15 ) ) ;
#4269 = ADVANCED_FACE ( 'NONE', ( #6668 ), #5951, .T. ) ;
#4270 = EDGE_CURVE ( 'NONE', #8385, #3407, #4398, .T. ) ;
#4271 = CIRCLE ( 'NONE', #3778, 0.1999999999999996503 ) ;
#4272 = ORIENTED_EDGE ( 'NONE', *, *, #5852, .T. ) ;
#4273 = FILL_AREA_STYLE ('',( #178 ) ) ;
#4274 = CARTESIAN_POINT ( 'NONE',  ( -4.850000000000001421, 0.8000000000000000444, -5.049999999999999822 ) ) ;
#4275 = CARTESIAN_POINT ( 'NONE',  ( -4.850000000000001421, 0.7999999999999999334, 0.3999999999999993006 ) ) ;
#4276 = CARTESIAN_POINT ( 'NONE',  ( 4.850000000000005862, 0.8000000000000000444, 0.000000000000000000 ) ) ;
#4277 = PRESENTATION_LAYER_ASSIGNMENT (  '', '', ( #9576 ) ) ;
#4278 = CARTESIAN_POINT ( 'NONE',  ( -4.399999999999999467, 2.000000000000000000, -4.649929289321881321 ) ) ;
#4279 = DIRECTION ( 'NONE',  ( -0.000000000000000000, 0.000000000000000000, 1.000000000000000000 ) ) ;
#4280 = ORIENTED_EDGE ( 'NONE', *, *, #4216, .F. ) ;
#4281 = EDGE_LOOP ( 'NONE', ( #1074, #346, #8422, #7985 ) ) ;
#4282 = CARTESIAN_POINT ( 'NONE',  ( 3.849999999999997424, 0.000000000000000000, 4.799999999999999822 ) ) ;
#4283 = AXIS2_PLACEMENT_3D ( 'NONE', #7472, #6700, #9883 ) ;
#4284 = EDGE_LOOP ( 'NONE', ( #5985, #4717, #5469, #9363 ) ) ;
#4285 = SURFACE_SIDE_STYLE ('',( #9000 ) ) ;
#4286 = CARTESIAN_POINT ( 'NONE',  ( 4.397979999999999556, 2.000000000000000444, -4.649929289321881321 ) ) ;
#4287 = VERTEX_POINT ( 'NONE', #1250 ) ;
#4288 = FACE_OUTER_BOUND ( 'NONE', #3155, .T. ) ;
#4289 = CARTESIAN_POINT ( 'NONE',  ( -4.850000000000001421, 0.8000000000000000444, 5.049999999999999822 ) ) ;
#4290 =( GEOMETRIC_REPRESENTATION_CONTEXT ( 3 ) GLOBAL_UNCERTAINTY_ASSIGNED_CONTEXT ( ( #2056 ) ) GLOBAL_UNIT_ASSIGNED_CONTEXT ( ( #7494, #9574, #1848 ) ) REPRESENTATION_CONTEXT ( 'NONE', 'WORKASPACE' ) );
#4291 = DIRECTION ( 'NONE',  ( 0.000000000000000000, 0.000000000000000000, 1.000000000000000000 ) ) ;
#4292 = SURFACE_STYLE_FILL_AREA ( #1758 ) ;
#4293 = ORIENTED_EDGE ( 'NONE', *, *, #252, .F. ) ;
#4294 = SURFACE_SIDE_STYLE ('',( #5688 ) ) ;
#4295 = SURFACE_STYLE_FILL_AREA ( #201 ) ;
#4296 = ORIENTED_EDGE ( 'NONE', *, *, #6444, .T. ) ;
#4297 = STYLED_ITEM ( 'NONE', ( #9952 ), #6629 ) ;
#4298 = DIRECTION ( 'NONE',  ( -0.000000000000000000, -1.000000000000000000, -0.000000000000000000 ) ) ;
#4299 = VECTOR ( 'NONE', #78, 1000.000000000000000 ) ;
#4300 = ORIENTED_EDGE ( 'NONE', *, *, #4613, .T. ) ;
#4301 = CARTESIAN_POINT ( 'NONE',  ( 4.600000000000003197, 0.7999999999999997113, 4.850000000000001421 ) ) ;
#4302 =( GEOMETRIC_REPRESENTATION_CONTEXT ( 3 ) GLOBAL_UNCERTAINTY_ASSIGNED_CONTEXT ( ( #2143 ) ) GLOBAL_UNIT_ASSIGNED_CONTEXT ( ( #8090, #6536, #2614 ) ) REPRESENTATION_CONTEXT ( 'NONE', 'WORKASPACE' ) );
#4303 = AXIS2_PLACEMENT_3D ( 'NONE', #3730, #7746, #1342 ) ;
#4304 = EDGE_CURVE ( 'NONE', #6380, #660, #1975, .T. ) ;
#4305 = AXIS2_PLACEMENT_3D ( 'NONE', #9711, #8329, #4261 ) ;
#4306 = CARTESIAN_POINT ( 'NONE',  ( 4.850000000000001421, 0.000000000000000000, 2.600000000000000533 ) ) ;
#4307 = LINE ( 'NONE', #9856, #10098 ) ;
#4308 = EDGE_CURVE ( 'NONE', #6037, #8620, #7349, .T. ) ;
#4309 = VECTOR ( 'NONE', #2960, 1000.000000000000000 ) ;
#4310 = LINE ( 'NONE', #357, #3279 ) ;
#4311 = ORIENTED_EDGE ( 'NONE', *, *, #813, .F. ) ;
#4312 = FACE_OUTER_BOUND ( 'NONE', #8111, .T. ) ;
#4313 = PRESENTATION_STYLE_ASSIGNMENT (( #4227 ) ) ;
#4314 = ORIENTED_EDGE ( 'NONE', *, *, #4887, .T. ) ;
#4315 = FILL_AREA_STYLE_COLOUR ( '', #4203 ) ;
#4316 = DIRECTION ( 'NONE',  ( 0.000000000000000000, -0.000000000000000000, -1.000000000000000000 ) ) ;
#4317 = CARTESIAN_POINT ( 'NONE',  ( -4.299999999999999822, 2.100000000000000089, 4.549999999999999822 ) ) ;
#4318 = UNCERTAINTY_MEASURE_WITH_UNIT (LENGTH_MEASURE( 1.000000000000000082E-05 ), #761, 'distance_accuracy_value', 'NONE');
#4319 = DIRECTION ( 'NONE',  ( -4.336808689942006692E-15, 0.000000000000000000, 1.000000000000000000 ) ) ;
#4320 = LINE ( 'NONE', #471, #2307 ) ;
#4321 = FILL_AREA_STYLE ('',( #1165 ) ) ;
#4322 = CARTESIAN_POINT ( 'NONE',  ( 3.850000000000076472, 0.000000000000000000, 0.000000000000000000 ) ) ;
#4323 = EDGE_CURVE ( 'NONE', #3356, #375, #3474, .T. ) ;
#4324 = ORIENTED_EDGE ( 'NONE', *, *, #2159, .F. ) ;
#4325 = ORIENTED_EDGE ( 'NONE', *, *, #503, .F. ) ;
#4326 = EDGE_CURVE ( 'NONE', #7749, #305, #998, .T. ) ;
#4327 = DIRECTION ( 'NONE',  ( -1.000000000000000000, 0.000000000000000000, -0.000000000000000000 ) ) ;
#4328 = AXIS2_PLACEMENT_3D ( 'NONE', #5434, #3985, #8801 ) ;
#4329 = ORIENTED_EDGE ( 'NONE', *, *, #7157, .T. ) ;
#4330 = UNCERTAINTY_MEASURE_WITH_UNIT (LENGTH_MEASURE( 1.000000000000000082E-05 ), #2687, 'distance_accuracy_value', 'NONE');
#4331 = CARTESIAN_POINT ( 'NONE',  ( 3.850000000000018741, 0.8000000000000000444, 2.600000000000000533 ) ) ;
#4332 = ORIENTED_EDGE ( 'NONE', *, *, #9993, .T. ) ;
#4333 = DIRECTION ( 'NONE',  ( -1.626303258728256059E-15, -0.000000000000000000, -1.000000000000000000 ) ) ;
#4334 = ADVANCED_FACE ( 'NONE', ( #5129 ), #9078, .F. ) ;
#4335 = CIRCLE ( 'NONE', #1860, 0.4000000000000006328 ) ;
#4336 = LINE ( 'NONE', #494, #6319 ) ;
#4337 = EDGE_CURVE ( 'NONE', #6427, #4551, #8279, .T. ) ;
#4338 = ORIENTED_EDGE ( 'NONE', *, *, #9763, .T. ) ;
#4339 = PRESENTATION_STYLE_ASSIGNMENT (( #1181 ) ) ;
#4340 = EDGE_LOOP ( 'NONE', ( #10142, #4788, #5940, #1986 ) ) ;
#4341 = FACE_OUTER_BOUND ( 'NONE', #593, .T. ) ;
#4342 = ORIENTED_EDGE ( 'NONE', *, *, #6259, .F. ) ;
#4343 = VECTOR ( 'NONE', #6600, 1000.000000000000000 ) ;
#4344 = FILL_AREA_STYLE ('',( #403 ) ) ;
#4345 = CARTESIAN_POINT ( 'NONE',  ( 4.333309763107293655, 2.267668071082945325, 4.706595997628983952 ) ) ;
#4346 = VECTOR ( 'NONE', #7537, 1000.000000000000000 ) ;
#4347 = LINE ( 'NONE', #8134, #3126 ) ;
#4348 = DIRECTION ( 'NONE',  ( -0.000000000000000000, -1.000000000000000000, -0.000000000000000000 ) ) ;
#4349 =( NAMED_UNIT ( * ) PLANE_ANGLE_UNIT ( ) SI_UNIT ( $, .RADIAN. ) );
#4350 = CARTESIAN_POINT ( 'NONE',  ( -3.849999999999996092, 2.080624847486572282, 0.6999999999999992895 ) ) ;
#4351 = AXIS2_PLACEMENT_3D ( 'NONE', #5066, #9981, #9064 ) ;
#4352 = CARTESIAN_POINT ( 'NONE',  ( -4.850000000000001421, 0.7999999999999999334, -2.900000000000000799 ) ) ;
#4353 = ORIENTED_EDGE ( 'NONE', *, *, #6569, .T. ) ;
#4354 = DIRECTION ( 'NONE',  ( 1.000000000000000000, 0.000000000000000000, 0.000000000000000000 ) ) ;
#4355 = CARTESIAN_POINT ( 'NONE',  ( 4.850000000000000533, 0.000000000000000000, 2.399999999999999023 ) ) ;
#4356 = PRESENTATION_LAYER_ASSIGNMENT (  '', '', ( #7829 ) ) ;
#4357 = VECTOR ( 'NONE', #7254, 1000.000000000000000 ) ;
#4358 = ORIENTED_EDGE ( 'NONE', *, *, #2337, .F. ) ;
#4359 = CARTESIAN_POINT ( 'NONE',  ( -4.850000000000000533, 2.080624847486572282, 1.799999999999999600 ) ) ;
#4360 = LINE ( 'NONE', #416, #5359 ) ;
#4361 = DIRECTION ( 'NONE',  ( -1.000000000000000000, -0.000000000000000000, -0.000000000000000000 ) ) ;
#4362 = ORIENTED_EDGE ( 'NONE', *, *, #7496, .F. ) ;
#4363 = EDGE_CURVE ( 'NONE', #1080, #5376, #6573, .T. ) ;
#4364 = PLANE ( 'NONE',  #6839 ) ;
#4365 = DIRECTION ( 'NONE',  ( -0.000000000000000000, 0.000000000000000000, 1.000000000000000000 ) ) ;
#4366 = MECHANICAL_DESIGN_GEOMETRIC_PRESENTATION_REPRESENTATION (  '', ( #1904 ), #10001 ) ;
#4367 = MECHANICAL_DESIGN_GEOMETRIC_PRESENTATION_REPRESENTATION (  '', ( #8845 ), #4060 ) ;
#4368 = PLANE ( 'NONE',  #2925 ) ;
#4369 = CARTESIAN_POINT ( 'NONE',  ( -4.599999999999998757, 2.000000000000001332, -4.649929289321881321 ) ) ;
#4370 = ORIENTED_EDGE ( 'NONE', *, *, #8226, .F. ) ;
#4371 = ORIENTED_EDGE ( 'NONE', *, *, #4747, .T. ) ;
#4372 = DIRECTION ( 'NONE',  ( 1.000000000000000000, 0.000000000000000000, 0.000000000000000000 ) ) ;
#4373 = ORIENTED_EDGE ( 'NONE', *, *, #3669, .F. ) ;
#4374 =( GEOMETRIC_REPRESENTATION_CONTEXT ( 3 ) GLOBAL_UNCERTAINTY_ASSIGNED_CONTEXT ( ( #6681 ) ) GLOBAL_UNIT_ASSIGNED_CONTEXT ( ( #4055, #4982, #1920 ) ) REPRESENTATION_CONTEXT ( 'NONE', 'WORKASPACE' ) );
#4375 = VECTOR ( 'NONE', #4074, 1000.000000000000000 ) ;
#4376 = CARTESIAN_POINT ( 'NONE',  ( 4.849999999999998757, 0.7999999999999999334, 4.200000000000000178 ) ) ;
#4377 = CARTESIAN_POINT ( 'NONE',  ( -4.850000000000001421, 0.000000000000000000, 3.699999999999999289 ) ) ;
#4378 = ORIENTED_EDGE ( 'NONE', *, *, #5761, .T. ) ;
#4379 = FACE_OUTER_BOUND ( 'NONE', #3636, .T. ) ;
#4380 = ADVANCED_FACE ( 'NONE', ( #3426 ), #9033, .F. ) ;
#4381 = DIRECTION ( 'NONE',  ( 0.000000000000000000, 1.000000000000000000, 0.000000000000000000 ) ) ;
#4382 = PLANE ( 'NONE',  #4283 ) ;
#4383 =( NAMED_UNIT ( * ) PLANE_ANGLE_UNIT ( ) SI_UNIT ( $, .RADIAN. ) );
#4384 = EDGE_CURVE ( 'NONE', #1712, #2049, #1455, .T. ) ;
#4385 = ORIENTED_EDGE ( 'NONE', *, *, #2740, .F. ) ;
#4386 = CARTESIAN_POINT ( 'NONE',  ( 4.299999999999998934, 2.100000000000000089, -4.549999999999998934 ) ) ;
#4387 = CARTESIAN_POINT ( 'NONE',  ( 4.850000000000001421, 0.000000000000000000, -4.000000000000000888 ) ) ;
#4388 = ORIENTED_EDGE ( 'NONE', *, *, #953, .T. ) ;
#4389 = EDGE_CURVE ( 'NONE', #4912, #6711, #2283, .T. ) ;
#4390 = CARTESIAN_POINT ( 'NONE',  ( -4.299999999999999822, 2.100000000000000089, -4.549999999999998934 ) ) ;
#4391 = ORIENTED_EDGE ( 'NONE', *, *, #2609, .F. ) ;
#4392 = COLOUR_RGB ( '',0.8980392156862745390, 0.8980392156862745390, 0.8980392156862745390 ) ;
#4393 = DIRECTION ( 'NONE',  ( 0.000000000000000000, 0.000000000000000000, 1.000000000000000000 ) ) ;
#4394 = CARTESIAN_POINT ( 'NONE',  ( -3.849999999999986322, 0.8000000000000000444, 3.699999999999998401 ) ) ;
#4395 =( NAMED_UNIT ( * ) SI_UNIT ( $, .STERADIAN. ) SOLID_ANGLE_UNIT ( ) );
#4396 = DIRECTION ( 'NONE',  ( -3.336006684570780538E-15, 1.000000000000000000, 0.000000000000000000 ) ) ;
#4397 = LINE ( 'NONE', #6827, #4004 ) ;
#4398 = LINE ( 'NONE', #1924, #7581 ) ;
#4399 = DIRECTION ( 'NONE',  ( -0.000000000000000000, -1.000000000000000000, -0.000000000000000000 ) ) ;
#4400 = VECTOR ( 'NONE', #3282, 1000.000000000000000 ) ;
#4401 = CARTESIAN_POINT ( 'NONE',  ( 4.600000000000005862, 1.604392701679423663E-14, -4.649929289321881321 ) ) ;
#4402 = FACE_OUTER_BOUND ( 'NONE', #7973, .T. ) ;
#4403 = EDGE_LOOP ( 'NONE', ( #10072, #3650, #7719, #9105 ) ) ;
#4404 = DIRECTION ( 'NONE',  ( -1.000000000000000000, -1.219532110926280296E-47, -1.991647080244468484E-31 ) ) ;
#4405 = STYLED_ITEM ( 'NONE', ( #8266 ), #5552 ) ;
#4406 = B_SPLINE_SURFACE_WITH_KNOTS ( 'NONE', 1, 3, ( 
 ( #5450, #4624, #1615, #7877, #2399, #5402 ),
 ( #4780, #2449, #845, #59, #794, #3011 ),
 ( #688, #7145, #7091, #3224, #1, #3856 ),
 ( #3169, #7983, #3067, #6326, #9353, #6171 ) ),
 .UNSPECIFIED., .F., .F., .F.,
 ( 2, 1, 1, 2 ),
 ( 4, 2, 4 ),
 ( -0.01000000000000000021, 0.000000000000000000, 1.000000000000000000, 1.010099999999999998 ),
 ( 0.000000000000000000, 0.5000000000000000000, 1.000000000000000000 ),
 .UNSPECIFIED. ) ;
#4407 = VERTEX_POINT ( 'NONE', #4610 ) ;
#4408 = DIRECTION ( 'NONE',  ( -1.000000000000000000, -0.000000000000000000, -0.000000000000000000 ) ) ;
#4409 = EDGE_CURVE ( 'NONE', #6519, #7119, #2998, .T. ) ;
#4410 = VECTOR ( 'NONE', #6624, 1000.000000000000000 ) ;
#4411 = CARTESIAN_POINT ( 'NONE',  ( -4.850000000000001421, 0.000000000000000000, 5.049999999999999822 ) ) ;
#4412 = ORIENTED_EDGE ( 'NONE', *, *, #846, .F. ) ;
#4413 = PLANE ( 'NONE',  #7830 ) ;
#4414 = CIRCLE ( 'NONE', #8894, 0.1999999999999996503 ) ;
#4415 = LINE ( 'NONE', #2865, #6101 ) ;
#4416 = ADVANCED_FACE ( 'NONE', ( #3791 ), #6828, .F. ) ;
#4417 = FACE_OUTER_BOUND ( 'NONE', #8442, .T. ) ;
#4418 = CARTESIAN_POINT ( 'NONE',  ( -4.399999999999999467, 2.026232285936368172, -4.633241106097909068 ) ) ;
#4419 = EDGE_CURVE ( 'NONE', #1416, #6229, #1504, .T. ) ;
#4420 = ORIENTED_EDGE ( 'NONE', *, *, #267, .F. ) ;
#4421 = VERTEX_POINT ( 'NONE', #10150 ) ;
#4422 = PRESENTATION_LAYER_ASSIGNMENT (  '', '', ( #8905 ) ) ;
#4423 = CARTESIAN_POINT ( 'NONE',  ( 0.000000000000000000, 0.8000000000000000444, -2.600000000000000533 ) ) ;
#4424 = EDGE_LOOP ( 'NONE', ( #5275, #9248, #3835, #4639 ) ) ;
#4425 = FACE_OUTER_BOUND ( 'NONE', #9551, .T. ) ;
#4426 = UNCERTAINTY_MEASURE_WITH_UNIT (LENGTH_MEASURE( 1.000000000000000082E-05 ), #8938, 'distance_accuracy_value', 'NONE');
#4427 = CARTESIAN_POINT ( 'NONE',  ( 3.849999999999997424, 0.7999999999999999334, -4.000000000000000888 ) ) ;
#4428 = FILL_AREA_STYLE_COLOUR ( '', #3734 ) ;
#4429 = ORIENTED_EDGE ( 'NONE', *, *, #8066, .T. ) ;
#4430 = ADVANCED_FACE ( 'NONE', ( #7652 ), #4661, .T. ) ;
#4431 = CARTESIAN_POINT ( 'NONE',  ( -4.850000000000000533, 0.7999999999999999334, -4.800000000000001599 ) ) ;
#4432 = LINE ( 'NONE', #8308, #6224 ) ;
#4433 = FACE_OUTER_BOUND ( 'NONE', #395, .T. ) ;
#4434 = EDGE_CURVE ( 'NONE', #3230, #8535, #8548, .T. ) ;
#4435 = ORIENTED_EDGE ( 'NONE', *, *, #4772, .F. ) ;
#4436 = VERTEX_POINT ( 'NONE', #7810 ) ;
#4437 = CARTESIAN_POINT ( 'NONE',  ( 4.333309763107292767, 2.089222690360982515, -4.602198665876326977 ) ) ;
#4438 = CARTESIAN_POINT ( 'NONE',  ( -4.850000000000001421, 0.7999999999999999334, 3.699999999999999289 ) ) ;
#4439 = ORIENTED_EDGE ( 'NONE', *, *, #7012, .T. ) ;
#4440 = B_SPLINE_CURVE_WITH_KNOTS ( 'NONE', 3,
 ( #2879, #3022, #3769, #1383, #10029, #9305 ),
 .UNSPECIFIED., .F., .F.,
 ( 4, 2, 4 ),
 ( 8.673617379884034509E-19, 0.0002394266293374255102, 0.0004788532586748501531 ),
 .UNSPECIFIED. ) ;
#4441 = FACE_OUTER_BOUND ( 'NONE', #7996, .T. ) ;
#4442 = EDGE_LOOP ( 'NONE', ( #5311, #5152, #1044, #164 ) ) ;
#4443 = PRESENTATION_LAYER_ASSIGNMENT (  '', '', ( #2468 ) ) ;
#4444 = ADVANCED_FACE ( 'NONE', ( #6102 ), #1300, .T. ) ;
#4445 = DIRECTION ( 'NONE',  ( 1.000000000000000000, 0.000000000000000000, 0.000000000000000000 ) ) ;
#4446 = FACE_OUTER_BOUND ( 'NONE', #8181, .T. ) ;
#4447 = CARTESIAN_POINT ( 'NONE',  ( 4.316688183223972075, 2.100000000000000533, 4.576232285936367106 ) ) ;
#4448 = LINE ( 'NONE', #9279, #4209 ) ;
#4449 = DIRECTION ( 'NONE',  ( 0.000000000000000000, 0.000000000000000000, -1.000000000000000000 ) ) ;
#4450 = VECTOR ( 'NONE', #6186, 1000.000000000000000 ) ;
#4451 = LINE ( 'NONE', #6881, #2167 ) ;
#4452 = ADVANCED_FACE ( 'NONE', ( #7707 ), #2952, .T. ) ;
#4453 = PRESENTATION_LAYER_ASSIGNMENT (  '', '', ( #2647 ) ) ;
#4454 = VECTOR ( 'NONE', #555, 1000.000000000000000 ) ;
#4455 = VECTOR ( 'NONE', #4504, 1000.000000000000000 ) ;
#4456 = CARTESIAN_POINT ( 'NONE',  ( 4.850000000000001421, 0.000000000000000000, -4.800000000000001599 ) ) ;
#4457 = VERTEX_POINT ( 'NONE', #6205 ) ;
#4458 =( NAMED_UNIT ( * ) SI_UNIT ( $, .STERADIAN. ) SOLID_ANGLE_UNIT ( ) );
#4459 = FILL_AREA_STYLE ('',( #6214 ) ) ;
#4460 = PRODUCT_CONTEXT ( 'NONE', #4574, 'mechanical' ) ;
#4461 =( NAMED_UNIT ( * ) PLANE_ANGLE_UNIT ( ) SI_UNIT ( $, .RADIAN. ) );
#4462 = ORIENTED_EDGE ( 'NONE', *, *, #5412, .F. ) ;
#4463 = CARTESIAN_POINT ( 'NONE',  ( -4.850000000000001421, 2.080624847486572282, -4.000000000000000888 ) ) ;
#4464 = LINE ( 'NONE', #7604, #5131 ) ;
#4465 = ADVANCED_FACE ( 'NONE', ( #9951 ), #2179, .T. ) ;
#4466 = AXIS2_PLACEMENT_3D ( 'NONE', #2799, #9126, #5180 ) ;
#4467 = VECTOR ( 'NONE', #9880, 1000.000000000000000 ) ;
#4468 = CARTESIAN_POINT ( 'NONE',  ( -4.311251983595060011, 2.100000000000000089, 4.557158170062763247 ) ) ;
#4469 = ORIENTED_EDGE ( 'NONE', *, *, #1260, .F. ) ;
#4470 = DIRECTION ( 'NONE',  ( 1.626303258728256059E-15, 0.000000000000000000, -1.000000000000000000 ) ) ;
#4471 = LINE ( 'NONE', #7671, #2643 ) ;
#4472 = DIRECTION ( 'NONE',  ( -1.000000000000000000, -0.000000000000000000, 0.000000000000000000 ) ) ;
#4473 = PRESENTATION_LAYER_ASSIGNMENT (  '', '', ( #7596 ) ) ;
#4474 = DIRECTION ( 'NONE',  ( 1.000000000000000000, 0.000000000000000000, 0.000000000000000000 ) ) ;
#4475 = VERTEX_POINT ( 'NONE', #1406 ) ;
#4476 = ORIENTED_EDGE ( 'NONE', *, *, #8239, .T. ) ;
#4477 = DIRECTION ( 'NONE',  ( -0.000000000000000000, -1.000000000000000000, -0.000000000000000000 ) ) ;
#4478 = ORIENTED_EDGE ( 'NONE', *, *, #3768, .F. ) ;
#4479 =( NAMED_UNIT ( * ) SI_UNIT ( $, .STERADIAN. ) SOLID_ANGLE_UNIT ( ) );
#4480 = DIRECTION ( 'NONE',  ( 1.000000000000000000, 0.000000000000000000, -0.000000000000000000 ) ) ;
#4481 = EDGE_CURVE ( 'NONE', #5483, #7914, #9388, .T. ) ;
#4482 = VECTOR ( 'NONE', #7835, 1000.000000000000000 ) ;
#4483 = SURFACE_STYLE_FILL_AREA ( #7007 ) ;
#4484 = EDGE_LOOP ( 'NONE', ( #6730, #8654, #6089, #1521 ) ) ;
#4485 = DIRECTION ( 'NONE',  ( 0.000000000000000000, 0.000000000000000000, -1.000000000000000000 ) ) ;
#4486 = STYLED_ITEM ( 'NONE', ( #5544 ), #1706 ) ;
#4487 =( LENGTH_UNIT ( ) NAMED_UNIT ( * ) SI_UNIT ( .MILLI., .METRE. ) );
#4488 = ORIENTED_EDGE ( 'NONE', *, *, #4024, .F. ) ;
#4489 = DIRECTION ( 'NONE',  ( 1.000000000000000000, 0.000000000000000000, 0.000000000000000000 ) ) ;
#4490 = ORIENTED_EDGE ( 'NONE', *, *, #955, .F. ) ;
#4491 = DIRECTION ( 'NONE',  ( -4.336808689942006692E-15, 0.000000000000000000, -1.000000000000000000 ) ) ;
#4492 = DIRECTION ( 'NONE',  ( -1.000000000000000000, 0.000000000000000000, -0.000000000000000000 ) ) ;
#4493 = ORIENTED_EDGE ( 'NONE', *, *, #2053, .F. ) ;
#4494 = ORIENTED_EDGE ( 'NONE', *, *, #9696, .F. ) ;
#4495 = ADVANCED_FACE ( 'NONE', ( #9282 ), #3681, .F. ) ;
#4496 =( NAMED_UNIT ( * ) SI_UNIT ( $, .STERADIAN. ) SOLID_ANGLE_UNIT ( ) );
#4497 = VECTOR ( 'NONE', #7075, 1000.000000000000000 ) ;
#4498 = CARTESIAN_POINT ( 'NONE',  ( 4.850000000000000533, 2.080624847486572282, -2.000000000000000888 ) ) ;
#4499 = LINE ( 'NONE', #2841, #1351 ) ;
#4500 = CARTESIAN_POINT ( 'NONE',  ( 4.333309763107293655, 2.269452524890164469, 4.707639970946510211 ) ) ;
#4501 = PRESENTATION_STYLE_ASSIGNMENT (( #8543 ) ) ;
#4502 = CARTESIAN_POINT ( 'NONE',  ( 4.850000000000000533, 2.080624847486572282, -2.200000000000000622 ) ) ;
#4503 = CARTESIAN_POINT ( 'NONE',  ( 4.849999999999997868, 0.000000000000000000, 2.899999999999998579 ) ) ;
#4504 = DIRECTION ( 'NONE',  ( -1.000000000000000000, -0.000000000000000000, -0.000000000000000000 ) ) ;
#4505 = SURFACE_STYLE_FILL_AREA ( #2084 ) ;
#4506 = VECTOR ( 'NONE', #551, 1000.000000000000000 ) ;
#4507 = DIRECTION ( 'NONE',  ( 0.000000000000000000, 0.000000000000000000, 1.000000000000000000 ) ) ;
#4508 = ADVANCED_FACE ( 'NONE', ( #6307 ), #8026, .F. ) ;
#4509 = VECTOR ( 'NONE', #6437, 1000.000000000000000 ) ;
#4510 =( NAMED_UNIT ( * ) PLANE_ANGLE_UNIT ( ) SI_UNIT ( $, .RADIAN. ) );
#4511 = ADVANCED_FACE ( 'NONE', ( #9649 ), #9536, .F. ) ;
#4512 = CARTESIAN_POINT ( 'NONE',  ( 3.849999999999996980, 0.8000000000000000444, 3.999999999999999112 ) ) ;
#4513 = ORIENTED_EDGE ( 'NONE', *, *, #7474, .F. ) ;
#4514 = CARTESIAN_POINT ( 'NONE',  ( 4.850000000000000533, 2.080624847486572282, -3.500000000000000444 ) ) ;
#4515 = STYLED_ITEM ( 'NONE', ( #2496 ), #3055 ) ;
#4516 = CARTESIAN_POINT ( 'NONE',  ( 4.850000000000001421, 0.000000000000000000, 2.600000000000000533 ) ) ;
#4517 = SURFACE_STYLE_FILL_AREA ( #7661 ) ;
#4518 = EDGE_LOOP ( 'NONE', ( #1033, #5409, #6028, #9620 ) ) ;
#4519 = COLOUR_RGB ( '',0.000000000000000000, 0.5019607843137254832, 0.000000000000000000 ) ;
#4520 = LINE ( 'NONE', #7771, #2810 ) ;
#4521 = ORIENTED_EDGE ( 'NONE', *, *, #983, .T. ) ;
#4522 = UNCERTAINTY_MEASURE_WITH_UNIT (LENGTH_MEASURE( 1.000000000000000082E-05 ), #7906, 'distance_accuracy_value', 'NONE');
#4523 = ADVANCED_FACE ( 'NONE', ( #6362 ), #8746, .T. ) ;
#4524 = FILL_AREA_STYLE_COLOUR ( '', #8323 ) ;
#4525 = AXIS2_PLACEMENT_3D ( 'NONE', #1922, #4165, #9755 ) ;
#4526 = DIRECTION ( 'NONE',  ( -0.000000000000000000, 0.000000000000000000, 1.000000000000000000 ) ) ;
#4527 = SURFACE_STYLE_FILL_AREA ( #4321 ) ;
#4528 = COLOUR_RGB ( '',0.000000000000000000, 0.5019607843137254832, 0.000000000000000000 ) ;
#4529 = CARTESIAN_POINT ( 'NONE',  ( 0.000000000000000000, 0.8000000000000000444, -4.000000000000000888 ) ) ;
#4530 = STYLED_ITEM ( 'NONE', ( #7184 ), #9968 ) ;
#4531 = VERTEX_POINT ( 'NONE', #6609 ) ;
#4532 = EDGE_LOOP ( 'NONE', ( #4726, #287, #9514, #9207 ) ) ;
#4533 =( NAMED_UNIT ( * ) PLANE_ANGLE_UNIT ( ) SI_UNIT ( $, .RADIAN. ) );
#4534 = EDGE_LOOP ( 'NONE', ( #8319, #7789, #6922, #3349 ) ) ;
#4535 = CARTESIAN_POINT ( 'NONE',  ( 4.850000000000001421, 0.000000000000000000, 0.3999999999999993006 ) ) ;
#4536 = UNCERTAINTY_MEASURE_WITH_UNIT (LENGTH_MEASURE( 1.000000000000000082E-05 ), #311, 'distance_accuracy_value', 'NONE');
#4537 = VECTOR ( 'NONE', #473, 1000.000000000000000 ) ;
#4538 = DIRECTION ( 'NONE',  ( 0.000000000000000000, -0.000000000000000000, -1.000000000000000000 ) ) ;
#4539 = PRESENTATION_LAYER_ASSIGNMENT (  '', '', ( #5038 ) ) ;
#4540 = CIRCLE ( 'NONE', #7665, 0.1499999999999999667 ) ;
#4541 =( LENGTH_UNIT ( ) NAMED_UNIT ( * ) SI_UNIT ( .MILLI., .METRE. ) );
#4542 = ORIENTED_EDGE ( 'NONE', *, *, #5849, .T. ) ;
#4543 = CARTESIAN_POINT ( 'NONE',  ( -4.850000000000001421, 0.8000000000000000444, 5.049999999999999822 ) ) ;
#4544 = FACE_OUTER_BOUND ( 'NONE', #877, .T. ) ;
#4545 = PLANE ( 'NONE',  #9234 ) ;
#4546 = CLOSED_SHELL ( 'NONE', ( #7832, #8511, #7133, #9027, #4594, #5685, #3381, #4033 ) ) ;
#4547 =( NAMED_UNIT ( * ) SI_UNIT ( $, .STERADIAN. ) SOLID_ANGLE_UNIT ( ) );
#4548 = VECTOR ( 'NONE', #6772, 1000.000000000000000 ) ;
#4549 = ORIENTED_EDGE ( 'NONE', *, *, #2140, .F. ) ;
#4550 = DIRECTION ( 'NONE',  ( 0.000000000000000000, -0.000000000000000000, -1.000000000000000000 ) ) ;
#4551 = VERTEX_POINT ( 'NONE', #4431 ) ;
#4552 =( NAMED_UNIT ( * ) SI_UNIT ( $, .STERADIAN. ) SOLID_ANGLE_UNIT ( ) );
#4553 = LINE ( 'NONE', #5217, #160 ) ;
#4554 = ORIENTED_EDGE ( 'NONE', *, *, #7854, .F. ) ;
#4555 = PRESENTATION_STYLE_ASSIGNMENT (( #5272 ) ) ;
#4556 = ORIENTED_EDGE ( 'NONE', *, *, #3038, .F. ) ;
#4557 = CARTESIAN_POINT ( 'NONE',  ( 0.000000000000000000, 0.8000000000000000444, -3.700000000000001954 ) ) ;
#4558 = LINE ( 'NONE', #6200, #6127 ) ;
#4559 = DIRECTION ( 'NONE',  ( -0.000000000000000000, -0.000000000000000000, -1.000000000000000000 ) ) ;
#4560 = ADVANCED_FACE ( 'NONE', ( #4288 ), #6029, .F. ) ;
#4561 = LINE ( 'NONE', #7705, #5979 ) ;
#4562 = DIRECTION ( 'NONE',  ( 0.000000000000000000, 0.000000000000000000, -1.000000000000000000 ) ) ;
#4563 = AXIS2_PLACEMENT_3D ( 'NONE', #9238, #10194, #9909 ) ;
#4564 = EDGE_CURVE ( 'NONE', #714, #4903, #7424, .T. ) ;
#4565 = CARTESIAN_POINT ( 'NONE',  ( 4.850000000000001421, 0.000000000000000000, 0.000000000000000000 ) ) ;
#4566 = EDGE_CURVE ( 'NONE', #628, #6004, #9791, .T. ) ;
#4567 = ORIENTED_EDGE ( 'NONE', *, *, #6745, .F. ) ;
#4568 = LINE ( 'NONE', #9131, #4225 ) ;
#4569 = DIRECTION ( 'NONE',  ( 3.336006684570780538E-15, -1.000000000000000000, -0.000000000000000000 ) ) ;
#4570 = PLANE ( 'NONE',  #3132 ) ;
#4571 = FACE_OUTER_BOUND ( 'NONE', #1656, .T. ) ;
#4572 = EDGE_LOOP ( 'NONE', ( #7148, #4829, #5424, #7397 ) ) ;
#4573 = CARTESIAN_POINT ( 'NONE',  ( 4.850000000000000533, 0.8000000000000000444, -5.500000000000002665 ) ) ;
#4574 = APPLICATION_CONTEXT ( 'automotive_design' ) ;
#4575 = EDGE_LOOP ( 'NONE', ( #7342, #1199, #3166, #5889 ) ) ;
#4576 = FILL_AREA_STYLE ('',( #4524 ) ) ;
#4577 = LINE ( 'NONE', #529, #4954 ) ;
#4578 = EDGE_CURVE ( 'NONE', #3663, #8569, #3327, .T. ) ;
#4579 = COLOUR_RGB ( '',1.000000000000000000, 0.8117647058823529438, 0.5019607843137254832 ) ;
#4580 = EDGE_CURVE ( 'NONE', #2074, #3554, #5830, .T. ) ;
#4581 =( NAMED_UNIT ( * ) PLANE_ANGLE_UNIT ( ) SI_UNIT ( $, .RADIAN. ) );
#4582 = ORIENTED_EDGE ( 'NONE', *, *, #5970, .T. ) ;
#4583 = VECTOR ( 'NONE', #4981, 1000.000000000000000 ) ;
#4584 = CIRCLE ( 'NONE', #4104, 0.4000000000000006328 ) ;
#4585 = ORIENTED_EDGE ( 'NONE', *, *, #6615, .F. ) ;
#4586 = CARTESIAN_POINT ( 'NONE',  ( -4.850000000000000533, 0.000000000000000000, 0.6999999999999992895 ) ) ;
#4587 = CARTESIAN_POINT ( 'NONE',  ( 4.850000000000000533, 0.7999999999999999334, -1.100000000000001199 ) ) ;
#4588 = SURFACE_SIDE_STYLE ('',( #5923 ) ) ;
#4589 = LINE ( 'NONE', #9361, #774 ) ;
#4590 = EDGE_CURVE ( 'NONE', #10138, #9315, #8355, .T. ) ;
#4591 = FILL_AREA_STYLE_COLOUR ( '', #3202 ) ;
#4592 = ORIENTED_EDGE ( 'NONE', *, *, #9491, .F. ) ;
#4593 = SURFACE_SIDE_STYLE ('',( #4691 ) ) ;
#4594 = ADVANCED_FACE ( 'NONE', ( #1955 ), #1280, .T. ) ;
#4595 = DIRECTION ( 'NONE',  ( 0.000000000000000000, 0.000000000000000000, 1.000000000000000000 ) ) ;
#4596 = DIRECTION ( 'NONE',  ( -0.000000000000000000, 1.000000000000000000, 0.000000000000000000 ) ) ;
#4597 =( NAMED_UNIT ( * ) SI_UNIT ( $, .STERADIAN. ) SOLID_ANGLE_UNIT ( ) );
#4598 = VERTEX_POINT ( 'NONE', #545 ) ;
#4599 = ORIENTED_EDGE ( 'NONE', *, *, #7475, .T. ) ;
#4600 = AXIS2_PLACEMENT_3D ( 'NONE', #5234, #1981, #2804 ) ;
#4601 = SURFACE_SIDE_STYLE ('',( #6087 ) ) ;
#4602 = LINE ( 'NONE', #1237, #6756 ) ;
#4603 = EDGE_CURVE ( 'NONE', #5821, #3294, #9979, .T. ) ;
#4604 = VERTEX_POINT ( 'NONE', #2108 ) ;
#4605 = ORIENTED_EDGE ( 'NONE', *, *, #2474, .T. ) ;
#4606 = CARTESIAN_POINT ( 'NONE',  ( 4.850000000000000533, 0.000000000000000000, 2.199999999999999289 ) ) ;
#4607 = LINE ( 'NONE', #7803, #7613 ) ;
#4608 = LINE ( 'NONE', #3150, #185 ) ;
#4609 = PRESENTATION_STYLE_ASSIGNMENT (( #7649 ) ) ;
#4610 = CARTESIAN_POINT ( 'NONE',  ( 4.849999999999997868, 0.000000000000000000, -4.800000000000001599 ) ) ;
#4611 = FILL_AREA_STYLE ('',( #9176 ) ) ;
#4612 = EDGE_CURVE ( 'NONE', #6256, #10030, #3555, .T. ) ;
#4613 = EDGE_CURVE ( 'NONE', #6795, #7774, #488, .T. ) ;
#4614 = ORIENTED_EDGE ( 'NONE', *, *, #1299, .F. ) ;
#4615 = CARTESIAN_POINT ( 'NONE',  ( -4.347017172676515884, 2.073908961451460087, -4.617360711228181813 ) ) ;
#4616 = LINE ( 'NONE', #8446, #539 ) ;
#4617 = DIRECTION ( 'NONE',  ( -1.000000000000000000, 0.000000000000000000, -0.000000000000000000 ) ) ;
#4618 = ORIENTED_EDGE ( 'NONE', *, *, #9538, .F. ) ;
#4619 = CARTESIAN_POINT ( 'NONE',  ( 4.850000000000000533, 0.000000000000000000, -4.800000000000001599 ) ) ;
#4620 = FILL_AREA_STYLE ('',( #3750 ) ) ;
#4621 = EDGE_CURVE ( 'NONE', #7423, #8256, #340, .T. ) ;
#4622 = VERTEX_POINT ( 'NONE', #3658 ) ;
#4623 = VECTOR ( 'NONE', #7065, 1000.000000000000000 ) ;
#4624 = CARTESIAN_POINT ( 'NONE',  ( -4.379276107729750400, 2.302000000000000046, 4.566699762401996487 ) ) ;
#4625 = VECTOR ( 'NONE', #7455, 1000.000000000000000 ) ;
#4626 = DIRECTION ( 'NONE',  ( -4.336808689942006692E-15, 0.000000000000000000, 1.000000000000000000 ) ) ;
#4627 = ADVANCED_FACE ( 'NONE', ( #4379 ), #8410, .F. ) ;
#4628 = CARTESIAN_POINT ( 'NONE',  ( -4.326232285936366218, 2.100000000000000089, -4.566688183223972075 ) ) ;
#4629 = AXIS2_PLACEMENT_3D ( 'NONE', #5909, #1831, #4995 ) ;
#4630 = AXIS2_PLACEMENT_3D ( 'NONE', #540, #1219, #1381 ) ;
#4631 = VERTEX_POINT ( 'NONE', #3921 ) ;
#4632 = ORIENTED_EDGE ( 'NONE', *, *, #8063, .F. ) ;
#4633 =( LENGTH_UNIT ( ) NAMED_UNIT ( * ) SI_UNIT ( .MILLI., .METRE. ) );
#4634 = CARTESIAN_POINT ( 'NONE',  ( -4.850000000000000533, 2.080624847486572282, 0.8999999999999998002 ) ) ;
#4635 = PLANE ( 'NONE',  #2583 ) ;
#4636 = UNCERTAINTY_MEASURE_WITH_UNIT (LENGTH_MEASURE( 1.000000000000000082E-05 ), #8163, 'distance_accuracy_value', 'NONE');
#4637 = CARTESIAN_POINT ( 'NONE',  ( 3.849999999999997424, 2.080624847486572282, -0.7000000000000009548 ) ) ;
#4638 =( NAMED_UNIT ( * ) PLANE_ANGLE_UNIT ( ) SI_UNIT ( $, .RADIAN. ) );
#4639 = ORIENTED_EDGE ( 'NONE', *, *, #7357, .F. ) ;
#4640 = LINE ( 'NONE', #6544, #3466 ) ;
#4641 = VECTOR ( 'NONE', #2847, 1000.000000000000000 ) ;
#4642 = DIRECTION ( 'NONE',  ( 0.000000000000000000, 0.000000000000000000, -1.000000000000000000 ) ) ;
#4643 = EDGE_CURVE ( 'NONE', #9133, #2455, #7009, .T. ) ;
#4644 = LINE ( 'NONE', #6803, #3792 ) ;
#4645 = EDGE_CURVE ( 'NONE', #10138, #6256, #498, .T. ) ;
#4646 = SURFACE_STYLE_USAGE ( .BOTH. , #1491 ) ;
#4647 = ORIENTED_EDGE ( 'NONE', *, *, #334, .T. ) ;
#4648 = SURFACE_STYLE_FILL_AREA ( #2217 ) ;
#4649 = VERTEX_POINT ( 'NONE', #4744 ) ;
#4650 = STYLED_ITEM ( 'NONE', ( #3682 ), #6579 ) ;
#4651 = CARTESIAN_POINT ( 'NONE',  ( -4.850000000000001421, 0.7999999999999999334, 2.600000000000000533 ) ) ;
#4652 = LINE ( 'NONE', #7799, #8423 ) ;
#4653 = ORIENTED_EDGE ( 'NONE', *, *, #6220, .F. ) ;
#4654 =( LENGTH_UNIT ( ) NAMED_UNIT ( * ) SI_UNIT ( .MILLI., .METRE. ) );
#4655 = EDGE_CURVE ( 'NONE', #103, #2980, #10219, .T. ) ;
#4656 = VERTEX_POINT ( 'NONE', #3720 ) ;
#4657 = CARTESIAN_POINT ( 'NONE',  ( -3.849999999999974332, 0.000000000000000000, 2.599999999999999645 ) ) ;
#4658 = CARTESIAN_POINT ( 'NONE',  ( -4.850000000000001421, 0.000000000000000000, 5.049999999999999822 ) ) ;
#4659 =( NAMED_UNIT ( * ) PLANE_ANGLE_UNIT ( ) SI_UNIT ( $, .RADIAN. ) );
#4660 = LINE ( 'NONE', #879, #4497 ) ;
#4661 = PLANE ( 'NONE',  #7934 ) ;
#4662 = LINE ( 'NONE', #7594, #1174 ) ;
#4663 = VECTOR ( 'NONE', #6209, 1000.000000000000000 ) ;
#4664 =( NAMED_UNIT ( * ) PLANE_ANGLE_UNIT ( ) SI_UNIT ( $, .RADIAN. ) );
#4665 = LINE ( 'NONE', #7817, #4663 ) ;
#4666 = DIRECTION ( 'NONE',  ( 0.000000000000000000, 3.336006684570780538E-15, -1.000000000000000000 ) ) ;
#4667 = B_SPLINE_CURVE_WITH_KNOTS ( 'NONE', 3,
 ( #4927, #5594, #7976, #207, #7345, #2646 ),
 .UNSPECIFIED., .F., .F.,
 ( 4, 2, 4 ),
 ( 4.336808689942017736E-19, 0.0002394266293374241008, 0.0004788532586748477679 ),
 .UNSPECIFIED. ) ;
#4668 = EDGE_LOOP ( 'NONE', ( #9618, #3, #6133, #5822 ) ) ;
#4669 =( NAMED_UNIT ( * ) PLANE_ANGLE_UNIT ( ) SI_UNIT ( $, .RADIAN. ) );
#4670 = CARTESIAN_POINT ( 'NONE',  ( 4.850000000000001421, 0.000000000000000000, -1.800000000000000711 ) ) ;
#4671 = COLOUR_RGB ( '',0.8980392156862745390, 0.8980392156862745390, 0.8980392156862745390 ) ;
#4672 = FILL_AREA_STYLE_COLOUR ( '', #1631 ) ;
#4673 = DIRECTION ( 'NONE',  ( 0.000000000000000000, 0.000000000000000000, -1.000000000000000000 ) ) ;
#4674 = CARTESIAN_POINT ( 'NONE',  ( 3.849999999999997424, 0.7999999999999999334, 2.600000000000000533 ) ) ;
#4675 = ORIENTED_EDGE ( 'NONE', *, *, #2592, .F. ) ;
#4676 = CARTESIAN_POINT ( 'NONE',  ( 4.849999999999997868, 0.8000000000000000444, -1.100000000000000089 ) ) ;
#4677 = CARTESIAN_POINT ( 'NONE',  ( -4.850000000000001421, 0.8000000000000000444, -4.800000000000001599 ) ) ;
#4678 = AXIS2_PLACEMENT_3D ( 'NONE', #8326, #3619, #9947 ) ;
#4679 = ORIENTED_EDGE ( 'NONE', *, *, #9190, .F. ) ;
#4680 = CARTESIAN_POINT ( 'NONE',  ( -4.352198665876326977, 2.089222690360982959, -4.583309763107293655 ) ) ;
#4681 = VECTOR ( 'NONE', #5255, 1000.000000000000000 ) ;
#4682 = VERTEX_POINT ( 'NONE', #10175 ) ;
#4683 = ORIENTED_EDGE ( 'NONE', *, *, #9400, .T. ) ;
#4684 =( NAMED_UNIT ( * ) SI_UNIT ( $, .STERADIAN. ) SOLID_ANGLE_UNIT ( ) );
#4685 = ADVANCED_FACE ( 'NONE', ( #8526 ), #3081, .F. ) ;
#4686 = VECTOR ( 'NONE', #3422, 1000.000000000000000 ) ;
#4687 = CARTESIAN_POINT ( 'NONE',  ( -3.849999999999997424, 0.000000000000000000, 4.799999999999998934 ) ) ;
#4688 = DIRECTION ( 'NONE',  ( 0.000000000000000000, 0.000000000000000000, 1.000000000000000000 ) ) ;
#4689 = PRESENTATION_STYLE_ASSIGNMENT (( #4848 ) ) ;
#4690 = EDGE_LOOP ( 'NONE', ( #5602, #4925, #4329, #5246 ) ) ;
#4691 = SURFACE_STYLE_FILL_AREA ( #1434 ) ;
#4692 = MECHANICAL_DESIGN_GEOMETRIC_PRESENTATION_REPRESENTATION (  '', ( #3374 ), #8853 ) ;
#4693 = VECTOR ( 'NONE', #987, 1000.000000000000000 ) ;
#4694 = CARTESIAN_POINT ( 'NONE',  ( 4.850000000000001421, 0.000000000000000000, 5.049999999999999822 ) ) ;
#4695 = DIRECTION ( 'NONE',  ( 0.000000000000000000, -1.000000000000000000, 0.000000000000000000 ) ) ;
#4696 = PLANE ( 'NONE',  #560 ) ;
#4697 = ORIENTED_EDGE ( 'NONE', *, *, #4818, .F. ) ;
#4698 = DIRECTION ( 'NONE',  ( 0.000000000000000000, 1.000000000000000000, 0.000000000000000000 ) ) ;
#4699 = ORIENTED_EDGE ( 'NONE', *, *, #4079, .F. ) ;
#4700 = AXIS2_PLACEMENT_3D ( 'NONE', #8728, #4078, #5622 ) ;
#4701 = FACE_OUTER_BOUND ( 'NONE', #7956, .T. ) ;
#4702 = STYLED_ITEM ( 'NONE', ( #5086 ), #8565 ) ;
#4703 = DIRECTION ( 'NONE',  ( -1.000000000000000000, -0.000000000000000000, -0.000000000000000000 ) ) ;
#4704 = ORIENTED_EDGE ( 'NONE', *, *, #5761, .F. ) ;
#4705 = DIRECTION ( 'NONE',  ( -0.000000000000000000, -1.000000000000000000, -0.000000000000000000 ) ) ;
#4706 = EDGE_CURVE ( 'NONE', #1443, #1946, #2212, .T. ) ;
#4707 = ORIENTED_EDGE ( 'NONE', *, *, #5882, .T. ) ;
#4708 = SURFACE_SIDE_STYLE ('',( #8643 ) ) ;
#4709 = CARTESIAN_POINT ( 'NONE',  ( 0.000000000000000000, 0.8000000000000000444, 1.499999999999999556 ) ) ;
#4710 = COLOUR_RGB ( '',0.000000000000000000, 0.5019607843137254832, 0.000000000000000000 ) ;
#4711 = EDGE_CURVE ( 'NONE', #7176, #1384, #7759, .T. ) ;
#4712 = DIRECTION ( 'NONE',  ( -1.000000000000000000, 0.000000000000000000, -0.000000000000000000 ) ) ;
#4713 =( NAMED_UNIT ( * ) SI_UNIT ( $, .STERADIAN. ) SOLID_ANGLE_UNIT ( ) );
#4714 = FACE_OUTER_BOUND ( 'NONE', #4958, .T. ) ;
#4715 =( NAMED_UNIT ( * ) PLANE_ANGLE_UNIT ( ) SI_UNIT ( $, .RADIAN. ) );
#4716 = LINE ( 'NONE', #7858, #6099 ) ;
#4717 = ORIENTED_EDGE ( 'NONE', *, *, #4968, .F. ) ;
#4718 = MECHANICAL_DESIGN_GEOMETRIC_PRESENTATION_REPRESENTATION (  '', ( #2868 ), #7654 ) ;
#4719 = EDGE_LOOP ( 'NONE', ( #3586, #2827, #2104, #1732 ) ) ;
#4720 = CARTESIAN_POINT ( 'NONE',  ( 3.850000000000053380, 0.8000000000000000444, -0.7000000000000009548 ) ) ;
#4721 = VERTEX_POINT ( 'NONE', #1485 ) ;
#4722 = DIRECTION ( 'NONE',  ( 1.626303258728256257E-15, 0.000000000000000000, -1.000000000000000000 ) ) ;
#4723 = CARTESIAN_POINT ( 'NONE',  ( 3.850000000000053380, 0.8000000000000000444, -0.7000000000000009548 ) ) ;
#4724 = DIRECTION ( 'NONE',  ( -0.000000000000000000, -1.000000000000000000, -0.000000000000000000 ) ) ;
#4725 = LINE ( 'NONE', #7198, #5463 ) ;
#4726 = ORIENTED_EDGE ( 'NONE', *, *, #8299, .T. ) ;
#4727 = FILL_AREA_STYLE ('',( #1569 ) ) ;
#4728 = AXIS2_PLACEMENT_3D ( 'NONE', #10073, #3652, #2972 ) ;
#4729 = EDGE_LOOP ( 'NONE', ( #6075, #5267, #2137, #7221 ) ) ;
#4730 = CARTESIAN_POINT ( 'NONE',  ( 0.000000000000000000, 0.8000000000000000444, 5.049999999999999822 ) ) ;
#4731 = EDGE_CURVE ( 'NONE', #9374, #167, #4640, .T. ) ;
#4732 = ORIENTED_EDGE ( 'NONE', *, *, #3160, .T. ) ;
#4733 = ORIENTED_EDGE ( 'NONE', *, *, #7621, .T. ) ;
#4734 = PRESENTATION_STYLE_ASSIGNMENT (( #644 ) ) ;
#4735 =( NAMED_UNIT ( * ) SI_UNIT ( $, .STERADIAN. ) SOLID_ANGLE_UNIT ( ) );
#4736 = VECTOR ( 'NONE', #8125, 1000.000000000000000 ) ;
#4737 = DIRECTION ( 'NONE',  ( -4.336808689942006692E-15, 0.000000000000000000, -1.000000000000000000 ) ) ;
#4738 = UNCERTAINTY_MEASURE_WITH_UNIT (LENGTH_MEASURE( 1.000000000000000082E-05 ), #7244, 'distance_accuracy_value', 'NONE');
#4739 = EDGE_CURVE ( 'NONE', #7744, #2735, #5284, .T. ) ;
#4740 = CARTESIAN_POINT ( 'NONE',  ( -3.849999999999996536, 0.000000000000000000, 4.799999999999999822 ) ) ;
#4741 = VECTOR ( 'NONE', #1696, 1000.000000000000000 ) ;
#4742 = CARTESIAN_POINT ( 'NONE',  ( 4.850000000000001421, 0.8000000000000000444, 0.3999999999999993006 ) ) ;
#4743 = ORIENTED_EDGE ( 'NONE', *, *, #1197, .F. ) ;
#4744 = CARTESIAN_POINT ( 'NONE',  ( -2.549999999999999378, 0.000000000000000000, -4.650000000000000355 ) ) ;
#4745 = LINE ( 'NONE', #3922, #949 ) ;
#4746 = FACE_OUTER_BOUND ( 'NONE', #9767, .T. ) ;
#4747 = EDGE_CURVE ( 'NONE', #7259, #3990, #2411, .T. ) ;
#4748 = DIRECTION ( 'NONE',  ( -0.000000000000000000, 1.000000000000000000, -0.000000000000000000 ) ) ;
#4749 = ORIENTED_EDGE ( 'NONE', *, *, #4880, .T. ) ;
#4750 = SURFACE_STYLE_USAGE ( .BOTH. , #3031 ) ;
#4751 = ORIENTED_EDGE ( 'NONE', *, *, #6395, .F. ) ;
#4752 = CARTESIAN_POINT ( 'NONE',  ( 4.849999999999997868, 0.000000000000000000, 4.399999999999999467 ) ) ;
#4753 = DIRECTION ( 'NONE',  ( 1.000000000000000000, 0.000000000000000000, 0.000000000000000000 ) ) ;
#4754 = ORIENTED_EDGE ( 'NONE', *, *, #8186, .F. ) ;
#4755 = EDGE_CURVE ( 'NONE', #2754, #502, #1684, .T. ) ;
#4756 = ORIENTED_EDGE ( 'NONE', *, *, #7967, .F. ) ;
#4757 = EDGE_CURVE ( 'NONE', #5663, #10095, #4131, .T. ) ;
#4758 = VECTOR ( 'NONE', #8850, 1000.000000000000000 ) ;
#4759 = FILL_AREA_STYLE ('',( #6198 ) ) ;
#4760 = SURFACE_STYLE_USAGE ( .BOTH. , #2531 ) ;
#4761 = FACE_OUTER_BOUND ( 'NONE', #4996, .T. ) ;
#4762 = PLANE ( 'NONE',  #1552 ) ;
#4763 = DIRECTION ( 'NONE',  ( -0.000000000000000000, 1.000000000000000000, -0.000000000000000000 ) ) ;
#4764 = DIRECTION ( 'NONE',  ( -1.000000000000000000, 0.000000000000000000, -0.000000000000000000 ) ) ;
#4765 = LINE ( 'NONE', #7913, #1638 ) ;
#4766 = ORIENTED_EDGE ( 'NONE', *, *, #1461, .T. ) ;
#4767 =( NAMED_UNIT ( * ) SI_UNIT ( $, .STERADIAN. ) SOLID_ANGLE_UNIT ( ) );
#4768 = ORIENTED_EDGE ( 'NONE', *, *, #9787, .F. ) ;
#4769 = CARTESIAN_POINT ( 'NONE',  ( -4.850000000000001421, 0.7999999999999999334, 4.799999999999999822 ) ) ;
#4770 = EDGE_CURVE ( 'NONE', #4287, #3230, #3806, .T. ) ;
#4771 = SURFACE_STYLE_FILL_AREA ( #7035 ) ;
#4772 = EDGE_CURVE ( 'NONE', #228, #7770, #3965, .T. ) ;
#4773 = VECTOR ( 'NONE', #6861, 1000.000000000000000 ) ;
#4774 = FACE_OUTER_BOUND ( 'NONE', #5462, .T. ) ;
#4775 = DIRECTION ( 'NONE',  ( 1.000000000000000000, 0.000000000000000000, -0.000000000000000000 ) ) ;
#4776 = CARTESIAN_POINT ( 'NONE',  ( -3.849999999999938805, 0.000000000000000000, -1.500000000000002220 ) ) ;
#4777 = CARTESIAN_POINT ( 'NONE',  ( 4.849999999999998757, 0.7999999999999999334, -2.400000000000000355 ) ) ;
#4778 = EDGE_CURVE ( 'NONE', #5741, #9245, #8784, .T. ) ;
#4779 = VERTEX_POINT ( 'NONE', #4850 ) ;
#4780 = CARTESIAN_POINT ( 'NONE',  ( -4.299999999999998934, 2.300000000000000266, 4.549999999999999822 ) ) ;
#4781 = ADVANCED_FACE ( 'NONE', ( #8054 ), #3397, .T. ) ;
#4782 = DIRECTION ( 'NONE',  ( 1.000000000000000000, 0.000000000000000000, -4.336808689942006692E-15 ) ) ;
#4783 =( GEOMETRIC_REPRESENTATION_CONTEXT ( 3 ) GLOBAL_UNCERTAINTY_ASSIGNED_CONTEXT ( ( #379 ) ) GLOBAL_UNIT_ASSIGNED_CONTEXT ( ( #3692, #3061, #1308 ) ) REPRESENTATION_CONTEXT ( 'NONE', 'WORKASPACE' ) );
#4784 = EDGE_CURVE ( 'NONE', #8720, #1240, #7216, .T. ) ;
#4785 = VERTEX_POINT ( 'NONE', #6390 ) ;
#4786 = FILL_AREA_STYLE_COLOUR ( '', #2876 ) ;
#4787 = EDGE_CURVE ( 'NONE', #8895, #145, #9515, .T. ) ;
#4788 = ORIENTED_EDGE ( 'NONE', *, *, #2939, .F. ) ;
#4789 = ORIENTED_EDGE ( 'NONE', *, *, #1090, .F. ) ;
#4790 = DIRECTION ( 'NONE',  ( -0.000000000000000000, 0.000000000000000000, 1.000000000000000000 ) ) ;
#4791 = DIRECTION ( 'NONE',  ( 0.000000000000000000, -0.000000000000000000, -1.000000000000000000 ) ) ;
#4792 = CIRCLE ( 'NONE', #8758, 0.4000000000000006328 ) ;
#4793 = LINE ( 'NONE', #71, #4897 ) ;
#4794 = CARTESIAN_POINT ( 'NONE',  ( 3.850000000000087574, 0.8000000000000000444, -4.800000000000001599 ) ) ;
#4795 = ORIENTED_EDGE ( 'NONE', *, *, #6713, .F. ) ;
#4796 = DIRECTION ( 'NONE',  ( 0.000000000000000000, 1.000000000000000000, 0.000000000000000000 ) ) ;
#4797 = CARTESIAN_POINT ( 'NONE',  ( 4.850000000000000533, 0.7999999999999999334, 2.199999999999999289 ) ) ;
#4798 = VECTOR ( 'NONE', #8135, 1000.000000000000000 ) ;
#4799 = ORIENTED_EDGE ( 'NONE', *, *, #8677, .T. ) ;
#4800 = PLANE ( 'NONE',  #362 ) ;
#4801 = ORIENTED_EDGE ( 'NONE', *, *, #8356, .F. ) ;
#4802 = EDGE_CURVE ( 'NONE', #8569, #6596, #183, .T. ) ;
#4803 = DIRECTION ( 'NONE',  ( -1.000000000000000000, 0.000000000000000000, -0.000000000000000000 ) ) ;
#4804 = VERTEX_POINT ( 'NONE', #18 ) ;
#4805 = VECTOR ( 'NONE', #8712, 1000.000000000000000 ) ;
#4806 = CARTESIAN_POINT ( 'NONE',  ( 4.379276107729750400, 2.302000000000000046, 4.566699762401995599 ) ) ;
#4807 = ORIENTED_EDGE ( 'NONE', *, *, #4778, .F. ) ;
#4808 = CARTESIAN_POINT ( 'NONE',  ( 2.699999999999999289, 1.687792868793693186E-14, 4.850000000000005862 ) ) ;
#4809 =( NAMED_UNIT ( * ) PLANE_ANGLE_UNIT ( ) SI_UNIT ( $, .RADIAN. ) );
#4810 = FACE_OUTER_BOUND ( 'NONE', #10242, .T. ) ;
#4811 = AXIS2_PLACEMENT_3D ( 'NONE', #9841, #2640, #4156 ) ;
#4812 = ORIENTED_EDGE ( 'NONE', *, *, #5492, .T. ) ;
#4813 =( NAMED_UNIT ( * ) SI_UNIT ( $, .STERADIAN. ) SOLID_ANGLE_UNIT ( ) );
#4814 = DIRECTION ( 'NONE',  ( 0.000000000000000000, 1.000000000000000000, 0.000000000000000000 ) ) ;
#4815 = FILL_AREA_STYLE ('',( #1651 ) ) ;
#4816 = DIRECTION ( 'NONE',  ( -1.000000000000000000, 0.000000000000000000, -0.000000000000000000 ) ) ;
#4817 = ORIENTED_EDGE ( 'NONE', *, *, #3827, .T. ) ;
#4818 = EDGE_CURVE ( 'NONE', #7914, #1121, #1021, .T. ) ;
#4819 = LINE ( 'NONE', #939, #4902 ) ;
#4820 = ORIENTED_EDGE ( 'NONE', *, *, #9509, .T. ) ;
#4821 =( NAMED_UNIT ( * ) PLANE_ANGLE_UNIT ( ) SI_UNIT ( $, .RADIAN. ) );
#4822 = CARTESIAN_POINT ( 'NONE',  ( 0.000000000000000000, 0.8000000000000000444, 3.999999999999999112 ) ) ;
#4823 = CARTESIAN_POINT ( 'NONE',  ( 4.850000000000001421, 2.080624847486572282, -4.000000000000000888 ) ) ;
#4824 = CARTESIAN_POINT ( 'NONE',  ( -4.599999999999998757, 0.7999999999999997113, 4.850000000000003197 ) ) ;
#4825 =( GEOMETRIC_REPRESENTATION_CONTEXT ( 3 ) GLOBAL_UNCERTAINTY_ASSIGNED_CONTEXT ( ( #7734 ) ) GLOBAL_UNIT_ASSIGNED_CONTEXT ( ( #3946, #4510, #6106 ) ) REPRESENTATION_CONTEXT ( 'NONE', 'WORKASPACE' ) );
#4826 = FACE_OUTER_BOUND ( 'NONE', #9740, .T. ) ;
#4827 = CARTESIAN_POINT ( 'NONE',  ( 3.849999999999997424, 0.000000000000000000, 1.499999999999999556 ) ) ;
#4828 = SURFACE_STYLE_USAGE ( .BOTH. , #1668 ) ;
#4829 = ORIENTED_EDGE ( 'NONE', *, *, #7156, .T. ) ;
#4830 =( NAMED_UNIT ( * ) PLANE_ANGLE_UNIT ( ) SI_UNIT ( $, .RADIAN. ) );
#4831 = EDGE_CURVE ( 'NONE', #746, #205, #2569, .T. ) ;
#4832 = LINE ( 'NONE', #5553, #8879 ) ;
#4833 = ORIENTED_EDGE ( 'NONE', *, *, #9596, .F. ) ;
#4834 = MECHANICAL_DESIGN_GEOMETRIC_PRESENTATION_REPRESENTATION (  '', ( #2360 ), #9963 ) ;
#4835 = CARTESIAN_POINT ( 'NONE',  ( -4.299999999999998934, 2.100000000000000089, -4.549999999999998934 ) ) ;
#4836 = EDGE_CURVE ( 'NONE', #2270, #2784, #4792, .T. ) ;
#4837 = ADVANCED_FACE ( 'NONE', ( #8889 ), #8100, .T. ) ;
#4838 = ORIENTED_EDGE ( 'NONE', *, *, #7154, .F. ) ;
#4839 = ORIENTED_EDGE ( 'NONE', *, *, #7290, .F. ) ;
#4840 = FACE_OUTER_BOUND ( 'NONE', #9910, .T. ) ;
#4841 = CARTESIAN_POINT ( 'NONE',  ( -3.849999999999929035, 0.8000000000000000444, -1.800000000000001155 ) ) ;
#4842 = EDGE_CURVE ( 'NONE', #8818, #6741, #7946, .T. ) ;
#4843 = SURFACE_STYLE_USAGE ( .BOTH. , #8780 ) ;
#4844 = UNCERTAINTY_MEASURE_WITH_UNIT (LENGTH_MEASURE( 1.000000000000000082E-05 ), #485, 'distance_accuracy_value', 'NONE');
#4845 = AXIS2_PLACEMENT_3D ( 'NONE', #4859, #7169, #3927 ) ;
#4846 = SURFACE_STYLE_FILL_AREA ( #8782 ) ;
#4847 = MECHANICAL_DESIGN_GEOMETRIC_PRESENTATION_REPRESENTATION (  '', ( #9810 ), #4017 ) ;
#4848 = SURFACE_STYLE_USAGE ( .BOTH. , #10217 ) ;
#4849 = EDGE_LOOP ( 'NONE', ( #1484, #7663, #2553, #2166 ) ) ;
#4850 = CARTESIAN_POINT ( 'NONE',  ( 4.850000000000013856, 0.8000000000000000444, -2.600000000000000533 ) ) ;
#4851 = VECTOR ( 'NONE', #6451, 1000.000000000000000 ) ;
#4852 = CARTESIAN_POINT ( 'NONE',  ( 4.850000000000000533, 2.080624847486572282, 3.299999999999998934 ) ) ;
#4853 = FILL_AREA_STYLE ('',( #3239 ) ) ;
#4854 = MECHANICAL_DESIGN_GEOMETRIC_PRESENTATION_REPRESENTATION (  '', ( #4515 ), #8821 ) ;
#4855 = ORIENTED_EDGE ( 'NONE', *, *, #7681, .T. ) ;
#4856 = DIRECTION ( 'NONE',  ( 0.000000000000000000, 0.000000000000000000, -1.000000000000000000 ) ) ;
#4857 = CARTESIAN_POINT ( 'NONE',  ( -3.849999999999996092, 0.8000000000000000444, -2.200000000000000178 ) ) ;
#4858 = ORIENTED_EDGE ( 'NONE', *, *, #7638, .F. ) ;
#4859 = CARTESIAN_POINT ( 'NONE',  ( 2.549999999999999378, 0.2000000000000000111, 4.650000000000006573 ) ) ;
#4860 = LINE ( 'NONE', #923, #9611 ) ;
#4861 = ORIENTED_EDGE ( 'NONE', *, *, #9949, .T. ) ;
#4862 = DIRECTION ( 'NONE',  ( -0.000000000000000000, -0.000000000000000000, 1.000000000000000000 ) ) ;
#4863 = VERTEX_POINT ( 'NONE', #4020 ) ;
#4864 = CARTESIAN_POINT ( 'NONE',  ( -3.849999999999996092, 0.000000000000000000, -3.700000000000001066 ) ) ;
#4865 = SURFACE_STYLE_USAGE ( .BOTH. , #8169 ) ;
#4866 =( NAMED_UNIT ( * ) SI_UNIT ( $, .STERADIAN. ) SOLID_ANGLE_UNIT ( ) );
#4868 = AXIS2_PLACEMENT_3D ( 'NONE', #5502, #10169, #5607 ) ;
#4867 = CARTESIAN_POINT ( 'NONE',  ( 0.000000000000000000, 0.8000000000000000444, -0.7000000000000018430 ) ) ;
#4869 = ORIENTED_EDGE ( 'NONE', *, *, #3270, .T. ) ;
#4870 = CARTESIAN_POINT ( 'NONE',  ( -3.849999999999929035, 0.000000000000000000, -1.800000000000001155 ) ) ;
#4871 = CARTESIAN_POINT ( 'NONE',  ( 4.849999999999997868, 2.080624847486572282, 0.6999999999999992895 ) ) ;
#4872 = ORIENTED_EDGE ( 'NONE', *, *, #6077, .F. ) ;
#4873 = CARTESIAN_POINT ( 'NONE',  ( -4.299999999999999822, 2.301999999999999602, -4.549999999999998934 ) ) ;
#4874 = VERTEX_POINT ( 'NONE', #6443 ) ;
#4875 = AXIS2_PLACEMENT_3D ( 'NONE', #316, #4268, #1932 ) ;
#4876 = COLOUR_RGB ( '',0.000000000000000000, 0.5019607843137254832, 0.000000000000000000 ) ;
#4877 = AXIS2_PLACEMENT_3D ( 'NONE', #4878, #1715, #6475 ) ;
#4878 = CARTESIAN_POINT ( 'NONE',  ( -4.600000000000003197, 0.7999999999999997113, -4.850000000000001421 ) ) ;
#4879 = CARTESIAN_POINT ( 'NONE',  ( -4.849999999999962341, 0.8000000000000000444, 0.000000000000000000 ) ) ;
#4880 = EDGE_CURVE ( 'NONE', #7098, #1639, #232, .T. ) ;
#4881 = VERTEX_POINT ( 'NONE', #2464 ) ;
#4882 = CLOSED_SHELL ( 'NONE', ( #2102, #6722, #3772, #4837, #9591, #2630, #6974, #9383 ) ) ;
#4883 = DIRECTION ( 'NONE',  ( 1.000000000000000000, 0.000000000000000000, -0.000000000000000000 ) ) ;
#4884 = CARTESIAN_POINT ( 'NONE',  ( -4.385534117865374171, 2.022610860657358067, 4.648058160912052372 ) ) ;
#4885 = LINE ( 'NONE', #3221, #1331 ) ;
#4886 = EDGE_LOOP ( 'NONE', ( #3141, #9090, #5801, #7320, #3885, #8064, #3816, #9291, #45, #3512, #7501, #6227, #552, #7698, #8688, #5557, #1763, #7495, #1150, #7680, #3910, #662, #1493, #7622, #3731, #5646, #9506, #500, #5210, #7224, #6039, #1617, #9572, #829, #5212, #6746, #1718, #7850, #10244, #9056, #3836, #5907, #4066, #3121, #7728, #6124, #7052, #10212, #3913, #759, #1846, #9937, #4429, #1259, #289, #1337, #2675, #3010, #687, #7794, #3931, #333, #6417, #8842, #5093, #442, #4272, #10116, #1170, #8976, #3873, #9575, #5920, #4338, #6157, #1153, #8966, #4439, #3631, #8639, #7599 ) ) ;
#4887 = EDGE_CURVE ( 'NONE', #77, #7461, #3237, .T. ) ;
#4888 =( NAMED_UNIT ( * ) SI_UNIT ( $, .STERADIAN. ) SOLID_ANGLE_UNIT ( ) );
#4889 = EDGE_CURVE ( 'NONE', #6346, #5982, #9820, .T. ) ;
#4890 = DIRECTION ( 'NONE',  ( -4.336808689942006692E-15, 0.000000000000000000, 1.000000000000000000 ) ) ;
#4891 = LINE ( 'NONE', #7398, #5853 ) ;
#4892 = CARTESIAN_POINT ( 'NONE',  ( 4.850000000000001421, 2.080624847486572282, 4.799999999999999822 ) ) ;
#4893 = ORIENTED_EDGE ( 'NONE', *, *, #4065, .F. ) ;
#4894 = EDGE_LOOP ( 'NONE', ( #4861, #1517, #5340, #9872 ) ) ;
#4895 = SURFACE_STYLE_FILL_AREA ( #2566 ) ;
#4896 = DIRECTION ( 'NONE',  ( 0.000000000000000000, 0.000000000000000000, 1.000000000000000000 ) ) ;
#4897 = VECTOR ( 'NONE', #10214, 1000.000000000000000 ) ;
#4898 = EDGE_CURVE ( 'NONE', #4221, #4457, #2670, .T. ) ;
#4899 = ORIENTED_EDGE ( 'NONE', *, *, #2987, .F. ) ;
#4900 = CARTESIAN_POINT ( 'NONE',  ( 4.850000000000001421, 0.000000000000000000, 5.049999999999999822 ) ) ;
#4901 = CARTESIAN_POINT ( 'NONE',  ( -3.849999999999996980, 0.8000000000000000444, 3.999999999999998224 ) ) ;
#4902 = VECTOR ( 'NONE', #3154, 1000.000000000000000 ) ;
#4903 = VERTEX_POINT ( 'NONE', #9869 ) ;
#4904 = CARTESIAN_POINT ( 'NONE',  ( 4.311251983595060011, 2.100000000000000089, -4.557158170062763247 ) ) ;
#4905 = PRESENTATION_STYLE_ASSIGNMENT (( #6399 ) ) ;
#4906 = VERTEX_POINT ( 'NONE', #371 ) ;
#4907 = AXIS2_PLACEMENT_3D ( 'NONE', #9475, #8592, #1449 ) ;
#4908 = ORIENTED_EDGE ( 'NONE', *, *, #9310, .T. ) ;
#4909 = EDGE_CURVE ( 'NONE', #1240, #6738, #1115, .T. ) ;
#4910 = CARTESIAN_POINT ( 'NONE',  ( 3.849999999999997424, 0.000000000000000000, -4.000000000000000888 ) ) ;
#4911 = EDGE_CURVE ( 'NONE', #8500, #3119, #7922, .T. ) ;
#4912 = VERTEX_POINT ( 'NONE', #8202 ) ;
#4913 = CARTESIAN_POINT ( 'NONE',  ( 4.600000000000002309, 0.7999999999999998224, -4.649929289321881321 ) ) ;
#4914 = CIRCLE ( 'NONE', #278, 0.1499999999999999667 ) ;
#4915 = CARTESIAN_POINT ( 'NONE',  ( 4.378379217981356319, 2.033225573193807811, -4.644318933867717547 ) ) ;
#4916 = FACE_OUTER_BOUND ( 'NONE', #9690, .T. ) ;
#4917 = DIRECTION ( 'NONE',  ( 0.000000000000000000, 1.000000000000000000, -6.123233995736767268E-17 ) ) ;
#4918 = DIRECTION ( 'NONE',  ( 0.000000000000000000, 0.000000000000000000, 1.000000000000000000 ) ) ;
#4919 = EDGE_CURVE ( 'NONE', #8750, #61, #1211, .T. ) ;
#4920 = CARTESIAN_POINT ( 'NONE',  ( -3.849999999999997424, 0.000000000000000000, -4.000000000000000888 ) ) ;
#4921 = MECHANICAL_DESIGN_GEOMETRIC_PRESENTATION_REPRESENTATION (  '', ( #5244 ), #117 ) ;
#4922 = ORIENTED_EDGE ( 'NONE', *, *, #2281, .T. ) ;
#4923 = STYLED_ITEM ( 'NONE', ( #5302 ), #5994 ) ;
#4924 = CARTESIAN_POINT ( 'NONE',  ( 3.850000000000008527, 0.8000000000000000444, 2.899999999999999023 ) ) ;
#4925 = ORIENTED_EDGE ( 'NONE', *, *, #6533, .F. ) ;
#4926 = DIRECTION ( 'NONE',  ( -0.000000000000000000, 0.000000000000000000, 1.000000000000000000 ) ) ;
#4927 = CARTESIAN_POINT ( 'NONE',  ( -4.399929289321881321, 2.000000000000001332, -4.850000000000000533 ) ) ;
#4928 = CARTESIAN_POINT ( 'NONE',  ( -4.850000000000000533, 2.080624847486572282, 2.399999999999999023 ) ) ;
#4929 = PRESENTATION_LAYER_ASSIGNMENT (  '', '', ( #9870 ) ) ;
#4930 = CARTESIAN_POINT ( 'NONE',  ( 0.000000000000000000, 0.8000000000000000444, -4.000000000000001776 ) ) ;
#4931 = CARTESIAN_POINT ( 'NONE',  ( 4.850000000000000533, 2.080624847486572282, 1.099999999999999423 ) ) ;
#4932 = CARTESIAN_POINT ( 'NONE',  ( -3.449999999999999289, 2.200000000000000178, -3.249999999999999112 ) ) ;
#4933 = DIRECTION ( 'NONE',  ( 1.000000000000000000, 0.000000000000000000, -0.000000000000000000 ) ) ;
#4934 = EDGE_CURVE ( 'NONE', #7330, #5663, #4320, .T. ) ;
#4935 = ORIENTED_EDGE ( 'NONE', *, *, #6277, .F. ) ;
#4936 = EDGE_CURVE ( 'NONE', #9905, #9925, #2713, .T. ) ;
#4937 = LINE ( 'NONE', #8084, #5524 ) ;
#4938 = B_SPLINE_CURVE_WITH_KNOTS ( 'NONE', 3,
 ( #3332, #1002, #6429, #1667, #3998, #1720, #7139, #1566, #6373, #841, #4884, #1612, #9549 ),
 .UNSPECIFIED., .F., .F.,
 ( 4, 3, 3, 3, 4 ),
 ( 1.301042606982605321E-18, 5.083670231753894300E-05, 9.796152662741023818E-05, 0.0001450796207375226060, 0.0001848331750982633054 ),
 .UNSPECIFIED. ) ;
#4939 = LINE ( 'NONE', #1010, #2775 ) ;
#4940 = PLANE ( 'NONE',  #8504 ) ;
#4941 = PRESENTATION_STYLE_ASSIGNMENT (( #5756 ) ) ;
#4942 = VERTEX_POINT ( 'NONE', #9044 ) ;
#4943 = VERTEX_POINT ( 'NONE', #1893 ) ;
#4944 = DIRECTION ( 'NONE',  ( -0.000000000000000000, -1.000000000000000000, 0.000000000000000000 ) ) ;
#4945 = DIRECTION ( 'NONE',  ( 0.000000000000000000, -0.000000000000000000, 1.000000000000000000 ) ) ;
#4946 = LINE ( 'NONE', #2141, #7029 ) ;
#4947 = UNCERTAINTY_MEASURE_WITH_UNIT (LENGTH_MEASURE( 1.000000000000000082E-05 ), #4067, 'distance_accuracy_value', 'NONE');
#4948 = EDGE_CURVE ( 'NONE', #2505, #8241, #6790, .T. ) ;
#4949 = CARTESIAN_POINT ( 'NONE',  ( -3.849999999999996092, 0.8000000000000000444, -1.100000000000000089 ) ) ;
#4950 = AXIS2_PLACEMENT_3D ( 'NONE', #8582, #4698, #9314 ) ;
#4951 = DIRECTION ( 'NONE',  ( 0.000000000000000000, 0.000000000000000000, -1.000000000000000000 ) ) ;
#4952 = FILL_AREA_STYLE ('',( #6592 ) ) ;
#4953 = MECHANICAL_DESIGN_GEOMETRIC_PRESENTATION_REPRESENTATION (  '', ( #7406 ), #1477 ) ;
#4954 = VECTOR ( 'NONE', #6223, 1000.000000000000000 ) ;
#4955 = ORIENTED_EDGE ( 'NONE', *, *, #4419, .T. ) ;
#4956 = CARTESIAN_POINT ( 'NONE',  ( 4.385287539139257618, 2.053875565893688471, -4.614045346104521883 ) ) ;
#4957 = SURFACE_STYLE_USAGE ( .BOTH. , #3301 ) ;
#4958 = EDGE_LOOP ( 'NONE', ( #6389, #2892, #7818, #4469 ) ) ;
#4959 = UNCERTAINTY_MEASURE_WITH_UNIT (LENGTH_MEASURE( 1.000000000000000082E-05 ), #3790, 'distance_accuracy_value', 'NONE');
#4960 = VERTEX_POINT ( 'NONE', #3537 ) ;
#4961 = CARTESIAN_POINT ( 'NONE',  ( 4.379276107729750400, 2.302000000000000046, -4.566699762401996487 ) ) ;
#4962 = PRESENTATION_LAYER_ASSIGNMENT (  '', '', ( #5778 ) ) ;
#4963 = MECHANICAL_DESIGN_GEOMETRIC_PRESENTATION_REPRESENTATION (  '', ( #3627 ), #5288 ) ;
#4964 = ORIENTED_EDGE ( 'NONE', *, *, #6774, .T. ) ;
#4965 = DIRECTION ( 'NONE',  ( -0.000000000000000000, 0.000000000000000000, 1.000000000000000000 ) ) ;
#4966 = VECTOR ( 'NONE', #7391, 1000.000000000000000 ) ;
#4967 = EDGE_CURVE ( 'NONE', #8995, #7678, #4415, .T. ) ;
#4968 = EDGE_CURVE ( 'NONE', #7729, #4622, #162, .T. ) ;
#4969 = CARTESIAN_POINT ( 'NONE',  ( 4.299999999999999822, 2.100000000000000089, -4.549999999999999822 ) ) ;
#4970 = DIRECTION ( 'NONE',  ( 0.000000000000000000, -0.000000000000000000, -1.000000000000000000 ) ) ;
#4971 = DIRECTION ( 'NONE',  ( 1.626303258728256059E-15, 0.000000000000000000, 1.000000000000000000 ) ) ;
#4972 = FILL_AREA_STYLE ('',( #8173 ) ) ;
#4973 = VERTEX_POINT ( 'NONE', #8248 ) ;
#4974 = EDGE_CURVE ( 'NONE', #6801, #202, #9964, .T. ) ;
#4975 = CARTESIAN_POINT ( 'NONE',  ( -4.333309763107293655, 2.267668071082945325, -4.706595997628983952 ) ) ;
#4976 = EDGE_LOOP ( 'NONE', ( #800, #964, #3243, #176 ) ) ;
#4977 = DIRECTION ( 'NONE',  ( 1.000000000000000000, 0.000000000000000000, -0.000000000000000000 ) ) ;
#4978 = DIRECTION ( 'NONE',  ( 0.000000000000000000, 0.000000000000000000, -1.000000000000000000 ) ) ;
#4979 = MECHANICAL_DESIGN_GEOMETRIC_PRESENTATION_REPRESENTATION (  '', ( #7437 ), #2983 ) ;
#4980 = AXIS2_PLACEMENT_3D ( 'NONE', #2930, #2265, #10076 ) ;
#4981 = DIRECTION ( 'NONE',  ( -0.000000000000000000, -1.000000000000000000, -0.000000000000000000 ) ) ;
#4982 =( NAMED_UNIT ( * ) PLANE_ANGLE_UNIT ( ) SI_UNIT ( $, .RADIAN. ) );
#4983 = DIRECTION ( 'NONE',  ( 1.626303258728256059E-15, 0.000000000000000000, 1.000000000000000000 ) ) ;
#4984 = LINE ( 'NONE', #3473, #356 ) ;
#4985 = DIRECTION ( 'NONE',  ( -1.000000000000000000, 0.000000000000000000, -4.336808689942006692E-15 ) ) ;
#4986 = CARTESIAN_POINT ( 'NONE',  ( -3.849999999999905942, 0.8000000000000000444, -4.000000000000001776 ) ) ;
#4987 = VERTEX_POINT ( 'NONE', #9913 ) ;
#4988 = PRESENTATION_LAYER_ASSIGNMENT (  '', '', ( #345 ) ) ;
#4989 = COLOUR_RGB ( '',0.2509803921568627416, 0.2509803921568627416, 0.2509803921568627416 ) ;
#4990 = DIRECTION ( 'NONE',  ( -0.000000000000000000, 1.000000000000000000, 0.000000000000000000 ) ) ;
#4991 = SURFACE_SIDE_STYLE ('',( #5989 ) ) ;
#4992 = CARTESIAN_POINT ( 'NONE',  ( 0.000000000000000000, 0.8000000000000000444, -5.500000000000002665 ) ) ;
#4993 = VERTEX_POINT ( 'NONE', #9777 ) ;
#4994 = FACE_OUTER_BOUND ( 'NONE', #5706, .T. ) ;
#4995 = DIRECTION ( 'NONE',  ( -1.000000000000000000, 0.000000000000000000, -0.000000000000000000 ) ) ;
#4996 = EDGE_LOOP ( 'NONE', ( #9655, #2821, #5305, #9960 ) ) ;
#4997 = ORIENTED_EDGE ( 'NONE', *, *, #9816, .T. ) ;
#4998 = DIRECTION ( 'NONE',  ( -0.000000000000000000, 1.000000000000000000, -0.000000000000000000 ) ) ;
#4999 = FILL_AREA_STYLE_COLOUR ( '', #9202 ) ;
#5000 = CARTESIAN_POINT ( 'NONE',  ( 4.850000000000000533, 0.000000000000000000, -3.100000000000000977 ) ) ;
#5001 = PRESENTATION_LAYER_ASSIGNMENT (  '', '', ( #528 ) ) ;
#5002 = CARTESIAN_POINT ( 'NONE',  ( 0.000000000000000000, 0.8000000000000000444, -4.800000000000001599 ) ) ;
#5003 = CARTESIAN_POINT ( 'NONE',  ( 4.850000000000010303, 0.000000000000000000, -3.700000000000001066 ) ) ;
#5004 = LINE ( 'NONE', #9824, #2219 ) ;
#5005 = ADVANCED_FACE ( 'NONE', ( #2095 ), #421, .T. ) ;
#5006 = VERTEX_POINT ( 'NONE', #2765 ) ;
#5007 = CARTESIAN_POINT ( 'NONE',  ( 3.849999999999997424, 0.7999999999999999334, 0.3999999999999993006 ) ) ;
#5008 = FACE_OUTER_BOUND ( 'NONE', #5454, .T. ) ;
#5009 = VERTEX_POINT ( 'NONE', #6683 ) ;
#5010 = VECTOR ( 'NONE', #1649, 1000.000000000000000 ) ;
#5011 = VECTOR ( 'NONE', #9212, 1000.000000000000000 ) ;
#5012 = CARTESIAN_POINT ( 'NONE',  ( 4.399999999999999467, 2.000000000000000444, 4.649929289321881321 ) ) ;
#5013 = MECHANICAL_DESIGN_GEOMETRIC_PRESENTATION_REPRESENTATION (  '', ( #3862 ), #8145 ) ;
#5014 = VECTOR ( 'NONE', #8740, 1000.000000000000000 ) ;
#5015 = EDGE_LOOP ( 'NONE', ( #10185, #5164, #10171, #4647 ) ) ;
#5016 = EDGE_CURVE ( 'NONE', #1309, #9748, #3490, .T. ) ;
#5017 = DIRECTION ( 'NONE',  ( -1.000000000000000000, 0.000000000000000000, 1.626303258728256257E-15 ) ) ;
#5018 = EDGE_CURVE ( 'NONE', #5519, #4912, #8153, .T. ) ;
#5019 =( LENGTH_UNIT ( ) NAMED_UNIT ( * ) SI_UNIT ( .MILLI., .METRE. ) );
#5020 = CARTESIAN_POINT ( 'NONE',  ( -4.850000000000000533, 0.000000000000000000, -4.200000000000001066 ) ) ;
#5021 = PLANE ( 'NONE',  #6132 ) ;
#5022 = CARTESIAN_POINT ( 'NONE',  ( -4.850000000000001421, 0.7999999999999999334, 2.600000000000000533 ) ) ;
#5023 =( GEOMETRIC_REPRESENTATION_CONTEXT ( 3 ) GLOBAL_UNCERTAINTY_ASSIGNED_CONTEXT ( ( #10027 ) ) GLOBAL_UNIT_ASSIGNED_CONTEXT ( ( #9621, #4179, #2617 ) ) REPRESENTATION_CONTEXT ( 'NONE', 'WORKASPACE' ) );
#5024 = PRESENTATION_STYLE_ASSIGNMENT (( #2638 ) ) ;
#5025 = EDGE_CURVE ( 'NONE', #8013, #8771, #6735, .T. ) ;
#5026 = ORIENTED_EDGE ( 'NONE', *, *, #2729, .T. ) ;
#5027 = LINE ( 'NONE', #9939, #9210 ) ;
#5028 = PRESENTATION_LAYER_ASSIGNMENT (  '', '', ( #9489 ) ) ;
#5029 = ORIENTED_EDGE ( 'NONE', *, *, #6023, .T. ) ;
#5030 = EDGE_CURVE ( 'NONE', #7744, #4863, #2043, .T. ) ;
#5031 = CARTESIAN_POINT ( 'NONE',  ( 4.390833604018045122, 2.014297578980000836, 4.649999999999999467 ) ) ;
#5032 = PLANE ( 'NONE',  #7710 ) ;
#5033 = LINE ( 'NONE', #9658, #8852 ) ;
#5034 = LINE ( 'NONE', #1096, #5659 ) ;
#5035 = PRESENTATION_STYLE_ASSIGNMENT (( #8231 ) ) ;
#5036 = SURFACE_STYLE_FILL_AREA ( #5130 ) ;
#5037 = COLOUR_RGB ( '',0.8980392156862745390, 0.8980392156862745390, 0.8980392156862745390 ) ;
#5038 = STYLED_ITEM ( 'NONE', ( #5804 ), #8602 ) ;
#5039 = CIRCLE ( 'NONE', #8509, 0.1999999999999996503 ) ;
#5040 = PLANE ( 'NONE',  #3035 ) ;
#5041 = DIRECTION ( 'NONE',  ( 0.000000000000000000, -0.000000000000000000, -1.000000000000000000 ) ) ;
#5042 = AXIS2_PLACEMENT_3D ( 'NONE', #960, #1884, #8934 ) ;
#5043 = COLOUR_RGB ( '',0.000000000000000000, 0.5019607843137254832, 0.000000000000000000 ) ;
#5044 = SURFACE_STYLE_FILL_AREA ( #8142 ) ;
#5045 = ORIENTED_EDGE ( 'NONE', *, *, #6384, .F. ) ;
#5046 = SURFACE_SIDE_STYLE ('',( #3584 ) ) ;
#5047 = CARTESIAN_POINT ( 'NONE',  ( 3.850000000000030731, 0.000000000000000000, 1.499999999999999556 ) ) ;
#5048 = DIRECTION ( 'NONE',  ( 1.000000000000000000, 0.000000000000000000, -0.000000000000000000 ) ) ;
#5049 = UNCERTAINTY_MEASURE_WITH_UNIT (LENGTH_MEASURE( 1.000000000000000082E-05 ), #8715, 'distance_accuracy_value', 'NONE');
#5050 = CARTESIAN_POINT ( 'NONE',  ( -4.850000000000000533, 2.080624847486572282, 3.499999999999998668 ) ) ;
#5051 = MECHANICAL_DESIGN_GEOMETRIC_PRESENTATION_REPRESENTATION (  '', ( #5700 ), #7844 ) ;
#5052 = DIRECTION ( 'NONE',  ( -0.000000000000000000, 0.000000000000000000, 1.000000000000000000 ) ) ;
#5053 = DIRECTION ( 'NONE',  ( 1.626303258728256059E-15, 0.000000000000000000, 1.000000000000000000 ) ) ;
#5054 = CARTESIAN_POINT ( 'NONE',  ( 0.000000000000000000, 0.8000000000000000444, 0.6999999999999984013 ) ) ;
#5055 = ORIENTED_EDGE ( 'NONE', *, *, #5530, .F. ) ;
#5056 = VERTEX_POINT ( 'NONE', #4233 ) ;
#5057 = LINE ( 'NONE', #1901, #3015 ) ;
#5058 = ORIENTED_EDGE ( 'NONE', *, *, #47, .F. ) ;
#5059 = UNCERTAINTY_MEASURE_WITH_UNIT (LENGTH_MEASURE( 1.000000000000000082E-05 ), #1258, 'distance_accuracy_value', 'NONE');
#5060 = CARTESIAN_POINT ( 'NONE',  ( 4.387420392015691561, 2.051144252825626513, -4.616619526214587488 ) ) ;
#5061 = ORIENTED_EDGE ( 'NONE', *, *, #2414, .F. ) ;
#5062 = ADVANCED_FACE ( 'NONE', ( #9295 ), #6993, .F. ) ;
#5063 = DIRECTION ( 'NONE',  ( 0.000000000000000000, -1.000000000000000000, 0.000000000000000000 ) ) ;
#5064 = FILL_AREA_STYLE ('',( #7376 ) ) ;
#5065 = VECTOR ( 'NONE', #4158, 1000.000000000000000 ) ;
#5066 = CARTESIAN_POINT ( 'NONE',  ( -4.399929289321881321, 2.000000000000000444, 4.549999999999998934 ) ) ;
#5067 = LINE ( 'NONE', #6559, #2361 ) ;
#5068 = ORIENTED_EDGE ( 'NONE', *, *, #1292, .T. ) ;
#5069 = EDGE_CURVE ( 'NONE', #3304, #5056, #4577, .T. ) ;
#5070 = FILL_AREA_STYLE ('',( #5887 ) ) ;
#5071 = FILL_AREA_STYLE_COLOUR ( '', #843 ) ;
#5072 = EDGE_LOOP ( 'NONE', ( #3693, #5506, #9271, #8532 ) ) ;
#5073 = DIRECTION ( 'NONE',  ( 1.000000000000000000, 0.000000000000000000, -0.000000000000000000 ) ) ;
#5074 = VECTOR ( 'NONE', #2387, 1000.000000000000000 ) ;
#5075 = ORIENTED_EDGE ( 'NONE', *, *, #5937, .F. ) ;
#5076 = VECTOR ( 'NONE', #31, 1000.000000000000000 ) ;
#5077 = DIRECTION ( 'NONE',  ( 1.000000000000000000, 0.000000000000000000, 0.000000000000000000 ) ) ;
#5078 = FACE_OUTER_BOUND ( 'NONE', #1186, .T. ) ;
#5079 = VECTOR ( 'NONE', #9752, 1000.000000000000000 ) ;
#5080 = VECTOR ( 'NONE', #7056, 1000.000000000000000 ) ;
#5081 = CARTESIAN_POINT ( 'NONE',  ( 4.850000000000001421, 0.000000000000000000, -0.7000000000000009548 ) ) ;
#5082 = AXIS2_PLACEMENT_3D ( 'NONE', #294, #5017, #4198 ) ;
#5083 = DIRECTION ( 'NONE',  ( 0.000000000000000000, -1.000000000000000000, 0.000000000000000000 ) ) ;
#5084 = CARTESIAN_POINT ( 'NONE',  ( 4.567607869197446213, 2.156613802740582564, -4.616607917228706448 ) ) ;
#5085 = CARTESIAN_POINT ( 'NONE',  ( 4.850000000000001421, 0.000000000000000000, 1.499999999999999556 ) ) ;
#5086 = PRESENTATION_STYLE_ASSIGNMENT (( #6578 ) ) ;
#5087 = EDGE_CURVE ( 'NONE', #5376, #6037, #7827, .T. ) ;
#5088 = EDGE_CURVE ( 'NONE', #8254, #1080, #1520, .T. ) ;
#5089 =( NAMED_UNIT ( * ) SI_UNIT ( $, .STERADIAN. ) SOLID_ANGLE_UNIT ( ) );
#5090 = FILL_AREA_STYLE ('',( #172 ) ) ;
#5091 =( NAMED_UNIT ( * ) SI_UNIT ( $, .STERADIAN. ) SOLID_ANGLE_UNIT ( ) );
#5092 = MECHANICAL_DESIGN_GEOMETRIC_PRESENTATION_REPRESENTATION (  '', ( #2447 ), #624 ) ;
#5093 = ORIENTED_EDGE ( 'NONE', *, *, #1197, .T. ) ;
#5094 = DIRECTION ( 'NONE',  ( -0.000000000000000000, 1.000000000000000000, -0.000000000000000000 ) ) ;
#5095 = ADVANCED_FACE ( 'NONE', ( #10208 ), #1316, .T. ) ;
#5096 = FACE_OUTER_BOUND ( 'NONE', #8667, .T. ) ;
#5097 = ADVANCED_FACE ( 'NONE', ( #3908 ), #8514, .F. ) ;
#5098 = DIRECTION ( 'NONE',  ( 0.000000000000000000, 0.000000000000000000, 1.000000000000000000 ) ) ;
#5099 = VECTOR ( 'NONE', #5806, 1000.000000000000000 ) ;
#5100 = FACE_OUTER_BOUND ( 'NONE', #10218, .T. ) ;
#5101 = ORIENTED_EDGE ( 'NONE', *, *, #6535, .F. ) ;
#5102 = ORIENTED_EDGE ( 'NONE', *, *, #1164, .T. ) ;
#5103 = LINE ( 'NONE', #2003, #4343 ) ;
#5104 =( GEOMETRIC_REPRESENTATION_CONTEXT ( 3 ) GLOBAL_UNCERTAINTY_ASSIGNED_CONTEXT ( ( #10128 ) ) GLOBAL_UNIT_ASSIGNED_CONTEXT ( ( #9792, #3557, #3506 ) ) REPRESENTATION_CONTEXT ( 'NONE', 'WORKASPACE' ) );
#5105 = ORIENTED_EDGE ( 'NONE', *, *, #7042, .F. ) ;
#5106 = FILL_AREA_STYLE_COLOUR ( '', #322 ) ;
#5107 = CARTESIAN_POINT ( 'NONE',  ( -4.850000000000000533, 0.000000000000000000, 4.799999999999998934 ) ) ;
#5108 = VERTEX_POINT ( 'NONE', #6950 ) ;
#5109 = DIRECTION ( 'NONE',  ( 0.000000000000000000, -0.000000000000000000, -1.000000000000000000 ) ) ;
#5110 = CARTESIAN_POINT ( 'NONE',  ( -3.849999999999905942, 0.000000000000000000, -4.000000000000001776 ) ) ;
#5111 = AXIS2_PLACEMENT_3D ( 'NONE', #3402, #7550, #6729 ) ;
#5112 = FILL_AREA_STYLE_COLOUR ( '', #6512 ) ;
#5113 = VERTEX_POINT ( 'NONE', #10067 ) ;
#5114 = SURFACE_STYLE_FILL_AREA ( #5070 ) ;
#5115 = ORIENTED_EDGE ( 'NONE', *, *, #2352, .T. ) ;
#5116 = PRESENTATION_LAYER_ASSIGNMENT (  '', '', ( #7578 ) ) ;
#5117 = DIRECTION ( 'NONE',  ( 1.000000000000000000, 0.000000000000000000, 0.000000000000000000 ) ) ;
#5118 = VECTOR ( 'NONE', #5765, 1000.000000000000000 ) ;
#5119 = VERTEX_POINT ( 'NONE', #6276 ) ;
#5120 = DIRECTION ( 'NONE',  ( 0.000000000000000000, 1.000000000000000000, 0.000000000000000000 ) ) ;
#5121 = CARTESIAN_POINT ( 'NONE',  ( 3.849999999999997424, 0.000000000000000000, 3.699999999999999289 ) ) ;
#5122 = COLOUR_RGB ( '',0.000000000000000000, 0.5019607843137254832, 0.000000000000000000 ) ;
#5123 = VECTOR ( 'NONE', #6072, 1000.000000000000000 ) ;
#5124 = CARTESIAN_POINT ( 'NONE',  ( 4.383229526919885544, 2.079276107729750134, 4.851999999999999424 ) ) ;
#5125 = VECTOR ( 'NONE', #9607, 1000.000000000000000 ) ;
#5126 = LINE ( 'NONE', #8229, #3200 ) ;
#5127 = ADVANCED_FACE ( 'NONE', ( #588 ), #741, .T. ) ;
#5128 = DIRECTION ( 'NONE',  ( -1.000000000000000000, 0.000000000000000000, -0.000000000000000000 ) ) ;
#5129 = FACE_OUTER_BOUND ( 'NONE', #4340, .T. ) ;
#5130 = FILL_AREA_STYLE ('',( #1054 ) ) ;
#5131 = VECTOR ( 'NONE', #6946, 1000.000000000000000 ) ;
#5132 = CARTESIAN_POINT ( 'NONE',  ( 0.000000000000000000, 0.8000000000000000444, -1.100000000000000089 ) ) ;
#5133 = MECHANICAL_DESIGN_GEOMETRIC_PRESENTATION_REPRESENTATION (  '', ( #9442 ), #490 ) ;
#5134 = FACE_OUTER_BOUND ( 'NONE', #9047, .T. ) ;
#5135 = EDGE_LOOP ( 'NONE', ( #9117, #7825, #1967, #1544 ) ) ;
#5136 = CARTESIAN_POINT ( 'NONE',  ( 4.850000000000000533, 0.000000000000000000, 1.799999999999999600 ) ) ;
#5137 = CARTESIAN_POINT ( 'NONE',  ( 0.000000000000000000, 1.687792868793693186E-14, 4.850000000000005862 ) ) ;
#5138 = ORIENTED_EDGE ( 'NONE', *, *, #9785, .F. ) ;
#5139 = LINE ( 'NONE', #9134, #7644 ) ;
#5140 = CARTESIAN_POINT ( 'NONE',  ( -4.364961830218757832, 2.077177608427187128, -4.594458487671656322 ) ) ;
#5141 = CARTESIAN_POINT ( 'NONE',  ( -3.849999999999996092, 0.8000000000000000444, -6.599999999999999645 ) ) ;
#5142 = VERTEX_POINT ( 'NONE', #5405 ) ;
#5143 = EDGE_CURVE ( 'NONE', #9115, #2107, #934, .T. ) ;
#5144 = CARTESIAN_POINT ( 'NONE',  ( 4.399929289321881321, 0.7999999999999998224, 4.850000000000002309 ) ) ;
#5145 = CARTESIAN_POINT ( 'NONE',  ( -3.849999999999929035, 0.8000000000000000444, -1.800000000000001155 ) ) ;
#5146 = EDGE_CURVE ( 'NONE', #2969, #5108, #4471, .T. ) ;
#5147 = EDGE_CURVE ( 'NONE', #2142, #477, #7610, .T. ) ;
#5148 = DIRECTION ( 'NONE',  ( -0.000000000000000000, 1.000000000000000000, -0.000000000000000000 ) ) ;
#5149 = DIRECTION ( 'NONE',  ( 0.000000000000000000, 1.000000000000000000, 0.000000000000000000 ) ) ;
#5150 = EDGE_CURVE ( 'NONE', #2304, #3066, #9242, .T. ) ;
#5151 = ORIENTED_EDGE ( 'NONE', *, *, #9780, .T. ) ;
#5152 = ORIENTED_EDGE ( 'NONE', *, *, #7146, .F. ) ;
#5153 = SURFACE_STYLE_FILL_AREA ( #7460 ) ;
#5154 = ORIENTED_EDGE ( 'NONE', *, *, #9497, .F. ) ;
#5155 =( NAMED_UNIT ( * ) PLANE_ANGLE_UNIT ( ) SI_UNIT ( $, .RADIAN. ) );
#5156 = UNCERTAINTY_MEASURE_WITH_UNIT (LENGTH_MEASURE( 1.000000000000000082E-05 ), #6320, 'distance_accuracy_value', 'NONE');
#5157 = CARTESIAN_POINT ( 'NONE',  ( 4.399999999999999467, 2.026232285936368172, 4.633241106097909068 ) ) ;
#5158 = CARTESIAN_POINT ( 'NONE',  ( -2.399999999999999467, 0.7999999999999993783, -4.650000000000003908 ) ) ;
#5159 = VERTEX_POINT ( 'NONE', #10119 ) ;
#5160 = DIRECTION ( 'NONE',  ( 0.000000000000000000, -1.000000000000000000, 0.000000000000000000 ) ) ;
#5161 = LINE ( 'NONE', #5110, #6425 ) ;
#5162 = AXIS2_PLACEMENT_3D ( 'NONE', #6878, #1356, #9174 ) ;
#5163 = DIRECTION ( 'NONE',  ( 0.000000000000000000, -0.000000000000000000, -1.000000000000000000 ) ) ;
#5164 = ORIENTED_EDGE ( 'NONE', *, *, #2427, .F. ) ;
#5165 = FILL_AREA_STYLE_COLOUR ( '', #358 ) ;
#5166 =( NAMED_UNIT ( * ) SI_UNIT ( $, .STERADIAN. ) SOLID_ANGLE_UNIT ( ) );
#5167 = ORIENTED_EDGE ( 'NONE', *, *, #6921, .F. ) ;
#5168 = CARTESIAN_POINT ( 'NONE',  ( -4.333309763107293655, 2.089222690360982515, -4.602198665876327865 ) ) ;
#5169 = ORIENTED_EDGE ( 'NONE', *, *, #8240, .F. ) ;
#5170 = COLOUR_RGB ( '',0.8980392156862745390, 0.8980392156862745390, 0.8980392156862745390 ) ;
#5171 = DIRECTION ( 'NONE',  ( 0.000000000000000000, 0.000000000000000000, -1.000000000000000000 ) ) ;
#5172 = CARTESIAN_POINT ( 'NONE',  ( -3.849999999999996536, 0.000000000000000000, -4.000000000000000888 ) ) ;
#5173 = VECTOR ( 'NONE', #8160, 1000.000000000000000 ) ;
#5174 = CARTESIAN_POINT ( 'NONE',  ( -3.849999999999952127, 0.8000000000000000444, 0.3999999999999986344 ) ) ;
#5175 =( LENGTH_UNIT ( ) NAMED_UNIT ( * ) SI_UNIT ( .MILLI., .METRE. ) );
#5176 = SURFACE_STYLE_FILL_AREA ( #9224 ) ;
#5177 = CARTESIAN_POINT ( 'NONE',  ( 2.399999999999999467, 0.7999999999999998224, 4.850000000000004974 ) ) ;
#5178 = PRESENTATION_LAYER_ASSIGNMENT (  '', '', ( #8996 ) ) ;
#5179 = CARTESIAN_POINT ( 'NONE',  ( 4.299999999999998934, 2.299999999999999822, -4.549999999999999822 ) ) ;
#5180 = DIRECTION ( 'NONE',  ( 0.000000000000000000, 3.491481338843133355E-15, -1.000000000000000000 ) ) ;
#5181 = CARTESIAN_POINT ( 'NONE',  ( 4.850000000000004086, 0.8000000000000000444, 3.699999999999999734 ) ) ;
#5182 = AXIS2_PLACEMENT_3D ( 'NONE', #3723, #8311, #3662 ) ;
#5183 = ADVANCED_FACE ( 'NONE', ( #6064 ), #6847, .F. ) ;
#5184 = CARTESIAN_POINT ( 'NONE',  ( -3.115685424949237170, 0.000000000000000000, -5.049999999999999822 ) ) ;
#5185 = ORIENTED_EDGE ( 'NONE', *, *, #208, .T. ) ;
#5186 = DIRECTION ( 'NONE',  ( 0.000000000000000000, -1.000000000000000000, 0.000000000000000000 ) ) ;
#5187 = LINE ( 'NONE', #8110, #7563 ) ;
#5188 = VECTOR ( 'NONE', #9552, 1000.000000000000000 ) ;
#5189 = ORIENTED_EDGE ( 'NONE', *, *, #5587, .T. ) ;
#5190 = CARTESIAN_POINT ( 'NONE',  ( 3.849999999999997424, 0.000000000000000000, -2.900000000000000799 ) ) ;
#5191 = EDGE_CURVE ( 'NONE', #2074, #8404, #6172, .T. ) ;
#5192 = CARTESIAN_POINT ( 'NONE',  ( -4.399999999999999467, 2.000000000000000444, 4.649929289321881321 ) ) ;
#5193 = EDGE_LOOP ( 'NONE', ( #2628, #7840, #9300, #2941 ) ) ;
#5194 = EDGE_CURVE ( 'NONE', #7901, #2008, #8457, .T. ) ;
#5195 = DIRECTION ( 'NONE',  ( 1.000000000000000000, 0.000000000000000000, 0.000000000000000000 ) ) ;
#5196 = DIRECTION ( 'NONE',  ( -4.336808689942006692E-15, 0.000000000000000000, 1.000000000000000000 ) ) ;
#5197 = VECTOR ( 'NONE', #6052, 1000.000000000000000 ) ;
#5198 = VECTOR ( 'NONE', #6002, 1000.000000000000000 ) ;
#5199 = PLANE ( 'NONE',  #1776 ) ;
#5200 = CARTESIAN_POINT ( 'NONE',  ( -4.389222690360981005, 2.052198665876328931, -4.616619526214588376 ) ) ;
#5201 = ORIENTED_EDGE ( 'NONE', *, *, #6713, .T. ) ;
#5202 = ORIENTED_EDGE ( 'NONE', *, *, #3170, .F. ) ;
#5203 = CARTESIAN_POINT ( 'NONE',  ( 3.850000000000042277, 0.8000000000000000444, -0.4000000000000010214 ) ) ;
#5204 = ORIENTED_EDGE ( 'NONE', *, *, #7404, .F. ) ;
#5205 =( GEOMETRIC_REPRESENTATION_CONTEXT ( 3 ) GLOBAL_UNCERTAINTY_ASSIGNED_CONTEXT ( ( #4844 ) ) GLOBAL_UNIT_ASSIGNED_CONTEXT ( ( #485, #4638, #3656 ) ) REPRESENTATION_CONTEXT ( 'NONE', 'WORKASPACE' ) );
#5206 = DIRECTION ( 'NONE',  ( 0.000000000000000000, 0.000000000000000000, 1.000000000000000000 ) ) ;
#5207 = ADVANCED_FACE ( 'NONE', ( #3754 ), #6897, .T. ) ;
#5208 = LINE ( 'NONE', #3021, #1109 ) ;
#5209 = DIRECTION ( 'NONE',  ( 1.000000000000000000, 0.000000000000000000, -0.000000000000000000 ) ) ;
#5210 = ORIENTED_EDGE ( 'NONE', *, *, #10239, .T. ) ;
#5211 = DIRECTION ( 'NONE',  ( -0.000000000000000000, 1.000000000000000000, -0.000000000000000000 ) ) ;
#5212 = ORIENTED_EDGE ( 'NONE', *, *, #3542, .T. ) ;
#5213 = DIRECTION ( 'NONE',  ( -1.000000000000000000, 0.000000000000000000, -0.000000000000000000 ) ) ;
#5214 = ORIENTED_EDGE ( 'NONE', *, *, #9091, .T. ) ;
#5215 = DIRECTION ( 'NONE',  ( 0.000000000000000000, -1.000000000000000000, 0.000000000000000000 ) ) ;
#5216 = EDGE_CURVE ( 'NONE', #4649, #414, #4832, .T. ) ;
#5217 = CARTESIAN_POINT ( 'NONE',  ( 4.850000000000001421, 0.000000000000000000, 3.699999999999999289 ) ) ;
#5218 = ORIENTED_EDGE ( 'NONE', *, *, #210, .T. ) ;
#5219 = CARTESIAN_POINT ( 'NONE',  ( -4.850000000000000533, 2.080624847486572282, 1.099999999999999423 ) ) ;
#5220 = ORIENTED_EDGE ( 'NONE', *, *, #3494, .F. ) ;
#5221 =( GEOMETRIC_REPRESENTATION_CONTEXT ( 3 ) GLOBAL_UNCERTAINTY_ASSIGNED_CONTEXT ( ( #280 ) ) GLOBAL_UNIT_ASSIGNED_CONTEXT ( ( #9775, #5762, #5712 ) ) REPRESENTATION_CONTEXT ( 'NONE', 'WORKASPACE' ) );
#5222 = CYLINDRICAL_SURFACE ( 'NONE', #9072, 0.1000000000000002554 ) ;
#5223 = DIRECTION ( 'NONE',  ( 1.000000000000000000, 0.000000000000000000, 0.000000000000000000 ) ) ;
#5224 = SURFACE_SIDE_STYLE ('',( #2895 ) ) ;
#5225 = CARTESIAN_POINT ( 'NONE',  ( 4.366619526214588376, 2.156595997628985462, 4.817668071082944259 ) ) ;
#5226 = CARTESIAN_POINT ( 'NONE',  ( 4.850000000000001421, 0.000000000000000000, 2.600000000000000533 ) ) ;
#5227 = CARTESIAN_POINT ( 'NONE',  ( 3.849999999999997424, 0.7999999999999999334, -0.7000000000000009548 ) ) ;
#5228 = VECTOR ( 'NONE', #9021, 1000.000000000000000 ) ;
#5229 = SURFACE_STYLE_FILL_AREA ( #2083 ) ;
#5230 =( LENGTH_UNIT ( ) NAMED_UNIT ( * ) SI_UNIT ( .MILLI., .METRE. ) );
#5231 = COLOUR_RGB ( '',1.000000000000000000, 0.8117647058823529438, 0.5019607843137254832 ) ;
#5232 = DIRECTION ( 'NONE',  ( 0.000000000000000000, -0.000000000000000000, -1.000000000000000000 ) ) ;
#5233 = VECTOR ( 'NONE', #3305, 1000.000000000000000 ) ;
#5234 = CARTESIAN_POINT ( 'NONE',  ( 0.000000000000000000, 0.8000000000000000444, -2.200000000000000178 ) ) ;
#5235 = ORIENTED_EDGE ( 'NONE', *, *, #5556, .T. ) ;
#5236 =( LENGTH_UNIT ( ) NAMED_UNIT ( * ) SI_UNIT ( .MILLI., .METRE. ) );
#5237 = VECTOR ( 'NONE', #9928, 1000.000000000000000 ) ;
#5238 = SURFACE_STYLE_USAGE ( .BOTH. , #5445 ) ;
#5239 =( NAMED_UNIT ( * ) PLANE_ANGLE_UNIT ( ) SI_UNIT ( $, .RADIAN. ) );
#5240 = ORIENTED_EDGE ( 'NONE', *, *, #7859, .F. ) ;
#5241 = EDGE_CURVE ( 'NONE', #4903, #2969, #1009, .T. ) ;
#5242 = DIRECTION ( 'NONE',  ( 0.000000000000000000, -0.000000000000000000, -1.000000000000000000 ) ) ;
#5243 = DIRECTION ( 'NONE',  ( -1.626303258728256059E-15, -0.000000000000000000, -1.000000000000000000 ) ) ;
#5244 = STYLED_ITEM ( 'NONE', ( #7919 ), #1160 ) ;
#5245 = FACE_OUTER_BOUND ( 'NONE', #1821, .T. ) ;
#5246 = ORIENTED_EDGE ( 'NONE', *, *, #2997, .F. ) ;
#5247 = PRODUCT_DEFINITION_CONTEXT ( 'detailed design', #7006, 'design' ) ;
#5248 = CARTESIAN_POINT ( 'NONE',  ( 3.850000000000019185, 0.8000000000000000444, 1.799999999999999600 ) ) ;
#5249 = VECTOR ( 'NONE', #8890, 1000.000000000000000 ) ;
#5250 = CARTESIAN_POINT ( 'NONE',  ( -4.850000000000000533, 2.080624847486572282, 2.199999999999999289 ) ) ;
#5251 = DIRECTION ( 'NONE',  ( -8.673617379884051249E-15, 0.000000000000000000, -1.000000000000000000 ) ) ;
#5252 =( LENGTH_UNIT ( ) NAMED_UNIT ( * ) SI_UNIT ( .MILLI., .METRE. ) );
#5253 = ORIENTED_EDGE ( 'NONE', *, *, #4389, .F. ) ;
#5254 = ORIENTED_EDGE ( 'NONE', *, *, #2789, .T. ) ;
#5255 = DIRECTION ( 'NONE',  ( 1.626303258728256059E-15, 0.000000000000000000, 1.000000000000000000 ) ) ;
#5256 = EDGE_LOOP ( 'NONE', ( #6954, #3733, #8903, #5308 ) ) ;
#5257 = ADVANCED_FACE ( 'NONE', ( #900 ), #8669, .F. ) ;
#5258 = CARTESIAN_POINT ( 'NONE',  ( -3.849999999999996092, 2.080624847486572282, 1.799999999999999600 ) ) ;
#5259 = UNCERTAINTY_MEASURE_WITH_UNIT (LENGTH_MEASURE( 1.000000000000000082E-05 ), #376, 'distance_accuracy_value', 'NONE');
#5260 = DIRECTION ( 'NONE',  ( 0.000000000000000000, -0.000000000000000000, -1.000000000000000000 ) ) ;
#5261 = SURFACE_STYLE_USAGE ( .BOTH. , #7685 ) ;
#5262 = ORIENTED_EDGE ( 'NONE', *, *, #4024, .T. ) ;
#5263 = CARTESIAN_POINT ( 'NONE',  ( -4.850000000000001421, 2.080624847486572282, -0.7000000000000009548 ) ) ;
#5264 = PRESENTATION_STYLE_ASSIGNMENT (( #9157 ) ) ;
#5265 = ORIENTED_EDGE ( 'NONE', *, *, #156, .T. ) ;
#5266 =( NAMED_UNIT ( * ) SI_UNIT ( $, .STERADIAN. ) SOLID_ANGLE_UNIT ( ) );
#5267 = ORIENTED_EDGE ( 'NONE', *, *, #4384, .T. ) ;
#5268 = LINE ( 'NONE', #1341, #4015 ) ;
#5269 = ADVANCED_FACE ( 'NONE', ( #119 ), #8769, .T. ) ;
#5270 = CARTESIAN_POINT ( 'NONE',  ( 3.849999999999996092, 2.080624847486572282, -1.500000000000001332 ) ) ;
#5271 = ORIENTED_EDGE ( 'NONE', *, *, #4304, .F. ) ;
#5272 = SURFACE_STYLE_USAGE ( .BOTH. , #1497 ) ;
#5273 = CLOSED_SHELL ( 'NONE', ( #8107, #6650, #9461, #8698, #936, #5813, #4011, #3655 ) ) ;
#5274 = EDGE_CURVE ( 'NONE', #5721, #1473, #8820, .T. ) ;
#5275 = ORIENTED_EDGE ( 'NONE', *, *, #5329, .T. ) ;
#5276 =( GEOMETRIC_REPRESENTATION_CONTEXT ( 3 ) GLOBAL_UNCERTAINTY_ASSIGNED_CONTEXT ( ( #8899 ) ) GLOBAL_UNIT_ASSIGNED_CONTEXT ( ( #9469, #3879, #5570 ) ) REPRESENTATION_CONTEXT ( 'NONE', 'WORKASPACE' ) );
#5277 = DIRECTION ( 'NONE',  ( -8.673617379884051249E-15, 0.000000000000000000, -1.000000000000000000 ) ) ;
#5278 = PLANE ( 'NONE',  #6793 ) ;
#5279 =( NAMED_UNIT ( * ) SI_UNIT ( $, .STERADIAN. ) SOLID_ANGLE_UNIT ( ) );
#5280 = LINE ( 'NONE', #9851, #3053 ) ;
#5281 = CARTESIAN_POINT ( 'NONE',  ( 4.850000000000051159, 0.8000000000000000444, -1.500000000000001332 ) ) ;
#5282 = CARTESIAN_POINT ( 'NONE',  ( 4.850000000000001421, 0.8000000000000000444, -0.7000000000000009548 ) ) ;
#5283 = ADVANCED_FACE ( 'NONE', ( #7935 ), #3338, .F. ) ;
#5284 = CIRCLE ( 'NONE', #5444, 0.1999999999999996503 ) ;
#5285 = CARTESIAN_POINT ( 'NONE',  ( 4.850000000000000533, 2.080624847486572282, 4.200000000000000178 ) ) ;
#5286 = DIRECTION ( 'NONE',  ( -0.000000000000000000, 1.000000000000000000, -0.000000000000000000 ) ) ;
#5287 = AXIS2_PLACEMENT_3D ( 'NONE', #388, #9886, #4291 ) ;
#5288 =( GEOMETRIC_REPRESENTATION_CONTEXT ( 3 ) GLOBAL_UNCERTAINTY_ASSIGNED_CONTEXT ( ( #4636 ) ) GLOBAL_UNIT_ASSIGNED_CONTEXT ( ( #8163, #6691, #2726 ) ) REPRESENTATION_CONTEXT ( 'NONE', 'WORKASPACE' ) );
#5289 = AXIS2_PLACEMENT_3D ( 'NONE', #8711, #6720, #1879 ) ;
#5290 = PLANE ( 'NONE',  #1952 ) ;
#5291 = ORIENTED_EDGE ( 'NONE', *, *, #8755, .F. ) ;
#5292 = LINE ( 'NONE', #580, #2557 ) ;
#5293 = FACE_OUTER_BOUND ( 'NONE', #10184, .T. ) ;
#5294 = APPLICATION_PROTOCOL_DEFINITION ( 'draft international standard', 'automotive_design', 1998, #4574 ) ;
#5295 = ORIENTED_EDGE ( 'NONE', *, *, #8902, .T. ) ;
#5296 = DIRECTION ( 'NONE',  ( -8.673617379884051249E-15, 0.000000000000000000, -1.000000000000000000 ) ) ;
#5297 = STYLED_ITEM ( 'NONE', ( #7875 ), #6410 ) ;
#5298 = COLOUR_RGB ( '',0.000000000000000000, 0.5019607843137254832, 0.000000000000000000 ) ;
#5299 = ORIENTED_EDGE ( 'NONE', *, *, #2785, .T. ) ;
#5300 = MANIFOLD_SOLID_BREP ( 'LPattern2[2]', #6587 ) ;
#5301 = DIRECTION ( 'NONE',  ( 0.000000000000000000, -1.000000000000000000, 0.000000000000000000 ) ) ;
#5302 = PRESENTATION_STYLE_ASSIGNMENT (( #3756 ) ) ;
#5303 = COLOUR_RGB ( '',0.000000000000000000, 0.5019607843137254832, 0.000000000000000000 ) ;
#5304 = SURFACE_STYLE_USAGE ( .BOTH. , #6065 ) ;
#5305 = ORIENTED_EDGE ( 'NONE', *, *, #7775, .T. ) ;
#5306 = EDGE_LOOP ( 'NONE', ( #7697, #634, #9005, #3193, #901, #5976 ) ) ;
#5307 = CARTESIAN_POINT ( 'NONE',  ( -3.849999999999940137, 0.8000000000000000444, -0.7000000000000018430 ) ) ;
#5308 = ORIENTED_EDGE ( 'NONE', *, *, #6250, .F. ) ;
#5309 = PLANE ( 'NONE',  #1271 ) ;
#5310 = DIRECTION ( 'NONE',  ( -1.000000000000000000, 0.000000000000000000, -0.000000000000000000 ) ) ;
#5311 = ORIENTED_EDGE ( 'NONE', *, *, #6612, .F. ) ;
#5312 = CARTESIAN_POINT ( 'NONE',  ( 3.850000000000043165, 0.000000000000000000, 0.3999999999999993006 ) ) ;
#5313 = EDGE_CURVE ( 'NONE', #5571, #7098, #3225, .T. ) ;
#5314 = STYLED_ITEM ( 'NONE', ( #3257 ), #1836 ) ;
#5315 = CARTESIAN_POINT ( 'NONE',  ( -4.850000000000001421, 0.8000000000000000444, 5.049999999999999822 ) ) ;
#5316 = ORIENTED_EDGE ( 'NONE', *, *, #6696, .F. ) ;
#5317 = VERTEX_POINT ( 'NONE', #3673 ) ;
#5318 = DIRECTION ( 'NONE',  ( 0.000000000000000000, -1.000000000000000000, 0.000000000000000000 ) ) ;
#5319 = CARTESIAN_POINT ( 'NONE',  ( 0.000000000000000000, 0.8000000000000000444, -5.049999999999999822 ) ) ;
#5320 = EDGE_LOOP ( 'NONE', ( #6999, #8583, #3122, #3139 ) ) ;
#5321 = EDGE_CURVE ( 'NONE', #1180, #6374, #8541, .T. ) ;
#5322 = DIRECTION ( 'NONE',  ( -4.336808689942006692E-15, 0.000000000000000000, -1.000000000000000000 ) ) ;
#5323 = EDGE_CURVE ( 'NONE', #4421, #3709, #6818, .T. ) ;
#5324 = ORIENTED_EDGE ( 'NONE', *, *, #9194, .T. ) ;
#5325 =( LENGTH_UNIT ( ) NAMED_UNIT ( * ) SI_UNIT ( .MILLI., .METRE. ) );
#5326 = AXIS2_PLACEMENT_3D ( 'NONE', #510, #9331, #3740 ) ;
#5327 = DIRECTION ( 'NONE',  ( 1.000000000000000000, 0.000000000000000000, 0.000000000000000000 ) ) ;
#5328 = SURFACE_STYLE_USAGE ( .BOTH. , #7122 ) ;
#5329 = EDGE_CURVE ( 'NONE', #10020, #5142, #2893, .T. ) ;
#5330 = FACE_OUTER_BOUND ( 'NONE', #703, .T. ) ;
#5331 = CARTESIAN_POINT ( 'NONE',  ( 4.850000000000001421, 0.000000000000000000, -1.800000000000000711 ) ) ;
#5332 = DIRECTION ( 'NONE',  ( 1.000000000000000000, 0.000000000000000000, -0.000000000000000000 ) ) ;
#5333 = CARTESIAN_POINT ( 'NONE',  ( -3.849999999999996092, 0.7999999999999999334, 1.799999999999999600 ) ) ;
#5334 = VECTOR ( 'NONE', #9577, 1000.000000000000000 ) ;
#5335 = EDGE_CURVE ( 'NONE', #4142, #7846, #5941, .T. ) ;
#5336 = EDGE_CURVE ( 'NONE', #7510, #7062, #7642, .T. ) ;
#5337 = DIRECTION ( 'NONE',  ( 1.626303258728256059E-15, 0.000000000000000000, -1.000000000000000000 ) ) ;
#5338 = VECTOR ( 'NONE', #4372, 1000.000000000000000 ) ;
#5339 = CARTESIAN_POINT ( 'NONE',  ( -4.850000000000001421, 0.8000000000000000444, 5.049999999999999822 ) ) ;
#5340 = ORIENTED_EDGE ( 'NONE', *, *, #10071, .F. ) ;
#5341 = CARTESIAN_POINT ( 'NONE',  ( 0.000000000000000000, 2.100000000000000089, -4.549999999999999822 ) ) ;
#5342 = DIRECTION ( 'NONE',  ( 0.000000000000000000, -0.000000000000000000, -1.000000000000000000 ) ) ;
#5343 = ORIENTED_EDGE ( 'NONE', *, *, #3864, .F. ) ;
#5344 = VECTOR ( 'NONE', #5559, 1000.000000000000000 ) ;
#5345 = CARTESIAN_POINT ( 'NONE',  ( -4.850000000000001421, 0.8000000000000000444, 5.049999999999999822 ) ) ;
#5346 = ADVANCED_FACE ( 'NONE', ( #1188 ), #8320, .F. ) ;
#5347 = ORIENTED_EDGE ( 'NONE', *, *, #8434, .T. ) ;
#5348 =( NAMED_UNIT ( * ) PLANE_ANGLE_UNIT ( ) SI_UNIT ( $, .RADIAN. ) );
#5349 = CARTESIAN_POINT ( 'NONE',  ( 4.849999999999997868, 0.000000000000000000, 2.199999999999999289 ) ) ;
#5350 = CARTESIAN_POINT ( 'NONE',  ( -4.569452524890161627, 2.157639970946512609, -4.616619526214588376 ) ) ;
#5351 = EDGE_LOOP ( 'NONE', ( #9192, #8362, #7845, #2961 ) ) ;
#5352 = ORIENTED_EDGE ( 'NONE', *, *, #3830, .T. ) ;
#5353 = EDGE_LOOP ( 'NONE', ( #303, #2579, #2839, #5873 ) ) ;
#5354 = CARTESIAN_POINT ( 'NONE',  ( 4.850000000000000533, 2.080624847486572282, -0.2000000000000005107 ) ) ;
#5355 = UNCERTAINTY_MEASURE_WITH_UNIT (LENGTH_MEASURE( 1.000000000000000082E-05 ), #6469, 'distance_accuracy_value', 'NONE');
#5356 = PRESENTATION_LAYER_ASSIGNMENT (  '', '', ( #1904 ) ) ;
#5357 = LINE ( 'NONE', #2105, #8049 ) ;
#5358 = VECTOR ( 'NONE', #3588, 1000.000000000000000 ) ;
#5359 = VECTOR ( 'NONE', #6421, 1000.000000000000000 ) ;
#5360 = ORIENTED_EDGE ( 'NONE', *, *, #2466, .F. ) ;
#5361 = DIRECTION ( 'NONE',  ( -0.000000000000000000, 1.000000000000000000, -0.000000000000000000 ) ) ;
#5362 = CARTESIAN_POINT ( 'NONE',  ( 4.850000000000000533, 0.000000000000000000, -2.000000000000000888 ) ) ;
#5363 = CLOSED_SHELL ( 'NONE', ( #1245, #1603, #5541, #10086, #1335, #211, #591, #5269 ) ) ;
#5365 = VECTOR ( 'NONE', #8033, 1000.000000000000000 ) ;
#5364 = DIRECTION ( 'NONE',  ( 1.000000000000000000, 0.000000000000000000, -0.000000000000000000 ) ) ;
#5366 = MECHANICAL_DESIGN_GEOMETRIC_PRESENTATION_REPRESENTATION (  '', ( #1905 ), #573 ) ;
#5367 = ORIENTED_EDGE ( 'NONE', *, *, #7154, .T. ) ;
#5368 = FACE_OUTER_BOUND ( 'NONE', #4424, .T. ) ;
#5369 = ORIENTED_EDGE ( 'NONE', *, *, #4384, .F. ) ;
#5370 = CARTESIAN_POINT ( 'NONE',  ( 4.366619526214588376, 2.157639970946512165, -4.819452524890161627 ) ) ;
#5371 = ADVANCED_FACE ( 'NONE', ( #2076 ), #5222, .F. ) ;
#5372 = DIRECTION ( 'NONE',  ( -3.336006684570780538E-15, 1.000000000000000000, 0.000000000000000000 ) ) ;
#5373 = ORIENTED_EDGE ( 'NONE', *, *, #2495, .F. ) ;
#5374 = EDGE_CURVE ( 'NONE', #4551, #2870, #504, .T. ) ;
#5375 = CARTESIAN_POINT ( 'NONE',  ( 4.600000000000005862, 1.604392701679423663E-14, 4.649929289321881321 ) ) ;
#5376 = VERTEX_POINT ( 'NONE', #3886 ) ;
#5377 = DIRECTION ( 'NONE',  ( 0.000000000000000000, 1.000000000000000000, 0.000000000000000000 ) ) ;
#5378 = FACE_OUTER_BOUND ( 'NONE', #8045, .T. ) ;
#5379 = ADVANCED_FACE ( 'NONE', ( #2378 ), #9379, .T. ) ;
#5380 = CARTESIAN_POINT ( 'NONE',  ( 4.299999999999999822, 2.100000000000000089, 4.549999999999999822 ) ) ;
#5381 = MANIFOLD_SOLID_BREP ( 'LPattern2[6]', #571 ) ;
#5382 = PLANE ( 'NONE',  #2034 ) ;
#5383 = CYLINDRICAL_SURFACE ( 'NONE', #9669, 0.1999999999999996503 ) ;
#5384 = DIRECTION ( 'NONE',  ( -0.000000000000000000, -1.000000000000000000, -0.000000000000000000 ) ) ;
#5385 =( LENGTH_UNIT ( ) NAMED_UNIT ( * ) SI_UNIT ( .MILLI., .METRE. ) );
#5386 =( NAMED_UNIT ( * ) PLANE_ANGLE_UNIT ( ) SI_UNIT ( $, .RADIAN. ) );
#5387 = PRESENTATION_LAYER_ASSIGNMENT (  '', '', ( #4073 ) ) ;
#5388 = LINE ( 'NONE', #4565, #9641 ) ;
#5389 = EDGE_LOOP ( 'NONE', ( #8926, #10222, #3016, #7615 ) ) ;
#5390 = DIRECTION ( 'NONE',  ( 1.000000000000000000, 0.000000000000000000, -0.000000000000000000 ) ) ;
#5391 = VECTOR ( 'NONE', #9749, 1000.000000000000000 ) ;
#5392 = PLANE ( 'NONE',  #2206 ) ;
#5393 = FACE_OUTER_BOUND ( 'NONE', #5389, .T. ) ;
#5394 = MECHANICAL_DESIGN_GEOMETRIC_PRESENTATION_REPRESENTATION (  '', ( #9870 ), #3919 ) ;
#5395 =( NAMED_UNIT ( * ) SI_UNIT ( $, .STERADIAN. ) SOLID_ANGLE_UNIT ( ) );
#5396 = EDGE_LOOP ( 'NONE', ( #3971, #3770, #5921, #7413 ) ) ;
#5397 = DIRECTION ( 'NONE',  ( -1.000000000000000000, 0.000000000000000000, -4.336808689942006692E-15 ) ) ;
#5398 = CARTESIAN_POINT ( 'NONE',  ( 4.849999999999997868, 2.080624847486572282, -1.500000000000001332 ) ) ;
#5399 = ORIENTED_EDGE ( 'NONE', *, *, #5313, .T. ) ;
#5400 = MANIFOLD_SOLID_BREP ( 'LPattern2[16]', #5363 ) ;
#5401 = EDGE_CURVE ( 'NONE', #8015, #7577, #2989, .T. ) ;
#5402 = CARTESIAN_POINT ( 'NONE',  ( -4.601999999999999424, 2.000000000000001332, 4.649929289321881321 ) ) ;
#5403 = COLOUR_RGB ( '',0.000000000000000000, 0.5019607843137254832, 0.000000000000000000 ) ;
#5404 = EDGE_CURVE ( 'NONE', #7176, #3287, #820, .T. ) ;
#5405 = CARTESIAN_POINT ( 'NONE',  ( -3.849999999999997424, 0.8000000000000000444, 3.999999999999998224 ) ) ;
#5406 = VECTOR ( 'NONE', #4595, 1000.000000000000000 ) ;
#5407 = ORIENTED_EDGE ( 'NONE', *, *, #962, .F. ) ;
#5408 = VECTOR ( 'NONE', #1716, 1000.000000000000000 ) ;
#5409 = ORIENTED_EDGE ( 'NONE', *, *, #1775, .F. ) ;
#5410 = LINE ( 'NONE', #6283, #533 ) ;
#5411 = VERTEX_POINT ( 'NONE', #2227 ) ;
#5412 = EDGE_CURVE ( 'NONE', #2008, #10209, #1104, .T. ) ;
#5413 = CIRCLE ( 'NONE', #958, 0.1999999999999996503 ) ;
#5414 = CARTESIAN_POINT ( 'NONE',  ( 3.849999999999996980, 0.8000000000000000444, -4.800000000000001599 ) ) ;
#5415 = LINE ( 'NONE', #4427, #9554 ) ;
#5416 = EDGE_CURVE ( 'NONE', #2980, #9748, #5430, .T. ) ;
#5417 = ORIENTED_EDGE ( 'NONE', *, *, #8759, .F. ) ;
#5418 = DIRECTION ( 'NONE',  ( 1.991647080244468484E-31, 6.123233995736767268E-17, 1.000000000000000000 ) ) ;
#5419 = MANIFOLD_SOLID_BREP ( 'LPattern2[13]', #9754 ) ;
#5420 = SURFACE_STYLE_USAGE ( .BOTH. , #706 ) ;
#5421 = LINE ( 'NONE', #8528, #8421 ) ;
#5422 = ORIENTED_EDGE ( 'NONE', *, *, #6486, .F. ) ;
#5423 = SURFACE_SIDE_STYLE ('',( #6134 ) ) ;
#5424 = ORIENTED_EDGE ( 'NONE', *, *, #5710, .F. ) ;
#5425 = CARTESIAN_POINT ( 'NONE',  ( -4.850000000000000533, 2.080624847486572282, 0.9000000000000000222 ) ) ;
#5426 = LINE ( 'NONE', #8692, #9600 ) ;
#5427 = ORIENTED_EDGE ( 'NONE', *, *, #2474, .F. ) ;
#5428 = DIRECTION ( 'NONE',  ( 0.000000000000000000, 0.000000000000000000, -1.000000000000000000 ) ) ;
#5429 = EDGE_LOOP ( 'NONE', ( #8217, #3197, #10207, #3229 ) ) ;
#5430 = LINE ( 'NONE', #4657, #778 ) ;
#5431 = SURFACE_SIDE_STYLE ('',( #7071 ) ) ;
#5432 = LINE ( 'NONE', #1548, #3491 ) ;
#5433 = FACE_OUTER_BOUND ( 'NONE', #7477, .T. ) ;
#5434 = CARTESIAN_POINT ( 'NONE',  ( 4.850000000000001421, 2.080624847486572282, -0.7000000000000009548 ) ) ;
#5435 = FACE_OUTER_BOUND ( 'NONE', #3450, .T. ) ;
#5436 = FACE_OUTER_BOUND ( 'NONE', #2158, .T. ) ;
#5437 = CARTESIAN_POINT ( 'NONE',  ( -4.849999999999959677, 0.8000000000000000444, 0.3999999999999985789 ) ) ;
#5438 = PLANE ( 'NONE',  #4563 ) ;
#5439 = MECHANICAL_DESIGN_GEOMETRIC_PRESENTATION_REPRESENTATION (  '', ( #2635 ), #4783 ) ;
#5440 = DIRECTION ( 'NONE',  ( -0.000000000000000000, 0.000000000000000000, 1.000000000000000000 ) ) ;
#5441 = ORIENTED_EDGE ( 'NONE', *, *, #3065, .F. ) ;
#5442 = EDGE_CURVE ( 'NONE', #3143, #1746, #2326, .T. ) ;
#5443 = PRESENTATION_STYLE_ASSIGNMENT (( #3161 ) ) ;
#5444 = AXIS2_PLACEMENT_3D ( 'NONE', #8835, #1787, #4951 ) ;
#5445 = SURFACE_SIDE_STYLE ('',( #2293 ) ) ;
#5446 = DIRECTION ( 'NONE',  ( -4.336808689942006692E-15, 0.000000000000000000, 1.000000000000000000 ) ) ;
#5447 = SURFACE_SIDE_STYLE ('',( #3009 ) ) ;
#5448 = ORIENTED_EDGE ( 'NONE', *, *, #220, .T. ) ;
#5449 = AXIS2_PLACEMENT_3D ( 'NONE', #2071, #9216, #2118 ) ;
#5450 = CARTESIAN_POINT ( 'NONE',  ( -4.299999999999998934, 2.302000000000000046, 4.549999999999999822 ) ) ;
#5451 = DIRECTION ( 'NONE',  ( 0.000000000000000000, 1.000000000000000000, 0.000000000000000000 ) ) ;
#5452 = ORIENTED_EDGE ( 'NONE', *, *, #7499, .T. ) ;
#5453 = ORIENTED_EDGE ( 'NONE', *, *, #9236, .T. ) ;
#5454 = EDGE_LOOP ( 'NONE', ( #9438, #2001, #9750, #10179 ) ) ;
#5455 =( LENGTH_UNIT ( ) NAMED_UNIT ( * ) SI_UNIT ( .MILLI., .METRE. ) );
#5456 = EDGE_CURVE ( 'NONE', #305, #6863, #2633, .T. ) ;
#5457 = SURFACE_STYLE_USAGE ( .BOTH. , #8831 ) ;
#5458 = UNCERTAINTY_MEASURE_WITH_UNIT (LENGTH_MEASURE( 1.000000000000000082E-05 ), #5230, 'distance_accuracy_value', 'NONE');
#5459 = LINE ( 'NONE', #1579, #9048 ) ;
#5460 = ADVANCED_FACE ( 'NONE', ( #5785 ), #4240, .F. ) ;
#5461 = CARTESIAN_POINT ( 'NONE',  ( 1.984314575050761364, 0.8000000000000000444, 5.049999999999999822 ) ) ;
#5462 = EDGE_LOOP ( 'NONE', ( #9874, #2976, #4235, #1343 ) ) ;
#5463 = VECTOR ( 'NONE', #7140, 1000.000000000000000 ) ;
#5464 = VECTOR ( 'NONE', #6076, 1000.000000000000000 ) ;
#5465 = DIRECTION ( 'NONE',  ( 0.000000000000000000, -1.000000000000000000, -0.000000000000000000 ) ) ;
#5466 = SURFACE_SIDE_STYLE ('',( #7893 ) ) ;
#5467 = EDGE_LOOP ( 'NONE', ( #9099, #9832, #9971, #8859 ) ) ;
#5468 =( NAMED_UNIT ( * ) PLANE_ANGLE_UNIT ( ) SI_UNIT ( $, .RADIAN. ) );
#5469 = ORIENTED_EDGE ( 'NONE', *, *, #3953, .T. ) ;
#5470 = LINE ( 'NONE', #4752, #1868 ) ;
#5471 = DIRECTION ( 'NONE',  ( -4.336808689942006692E-15, 0.000000000000000000, -1.000000000000000000 ) ) ;
#5472 = VECTOR ( 'NONE', #770, 1000.000000000000000 ) ;
#5473 = PRESENTATION_LAYER_ASSIGNMENT (  '', '', ( #4171 ) ) ;
#5474 = ORIENTED_EDGE ( 'NONE', *, *, #8129, .F. ) ;
#5475 = DIRECTION ( 'NONE',  ( -0.000000000000000000, -1.000000000000000000, -0.000000000000000000 ) ) ;
#5476 = ORIENTED_EDGE ( 'NONE', *, *, #3323, .T. ) ;
#5477 = FILL_AREA_STYLE_COLOUR ( '', #4579 ) ;
#5478 = LINE ( 'NONE', #668, #9466 ) ;
#5479 = CARTESIAN_POINT ( 'NONE',  ( -3.849999999999996536, 2.080624847486572282, 1.499999999999999556 ) ) ;
#5480 = FILL_AREA_STYLE_COLOUR ( '', #3524 ) ;
#5481 = CARTESIAN_POINT ( 'NONE',  ( -4.850000000000000533, 2.080624847486572282, -4.800000000000001599 ) ) ;
#5482 = DIRECTION ( 'NONE',  ( 0.000000000000000000, 1.000000000000000000, 0.000000000000000000 ) ) ;
#5483 = VERTEX_POINT ( 'NONE', #9583 ) ;
#5484 = DIRECTION ( 'NONE',  ( 0.000000000000000000, 0.000000000000000000, -1.000000000000000000 ) ) ;
#5485 = FILL_AREA_STYLE_COLOUR ( '', #4710 ) ;
#5486 = EDGE_CURVE ( 'NONE', #714, #5108, #4148, .T. ) ;
#5487 = SURFACE_STYLE_USAGE ( .BOTH. , #9793 ) ;
#5488 = DIRECTION ( 'NONE',  ( 0.000000000000000000, 1.000000000000000000, 5.782411586589357244E-15 ) ) ;
#5489 = EDGE_LOOP ( 'NONE', ( #4789, #5932, #8642, #2225, #4749, #8159, #1524, #2404 ) ) ;
#5490 = CARTESIAN_POINT ( 'NONE',  ( -4.364045346104522771, 2.053875565893687583, -4.635287539139258506 ) ) ;
#5491 =( NAMED_UNIT ( * ) SI_UNIT ( $, .STERADIAN. ) SOLID_ANGLE_UNIT ( ) );
#5492 = EDGE_CURVE ( 'NONE', #8535, #8015, #8017, .T. ) ;
#5493 =( GEOMETRIC_REPRESENTATION_CONTEXT ( 3 ) GLOBAL_UNCERTAINTY_ASSIGNED_CONTEXT ( ( #6603 ) ) GLOBAL_UNIT_ASSIGNED_CONTEXT ( ( #5981, #3559, #5266 ) ) REPRESENTATION_CONTEXT ( 'NONE', 'WORKASPACE' ) );
#5494 = FACE_OUTER_BOUND ( 'NONE', #1272, .T. ) ;
#5495 = AXIS2_PLACEMENT_3D ( 'NONE', #9173, #8109, #1633 ) ;
#5496 = ORIENTED_EDGE ( 'NONE', *, *, #3980, .T. ) ;
#5497 = COLOUR_RGB ( '',0.000000000000000000, 0.5019607843137254832, 0.000000000000000000 ) ;
#5498 = EDGE_CURVE ( 'NONE', #8368, #2812, #7178, .T. ) ;
#5499 =( NAMED_UNIT ( * ) PLANE_ANGLE_UNIT ( ) SI_UNIT ( $, .RADIAN. ) );
#5500 = PRESENTATION_LAYER_ASSIGNMENT (  '', '', ( #4515 ) ) ;
#5501 = ORIENTED_EDGE ( 'NONE', *, *, #4126, .T. ) ;
#5502 = CARTESIAN_POINT ( 'NONE',  ( -4.850000000000001421, 0.8000000000000000444, 5.049999999999999822 ) ) ;
#5503 = CIRCLE ( 'NONE', #2209, 0.1999999999999996503 ) ;
#5504 = EDGE_CURVE ( 'NONE', #6863, #7098, #10182, .T. ) ;
#5505 = EDGE_LOOP ( 'NONE', ( #1215, #4093, #5644, #5628 ) ) ;
#5506 = ORIENTED_EDGE ( 'NONE', *, *, #1041, .T. ) ;
#5507 =( NAMED_UNIT ( * ) SI_UNIT ( $, .STERADIAN. ) SOLID_ANGLE_UNIT ( ) );
#5508 = LINE ( 'NONE', #4010, #2825 ) ;
#5509 = EDGE_CURVE ( 'NONE', #4622, #2784, #8118, .T. ) ;
#5510 = VECTOR ( 'NONE', #8327, 1000.000000000000000 ) ;
#5511 = FACE_OUTER_BOUND ( 'NONE', #8335, .T. ) ;
#5512 = PLANE ( 'NONE',  #6385 ) ;
#5513 =( NAMED_UNIT ( * ) SI_UNIT ( $, .STERADIAN. ) SOLID_ANGLE_UNIT ( ) );
#5514 = ORIENTED_EDGE ( 'NONE', *, *, #437, .F. ) ;
#5515 =( GEOMETRIC_REPRESENTATION_CONTEXT ( 3 ) GLOBAL_UNCERTAINTY_ASSIGNED_CONTEXT ( ( #909 ) ) GLOBAL_UNIT_ASSIGNED_CONTEXT ( ( #4541, #7738, #9152 ) ) REPRESENTATION_CONTEXT ( 'NONE', 'WORKASPACE' ) );
#5516 = CARTESIAN_POINT ( 'NONE',  ( 4.850000000000001421, 2.080624847486572282, 1.499999999999999556 ) ) ;
#5517 = DIRECTION ( 'NONE',  ( -4.336808689942006692E-15, 0.000000000000000000, 1.000000000000000000 ) ) ;
#5518 =( NAMED_UNIT ( * ) SI_UNIT ( $, .STERADIAN. ) SOLID_ANGLE_UNIT ( ) );
#5519 = VERTEX_POINT ( 'NONE', #8357 ) ;
#5520 = FILL_AREA_STYLE_COLOUR ( '', #809 ) ;
#5521 = VERTEX_POINT ( 'NONE', #6651 ) ;
#5522 =( GEOMETRIC_REPRESENTATION_CONTEXT ( 3 ) GLOBAL_UNCERTAINTY_ASSIGNED_CONTEXT ( ( #4947 ) ) GLOBAL_UNIT_ASSIGNED_CONTEXT ( ( #4067, #3861, #7780 ) ) REPRESENTATION_CONTEXT ( 'NONE', 'WORKASPACE' ) );
#5523 = CARTESIAN_POINT ( 'NONE',  ( -4.366619526214588376, 2.157639970946511720, 4.819452524890163403 ) ) ;
#5524 = VECTOR ( 'NONE', #4990, 1000.000000000000000 ) ;
#5525 = CARTESIAN_POINT ( 'NONE',  ( 0.000000000000000000, 0.000000000000000000, -4.800000000000001599 ) ) ;
#5526 = EDGE_LOOP ( 'NONE', ( #9377, #8606, #1854, #3868, #5220, #2489 ) ) ;
#5527 = LINE ( 'NONE', #3246, #767 ) ;
#5528 = EDGE_CURVE ( 'NONE', #6374, #4531, #4432, .T. ) ;
#5529 = ORIENTED_EDGE ( 'NONE', *, *, #6696, .T. ) ;
#5530 = EDGE_CURVE ( 'NONE', #762, #9149, #1333, .T. ) ;
#5531 = PRESENTATION_STYLE_ASSIGNMENT (( #3042 ) ) ;
#5532 = FILL_AREA_STYLE_COLOUR ( '', #5497 ) ;
#5533 = PRESENTATION_LAYER_ASSIGNMENT (  '', '', ( #3888 ) ) ;
#5534 = AXIS2_PLACEMENT_3D ( 'NONE', #6694, #6523, #4977 ) ;
#5535 = LINE ( 'NONE', #2231, #1675 ) ;
#5536 = ADVANCED_FACE ( 'NONE', ( #3721 ), #6860, .T. ) ;
#5537 = DIRECTION ( 'NONE',  ( 0.000000000000000000, 0.000000000000000000, -1.000000000000000000 ) ) ;
#5538 = DIRECTION ( 'NONE',  ( 0.000000000000000000, 0.000000000000000000, 1.000000000000000000 ) ) ;
#5539 = DIRECTION ( 'NONE',  ( -1.000000000000000000, 0.000000000000000000, -4.336808689942006692E-15 ) ) ;
#5540 = ORIENTED_EDGE ( 'NONE', *, *, #6912, .F. ) ;
#5541 = ADVANCED_FACE ( 'NONE', ( #1956 ), #9256, .F. ) ;
#5542 = ORIENTED_EDGE ( 'NONE', *, *, #4065, .T. ) ;
#5543 = FILL_AREA_STYLE_COLOUR ( '', #5043 ) ;
#5544 = PRESENTATION_STYLE_ASSIGNMENT (( #2288 ) ) ;
#5545 = DIRECTION ( 'NONE',  ( 0.000000000000000000, 0.000000000000000000, -1.000000000000000000 ) ) ;
#5546 = CARTESIAN_POINT ( 'NONE',  ( -4.372491974895963196, 2.041805482955850959, -4.640842179601922801 ) ) ;
#5547 = LINE ( 'NONE', #9546, #44 ) ;
#5548 = CARTESIAN_POINT ( 'NONE',  ( -3.849999999999996092, 2.080624847486572282, -3.700000000000001066 ) ) ;
#5549 = CARTESIAN_POINT ( 'NONE',  ( 3.850000000000066258, 0.8000000000000000444, -1.800000000000000711 ) ) ;
#5550 = B_SPLINE_SURFACE_WITH_KNOTS ( 'NONE', 1, 3, ( 
 ( #6401, #2472, #5523, #1588, #7017, #6348 ),
 ( #5572, #9422, #6967, #10140, #3034, #2523 ),
 ( #142, #5675, #1749, #922, #4086, #3303 ),
 ( #6454, #9634, #8844, #8009, #7225, #5948 ) ),
 .UNSPECIFIED., .F., .F., .F.,
 ( 2, 1, 1, 2 ),
 ( 4, 2, 4 ),
 ( -0.01000000000000000021, 0.000000000000000000, 1.000000000000000000, 1.010099999999999998 ),
 ( 0.000000000000000000, 0.5000000000000000000, 1.000000000000000000 ),
 .UNSPECIFIED. ) ;
#5551 = ORIENTED_EDGE ( 'NONE', *, *, #6354, .T. ) ;
#5552 = MANIFOLD_SOLID_BREP ( 'LPattern2[15]', #6189 ) ;
#5553 = CARTESIAN_POINT ( 'NONE',  ( -2.549999999999999378, 0.000000000000000000, -4.650000000000000355 ) ) ;
#5554 = ORIENTED_EDGE ( 'NONE', *, *, #2051, .T. ) ;
#5555 = PRESENTATION_STYLE_ASSIGNMENT (( #902 ) ) ;
#5556 = EDGE_CURVE ( 'NONE', #3283, #4973, #9155, .T. ) ;
#5557 = ORIENTED_EDGE ( 'NONE', *, *, #5642, .T. ) ;
#5558 = ORIENTED_EDGE ( 'NONE', *, *, #5323, .T. ) ;
#5559 = DIRECTION ( 'NONE',  ( -4.336808689942006692E-15, 0.000000000000000000, -1.000000000000000000 ) ) ;
#5560 = PRESENTATION_STYLE_ASSIGNMENT (( #5457 ) ) ;
#5561 = CARTESIAN_POINT ( 'NONE',  ( 4.499989999999998602, 2.000000000000000888, -4.649929289321881321 ) ) ;
#5562 = UNCERTAINTY_MEASURE_WITH_UNIT (LENGTH_MEASURE( 1.000000000000000082E-05 ), #8191, 'distance_accuracy_value', 'NONE');
#5563 =( GEOMETRIC_REPRESENTATION_CONTEXT ( 3 ) GLOBAL_UNCERTAINTY_ASSIGNED_CONTEXT ( ( #2459 ) ) GLOBAL_UNIT_ASSIGNED_CONTEXT ( ( #9061, #2110, #546 ) ) REPRESENTATION_CONTEXT ( 'NONE', 'WORKASPACE' ) );
#5564 = ORIENTED_EDGE ( 'NONE', *, *, #1353, .T. ) ;
#5565 = DIRECTION ( 'NONE',  ( -0.000000000000000000, 1.000000000000000000, -0.000000000000000000 ) ) ;
#5566 = COLOUR_RGB ( '',0.000000000000000000, 0.5019607843137254832, 0.000000000000000000 ) ;
#5567 = STYLED_ITEM ( 'NONE', ( #1545 ), #7843 ) ;
#5568 = ADVANCED_FACE ( 'NONE', ( #1128 ), #386, .T. ) ;
#5569 = ORIENTED_EDGE ( 'NONE', *, *, #47, .T. ) ;
#5570 =( NAMED_UNIT ( * ) SI_UNIT ( $, .STERADIAN. ) SOLID_ANGLE_UNIT ( ) );
#5571 = VERTEX_POINT ( 'NONE', #5928 ) ;
#5572 = CARTESIAN_POINT ( 'NONE',  ( -4.399929289321881321, 2.000000000000000444, 4.850000000000001421 ) ) ;
#5573 = CARTESIAN_POINT ( 'NONE',  ( 4.849999999999997868, 0.7999999999999999334, 1.799999999999999822 ) ) ;
#5574 = VERTEX_POINT ( 'NONE', #7841 ) ;
#5575 = ORIENTED_EDGE ( 'NONE', *, *, #9280, .F. ) ;
#5576 = LINE ( 'NONE', #244, #8722 ) ;
#5577 = VECTOR ( 'NONE', #8738, 1000.000000000000000 ) ;
#5578 = LINE ( 'NONE', #8797, #5014 ) ;
#5579 =( LENGTH_UNIT ( ) NAMED_UNIT ( * ) SI_UNIT ( .MILLI., .METRE. ) );
#5580 = VECTOR ( 'NONE', #9954, 1000.000000000000000 ) ;
#5581 = SURFACE_STYLE_USAGE ( .BOTH. , #3255 ) ;
#5582 = ORIENTED_EDGE ( 'NONE', *, *, #670, .T. ) ;
#5583 = PRESENTATION_STYLE_ASSIGNMENT (( #7074 ) ) ;
#5584 = CARTESIAN_POINT ( 'NONE',  ( -4.849999999999958789, 0.000000000000000000, -1.800000000000001155 ) ) ;
#5585 = FILL_AREA_STYLE_COLOUR ( '', #4154 ) ;
#5586 = LINE ( 'NONE', #8027, #3334 ) ;
#5587 = EDGE_CURVE ( 'NONE', #1746, #398, #6292, .T. ) ;
#5588 = ORIENTED_EDGE ( 'NONE', *, *, #6788, .T. ) ;
#5589 =( NAMED_UNIT ( * ) SI_UNIT ( $, .STERADIAN. ) SOLID_ANGLE_UNIT ( ) );
#5590 = ORIENTED_EDGE ( 'NONE', *, *, #10019, .F. ) ;
#5591 = PRESENTATION_STYLE_ASSIGNMENT (( #6153 ) ) ;
#5592 = EDGE_CURVE ( 'NONE', #3990, #9408, #652, .T. ) ;
#5593 = FACE_OUTER_BOUND ( 'NONE', #5072, .T. ) ;
#5594 = CARTESIAN_POINT ( 'NONE',  ( -4.383126848390694441, 2.079235665564124869, -4.850000000000002309 ) ) ;
#5595 = ADVANCED_FACE ( 'NONE', ( #3189 ), #7688, .F. ) ;
#5596 = CARTESIAN_POINT ( 'NONE',  ( -4.314395171456506972, 2.098058160912052994, -4.572610860657357890 ) ) ;
#5597 = VECTOR ( 'NONE', #4485, 1000.000000000000000 ) ;
#5598 = DIRECTION ( 'NONE',  ( 0.000000000000000000, 3.491481338843133355E-15, -1.000000000000000000 ) ) ;
#5599 = DIRECTION ( 'NONE',  ( -0.000000000000000000, 0.000000000000000000, 1.000000000000000000 ) ) ;
#5600 = CARTESIAN_POINT ( 'NONE',  ( 4.849999999999997868, 2.080624847486572282, 2.899999999999999023 ) ) ;
#5601 = DIRECTION ( 'NONE',  ( 0.000000000000000000, -1.000000000000000000, 0.000000000000000000 ) ) ;
#5602 = ORIENTED_EDGE ( 'NONE', *, *, #3116, .F. ) ;
#5603 = CARTESIAN_POINT ( 'NONE',  ( -3.849999999999950351, 0.8000000000000000444, -0.4000000000000019096 ) ) ;
#5604 = CARTESIAN_POINT ( 'NONE',  ( 4.850000000000001421, 0.8000000000000000444, 5.049999999999999822 ) ) ;
#5605 = STYLED_ITEM ( 'NONE', ( #4140 ), #1972 ) ;
#5606 = ORIENTED_EDGE ( 'NONE', *, *, #3902, .T. ) ;
#5607 = DIRECTION ( 'NONE',  ( 0.000000000000000000, 0.000000000000000000, -1.000000000000000000 ) ) ;
#5608 = VERTEX_POINT ( 'NONE', #9516 ) ;
#5609 = ORIENTED_EDGE ( 'NONE', *, *, #9019, .T. ) ;
#5610 = CARTESIAN_POINT ( 'NONE',  ( -3.849999999999996092, 0.8000000000000000444, 0.000000000000000000 ) ) ;
#5611 = FILL_AREA_STYLE_COLOUR ( '', #9944 ) ;
#5612 = VECTOR ( 'NONE', #6770, 1000.000000000000000 ) ;
#5613 = VECTOR ( 'NONE', #7725, 1000.000000000000000 ) ;
#5614 = SURFACE_STYLE_FILL_AREA ( #6180 ) ;
#5615 = CARTESIAN_POINT ( 'NONE',  ( -4.850000000000001421, 2.080624847486572282, -4.000000000000000888 ) ) ;
#5616 = CARTESIAN_POINT ( 'NONE',  ( 0.000000000000000000, 0.8000000000000000444, -2.600000000000000533 ) ) ;
#5617 = ORIENTED_EDGE ( 'NONE', *, *, #2987, .T. ) ;
#5618 = DIRECTION ( 'NONE',  ( 0.000000000000000000, 0.000000000000000000, 1.000000000000000000 ) ) ;
#5619 = VECTOR ( 'NONE', #6162, 1000.000000000000000 ) ;
#5620 =( NAMED_UNIT ( * ) PLANE_ANGLE_UNIT ( ) SI_UNIT ( $, .RADIAN. ) );
#5621 = MECHANICAL_DESIGN_GEOMETRIC_PRESENTATION_REPRESENTATION (  '', ( #1320 ), #6937 ) ;
#5622 = DIRECTION ( 'NONE',  ( -1.000000000000000000, 0.000000000000000000, -0.000000000000000000 ) ) ;
#5623 = EDGE_LOOP ( 'NONE', ( #8301, #9566, #2719, #4756 ) ) ;
#5624 = DIRECTION ( 'NONE',  ( 1.000000000000000000, 0.000000000000000000, 0.000000000000000000 ) ) ;
#5625 = ORIENTED_EDGE ( 'NONE', *, *, #6457, .T. ) ;
#5626 = DIRECTION ( 'NONE',  ( 0.000000000000000000, 0.000000000000000000, -1.000000000000000000 ) ) ;
#5627 = AXIS2_PLACEMENT_3D ( 'NONE', #8388, #1307, #8447 ) ;
#5628 = ORIENTED_EDGE ( 'NONE', *, *, #9411, .T. ) ;
#5629 = AXIS2_PLACEMENT_3D ( 'NONE', #3052, #9333, #570 ) ;
#5630 = DIRECTION ( 'NONE',  ( 1.000000000000000000, 0.000000000000000000, -0.000000000000000000 ) ) ;
#5631 = STYLED_ITEM ( 'NONE', ( #10192 ), #4508 ) ;
#5632 = EDGE_LOOP ( 'NONE', ( #2616, #8297, #9661, #844, #5824, #188 ) ) ;
#5633 = EDGE_CURVE ( 'NONE', #9393, #4656, #3082, .T. ) ;
#5634 = CARTESIAN_POINT ( 'NONE',  ( 4.850000000000027178, 0.000000000000000000, 0.6999999999999992895 ) ) ;
#5635 = DIRECTION ( 'NONE',  ( -0.000000000000000000, 0.000000000000000000, 1.000000000000000000 ) ) ;
#5636 = LINE ( 'NONE', #1642, #2850 ) ;
#5637 = CARTESIAN_POINT ( 'NONE',  ( -4.850000000000001421, 0.000000000000000000, 0.3999999999999993006 ) ) ;
#5638 = PRESENTATION_LAYER_ASSIGNMENT (  '', '', ( #8113 ) ) ;
#5639 = EDGE_LOOP ( 'NONE', ( #8291, #6344, #6294, #2510 ) ) ;
#5640 = ADVANCED_FACE ( 'NONE', ( #4544 ), #8471, .T. ) ;
#5641 = CARTESIAN_POINT ( 'NONE',  ( 3.850000000000054712, 0.000000000000000000, -0.7000000000000009548 ) ) ;
#5642 = EDGE_CURVE ( 'NONE', #777, #6091, #603, .T. ) ;
#5643 = CARTESIAN_POINT ( 'NONE',  ( -4.849999999999972999, 0.000000000000000000, 0.3999999999999985234 ) ) ;
#5644 = ORIENTED_EDGE ( 'NONE', *, *, #2803, .T. ) ;
#5645 = LINE ( 'NONE', #1655, #5883 ) ;
#5646 = ORIENTED_EDGE ( 'NONE', *, *, #5839, .T. ) ;
#5647 = DIRECTION ( 'NONE',  ( 0.000000000000000000, 0.000000000000000000, 1.000000000000000000 ) ) ;
#5648 = CARTESIAN_POINT ( 'NONE',  ( 4.849999999999997868, 0.7999999999999999334, -3.700000000000000622 ) ) ;
#5649 = CARTESIAN_POINT ( 'NONE',  ( 4.850000000000001421, 0.7999999999999999334, -2.900000000000000799 ) ) ;
#5650 = FACE_OUTER_BOUND ( 'NONE', #3811, .T. ) ;
#5651 = ORIENTED_EDGE ( 'NONE', *, *, #9351, .F. ) ;
#5652 = EDGE_CURVE ( 'NONE', #8995, #743, #4745, .T. ) ;
#5653 = DIRECTION ( 'NONE',  ( -1.000000000000000000, 0.000000000000000000, 0.000000000000000000 ) ) ;
#5654 = DIRECTION ( 'NONE',  ( 0.000000000000000000, 1.000000000000000000, 0.000000000000000000 ) ) ;
#5655 = LINE ( 'NONE', #5549, #9275 ) ;
#5656 = ADVANCED_FACE ( 'NONE', ( #705 ), #3133, .T. ) ;
#5657 = EDGE_LOOP ( 'NONE', ( #2113, #2833, #9298, #9416 ) ) ;
#5658 = ORIENTED_EDGE ( 'NONE', *, *, #10023, .T. ) ;
#5659 = VECTOR ( 'NONE', #9804, 1000.000000000000000 ) ;
#5660 = DIRECTION ( 'NONE',  ( 1.000000000000000000, 0.000000000000000000, -4.336808689942006692E-15 ) ) ;
#5661 = ORIENTED_EDGE ( 'NONE', *, *, #4968, .T. ) ;
#5662 = EDGE_CURVE ( 'NONE', #6331, #9496, #7059, .T. ) ;
#5663 = VERTEX_POINT ( 'NONE', #1385 ) ;
#5664 = PLANE ( 'NONE',  #8619 ) ;
#5665 =( NAMED_UNIT ( * ) SI_UNIT ( $, .STERADIAN. ) SOLID_ANGLE_UNIT ( ) );
#5666 = UNCERTAINTY_MEASURE_WITH_UNIT (LENGTH_MEASURE( 1.000000000000000082E-05 ), #8975, 'distance_accuracy_value', 'NONE');
#5667 = AXIS2_PLACEMENT_3D ( 'NONE', #8961, #6468, #9747 ) ;
#5668 = LINE ( 'NONE', #3918, #5080 ) ;
#5669 = ORIENTED_EDGE ( 'NONE', *, *, #6085, .F. ) ;
#5670 = CARTESIAN_POINT ( 'NONE',  ( 4.850000000000028955, 0.8000000000000000444, 0.000000000000000000 ) ) ;
#5671 = STYLED_ITEM ( 'NONE', ( #7769 ), #2912 ) ;
#5672 = ORIENTED_EDGE ( 'NONE', *, *, #7511, .F. ) ;
#5673 = CARTESIAN_POINT ( 'NONE',  ( 4.390842179601921913, 2.041805482955851403, -4.622491974895962308 ) ) ;
#5674 = ORIENTED_EDGE ( 'NONE', *, *, #4409, .F. ) ;
#5675 = CARTESIAN_POINT ( 'NONE',  ( -4.383241106097909068, 2.026232285936368616, 4.649999999999999467 ) ) ;
#5676 = SURFACE_SIDE_STYLE ('',( #2524 ) ) ;
#5677 = ORIENTED_EDGE ( 'NONE', *, *, #3264, .F. ) ;
#5678 = CARTESIAN_POINT ( 'NONE',  ( -4.850000000000001421, 0.000000000000000000, -0.7000000000000009548 ) ) ;
#5679 = VECTOR ( 'NONE', #6805, 1000.000000000000000 ) ;
#5680 = ORIENTED_EDGE ( 'NONE', *, *, #5336, .F. ) ;
#5681 = DIRECTION ( 'NONE',  ( 0.000000000000000000, -1.000000000000000000, -0.000000000000000000 ) ) ;
#5682 = CARTESIAN_POINT ( 'NONE',  ( 4.850000000000044054, 0.8000000000000000444, 0.000000000000000000 ) ) ;
#5683 = CARTESIAN_POINT ( 'NONE',  ( 3.849999999999996980, 0.8000000000000000444, -0.4000000000000010214 ) ) ;
#5684 = MECHANICAL_DESIGN_GEOMETRIC_PRESENTATION_REPRESENTATION (  '', ( #7662 ), #6516 ) ;
#5685 = ADVANCED_FACE ( 'NONE', ( #7740 ), #2412, .F. ) ;
#5686 = MANIFOLD_SOLID_BREP ( 'LPattern2[1]', #7672 ) ;
#5687 = EDGE_CURVE ( 'NONE', #8338, #1606, #3824, .T. ) ;
#5688 = SURFACE_STYLE_FILL_AREA ( #1759 ) ;
#5689 = ORIENTED_EDGE ( 'NONE', *, *, #9375, .T. ) ;
#5690 = SURFACE_STYLE_FILL_AREA ( #7189 ) ;
#5691 = VERTEX_POINT ( 'NONE', #2266 ) ;
#5692 = VECTOR ( 'NONE', #5908, 1000.000000000000000 ) ;
#5693 = SURFACE_STYLE_USAGE ( .BOTH. , #9924 ) ;
#5694 = CARTESIAN_POINT ( 'NONE',  ( 4.850000000000001421, 0.000000000000000000, 1.499999999999999556 ) ) ;
#5695 = CARTESIAN_POINT ( 'NONE',  ( 4.850000000000000533, 0.7999999999999999334, 4.599999999999998757 ) ) ;
#5696 = CARTESIAN_POINT ( 'NONE',  ( 4.850000000000000533, 2.080624847486572282, 3.100000000000000533 ) ) ;
#5697 = ORIENTED_EDGE ( 'NONE', *, *, #2729, .F. ) ;
#5698 = EDGE_CURVE ( 'NONE', #10199, #9784, #8628, .T. ) ;
#5699 = DIRECTION ( 'NONE',  ( -1.000000000000000000, -0.000000000000000000, -0.000000000000000000 ) ) ;
#5700 = STYLED_ITEM ( 'NONE', ( #7163 ), #8984 ) ;
#5701 = DIRECTION ( 'NONE',  ( -0.000000000000000000, -1.000000000000000000, -0.000000000000000000 ) ) ;
#5702 = DIRECTION ( 'NONE',  ( 0.000000000000000000, 0.000000000000000000, -1.000000000000000000 ) ) ;
#5703 = EDGE_LOOP ( 'NONE', ( #4908, #10024, #781, #7782 ) ) ;
#5704 = DIRECTION ( 'NONE',  ( 1.626303258728256257E-15, 0.000000000000000000, 1.000000000000000000 ) ) ;
#5705 = SURFACE_STYLE_FILL_AREA ( #5090 ) ;
#5706 = EDGE_LOOP ( 'NONE', ( #5496, #8267, #5582, #3775 ) ) ;
#5707 = ORIENTED_EDGE ( 'NONE', *, *, #7781, .T. ) ;
#5708 = PRESENTATION_STYLE_ASSIGNMENT (( #2456 ) ) ;
#5709 =( NAMED_UNIT ( * ) PLANE_ANGLE_UNIT ( ) SI_UNIT ( $, .RADIAN. ) );
#5710 = EDGE_CURVE ( 'NONE', #3018, #2036, #9729, .T. ) ;
#5711 = ADVANCED_FACE ( 'NONE', ( #1788 ), #284, .T. ) ;
#5712 =( NAMED_UNIT ( * ) SI_UNIT ( $, .STERADIAN. ) SOLID_ANGLE_UNIT ( ) );
#5713 = EDGE_CURVE ( 'NONE', #9399, #6056, #5898, .T. ) ;
#5714 = DIRECTION ( 'NONE',  ( -1.000000000000000000, -0.000000000000000000, -0.000000000000000000 ) ) ;
#5715 =( GEOMETRIC_REPRESENTATION_CONTEXT ( 3 ) GLOBAL_UNCERTAINTY_ASSIGNED_CONTEXT ( ( #9725 ) ) GLOBAL_UNIT_ASSIGNED_CONTEXT ( ( #324, #3438, #5665 ) ) REPRESENTATION_CONTEXT ( 'NONE', 'WORKASPACE' ) );
#5716 = CARTESIAN_POINT ( 'NONE',  ( -4.850000000000000533, 0.000000000000000000, -8.673617379884035472E-16 ) ) ;
#5717 = FACE_OUTER_BOUND ( 'NONE', #4719, .T. ) ;
#5718 = LINE ( 'NONE', #3543, #7660 ) ;
#5719 = EDGE_CURVE ( 'NONE', #111, #3802, #4234, .T. ) ;
#5720 = VECTOR ( 'NONE', #9321, 1000.000000000000000 ) ;
#5721 = VERTEX_POINT ( 'NONE', #1841 ) ;
#5722 = DIRECTION ( 'NONE',  ( 1.000000000000000000, 0.000000000000000000, -0.000000000000000000 ) ) ;
#5723 = FILL_AREA_STYLE_COLOUR ( '', #6433 ) ;
#5724 = ORIENTED_EDGE ( 'NONE', *, *, #3502, .T. ) ;
#5725 = VECTOR ( 'NONE', #616, 1000.000000000000000 ) ;
#5726 = VERTEX_POINT ( 'NONE', #5003 ) ;
#5727 = ORIENTED_EDGE ( 'NONE', *, *, #343, .F. ) ;
#5728 = DIRECTION ( 'NONE',  ( -0.000000000000000000, 1.000000000000000000, 0.000000000000000000 ) ) ;
#5729 = VECTOR ( 'NONE', #4480, 1000.000000000000000 ) ;
#5730 = SURFACE_STYLE_FILL_AREA ( #7333 ) ;
#5731 = FACE_OUTER_BOUND ( 'NONE', #6086, .T. ) ;
#5732 =( NAMED_UNIT ( * ) PLANE_ANGLE_UNIT ( ) SI_UNIT ( $, .RADIAN. ) );
#5733 = SURFACE_STYLE_USAGE ( .BOTH. , #1802 ) ;
#5734 = DIRECTION ( 'NONE',  ( 0.000000000000000000, -1.000000000000000000, 0.000000000000000000 ) ) ;
#5735 = VECTOR ( 'NONE', #6821, 1000.000000000000000 ) ;
#5736 =( NAMED_UNIT ( * ) PLANE_ANGLE_UNIT ( ) SI_UNIT ( $, .RADIAN. ) );
#5737 = CARTESIAN_POINT ( 'NONE',  ( 4.849999999999997868, 0.000000000000000000, -4.400000000000001243 ) ) ;
#5738 = EDGE_LOOP ( 'NONE', ( #3957, #8690, #4683, #10144, #2631, #8813 ) ) ;
#5739 = AXIS2_PLACEMENT_3D ( 'NONE', #4852, #917, #3296 ) ;
#5740 = FACE_OUTER_BOUND ( 'NONE', #1015, .T. ) ;
#5741 = VERTEX_POINT ( 'NONE', #4185 ) ;
#5742 = SURFACE_STYLE_FILL_AREA ( #2778 ) ;
#5743 = CARTESIAN_POINT ( 'NONE',  ( 4.850000000000001421, 0.000000000000000000, 5.049999999999999822 ) ) ;
#5744 = CARTESIAN_POINT ( 'NONE',  ( 4.399929289321881321, 0.7999999999999993783, 4.650000000000003908 ) ) ;
#5745 = DIRECTION ( 'NONE',  ( 0.000000000000000000, -1.000000000000000000, -0.000000000000000000 ) ) ;
#5746 = VECTOR ( 'NONE', #2351, 1000.000000000000000 ) ;
#5747 = DIRECTION ( 'NONE',  ( 1.000000000000000000, 0.000000000000000000, -0.000000000000000000 ) ) ;
#5748 = LINE ( 'NONE', #5798, #8414 ) ;
#5749 = DIRECTION ( 'NONE',  ( -1.000000000000000000, -0.000000000000000000, -0.000000000000000000 ) ) ;
#5750 = LINE ( 'NONE', #7440, #1659 ) ;
#5751 = VERTEX_POINT ( 'NONE', #8156 ) ;
#5752 = DIRECTION ( 'NONE',  ( -1.000000000000000000, 0.000000000000000000, 0.000000000000000000 ) ) ;
#5753 = ADVANCED_FACE ( 'NONE', ( #5717 ), #4022, .F. ) ;
#5754 = DIRECTION ( 'NONE',  ( -0.000000000000000000, 1.000000000000000000, -0.000000000000000000 ) ) ;
#5755 = CARTESIAN_POINT ( 'NONE',  ( 2.699999999999999289, 1.400000000000000133, 4.650000000000006573 ) ) ;
#5756 = SURFACE_STYLE_USAGE ( .BOTH. , #9086 ) ;
#5757 = VERTEX_POINT ( 'NONE', #861 ) ;
#5758 = ORIENTED_EDGE ( 'NONE', *, *, #9949, .F. ) ;
#5759 = CARTESIAN_POINT ( 'NONE',  ( 0.000000000000000000, 0.000000000000000000, 0.000000000000000000 ) ) ;
#5760 = FACE_OUTER_BOUND ( 'NONE', #891, .T. ) ;
#5761 = EDGE_CURVE ( 'NONE', #7469, #3073, #4414, .T. ) ;
#5762 =( NAMED_UNIT ( * ) PLANE_ANGLE_UNIT ( ) SI_UNIT ( $, .RADIAN. ) );
#5763 = UNCERTAINTY_MEASURE_WITH_UNIT (LENGTH_MEASURE( 1.000000000000000082E-05 ), #169, 'distance_accuracy_value', 'NONE');
#5764 = LINE ( 'NONE', #2568, #561 ) ;
#5765 = DIRECTION ( 'NONE',  ( -0.000000000000000000, 1.000000000000000000, 0.000000000000000000 ) ) ;
#5766 = CARTESIAN_POINT ( 'NONE',  ( -3.849999999999985434, 0.8000000000000000444, 2.899999999999998135 ) ) ;
#5767 = LINE ( 'NONE', #329, #233 ) ;
#5768 = EDGE_CURVE ( 'NONE', #3907, #3515, #9569, .T. ) ;
#5769 = AXIS2_PLACEMENT_3D ( 'NONE', #9854, #6572, #2653 ) ;
#5770 = AXIS2_PLACEMENT_3D ( 'NONE', #4076, #7316, #970 ) ;
#5771 = ORIENTED_EDGE ( 'NONE', *, *, #7991, .F. ) ;
#5772 = DIRECTION ( 'NONE',  ( 0.000000000000000000, -0.000000000000000000, -1.000000000000000000 ) ) ;
#5773 = ORIENTED_EDGE ( 'NONE', *, *, #7482, .F. ) ;
#5774 = PRESENTATION_STYLE_ASSIGNMENT (( #3404 ) ) ;
#5775 = UNCERTAINTY_MEASURE_WITH_UNIT (LENGTH_MEASURE( 1.000000000000000082E-05 ), #2290, 'distance_accuracy_value', 'NONE');
#5776 = EDGE_CURVE ( 'NONE', #8404, #2415, #2465, .T. ) ;
#5777 = PRESENTATION_STYLE_ASSIGNMENT (( #9103 ) ) ;
#5778 = STYLED_ITEM ( 'NONE', ( #4313 ), #10186 ) ;
#5779 = VECTOR ( 'NONE', #4753, 1000.000000000000000 ) ;
#5780 = AXIS2_PLACEMENT_3D ( 'NONE', #9941, #5223, #4252 ) ;
#5781 = ORIENTED_EDGE ( 'NONE', *, *, #4363, .T. ) ;
#5782 = CARTESIAN_POINT ( 'NONE',  ( 4.850000000000000533, 0.7999999999999999334, 2.399999999999999023 ) ) ;
#5783 = VECTOR ( 'NONE', #522, 1000.000000000000000 ) ;
#5784 = B_SPLINE_CURVE_WITH_KNOTS ( 'NONE', 3,
 ( #3468, #5031, #6662, #450, #1919, #2743, #9166, #1871, #8183, #2695, #9118, #5942, #3615 ),
 .UNSPECIFIED., .F., .F.,
 ( 4, 3, 3, 3, 4 ),
 ( 4.336808689942017736E-19, 5.083670231753859063E-05, 9.796152662740839504E-05, 0.0001450796207375179981, 0.0001848331750982615707 ),
 .UNSPECIFIED. ) ;
#5785 = FACE_OUTER_BOUND ( 'NONE', #5703, .T. ) ;
#5786 = LINE ( 'NONE', #5020, #10066 ) ;
#5787 = FACE_OUTER_BOUND ( 'NONE', #832, .T. ) ;
#5788 = MECHANICAL_DESIGN_GEOMETRIC_PRESENTATION_REPRESENTATION (  '', ( #328 ), #8947 ) ;
#5789 = DIRECTION ( 'NONE',  ( 0.000000000000000000, -1.000000000000000000, 0.000000000000000000 ) ) ;
#5790 = COLOUR_RGB ( '',0.000000000000000000, 0.5019607843137254832, 0.000000000000000000 ) ;
#5791 = ORIENTED_EDGE ( 'NONE', *, *, #4974, .F. ) ;
#5792 = CARTESIAN_POINT ( 'NONE',  ( -4.383241221889687900, 2.025701847718435200, -4.647979999999999556 ) ) ;
#5793 = ORIENTED_EDGE ( 'NONE', *, *, #1829, .T. ) ;
#5794 = LINE ( 'NONE', #4161, #65 ) ;
#5795 = CARTESIAN_POINT ( 'NONE',  ( -4.850000000000001421, 0.000000000000000000, -2.900000000000000799 ) ) ;
#5796 = DIRECTION ( 'NONE',  ( -1.000000000000000000, 0.000000000000000000, -4.336808689942006692E-15 ) ) ;
#5797 = SURFACE_STYLE_USAGE ( .BOTH. , #8133 ) ;
#5798 = CARTESIAN_POINT ( 'NONE',  ( 4.850000000000001421, 0.000000000000000000, 5.049999999999999822 ) ) ;
#5799 = CARTESIAN_POINT ( 'NONE',  ( 4.379235656787693109, 2.300000000000000266, -4.566802439070089648 ) ) ;
#5800 = CARTESIAN_POINT ( 'NONE',  ( -3.849999999999997424, 2.080624847486572282, -0.7000000000000009548 ) ) ;
#5801 = ORIENTED_EDGE ( 'NONE', *, *, #9696, .T. ) ;
#5802 = VECTOR ( 'NONE', #2512, 1000.000000000000000 ) ;
#5803 = ADVANCED_FACE ( 'NONE', ( #8785 ), #1685, .F. ) ;
#5804 = PRESENTATION_STYLE_ASSIGNMENT (( #4222 ) ) ;
#5805 = AXIS2_PLACEMENT_3D ( 'NONE', #5339, #3159, #8497 ) ;
#5806 = DIRECTION ( 'NONE',  ( 1.000000000000000000, 0.000000000000000000, 0.000000000000000000 ) ) ;
#5807 = ORIENTED_EDGE ( 'NONE', *, *, #912, .F. ) ;
#5808 = EDGE_CURVE ( 'NONE', #10063, #7510, #4132, .T. ) ;
#5809 = DIRECTION ( 'NONE',  ( 0.000000000000000000, -1.000000000000000000, 0.000000000000000000 ) ) ;
#5810 = ORIENTED_EDGE ( 'NONE', *, *, #2903, .F. ) ;
#5811 = ORIENTED_EDGE ( 'NONE', *, *, #331, .F. ) ;
#5812 = DIRECTION ( 'NONE',  ( 1.626303258728256257E-15, 0.000000000000000000, -1.000000000000000000 ) ) ;
#5813 = ADVANCED_FACE ( 'NONE', ( #3347 ), #6502, .F. ) ;
#5814 = DIRECTION ( 'NONE',  ( 0.000000000000000000, 1.000000000000000000, 0.000000000000000000 ) ) ;
#5815 = FACE_OUTER_BOUND ( 'NONE', #6642, .T. ) ;
#5816 = VECTOR ( 'NONE', #6361, 1000.000000000000000 ) ;
#5817 = DIRECTION ( 'NONE',  ( 0.000000000000000000, 1.000000000000000000, 0.000000000000000000 ) ) ;
#5818 = LINE ( 'NONE', #7504, #787 ) ;
#5819 = EDGE_CURVE ( 'NONE', #8338, #7469, #5818, .T. ) ;
#5820 = CARTESIAN_POINT ( 'NONE',  ( 4.850000000000035172, 0.000000000000000000, -0.4000000000000010214 ) ) ;
#5821 = VERTEX_POINT ( 'NONE', #3645 ) ;
#5822 = ORIENTED_EDGE ( 'NONE', *, *, #1072, .F. ) ;
#5823 =( NAMED_UNIT ( * ) PLANE_ANGLE_UNIT ( ) SI_UNIT ( $, .RADIAN. ) );
#5824 = ORIENTED_EDGE ( 'NONE', *, *, #7452, .F. ) ;
#5825 = STYLED_ITEM ( 'NONE', ( #3088 ), #1962 ) ;
#5826 = CARTESIAN_POINT ( 'NONE',  ( 4.599999999999998757, 2.000000000000001332, -4.649929289321881321 ) ) ;
#5827 = VECTOR ( 'NONE', #6382, 1000.000000000000000 ) ;
#5828 = AXIS2_PLACEMENT_3D ( 'NONE', #9010, #9108, #296 ) ;
#5829 = ORIENTED_EDGE ( 'NONE', *, *, #9639, .T. ) ;
#5830 = LINE ( 'NONE', #1177, #9113 ) ;
#5831 = SURFACE_SIDE_STYLE ('',( #6613 ) ) ;
#5832 = VECTOR ( 'NONE', #1563, 1000.000000000000000 ) ;
#5833 = DIRECTION ( 'NONE',  ( 1.626303258728256059E-15, 0.000000000000000000, -1.000000000000000000 ) ) ;
#5834 = FILL_AREA_STYLE ('',( #5112 ) ) ;
#5835 = MECHANICAL_DESIGN_GEOMETRIC_PRESENTATION_REPRESENTATION (  '', ( #8154 ), #1055 ) ;
#5836 = FACE_OUTER_BOUND ( 'NONE', #5623, .T. ) ;
#5837 =( NAMED_UNIT ( * ) PLANE_ANGLE_UNIT ( ) SI_UNIT ( $, .RADIAN. ) );
#5838 = ORIENTED_EDGE ( 'NONE', *, *, #4434, .T. ) ;
#5839 = EDGE_CURVE ( 'NONE', #5574, #3018, #1897, .T. ) ;
#5840 = CARTESIAN_POINT ( 'NONE',  ( -4.366619526214588376, 2.156595997628985906, -4.817668071082942483 ) ) ;
#5841 = VECTOR ( 'NONE', #3572, 1000.000000000000000 ) ;
#5842 = EDGE_CURVE ( 'NONE', #6247, #5757, #2097, .T. ) ;
#5843 = EDGE_LOOP ( 'NONE', ( #7617, #6854, #3665, #1561, #3777, #6450, #5240, #642, #6431, #5167, #475, #8126, #5061, #9262, #7339, #10045, #1693, #9356, #3498, #3389, #1226, #9812, #4754, #138, #9799, #4614, #4585, #7034, #9962, #5811, #8040, #4632, #1135, #6966, #9892, #6840, #4138, #4130, #3698, #9483, #7417, #10124, #8478, #1472, #5727, #3925, #2121, #3969, #348, #192, #9701, #4935, #5964, #3866, #6552, #3241, #7127, #2860, #4490, #4768, #243, #1460, #8053, #1270, #5674, #464, #7778, #2343, #1395, #8520, #10010, #2153, #6562, #8589, #9201, #2258, #8764, #1687, #8030, #7614, #1902 ) ) ;
#5844 = VECTOR ( 'NONE', #3808, 1000.000000000000000 ) ;
#5845 =( GEOMETRIC_REPRESENTATION_CONTEXT ( 3 ) GLOBAL_UNCERTAINTY_ASSIGNED_CONTEXT ( ( #4522 ) ) GLOBAL_UNIT_ASSIGNED_CONTEXT ( ( #7906, #7702, #4713 ) ) REPRESENTATION_CONTEXT ( 'NONE', 'WORKASPACE' ) );
#5846 =( LENGTH_UNIT ( ) NAMED_UNIT ( * ) SI_UNIT ( .MILLI., .METRE. ) );
#5847 = CARTESIAN_POINT ( 'NONE',  ( 2.399999999999999467, 1.687792868793693186E-14, 4.850000000000005862 ) ) ;
#5848 = CARTESIAN_POINT ( 'NONE',  ( 4.849999999999999645, 0.8000000000000000444, 4.799999999999999822 ) ) ;
#5849 = EDGE_CURVE ( 'NONE', #9315, #4604, #9885, .T. ) ;
#5850 = CARTESIAN_POINT ( 'NONE',  ( 4.850000000000000533, 0.7999999999999999334, 3.499999999999998668 ) ) ;
#5851 = DIRECTION ( 'NONE',  ( -1.000000000000000000, -0.000000000000000000, -0.000000000000000000 ) ) ;
#5852 = EDGE_CURVE ( 'NONE', #2497, #1107, #7611, .T. ) ;
#5853 = VECTOR ( 'NONE', #3481, 1000.000000000000000 ) ;
#5854 = VECTOR ( 'NONE', #6638, 1000.000000000000000 ) ;
#5855 = VECTOR ( 'NONE', #4926, 1000.000000000000000 ) ;
#5856 = CARTESIAN_POINT ( 'NONE',  ( -3.849999999999996092, 0.000000000000000000, 0.6999999999999992895 ) ) ;
#5857 = LINE ( 'NONE', #1883, #798 ) ;
#5858 = CIRCLE ( 'NONE', #6674, 0.1999999999999996503 ) ;
#5859 = PRESENTATION_LAYER_ASSIGNMENT (  '', '', ( #2884 ) ) ;
#5860 = SURFACE_SIDE_STYLE ('',( #5705 ) ) ;
#5861 = VECTOR ( 'NONE', #6103, 1000.000000000000000 ) ;
#5862 = DIRECTION ( 'NONE',  ( -0.000000000000000000, 3.336006684570780538E-15, 1.000000000000000000 ) ) ;
#5863 = ORIENTED_EDGE ( 'NONE', *, *, #6354, .F. ) ;
#5864 = PLANE ( 'NONE',  #217 ) ;
#5865 = UNCERTAINTY_MEASURE_WITH_UNIT (LENGTH_MEASURE( 1.000000000000000082E-05 ), #7891, 'distance_accuracy_value', 'NONE');
#5866 = FACE_OUTER_BOUND ( 'NONE', #5396, .T. ) ;
#5867 = CARTESIAN_POINT ( 'NONE',  ( -4.850000000000000533, 2.080624847486572282, -4.200000000000001066 ) ) ;
#5868 = LINE ( 'NONE', #3591, #3265 ) ;
#5869 = FILL_AREA_STYLE_COLOUR ( '', #4528 ) ;
#5870 = VERTEX_POINT ( 'NONE', #8345 ) ;
#5871 = ORIENTED_EDGE ( 'NONE', *, *, #4088, .T. ) ;
#5872 = DIRECTION ( 'NONE',  ( 0.000000000000000000, 0.000000000000000000, 1.000000000000000000 ) ) ;
#5873 = ORIENTED_EDGE ( 'NONE', *, *, #1101, .F. ) ;
#5874 = MECHANICAL_DESIGN_GEOMETRIC_PRESENTATION_REPRESENTATION (  '', ( #3410 ), #8037 ) ;
#5875 = PLANE ( 'NONE',  #825 ) ;
#5876 = UNCERTAINTY_MEASURE_WITH_UNIT (LENGTH_MEASURE( 1.000000000000000082E-05 ), #9338, 'distance_accuracy_value', 'NONE');
#5877 = CARTESIAN_POINT ( 'NONE',  ( 4.299999999999998934, 2.300000000000000266, -4.549999999999999822 ) ) ;
#5878 = ORIENTED_EDGE ( 'NONE', *, *, #9249, .F. ) ;
#5879 = DIRECTION ( 'NONE',  ( 0.000000000000000000, 0.000000000000000000, -1.000000000000000000 ) ) ;
#5880 = CARTESIAN_POINT ( 'NONE',  ( 0.000000000000000000, 0.8000000000000000444, -8.800000000000000711 ) ) ;
#5881 = PLANE ( 'NONE',  #8236 ) ;
#5882 = EDGE_CURVE ( 'NONE', #6380, #5821, #5413, .T. ) ;
#5883 = VECTOR ( 'NONE', #7079, 1000.000000000000000 ) ;
#5884 = CARTESIAN_POINT ( 'NONE',  ( -2.699999999999999734, 0.7999999999999994893, -4.850000000000003197 ) ) ;
#5885 = FACE_OUTER_BOUND ( 'NONE', #6598, .T. ) ;
#5886 = ORIENTED_EDGE ( 'NONE', *, *, #4566, .T. ) ;
#5887 = FILL_AREA_STYLE_COLOUR ( '', #7619 ) ;
#5888 =( NAMED_UNIT ( * ) PLANE_ANGLE_UNIT ( ) SI_UNIT ( $, .RADIAN. ) );
#5889 = ORIENTED_EDGE ( 'NONE', *, *, #503, .T. ) ;
#5890 = CARTESIAN_POINT ( 'NONE',  ( 4.299999999999998934, 2.000000000000000000, 4.649929289321881321 ) ) ;
#5891 = ORIENTED_EDGE ( 'NONE', *, *, #6745, .T. ) ;
#5892 = FACE_OUTER_BOUND ( 'NONE', #9827, .T. ) ;
#5893 = LINE ( 'NONE', #9276, #8496 ) ;
#5894 = VECTOR ( 'NONE', #3272, 1000.000000000000000 ) ;
#5895 = AXIS2_PLACEMENT_3D ( 'NONE', #3536, #3440, #1786 ) ;
#5896 = EDGE_CURVE ( 'NONE', #8935, #3119, #6791, .T. ) ;
#5897 = DIRECTION ( 'NONE',  ( 1.000000000000000000, -0.000000000000000000, 1.626303258728256059E-15 ) ) ;
#5898 = CIRCLE ( 'NONE', #1448, 0.1999999999999996503 ) ;
#5899 = FACE_OUTER_BOUND ( 'NONE', #3030, .T. ) ;
#5900 = CARTESIAN_POINT ( 'NONE',  ( -2.399999999999999467, 0.7999999999999998224, -4.850000000000004086 ) ) ;
#5901 = ADVANCED_FACE ( 'NONE', ( #2867 ), #5199, .T. ) ;
#5902 = EDGE_CURVE ( 'NONE', #1325, #3597, #5868, .T. ) ;
#5903 = LINE ( 'NONE', #1301, #6358 ) ;
#5904 = ADVANCED_FACE ( 'NONE', ( #6017 ), #1269, .T. ) ;
#5905 =( GEOMETRIC_REPRESENTATION_CONTEXT ( 3 ) GLOBAL_UNCERTAINTY_ASSIGNED_CONTEXT ( ( #1019 ) ) GLOBAL_UNIT_ASSIGNED_CONTEXT ( ( #3099, #10096, #7023 ) ) REPRESENTATION_CONTEXT ( 'NONE', 'WORKASPACE' ) );
#5906 = CARTESIAN_POINT ( 'NONE',  ( 3.849999999999996092, 2.080624847486572282, 2.899999999999998579 ) ) ;
#5907 = ORIENTED_EDGE ( 'NONE', *, *, #2337, .T. ) ;
#5908 = DIRECTION ( 'NONE',  ( 0.000000000000000000, -1.000000000000000000, -0.000000000000000000 ) ) ;
#5909 = CARTESIAN_POINT ( 'NONE',  ( -3.849999999999904610, 0.8000000000000000444, -4.800000000000002487 ) ) ;
#5910 = VECTOR ( 'NONE', #8334, 1000.000000000000000 ) ;
#5911 = ORIENTED_EDGE ( 'NONE', *, *, #1431, .T. ) ;
#5912 = DIRECTION ( 'NONE',  ( -0.000000000000000000, 1.000000000000000000, -0.000000000000000000 ) ) ;
#5913 = CARTESIAN_POINT ( 'NONE',  ( -3.849999999999996092, 0.7999999999999999334, 0.6999999999999992895 ) ) ;
#5914 = DIRECTION ( 'NONE',  ( 1.000000000000000000, -0.000000000000000000, 1.626303258728256257E-15 ) ) ;
#5915 = ORIENTED_EDGE ( 'NONE', *, *, #7526, .F. ) ;
#5916 = CARTESIAN_POINT ( 'NONE',  ( -3.849999999999986766, 0.8000000000000000444, 2.899999999999998135 ) ) ;
#5917 = CARTESIAN_POINT ( 'NONE',  ( -3.849999999999974332, 0.8000000000000000444, 1.799999999999998268 ) ) ;
#5918 = DIRECTION ( 'NONE',  ( -0.000000000000000000, 1.000000000000000000, -0.000000000000000000 ) ) ;
#5919 = CARTESIAN_POINT ( 'NONE',  ( -3.849999999999951683, 0.000000000000000000, 0.3999999999999985789 ) ) ;
#5920 = ORIENTED_EDGE ( 'NONE', *, *, #3072, .T. ) ;
#5921 = ORIENTED_EDGE ( 'NONE', *, *, #637, .F. ) ;
#5922 = ORIENTED_EDGE ( 'NONE', *, *, #6210, .F. ) ;
#5923 = SURFACE_STYLE_FILL_AREA ( #2207 ) ;
#5924 = DIRECTION ( 'NONE',  ( -1.000000000000000000, 0.000000000000000000, -0.000000000000000000 ) ) ;
#5925 = FILL_AREA_STYLE ('',( #2542 ) ) ;
#5926 = VERTEX_POINT ( 'NONE', #423 ) ;
#5927 = DIRECTION ( 'NONE',  ( 4.336808689942006692E-15, -0.000000000000000000, -1.000000000000000000 ) ) ;
#5928 = CARTESIAN_POINT ( 'NONE',  ( 4.399929289321881321, 2.000000000000001776, -4.850000000000000533 ) ) ;
#5929 =( GEOMETRIC_REPRESENTATION_CONTEXT ( 3 ) GLOBAL_UNCERTAINTY_ASSIGNED_CONTEXT ( ( #5156 ) ) GLOBAL_UNIT_ASSIGNED_CONTEXT ( ( #6320, #7251, #892 ) ) REPRESENTATION_CONTEXT ( 'NONE', 'WORKASPACE' ) );
#5930 = SURFACE_SIDE_STYLE ('',( #2011 ) ) ;
#5931 = LINE ( 'NONE', #9065, #5011 ) ;
#5932 = ORIENTED_EDGE ( 'NONE', *, *, #1353, .F. ) ;
#5933 = CARTESIAN_POINT ( 'NONE',  ( 4.316699762401994711, 2.301999999999999602, -4.629276107729747736 ) ) ;
#5934 = CARTESIAN_POINT ( 'NONE',  ( 0.000000000000000000, 0.8000000000000000444, 1.800000000000000044 ) ) ;
#5935 = ORIENTED_EDGE ( 'NONE', *, *, #5412, .T. ) ;
#5936 = STYLED_ITEM ( 'NONE', ( #5774 ), #7064 ) ;
#5937 = EDGE_CURVE ( 'NONE', #6984, #8338, #9871, .T. ) ;
#5938 = CARTESIAN_POINT ( 'NONE',  ( -4.333309763107293655, 2.087420392015689519, -4.601144252825626779 ) ) ;
#5939 = VECTOR ( 'NONE', #9140, 1000.000000000000000 ) ;
#5940 = ORIENTED_EDGE ( 'NONE', *, *, #5321, .T. ) ;
#5941 = LINE ( 'NONE', #6871, #6215 ) ;
#5942 = CARTESIAN_POINT ( 'NONE',  ( 4.307158170062761471, 2.100000000000000533, 4.561251983595060899 ) ) ;
#5943 = SURFACE_STYLE_USAGE ( .BOTH. , #5224 ) ;
#5944 = AXIS2_PLACEMENT_3D ( 'NONE', #3798, #1414, #5957 ) ;
#5945 = EDGE_CURVE ( 'NONE', #460, #9133, #1212, .T. ) ;
#5946 = AXIS2_PLACEMENT_3D ( 'NONE', #407, #3576, #5332 ) ;
#5947 = ADVANCED_FACE ( 'NONE', ( #4417 ), #4368, .T. ) ;
#5948 = CARTESIAN_POINT ( 'NONE',  ( -4.299999999999998934, 2.097980000000000622, 4.549999999999998934 ) ) ;
#5949 = CARTESIAN_POINT ( 'NONE',  ( 3.849999999999997424, 2.080624847486572282, -2.900000000000000799 ) ) ;
#5950 = DIRECTION ( 'NONE',  ( 0.000000000000000000, 0.000000000000000000, 1.000000000000000000 ) ) ;
#5951 = PLANE ( 'NONE',  #9435 ) ;
#5952 = AXIS2_PLACEMENT_3D ( 'NONE', #5800, #6669, #1880 ) ;
#5953 = DIRECTION ( 'NONE',  ( 0.000000000000000000, 0.000000000000000000, -1.000000000000000000 ) ) ;
#5954 = DIRECTION ( 'NONE',  ( 1.000000000000000000, -0.000000000000000000, 0.000000000000000000 ) ) ;
#5955 = ORIENTED_EDGE ( 'NONE', *, *, #526, .T. ) ;
#5956 = EDGE_CURVE ( 'NONE', #5870, #714, #1317, .T. ) ;
#5957 = DIRECTION ( 'NONE',  ( 1.000000000000000000, 0.000000000000000000, -0.000000000000000000 ) ) ;
#5958 = CARTESIAN_POINT ( 'NONE',  ( 4.850000000000000533, 2.080624847486572282, 2.399999999999999023 ) ) ;
#5959 = EDGE_LOOP ( 'NONE', ( #5871, #5367, #866, #8454 ) ) ;
#5960 = DIRECTION ( 'NONE',  ( 1.000000000000000000, 0.000000000000000000, 0.000000000000000000 ) ) ;
#5961 = AXIS2_PLACEMENT_3D ( 'NONE', #563, #3889, #8647 ) ;
#5962 = VECTOR ( 'NONE', #2759, 1000.000000000000000 ) ;
#5963 = CYLINDRICAL_SURFACE ( 'NONE', #6543, 0.1000000000000002554 ) ;
#5964 = ORIENTED_EDGE ( 'NONE', *, *, #2032, .F. ) ;
#5965 = UNCERTAINTY_MEASURE_WITH_UNIT (LENGTH_MEASURE( 1.000000000000000082E-05 ), #247, 'distance_accuracy_value', 'NONE');
#5966 = CARTESIAN_POINT ( 'NONE',  ( 4.599999999999998757, 0.7999999999999997113, -4.850000000000004086 ) ) ;
#5967 = CARTESIAN_POINT ( 'NONE',  ( -2.699999999999999289, 1.400000000000031886, -4.650000000000002132 ) ) ;
#5968 = DIRECTION ( 'NONE',  ( -8.673617379884051249E-15, 0.000000000000000000, -1.000000000000000000 ) ) ;
#5969 = CARTESIAN_POINT ( 'NONE',  ( -4.299999999999998934, 2.300000000000000266, -4.549999999999998934 ) ) ;
#5970 = EDGE_CURVE ( 'NONE', #7469, #4287, #7557, .T. ) ;
#5971 = ORIENTED_EDGE ( 'NONE', *, *, #4831, .T. ) ;
#5972 = ORIENTED_EDGE ( 'NONE', *, *, #8963, .F. ) ;
#5973 = VECTOR ( 'NONE', #2383, 1000.000000000000000 ) ;
#5974 = ORIENTED_EDGE ( 'NONE', *, *, #137, .T. ) ;
#5975 = DIRECTION ( 'NONE',  ( 0.000000000000000000, -1.000000000000000000, -0.000000000000000000 ) ) ;
#5976 = ORIENTED_EDGE ( 'NONE', *, *, #2690, .F. ) ;
#5977 = DIRECTION ( 'NONE',  ( 0.000000000000000000, -1.000000000000000000, 0.000000000000000000 ) ) ;
#5978 = CARTESIAN_POINT ( 'NONE',  ( -4.399929289321881321, 2.100000000000000089, 4.850000000000001421 ) ) ;
#5979 = VECTOR ( 'NONE', #8546, 1000.000000000000000 ) ;
#5980 = SURFACE_STYLE_FILL_AREA ( #9931 ) ;
#5981 =( LENGTH_UNIT ( ) NAMED_UNIT ( * ) SI_UNIT ( .MILLI., .METRE. ) );
#5982 = VERTEX_POINT ( 'NONE', #9822 ) ;
#5983 = STYLED_ITEM ( 'NONE', ( #7561 ), #3563 ) ;
#5984 = CARTESIAN_POINT ( 'NONE',  ( 4.299999999999999822, 2.100000000000000089, -4.549999999999999822 ) ) ;
#5985 = ORIENTED_EDGE ( 'NONE', *, *, #5509, .F. ) ;
#5986 = CARTESIAN_POINT ( 'NONE',  ( -3.849999999999997424, 0.000000000000000000, 0.3999999999999993006 ) ) ;
#5987 = ORIENTED_EDGE ( 'NONE', *, *, #6019, .F. ) ;
#5988 = VECTOR ( 'NONE', #10110, 1000.000000000000000 ) ;
#5989 = SURFACE_STYLE_FILL_AREA ( #2450 ) ;
#5990 = DIRECTION ( 'NONE',  ( -1.000000000000000000, 0.000000000000000000, -4.336808689942006692E-15 ) ) ;
#5991 = AXIS2_PLACEMENT_3D ( 'NONE', #2808, #275, #7400 ) ;
#5992 = EDGE_CURVE ( 'NONE', #4721, #2363, #2716, .T. ) ;
#5993 = CARTESIAN_POINT ( 'NONE',  ( 3.849999999999997424, 0.7999999999999999334, -4.000000000000000888 ) ) ;
#5994 = ADVANCED_FACE ( 'NONE', ( #5100 ), #8249, .F. ) ;
#5995 = DIRECTION ( 'NONE',  ( -0.000000000000000000, -1.000000000000000000, -0.000000000000000000 ) ) ;
#5996 = CARTESIAN_POINT ( 'NONE',  ( 3.850000000000088463, 0.8000000000000000444, -4.000000000000000888 ) ) ;
#5997 = DIRECTION ( 'NONE',  ( 1.000000000000000000, 0.000000000000000000, 0.000000000000000000 ) ) ;
#5998 = VECTOR ( 'NONE', #10101, 1000.000000000000000 ) ;
#5999 = SURFACE_STYLE_USAGE ( .BOTH. , #2846 ) ;
#6000 = FILL_AREA_STYLE_COLOUR ( '', #9277 ) ;
#6001 = PLANE ( 'NONE',  #5629 ) ;
#6002 = DIRECTION ( 'NONE',  ( -0.000000000000000000, -1.000000000000000000, 0.000000000000000000 ) ) ;
#6003 = STYLED_ITEM ( 'NONE', ( #8742 ), #10005 ) ;
#6004 = VERTEX_POINT ( 'NONE', #4864 ) ;
#6005 = EDGE_CURVE ( 'NONE', #8091, #2737, #7959, .T. ) ;
#6006 = DIRECTION ( 'NONE',  ( -0.000000000000000000, 1.000000000000000000, -3.336006684570780538E-15 ) ) ;
#6007 = VECTOR ( 'NONE', #1843, 1000.000000000000000 ) ;
#6008 = VECTOR ( 'NONE', #2704, 1000.000000000000000 ) ;
#6009 = ORIENTED_EDGE ( 'NONE', *, *, #1775, .T. ) ;
#6010 = CARTESIAN_POINT ( 'NONE',  ( 4.850000000000001421, 2.080624847486572282, -1.800000000000000711 ) ) ;
#6011 = SURFACE_SIDE_STYLE ('',( #3697 ) ) ;
#6012 = ORIENTED_EDGE ( 'NONE', *, *, #1845, .T. ) ;
#6013 = DIRECTION ( 'NONE',  ( 0.000000000000000000, -1.000000000000000000, 0.000000000000000000 ) ) ;
#6014 = CARTESIAN_POINT ( 'NONE',  ( -3.849999999999996092, 2.080624847486572282, -1.500000000000001332 ) ) ;
#6015 = COLOUR_RGB ( '',0.000000000000000000, 0.5019607843137254832, 0.000000000000000000 ) ;
#6016 = STYLED_ITEM ( 'NONE', ( #4160 ), #8794 ) ;
#6017 = FACE_OUTER_BOUND ( 'NONE', #6366, .T. ) ;
#6018 = LINE ( 'NONE', #1374, #5844 ) ;
#6019 = EDGE_CURVE ( 'NONE', #2737, #4960, #93, .T. ) ;
#6020 = ORIENTED_EDGE ( 'NONE', *, *, #6788, .F. ) ;
#6021 = ORIENTED_EDGE ( 'NONE', *, *, #9486, .F. ) ;
#6022 = DIRECTION ( 'NONE',  ( 0.000000000000000000, 0.000000000000000000, 1.000000000000000000 ) ) ;
#6023 = EDGE_CURVE ( 'NONE', #5982, #150, #8168, .T. ) ;
#6024 = ORIENTED_EDGE ( 'NONE', *, *, #4254, .F. ) ;
#6025 = VECTOR ( 'NONE', #914, 1000.000000000000000 ) ;
#6026 = LINE ( 'NONE', #3817, #757 ) ;
#6027 = LINE ( 'NONE', #6744, #2752 ) ;
#6028 = ORIENTED_EDGE ( 'NONE', *, *, #24, .F. ) ;
#6029 = PLANE ( 'NONE',  #673 ) ;
#6030 = EDGE_CURVE ( 'NONE', #3447, #4682, #7374, .T. ) ;
#6031 = CARTESIAN_POINT ( 'NONE',  ( -4.399929289321881321, 2.000000000000000444, 4.749990000000000379 ) ) ;
#6032 = ORIENTED_EDGE ( 'NONE', *, *, #8006, .T. ) ;
#6033 = DIRECTION ( 'NONE',  ( -1.626303258728256059E-15, -0.000000000000000000, -1.000000000000000000 ) ) ;
#6034 = EDGE_LOOP ( 'NONE', ( #5407, #3964, #5551, #1042, #3367, #9147 ) ) ;
#6035 = CARTESIAN_POINT ( 'NONE',  ( 4.316688183223971187, 2.100000000000000089, -4.576232285936366218 ) ) ;
#6036 = CARTESIAN_POINT ( 'NONE',  ( -4.299999999999998934, 2.199990000000000556, -4.549999999999998934 ) ) ;
#6037 = VERTEX_POINT ( 'NONE', #3358 ) ;
#6038 = CARTESIAN_POINT ( 'NONE',  ( 4.850000000000000533, 2.080624847486572282, -0.9000000000000014655 ) ) ;
#6039 = ORIENTED_EDGE ( 'NONE', *, *, #9541, .T. ) ;
#6040 = PRESENTATION_LAYER_ASSIGNMENT (  '', '', ( #3410 ) ) ;
#6041 = FACE_OUTER_BOUND ( 'NONE', #7786, .T. ) ;
#6042 = LINE ( 'NONE', #7535, #9392 ) ;
#6043 = CARTESIAN_POINT ( 'NONE',  ( 4.383241106097909068, 2.026232285936369060, 4.649999999999999467 ) ) ;
#6044 = CARTESIAN_POINT ( 'NONE',  ( -4.600000000000002309, 0.7999999999999998224, -4.649929289321881321 ) ) ;
#6045 = LINE ( 'NONE', #1249, #3851 ) ;
#6046 = STYLED_ITEM ( 'NONE', ( #4555 ), #7650 ) ;
#6047 = CARTESIAN_POINT ( 'NONE',  ( 4.850000000000000533, 0.7999999999999999334, -4.200000000000001066 ) ) ;
#6048 = LINE ( 'NONE', #10056, #5198 ) ;
#6049 = VECTOR ( 'NONE', #9304, 1000.000000000000000 ) ;
#6050 = CARTESIAN_POINT ( 'NONE',  ( 4.850000000000001421, 0.8000000000000000444, 0.000000000000000000 ) ) ;
#6051 = ORIENTED_EDGE ( 'NONE', *, *, #5642, .F. ) ;
#6052 = DIRECTION ( 'NONE',  ( 1.000000000000000000, 0.000000000000000000, -0.000000000000000000 ) ) ;
#6053 =( GEOMETRIC_REPRESENTATION_CONTEXT ( 3 ) GLOBAL_UNCERTAINTY_ASSIGNED_CONTEXT ( ( #10215 ) ) GLOBAL_UNIT_ASSIGNED_CONTEXT ( ( #3238, #5620, #7948 ) ) REPRESENTATION_CONTEXT ( 'NONE', 'WORKASPACE' ) );
#6054 =( LENGTH_UNIT ( ) NAMED_UNIT ( * ) SI_UNIT ( .MILLI., .METRE. ) );
#6055 =( LENGTH_UNIT ( ) NAMED_UNIT ( * ) SI_UNIT ( .MILLI., .METRE. ) );
#6056 = VERTEX_POINT ( 'NONE', #5782 ) ;
#6057 = DIRECTION ( 'NONE',  ( 0.000000000000000000, -1.000000000000000000, 3.336006684570780538E-15 ) ) ;
#6058 = SURFACE_STYLE_USAGE ( .BOTH. , #5447 ) ;
#6059 = DIRECTION ( 'NONE',  ( -1.000000000000000000, 0.000000000000000000, 0.000000000000000000 ) ) ;
#6060 = VERTEX_POINT ( 'NONE', #4913 ) ;
#6061 = UNCERTAINTY_MEASURE_WITH_UNIT (LENGTH_MEASURE( 1.000000000000000082E-05 ), #9745, 'distance_accuracy_value', 'NONE');
#6062 = ADVANCED_FACE ( 'NONE', ( #3454 ), #9527, .T. ) ;
#6063 = VECTOR ( 'NONE', #9741, 1000.000000000000000 ) ;
#6064 = FACE_OUTER_BOUND ( 'NONE', #7369, .T. ) ;
#6065 = SURFACE_SIDE_STYLE ('',( #9197 ) ) ;
#6066 = EDGE_CURVE ( 'NONE', #2812, #1864, #5576, .T. ) ;
#6067 = ORIENTED_EDGE ( 'NONE', *, *, #4389, .T. ) ;
#6068 = ORIENTED_EDGE ( 'NONE', *, *, #830, .T. ) ;
#6069 = EDGE_CURVE ( 'NONE', #1366, #7657, #981, .T. ) ;
#6070 = CARTESIAN_POINT ( 'NONE',  ( -3.849999999999963229, 0.8000000000000000444, 1.499999999999998668 ) ) ;
#6071 = LINE ( 'NONE', #3763, #3216 ) ;
#6072 = DIRECTION ( 'NONE',  ( 0.000000000000000000, -0.000000000000000000, -1.000000000000000000 ) ) ;
#6073 = DIRECTION ( 'NONE',  ( -0.000000000000000000, 0.000000000000000000, 1.000000000000000000 ) ) ;
#6074 = VECTOR ( 'NONE', #4596, 1000.000000000000000 ) ;
#6075 = ORIENTED_EDGE ( 'NONE', *, *, #8551, .T. ) ;
#6076 = DIRECTION ( 'NONE',  ( 1.000000000000000000, 0.000000000000000000, -0.000000000000000000 ) ) ;
#6077 = EDGE_CURVE ( 'NONE', #1473, #896, #6514, .T. ) ;
#6078 = CARTESIAN_POINT ( 'NONE',  ( -3.449999999999999289, 1.068629150101522818, -3.649999999999999467 ) ) ;
#6079 = CARTESIAN_POINT ( 'NONE',  ( 3.850000000000009859, 0.8000000000000000444, 3.699999999999999289 ) ) ;
#6080 = VECTOR ( 'NONE', #10034, 1000.000000000000000 ) ;
#6081 = FILL_AREA_STYLE_COLOUR ( '', #5122 ) ;
#6082 = EDGE_CURVE ( 'NONE', #339, #3446, #4037, .T. ) ;
#6083 = ORIENTED_EDGE ( 'NONE', *, *, #8240, .T. ) ;
#6085 = EDGE_CURVE ( 'NONE', #9784, #9315, #7177, .T. ) ;
#6084 = FILL_AREA_STYLE ('',( #7693 ) ) ;
#6086 = EDGE_LOOP ( 'NONE', ( #6608, #4300, #8258, #1324 ) ) ;
#6087 = SURFACE_STYLE_FILL_AREA ( #9316 ) ;
#6088 = DIRECTION ( 'NONE',  ( -0.000000000000000000, -1.000000000000000000, -0.000000000000000000 ) ) ;
#6089 = ORIENTED_EDGE ( 'NONE', *, *, #763, .F. ) ;
#6090 = DIRECTION ( 'NONE',  ( 1.000000000000000000, 0.000000000000000000, -4.336808689942006692E-15 ) ) ;
#6091 = VERTEX_POINT ( 'NONE', #5634 ) ;
#6092 = VECTOR ( 'NONE', #1514, 1000.000000000000000 ) ;
#6093 = DIRECTION ( 'NONE',  ( -1.000000000000000000, 0.000000000000000000, -0.000000000000000000 ) ) ;
#6094 = LINE ( 'NONE', #7752, #3135 ) ;
#6095 = FILL_AREA_STYLE_COLOUR ( '', #7288 ) ;
#6096 = LINE ( 'NONE', #1191, #9495 ) ;
#6097 = CARTESIAN_POINT ( 'NONE',  ( -3.849999999999996536, 0.000000000000000000, -0.7000000000000009548 ) ) ;
#6098 = LINE ( 'NONE', #7704, #1058 ) ;
#6099 = VECTOR ( 'NONE', #2385, 1000.000000000000000 ) ;
#6100 = CARTESIAN_POINT ( 'NONE',  ( 3.849999999999997424, 0.7999999999999999334, -2.900000000000000799 ) ) ;
#6101 = VECTOR ( 'NONE', #7556, 1000.000000000000000 ) ;
#6102 = FACE_OUTER_BOUND ( 'NONE', #6034, .T. ) ;
#6103 = DIRECTION ( 'NONE',  ( -1.626303258728256059E-15, -0.000000000000000000, -1.000000000000000000 ) ) ;
#6104 = AXIS2_PLACEMENT_3D ( 'NONE', #2215, #5660, #7987 ) ;
#6105 = VECTOR ( 'NONE', #9162, 1000.000000000000000 ) ;
#6106 =( NAMED_UNIT ( * ) SI_UNIT ( $, .STERADIAN. ) SOLID_ANGLE_UNIT ( ) );
#6107 = AXIS2_PLACEMENT_3D ( 'NONE', #5285, #10103, #3051 ) ;
#6108 = DIRECTION ( 'NONE',  ( 0.000000000000000000, 0.000000000000000000, -1.000000000000000000 ) ) ;
#6109 = ORIENTED_EDGE ( 'NONE', *, *, #2504, .F. ) ;
#6110 = DIRECTION ( 'NONE',  ( 0.000000000000000000, 0.000000000000000000, 1.000000000000000000 ) ) ;
#6111 = CARTESIAN_POINT ( 'NONE',  ( -3.849999999999918376, 0.8000000000000000444, -2.900000000000001688 ) ) ;
#6112 = ORIENTED_EDGE ( 'NONE', *, *, #259, .F. ) ;
#6113 = LINE ( 'NONE', #8609, #170 ) ;
#6114 =( NAMED_UNIT ( * ) SI_UNIT ( $, .STERADIAN. ) SOLID_ANGLE_UNIT ( ) );
#6115 = VECTOR ( 'NONE', #1251, 1000.000000000000000 ) ;
#6116 = MECHANICAL_DESIGN_GEOMETRIC_PRESENTATION_REPRESENTATION (  '', ( #9935 ), #7431 ) ;
#6117 = VERTEX_POINT ( 'NONE', #8117 ) ;
#6118 = CARTESIAN_POINT ( 'NONE',  ( -4.299999999999998934, 2.300000000000000711, 4.549999999999999822 ) ) ;
#6119 = CARTESIAN_POINT ( 'NONE',  ( -4.601999999999999424, 2.000000000000001332, -4.649929289321881321 ) ) ;
#6120 = EDGE_CURVE ( 'NONE', #3093, #2301, #7283, .T. ) ;
#6121 = ORIENTED_EDGE ( 'NONE', *, *, #9884, .F. ) ;
#6122 = EDGE_LOOP ( 'NONE', ( #8521, #4048, #989, #1176 ) ) ;
#6123 = SURFACE_SIDE_STYLE ('',( #2204 ) ) ;
#6124 = ORIENTED_EDGE ( 'NONE', *, *, #5416, .T. ) ;
#6125 = PLANE ( 'NONE',  #9368 ) ;
#6126 = LINE ( 'NONE', #4377, #6049 ) ;
#6127 = VECTOR ( 'NONE', #10189, 1000.000000000000000 ) ;
#6128 = CARTESIAN_POINT ( 'NONE',  ( 3.850000000000087574, 0.8000000000000000444, -4.800000000000001599 ) ) ;
#6129 = ORIENTED_EDGE ( 'NONE', *, *, #5719, .T. ) ;
#6130 = EDGE_CURVE ( 'NONE', #7575, #6708, #9582, .T. ) ;
#6131 = DIRECTION ( 'NONE',  ( 0.000000000000000000, 0.000000000000000000, -1.000000000000000000 ) ) ;
#6132 = AXIS2_PLACEMENT_3D ( 'NONE', #8706, #7865, #1459 ) ;
#6133 = ORIENTED_EDGE ( 'NONE', *, *, #5808, .F. ) ;
#6134 = SURFACE_STYLE_FILL_AREA ( #7166 ) ;
#6135 = VERTEX_POINT ( 'NONE', #1695 ) ;
#6136 = DIRECTION ( 'NONE',  ( -0.000000000000000000, -1.000000000000000000, 0.000000000000000000 ) ) ;
#6137 = LINE ( 'NONE', #3609, #2485 ) ;
#6138 = ORIENTED_EDGE ( 'NONE', *, *, #1745, .T. ) ;
#6139 = CARTESIAN_POINT ( 'NONE',  ( 4.299999999999999822, 2.300000000000000266, 4.549999999999998934 ) ) ;
#6140 = ORIENTED_EDGE ( 'NONE', *, *, #9509, .F. ) ;
#6141 = CIRCLE ( 'NONE', #5326, 0.1999999999999996503 ) ;
#6142 =( LENGTH_UNIT ( ) NAMED_UNIT ( * ) SI_UNIT ( .MILLI., .METRE. ) );
#6143 = CARTESIAN_POINT ( 'NONE',  ( -4.850000000000000533, 0.7999999999999999334, -4.200000000000001066 ) ) ;
#6144 = CARTESIAN_POINT ( 'NONE',  ( -4.849999999999937472, 0.8000000000000000444, -5.049999999999999822 ) ) ;
#6145 = DIRECTION ( 'NONE',  ( 1.000000000000000000, 0.000000000000000000, -0.000000000000000000 ) ) ;
#6146 = ADVANCED_FACE ( 'NONE', ( #194 ), #4094, .T. ) ;
#6147 = DIRECTION ( 'NONE',  ( -1.000000000000000000, 0.000000000000000000, -0.000000000000000000 ) ) ;
#6148 = SURFACE_STYLE_USAGE ( .BOTH. , #622 ) ;
#6149 = EDGE_CURVE ( 'NONE', #3446, #10138, #9640, .T. ) ;
#6150 = FACE_OUTER_BOUND ( 'NONE', #7458, .T. ) ;
#6151 = STYLED_ITEM ( 'NONE', ( #2834 ), #2639 ) ;
#6152 = AXIS2_PLACEMENT_3D ( 'NONE', #1285, #1338, #441 ) ;
#6153 = SURFACE_STYLE_USAGE ( .BOTH. , #6367 ) ;
#6154 = VECTOR ( 'NONE', #974, 1000.000000000000000 ) ;
#6155 = FILL_AREA_STYLE ('',( #9487 ) ) ;
#6156 = DIRECTION ( 'NONE',  ( -1.000000000000000000, 0.000000000000000000, -4.336808689942006692E-15 ) ) ;
#6157 = ORIENTED_EDGE ( 'NONE', *, *, #9538, .T. ) ;
#6158 = ADVANCED_FACE ( 'NONE', ( #1753 ), #2632, .F. ) ;
#6159 = CARTESIAN_POINT ( 'NONE',  ( 0.000000000000000000, 0.8000000000000000444, 0.000000000000000000 ) ) ;
#6160 = AXIS2_PLACEMENT_3D ( 'NONE', #7086, #839, #7871 ) ;
#6161 = CARTESIAN_POINT ( 'NONE',  ( -4.850000000000000533, 0.000000000000000000, 1.299999999999999156 ) ) ;
#6162 = DIRECTION ( 'NONE',  ( -0.000000000000000000, 0.000000000000000000, 1.000000000000000000 ) ) ;
#6163 = CARTESIAN_POINT ( 'NONE',  ( 3.850000000000065814, 0.8000000000000000444, 0.000000000000000000 ) ) ;
#6164 = ORIENTED_EDGE ( 'NONE', *, *, #4967, .F. ) ;
#6165 = CARTESIAN_POINT ( 'NONE',  ( -4.850000000000000533, 0.000000000000000000, 4.599999999999998757 ) ) ;
#6166 = CARTESIAN_POINT ( 'NONE',  ( -4.850000000000001421, 0.8000000000000000444, 5.049999999999999822 ) ) ;
#6167 = EDGE_CURVE ( 'NONE', #6549, #8783, #1467, .T. ) ;
#6168 = STYLED_ITEM ( 'NONE', ( #1971 ), #9900 ) ;
#6169 = ORIENTED_EDGE ( 'NONE', *, *, #4580, .T. ) ;
#6170 = UNCERTAINTY_MEASURE_WITH_UNIT (LENGTH_MEASURE( 1.000000000000000082E-05 ), #3101, 'distance_accuracy_value', 'NONE');
#6171 = CARTESIAN_POINT ( 'NONE',  ( -4.397979999999999556, 2.000000000000000444, 4.649929289321881321 ) ) ;
#6172 = LINE ( 'NONE', #1422, #819 ) ;
#6173 = VECTOR ( 'NONE', #3120, 1000.000000000000000 ) ;
#6174 = FILL_AREA_STYLE ('',( #2919 ) ) ;
#6175 = VECTOR ( 'NONE', #1209, 1000.000000000000000 ) ;
#6176 = ORIENTED_EDGE ( 'NONE', *, *, #1344, .T. ) ;
#6177 = ORIENTED_EDGE ( 'NONE', *, *, #3974, .F. ) ;
#6178 = FILL_AREA_STYLE_COLOUR ( '', #9969 ) ;
#6179 = ORIENTED_EDGE ( 'NONE', *, *, #3434, .T. ) ;
#6180 = FILL_AREA_STYLE ('',( #2458 ) ) ;
#6181 = UNCERTAINTY_MEASURE_WITH_UNIT (LENGTH_MEASURE( 1.000000000000000082E-05 ), #7053, 'distance_accuracy_value', 'NONE');
#6182 = AXIS2_PLACEMENT_3D ( 'NONE', #9184, #5186, #6889 ) ;
#6183 = DIRECTION ( 'NONE',  ( -0.000000000000000000, -1.000000000000000000, -0.000000000000000000 ) ) ;
#6184 = CARTESIAN_POINT ( 'NONE',  ( 3.850000000000042277, 0.000000000000000000, -0.4000000000000010214 ) ) ;
#6185 = ORIENTED_EDGE ( 'NONE', *, *, #2281, .F. ) ;
#6186 = DIRECTION ( 'NONE',  ( -0.000000000000000000, -1.000000000000000000, -0.000000000000000000 ) ) ;
#6187 = DIRECTION ( 'NONE',  ( -0.000000000000000000, 0.000000000000000000, 1.000000000000000000 ) ) ;
#6188 = CARTESIAN_POINT ( 'NONE',  ( -4.850000000000000533, 0.7999999999999999334, 3.099999999999999645 ) ) ;
#6189 = CLOSED_SHELL ( 'NONE', ( #7378, #3094, #1609, #6971, #2538, #8296, #4334, #9647 ) ) ;
#6191 =( GEOMETRIC_REPRESENTATION_CONTEXT ( 3 ) GLOBAL_UNCERTAINTY_ASSIGNED_CONTEXT ( ( #3699 ) ) GLOBAL_UNIT_ASSIGNED_CONTEXT ( ( #7388, #6570, #2175 ) ) REPRESENTATION_CONTEXT ( 'NONE', 'WORKASPACE' ) );
#6190 = CARTESIAN_POINT ( 'NONE',  ( -4.850000000000000533, 0.000000000000000000, -1.500000000000001332 ) ) ;
#6192 = VECTOR ( 'NONE', #408, 1000.000000000000000 ) ;
#6193 = ORIENTED_EDGE ( 'NONE', *, *, #6845, .F. ) ;
#6194 = ORIENTED_EDGE ( 'NONE', *, *, #3178, .F. ) ;
#6195 = ORIENTED_EDGE ( 'NONE', *, *, #7242, .T. ) ;
#6196 = ORIENTED_EDGE ( 'NONE', *, *, #7475, .F. ) ;
#6197 = EDGE_CURVE ( 'NONE', #2016, #7479, #1516, .T. ) ;
#6198 = FILL_AREA_STYLE_COLOUR ( '', #5231 ) ;
#6199 = DIRECTION ( 'NONE',  ( -0.000000000000000000, 1.000000000000000000, -0.000000000000000000 ) ) ;
#6200 = CARTESIAN_POINT ( 'NONE',  ( 4.850000000000000533, 0.8000000000000000444, 0.000000000000000000 ) ) ;
#6201 = CARTESIAN_POINT ( 'NONE',  ( 4.366619526214588376, 2.051144252825626513, 4.637420392015689785 ) ) ;
#6202 = SURFACE_SIDE_STYLE ('',( #772 ) ) ;
#6203 = DIRECTION ( 'NONE',  ( 1.000000000000000000, -1.219532110926280296E-47, -1.991647080244468484E-31 ) ) ;
#6204 = PRESENTATION_STYLE_ASSIGNMENT (( #5999 ) ) ;
#6205 = CARTESIAN_POINT ( 'NONE',  ( -4.400000000000003908, 0.7999999999999993783, 4.649929289321881321 ) ) ;
#6206 = DIRECTION ( 'NONE',  ( 1.000000000000000000, 0.000000000000000000, 0.000000000000000000 ) ) ;
#6207 = STYLED_ITEM ( 'NONE', ( #7993 ), #7233 ) ;
#6208 = LINE ( 'NONE', #6258, #2239 ) ;
#6209 = DIRECTION ( 'NONE',  ( -3.336006684570780538E-15, -1.000000000000000000, 0.000000000000000000 ) ) ;
#6210 = EDGE_CURVE ( 'NONE', #6795, #994, #8451, .T. ) ;
#6211 = CARTESIAN_POINT ( 'NONE',  ( 3.850000000000018741, 0.8000000000000000444, 0.000000000000000000 ) ) ;
#6212 = ORIENTED_EDGE ( 'NONE', *, *, #1481, .T. ) ;
#6213 = AXIS2_PLACEMENT_3D ( 'NONE', #8588, #6920, #2120 ) ;
#6214 = FILL_AREA_STYLE_COLOUR ( '', #3690 ) ;
#6215 = VECTOR ( 'NONE', #5171, 1000.000000000000000 ) ;
#6216 = DIRECTION ( 'NONE',  ( 1.000000000000000000, 0.000000000000000000, 0.000000000000000000 ) ) ;
#6217 =( LENGTH_UNIT ( ) NAMED_UNIT ( * ) SI_UNIT ( .MILLI., .METRE. ) );
#6218 = EDGE_CURVE ( 'NONE', #6741, #684, #10162, .T. ) ;
#6219 = ORIENTED_EDGE ( 'NONE', *, *, #8554, .F. ) ;
#6220 = EDGE_CURVE ( 'NONE', #3341, #3878, #7666, .T. ) ;
#6221 = PRESENTATION_STYLE_ASSIGNMENT (( #8668 ) ) ;
#6222 = VECTOR ( 'NONE', #4705, 1000.000000000000000 ) ;
#6223 = DIRECTION ( 'NONE',  ( 0.000000000000000000, 1.000000000000000000, 0.000000000000000000 ) ) ;
#6224 = VECTOR ( 'NONE', #7516, 1000.000000000000000 ) ;
#6225 = ORIENTED_EDGE ( 'NONE', *, *, #855, .F. ) ;
#6226 = LINE ( 'NONE', #7882, #8174 ) ;
#6227 = ORIENTED_EDGE ( 'NONE', *, *, #5530, .T. ) ;
#6228 = AXIS2_PLACEMENT_3D ( 'NONE', #2744, #8429, #7481 ) ;
#6229 = VERTEX_POINT ( 'NONE', #1368 ) ;
#6230 = PLANE ( 'NONE',  #6 ) ;
#6231 = AXIS2_PLACEMENT_3D ( 'NONE', #9682, #6851, #2766 ) ;
#6232 = CARTESIAN_POINT ( 'NONE',  ( -2.549999999999999378, 0.000000000000000000, -5.250000000000000000 ) ) ;
#6233 = DIRECTION ( 'NONE',  ( 0.000000000000000000, 0.000000000000000000, 1.000000000000000000 ) ) ;
#6234 = LINE ( 'NONE', #9415, #1886 ) ;
#6235 = EDGE_LOOP ( 'NONE', ( #6998, #2605, #418, #9703 ) ) ;
#6236 = SURFACE_SIDE_STYLE ('',( #10176 ) ) ;
#6237 = DIRECTION ( 'NONE',  ( 1.000000000000000000, 0.000000000000000000, 0.000000000000000000 ) ) ;
#6238 = SURFACE_SIDE_STYLE ('',( #9467 ) ) ;
#6239 = AXIS2_PLACEMENT_3D ( 'NONE', #5604, #8085, #1616 ) ;
#6240 = VERTEX_POINT ( 'NONE', #7824 ) ;
#6241 = FILL_AREA_STYLE_COLOUR ( '', #6742 ) ;
#6242 = EDGE_LOOP ( 'NONE', ( #1694, #5955, #7694, #869 ) ) ;
#6243 = DIRECTION ( 'NONE',  ( -0.000000000000000000, 1.000000000000000000, -0.000000000000000000 ) ) ;
#6244 = DIRECTION ( 'NONE',  ( 0.000000000000000000, 0.000000000000000000, -1.000000000000000000 ) ) ;
#6245 = ORIENTED_EDGE ( 'NONE', *, *, #5687, .F. ) ;
#6246 = LINE ( 'NONE', #8848, #7044 ) ;
#6247 = VERTEX_POINT ( 'NONE', #7041 ) ;
#6248 = SURFACE_SIDE_STYLE ('',( #3978 ) ) ;
#6249 = LINE ( 'NONE', #4557, #9771 ) ;
#6250 = EDGE_CURVE ( 'NONE', #2019, #103, #10205, .T. ) ;
#6251 = DIRECTION ( 'NONE',  ( 1.000000000000000000, 0.000000000000000000, 0.000000000000000000 ) ) ;
#6252 = CARTESIAN_POINT ( 'NONE',  ( 4.341805482955850337, 2.090842179601923867, 4.577437314425919723 ) ) ;
#6253 = EDGE_CURVE ( 'NONE', #9918, #5119, #6270, .T. ) ;
#6254 = PRESENTATION_STYLE_ASSIGNMENT (( #8025 ) ) ;
#6255 = CARTESIAN_POINT ( 'NONE',  ( 3.849999999999997424, 0.8000000000000000444, 4.799999999999999822 ) ) ;
#6256 = VERTEX_POINT ( 'NONE', #1311 ) ;
#6257 = CARTESIAN_POINT ( 'NONE',  ( -4.396820589076218866, 2.028814561459465704, 4.631583005347355453 ) ) ;
#6258 = CARTESIAN_POINT ( 'NONE',  ( -4.850000000000001421, 2.080624847486572282, 3.699999999999999289 ) ) ;
#6259 = EDGE_CURVE ( 'NONE', #5317, #1254, #10115, .T. ) ;
#6260 = CARTESIAN_POINT ( 'NONE',  ( 4.599999999999998757, 2.000000000000000888, 4.649929289321881321 ) ) ;
#6261 = CARTESIAN_POINT ( 'NONE',  ( 3.849999999999996092, 0.8000000000000000444, 3.999999999999999112 ) ) ;
#6262 = ORIENTED_EDGE ( 'NONE', *, *, #5416, .F. ) ;
#6263 = EDGE_CURVE ( 'NONE', #6060, #4106, #4464, .T. ) ;
#6264 = PLANE ( 'NONE',  #6848 ) ;
#6265 = AXIS2_PLACEMENT_3D ( 'NONE', #4931, #1923, #2746 ) ;
#6266 = VECTOR ( 'NONE', #4796, 1000.000000000000000 ) ;
#6267 = FILL_AREA_STYLE_COLOUR ( '', #1711 ) ;
#6268 = CARTESIAN_POINT ( 'NONE',  ( -2.699999999999999289, 0.2000000000000320688, -4.650000000000005684 ) ) ;
#6269 = CARTESIAN_POINT ( 'NONE',  ( -3.449999999999999289, 2.200000000000000178, -3.249999999999999112 ) ) ;
#6270 = LINE ( 'NONE', #584, #6458 ) ;
#6271 = ORIENTED_EDGE ( 'NONE', *, *, #10197, .F. ) ;
#6272 = VECTOR ( 'NONE', #3092, 1000.000000000000000 ) ;
#6273 = AXIS2_PLACEMENT_3D ( 'NONE', #4301, #8321, #7436 ) ;
#6274 =( NAMED_UNIT ( * ) SI_UNIT ( $, .STERADIAN. ) SOLID_ANGLE_UNIT ( ) );
#6275 =( GEOMETRIC_REPRESENTATION_CONTEXT ( 3 ) GLOBAL_UNCERTAINTY_ASSIGNED_CONTEXT ( ( #4536 ) ) GLOBAL_UNIT_ASSIGNED_CONTEXT ( ( #311, #9805, #9855 ) ) REPRESENTATION_CONTEXT ( 'NONE', 'WORKASPACE' ) );
#6276 = CARTESIAN_POINT ( 'NONE',  ( -4.850000000000000533, 0.7999999999999999334, -3.100000000000000977 ) ) ;
#6277 = EDGE_CURVE ( 'NONE', #6280, #8935, #2160, .T. ) ;
#6278 = ORIENTED_EDGE ( 'NONE', *, *, #5662, .T. ) ;
#6279 = SURFACE_STYLE_FILL_AREA ( #6378 ) ;
#6280 = VERTEX_POINT ( 'NONE', #10012 ) ;
#6281 = MECHANICAL_DESIGN_GEOMETRIC_PRESENTATION_REPRESENTATION (  '', ( #1008 ), #1502 ) ;
#6282 = ORIENTED_EDGE ( 'NONE', *, *, #9780, .F. ) ;
#6283 = CARTESIAN_POINT ( 'NONE',  ( 3.850000000000054712, 0.000000000000000000, -0.7000000000000009548 ) ) ;
#6284 = CARTESIAN_POINT ( 'NONE',  ( 2.399999999999999467, 0.7999999999999993783, 4.650000000000003908 ) ) ;
#6285 = CARTESIAN_POINT ( 'NONE',  ( 4.599999999999998757, 2.000000000000000888, 4.649929289321881321 ) ) ;
#6286 = UNCERTAINTY_MEASURE_WITH_UNIT (LENGTH_MEASURE( 1.000000000000000082E-05 ), #191, 'distance_accuracy_value', 'NONE');
#6287 = PRESENTATION_STYLE_ASSIGNMENT (( #9460 ) ) ;
#6288 =( LENGTH_UNIT ( ) NAMED_UNIT ( * ) SI_UNIT ( .MILLI., .METRE. ) );
#6289 = ORIENTED_EDGE ( 'NONE', *, *, #8467, .T. ) ;
#6290 = AXIS2_PLACEMENT_3D ( 'NONE', #6707, #7381, #6518 ) ;
#6291 = ADVANCED_FACE ( 'NONE', ( #9289 ), #7772, .F. ) ;
#6292 = LINE ( 'NONE', #10220, #8208 ) ;
#6293 = DIRECTION ( 'NONE',  ( 0.000000000000000000, -0.000000000000000000, -1.000000000000000000 ) ) ;
#6294 = ORIENTED_EDGE ( 'NONE', *, *, #3896, .T. ) ;
#6295 = ORIENTED_EDGE ( 'NONE', *, *, #7530, .F. ) ;
#6296 = LINE ( 'NONE', #868, #6318 ) ;
#6297 = PLANE ( 'NONE',  #2648 ) ;
#6298 = ORIENTED_EDGE ( 'NONE', *, *, #9504, .T. ) ;
#6299 = CARTESIAN_POINT ( 'NONE',  ( -4.850000000000000533, 0.000000000000000000, 3.499999999999998668 ) ) ;
#6300 = ORIENTED_EDGE ( 'NONE', *, *, #575, .T. ) ;
#6301 = STYLED_ITEM ( 'NONE', ( #3794 ), #1661 ) ;
#6302 = DIRECTION ( 'NONE',  ( 0.000000000000000000, -1.000000000000000000, 0.000000000000000000 ) ) ;
#6303 = DIRECTION ( 'NONE',  ( 0.000000000000000000, 1.000000000000000000, 3.336006684570780538E-15 ) ) ;
#6304 = CARTESIAN_POINT ( 'NONE',  ( 4.328814561459464194, 2.096820589076221264, 4.568346283974525690 ) ) ;
#6305 = VECTOR ( 'NONE', #2990, 1000.000000000000000 ) ;
#6306 = FILL_AREA_STYLE ('',( #1503 ) ) ;
#6307 = FACE_OUTER_BOUND ( 'NONE', #1510, .T. ) ;
#6308 = CARTESIAN_POINT ( 'NONE',  ( 4.850000000000012967, 0.000000000000000000, -2.600000000000000533 ) ) ;
#6309 = ORIENTED_EDGE ( 'NONE', *, *, #2971, .F. ) ;
#6310 =( NAMED_UNIT ( * ) PLANE_ANGLE_UNIT ( ) SI_UNIT ( $, .RADIAN. ) );
#6311 = MECHANICAL_DESIGN_GEOMETRIC_PRESENTATION_REPRESENTATION (  '', ( #528 ), #1195 ) ;
#6312 = ORIENTED_EDGE ( 'NONE', *, *, #1735, .T. ) ;
#6313 = PLANE ( 'NONE',  #5534 ) ;
#6314 = ADVANCED_FACE ( 'NONE', ( #2139 ), #9350, .T. ) ;
#6315 = CARTESIAN_POINT ( 'NONE',  ( -3.849999999999962785, 0.8000000000000000444, 0.6999999999999984013 ) ) ;
#6316 = FACE_OUTER_BOUND ( 'NONE', #4118, .T. ) ;
#6317 = DIRECTION ( 'NONE',  ( 0.000000000000000000, 1.000000000000000000, 0.000000000000000000 ) ) ;
#6318 = VECTOR ( 'NONE', #812, 1000.000000000000000 ) ;
#6319 = VECTOR ( 'NONE', #4550, 1000.000000000000000 ) ;
#6320 =( LENGTH_UNIT ( ) NAMED_UNIT ( * ) SI_UNIT ( .MILLI., .METRE. ) );
#6321 =( LENGTH_UNIT ( ) NAMED_UNIT ( * ) SI_UNIT ( .MILLI., .METRE. ) );
#6322 = CARTESIAN_POINT ( 'NONE',  ( 4.850000000000001421, 0.8000000000000000444, 5.049999999999999822 ) ) ;
#6323 = AXIS2_PLACEMENT_3D ( 'NONE', #6070, #9299, #9246 ) ;
#6324 = ORIENTED_EDGE ( 'NONE', *, *, #2109, .F. ) ;
#6325 = AXIS2_PLACEMENT_3D ( 'NONE', #2426, #821, #4039 ) ;
#6326 = CARTESIAN_POINT ( 'NONE',  ( -4.387420392015691561, 2.051144252825626513, 4.616619526214587488 ) ) ;
#6327 = ADVANCED_FACE ( 'NONE', ( #5494 ), #3999, .T. ) ;
#6328 = AXIS2_PLACEMENT_3D ( 'NONE', #7037, #10202, #4722 ) ;
#6329 = ORIENTED_EDGE ( 'NONE', *, *, #5456, .T. ) ;
#6330 = AXIS2_PLACEMENT_3D ( 'NONE', #3231, #7101, #3288 ) ;
#6331 = VERTEX_POINT ( 'NONE', #8763 ) ;
#6332 = ORIENTED_EDGE ( 'NONE', *, *, #5150, .T. ) ;
#6333 = LINE ( 'NONE', #1783, #5827 ) ;
#6334 = FACE_OUTER_BOUND ( 'NONE', #8729, .T. ) ;
#6335 = CARTESIAN_POINT ( 'NONE',  ( 4.850000000000000533, 0.000000000000000000, -2.600000000000000533 ) ) ;
#6336 = DIRECTION ( 'NONE',  ( 1.626303258728256059E-15, 0.000000000000000000, 1.000000000000000000 ) ) ;
#6337 = FILL_AREA_STYLE ('',( #1682 ) ) ;
#6338 = ORIENTED_EDGE ( 'NONE', *, *, #259, .T. ) ;
#6339 = CARTESIAN_POINT ( 'NONE',  ( 4.850000000000001421, 0.7999999999999999334, 0.3999999999999993006 ) ) ;
#6340 = COLOUR_RGB ( '',0.000000000000000000, 0.5019607843137254832, 0.000000000000000000 ) ;
#6341 = DIRECTION ( 'NONE',  ( 0.000000000000000000, -1.000000000000000000, 0.000000000000000000 ) ) ;
#6342 = DIRECTION ( 'NONE',  ( -1.000000000000000000, -0.000000000000000000, -0.000000000000000000 ) ) ;
#6343 = EDGE_CURVE ( 'NONE', #5006, #6582, #5655, .T. ) ;
#6344 = ORIENTED_EDGE ( 'NONE', *, *, #1735, .F. ) ;
#6345 =( LENGTH_UNIT ( ) NAMED_UNIT ( * ) SI_UNIT ( .MILLI., .METRE. ) );
#6346 = VERTEX_POINT ( 'NONE', #8816 ) ;
#6347 = MECHANICAL_DESIGN_GEOMETRIC_PRESENTATION_REPRESENTATION (  '', ( #9167 ), #1222 ) ;
#6348 = CARTESIAN_POINT ( 'NONE',  ( -4.299999999999998934, 2.302000000000000490, 4.549999999999998934 ) ) ;
#6349 = VECTOR ( 'NONE', #6589, 1000.000000000000000 ) ;
#6350 = VECTOR ( 'NONE', #9544, 1000.000000000000000 ) ;
#6351 = FACE_OUTER_BOUND ( 'NONE', #1960, .T. ) ;
#6352 = ORIENTED_EDGE ( 'NONE', *, *, #9533, .T. ) ;
#6353 = LINE ( 'NONE', #978, #8547 ) ;
#6354 = EDGE_CURVE ( 'NONE', #2257, #2527, #8664, .T. ) ;
#6355 = ORIENTED_EDGE ( 'NONE', *, *, #8445, .T. ) ;
#6356 = CLOSED_SHELL ( 'NONE', ( #10250, #6314, #8088, #7676, #7737, #5127, #2777, #4781 ) ) ;
#6357 = CIRCLE ( 'NONE', #9024, 0.4000000000000006328 ) ;
#6358 = VECTOR ( 'NONE', #7543, 1000.000000000000000 ) ;
#6359 = CARTESIAN_POINT ( 'NONE',  ( 0.000000000000000000, 0.8000000000000000444, -7.700000000000000178 ) ) ;
#6360 = FILL_AREA_STYLE ('',( #3048 ) ) ;
#6361 = DIRECTION ( 'NONE',  ( 1.000000000000000000, 0.000000000000000000, -0.000000000000000000 ) ) ;
#6362 = FACE_OUTER_BOUND ( 'NONE', #4281, .T. ) ;
#6363 = DIRECTION ( 'NONE',  ( 1.000000000000000000, 0.000000000000000000, -0.000000000000000000 ) ) ;
#6364 = ORIENTED_EDGE ( 'NONE', *, *, #6535, .T. ) ;
#6365 = CARTESIAN_POINT ( 'NONE',  ( -3.849999999999996092, 0.000000000000000000, -4.800000000000001599 ) ) ;
#6366 = EDGE_LOOP ( 'NONE', ( #5235, #8717, #4766, #7117 ) ) ;
#6367 = SURFACE_SIDE_STYLE ('',( #833 ) ) ;
#6368 = FACE_OUTER_BOUND ( 'NONE', #1906, .T. ) ;
#6369 = DIRECTION ( 'NONE',  ( -0.000000000000000000, -1.000000000000000000, 0.000000000000000000 ) ) ;
#6370 = CARTESIAN_POINT ( 'NONE',  ( -3.849999999999986322, 0.000000000000000000, 3.699999999999998401 ) ) ;
#6371 = CARTESIAN_POINT ( 'NONE',  ( -3.849999999999996536, 0.000000000000000000, 3.699999999999999289 ) ) ;
#6372 = AXIS2_PLACEMENT_3D ( 'NONE', #179, #5814, #1066 ) ;
#6373 = CARTESIAN_POINT ( 'NONE',  ( -4.369933318518287813, 2.045755559128687118, 4.639905016664404691 ) ) ;
#6374 = VERTEX_POINT ( 'NONE', #1003 ) ;
#6375 = SURFACE_SIDE_STYLE ('',( #4064 ) ) ;
#6376 = MECHANICAL_DESIGN_GEOMETRIC_PRESENTATION_REPRESENTATION (  '', ( #6879 ), #1100 ) ;
#6377 = ORIENTED_EDGE ( 'NONE', *, *, #2007, .F. ) ;
#6378 = FILL_AREA_STYLE ('',( #4786 ) ) ;
#6379 = PRESENTATION_STYLE_ASSIGNMENT (( #4646 ) ) ;
#6380 = VERTEX_POINT ( 'NONE', #4777 ) ;
#6381 = VERTEX_POINT ( 'NONE', #9494 ) ;
#6382 = DIRECTION ( 'NONE',  ( 0.000000000000000000, -1.000000000000000000, -0.000000000000000000 ) ) ;
#6383 = PLANE ( 'NONE',  #8960 ) ;
#6384 = EDGE_CURVE ( 'NONE', #3831, #9420, #4725, .T. ) ;
#6385 = AXIS2_PLACEMENT_3D ( 'NONE', #4794, #4072, #3079 ) ;
#6386 = UNCERTAINTY_MEASURE_WITH_UNIT (LENGTH_MEASURE( 1.000000000000000082E-05 ), #701, 'distance_accuracy_value', 'NONE');
#6387 = PLANE ( 'NONE',  #8714 ) ;
#6388 = CARTESIAN_POINT ( 'NONE',  ( 4.850000000000000533, 0.000000000000000000, 2.899999999999998579 ) ) ;
#6389 = ORIENTED_EDGE ( 'NONE', *, *, #6082, .T. ) ;
#6390 = CARTESIAN_POINT ( 'NONE',  ( 3.849999999999997424, 0.7999999999999999334, 4.799999999999999822 ) ) ;
#6391 = DIRECTION ( 'NONE',  ( 0.000000000000000000, 0.000000000000000000, -1.000000000000000000 ) ) ;
#6392 = EDGE_CURVE ( 'NONE', #7774, #2754, #2347, .T. ) ;
#6393 = VECTOR ( 'NONE', #159, 1000.000000000000000 ) ;
#6394 = VECTOR ( 'NONE', #5475, 1000.000000000000000 ) ;
#6395 = EDGE_CURVE ( 'NONE', #8241, #1379, #7927, .T. ) ;
#6396 = VECTOR ( 'NONE', #9143, 1000.000000000000000 ) ;
#6397 = ORIENTED_EDGE ( 'NONE', *, *, #7911, .F. ) ;
#6398 = CARTESIAN_POINT ( 'NONE',  ( -4.850000000000001421, 0.000000000000000000, 5.049999999999999822 ) ) ;
#6399 = SURFACE_STYLE_USAGE ( .BOTH. , #2627 ) ;
#6400 = VERTEX_POINT ( 'NONE', #1613 ) ;
#6401 = CARTESIAN_POINT ( 'NONE',  ( -4.399929289321881321, 2.000000000000000444, 4.851999999999999424 ) ) ;
#6402 = LINE ( 'NONE', #9522, #6272 ) ;
#6403 = ORIENTED_EDGE ( 'NONE', *, *, #434, .F. ) ;
#6404 = DIRECTION ( 'NONE',  ( -0.000000000000000000, 0.000000000000000000, 1.000000000000000000 ) ) ;
#6405 = ORIENTED_EDGE ( 'NONE', *, *, #8824, .T. ) ;
#6406 = CARTESIAN_POINT ( 'NONE',  ( -4.849999999999952571, 0.8000000000000000444, 0.000000000000000000 ) ) ;
#6407 = PRESENTATION_LAYER_ASSIGNMENT (  '', '', ( #2594 ) ) ;
#6408 = CARTESIAN_POINT ( 'NONE',  ( 4.299999999999998934, 2.199990000000000556, -4.549999999999999822 ) ) ;
#6409 = PLANE ( 'NONE',  #8482 ) ;
#6410 = ADVANCED_FACE ( 'NONE', ( #4062 ), #952, .F. ) ;
#6411 = EDGE_CURVE ( 'NONE', #8385, #111, #174, .T. ) ;
#6412 = CARTESIAN_POINT ( 'NONE',  ( -4.849999999999963229, 0.8000000000000000444, -3.700000000000001954 ) ) ;
#6413 = ORIENTED_EDGE ( 'NONE', *, *, #846, .T. ) ;
#6414 = CARTESIAN_POINT ( 'NONE',  ( -4.850000000000000533, 0.000000000000000000, -3.300000000000000711 ) ) ;
#6415 = SURFACE_SIDE_STYLE ('',( #8802 ) ) ;
#6416 = PRESENTATION_STYLE_ASSIGNMENT (( #3261 ) ) ;
#6417 = ORIENTED_EDGE ( 'NONE', *, *, #7854, .T. ) ;
#6418 = ORIENTED_EDGE ( 'NONE', *, *, #1077, .T. ) ;
#6419 = VECTOR ( 'NONE', #3923, 1000.000000000000000 ) ;
#6420 = EDGE_CURVE ( 'NONE', #486, #5574, #4885, .T. ) ;
#6421 = DIRECTION ( 'NONE',  ( -0.000000000000000000, -1.000000000000000000, -0.000000000000000000 ) ) ;
#6422 = EDGE_CURVE ( 'NONE', #3515, #7188, #9550, .T. ) ;
#6423 = LINE ( 'NONE', #9706, #5408 ) ;
#6424 = CARTESIAN_POINT ( 'NONE',  ( 3.850000000000008527, 0.8000000000000000444, 0.000000000000000000 ) ) ;
#6425 = VECTOR ( 'NONE', #7426, 1000.000000000000000 ) ;
#6426 = LINE ( 'NONE', #52, #2369 ) ;
#6427 = VERTEX_POINT ( 'NONE', #1771 ) ;
#6428 = CARTESIAN_POINT ( 'NONE',  ( 4.850000000000001421, 2.080624847486572282, 3.699999999999999289 ) ) ;
#6429 = CARTESIAN_POINT ( 'NONE',  ( -4.318346283974523914, 2.096820589076222152, 4.578814561459464194 ) ) ;
#6430 = DIRECTION ( 'NONE',  ( -1.000000000000000000, 0.000000000000000000, 0.000000000000000000 ) ) ;
#6431 = ORIENTED_EDGE ( 'NONE', *, *, #1077, .F. ) ;
#6432 = CARTESIAN_POINT ( 'NONE',  ( -4.850000000000000533, 0.000000000000000000, -0.4000000000000010214 ) ) ;
#6433 = COLOUR_RGB ( '',0.000000000000000000, 0.5019607843137254832, 0.000000000000000000 ) ;
#6434 = ORIENTED_EDGE ( 'NONE', *, *, #6277, .T. ) ;
#6435 = ORIENTED_EDGE ( 'NONE', *, *, #1482, .F. ) ;
#6436 = ORIENTED_EDGE ( 'NONE', *, *, #9639, .F. ) ;
#6437 = DIRECTION ( 'NONE',  ( -0.000000000000000000, -1.000000000000000000, -0.000000000000000000 ) ) ;
#6438 =( LENGTH_UNIT ( ) NAMED_UNIT ( * ) SI_UNIT ( .MILLI., .METRE. ) );
#6439 = COLOUR_RGB ( '',0.000000000000000000, 0.5019607843137254832, 0.000000000000000000 ) ;
#6440 = AXIS2_PLACEMENT_3D ( 'NONE', #9417, #5418, #9307 ) ;
#6441 = CARTESIAN_POINT ( 'NONE',  ( -3.449999999999999289, 1.068629150101522818, -3.249999999999999112 ) ) ;
#6442 = ORIENTED_EDGE ( 'NONE', *, *, #3618, .T. ) ;
#6443 = CARTESIAN_POINT ( 'NONE',  ( -2.399999999999999467, 0.2000000000000324019, -4.850000000000004974 ) ) ;
#6444 = EDGE_CURVE ( 'NONE', #7479, #2870, #2500, .T. ) ;
#6445 = COLOUR_RGB ( '',0.8980392156862745390, 0.8980392156862745390, 0.8980392156862745390 ) ;
#6446 = VECTOR ( 'NONE', #6798, 1000.000000000000000 ) ;
#6447 = ADVANCED_FACE ( 'NONE', ( #166 ), #8870, .T. ) ;
#6448 = SURFACE_STYLE_USAGE ( .BOTH. , #5466 ) ;
#6449 = VECTOR ( 'NONE', #5749, 1000.000000000000000 ) ;
#6450 = ORIENTED_EDGE ( 'NONE', *, *, #9310, .F. ) ;
#6451 = DIRECTION ( 'NONE',  ( 1.000000000000000000, 0.000000000000000000, 0.000000000000000000 ) ) ;
#6452 = PRESENTATION_STYLE_ASSIGNMENT (( #4957 ) ) ;
#6453 = EDGE_LOOP ( 'NONE', ( #2807, #8124, #6262, #786 ) ) ;
#6454 = CARTESIAN_POINT ( 'NONE',  ( -4.399929289321881321, 2.000000000000000444, 4.647979999999999556 ) ) ;
#6455 = FACE_OUTER_BOUND ( 'NONE', #6522, .T. ) ;
#6456 = EDGE_LOOP ( 'NONE', ( #7883, #6413, #3926, #5291 ) ) ;
#6457 = EDGE_CURVE ( 'NONE', #5411, #1121, #3427, .T. ) ;
#6458 = VECTOR ( 'NONE', #2296, 1000.000000000000000 ) ;
#6459 = DIRECTION ( 'NONE',  ( 1.000000000000000000, 0.000000000000000000, 0.000000000000000000 ) ) ;
#6460 = VECTOR ( 'NONE', #5063, 1000.000000000000000 ) ;
#6461 = VERTEX_POINT ( 'NONE', #8136 ) ;
#6462 = DIRECTION ( 'NONE',  ( -1.000000000000000000, 0.000000000000000000, 1.626303258728256059E-15 ) ) ;
#6463 =( NAMED_UNIT ( * ) SI_UNIT ( $, .STERADIAN. ) SOLID_ANGLE_UNIT ( ) );
#6464 = ADVANCED_FACE ( 'NONE', ( #6721 ), #9899, .F. ) ;
#6465 =( NAMED_UNIT ( * ) SI_UNIT ( $, .STERADIAN. ) SOLID_ANGLE_UNIT ( ) );
#6466 = CARTESIAN_POINT ( 'NONE',  ( -4.850000000000000533, 0.7999999999999999334, -0.4000000000000010214 ) ) ;
#6467 = AXIS2_PLACEMENT_3D ( 'NONE', #932, #4098, #4971 ) ;
#6468 = DIRECTION ( 'NONE',  ( 0.000000000000000000, 0.000000000000000000, 1.000000000000000000 ) ) ;
#6469 =( LENGTH_UNIT ( ) NAMED_UNIT ( * ) SI_UNIT ( .MILLI., .METRE. ) );
#6470 = CARTESIAN_POINT ( 'NONE',  ( -3.849999999999996092, 2.080624847486572282, 1.799999999999999600 ) ) ;
#6471 = EDGE_LOOP ( 'NONE', ( #1794, #7185, #5169, #7356 ) ) ;
#6472 = SURFACE_STYLE_FILL_AREA ( #153 ) ;
#6473 = ORIENTED_EDGE ( 'NONE', *, *, #8120, .F. ) ;
#6474 = CARTESIAN_POINT ( 'NONE',  ( -3.115685424949237170, 0.000000000000000000, -5.049999999999999822 ) ) ;
#6475 = DIRECTION ( 'NONE',  ( 1.000000000000000000, -3.491481338843133355E-15, 0.000000000000000000 ) ) ;
#6476 = CARTESIAN_POINT ( 'NONE',  ( -4.850000000000000533, 0.7999999999999999334, 0.8999999999999998002 ) ) ;
#6477 = ADVANCED_FACE ( 'NONE', ( #8330 ), #264, .T. ) ;
#6478 = CARTESIAN_POINT ( 'NONE',  ( -3.849999999999974332, 0.000000000000000000, 1.799999999999998490 ) ) ;
#6479 = EDGE_CURVE ( 'NONE', #7770, #7560, #9759, .T. ) ;
#6480 = SURFACE_STYLE_USAGE ( .BOTH. , #7977 ) ;
#6481 = ORIENTED_EDGE ( 'NONE', *, *, #9597, .T. ) ;
#6482 = CARTESIAN_POINT ( 'NONE',  ( 3.849999999999997424, 0.000000000000000000, -0.7000000000000009548 ) ) ;
#6483 = CARTESIAN_POINT ( 'NONE',  ( -4.850000000000001421, 0.000000000000000000, -1.800000000000000711 ) ) ;
#6484 = CARTESIAN_POINT ( 'NONE',  ( -4.850000000000001421, 0.000000000000000000, -0.7000000000000009548 ) ) ;
#6485 = VERTEX_POINT ( 'NONE', #7542 ) ;
#6486 = EDGE_CURVE ( 'NONE', #9932, #7058, #4307, .T. ) ;
#6487 = CARTESIAN_POINT ( 'NONE',  ( 3.850000000000088907, 0.8000000000000000444, -4.000000000000000888 ) ) ;
#6488 = PRESENTATION_STYLE_ASSIGNMENT (( #3339 ) ) ;
#6489 = PRESENTATION_LAYER_ASSIGNMENT (  '', '', ( #2360 ) ) ;
#6490 = STYLED_ITEM ( 'NONE', ( #988 ), #1842 ) ;
#6491 = FACE_OUTER_BOUND ( 'NONE', #7630, .T. ) ;
#6492 = ORIENTED_EDGE ( 'NONE', *, *, #2585, .F. ) ;
#6493 = EDGE_LOOP ( 'NONE', ( #2069, #6492, #9719, #7158 ) ) ;
#6494 = LINE ( 'NONE', #8093, #1542 ) ;
#6495 = CARTESIAN_POINT ( 'NONE',  ( -4.341805482955850337, 2.090842179601923867, -4.577437314425919723 ) ) ;
#6496 = FACE_OUTER_BOUND ( 'NONE', #4849, .T. ) ;
#6497 = UNCERTAINTY_MEASURE_WITH_UNIT (LENGTH_MEASURE( 1.000000000000000082E-05 ), #7457, 'distance_accuracy_value', 'NONE');
#6498 = PLANE ( 'NONE',  #2552 ) ;
#6499 = PRESENTATION_LAYER_ASSIGNMENT (  '', '', ( #5671 ) ) ;
#6500 = DIRECTION ( 'NONE',  ( -0.000000000000000000, -1.000000000000000000, -0.000000000000000000 ) ) ;
#6501 = MECHANICAL_DESIGN_GEOMETRIC_PRESENTATION_REPRESENTATION (  '', ( #5983 ), #8649 ) ;
#6502 = CYLINDRICAL_SURFACE ( 'NONE', #6231, 0.1999999999999996503 ) ;
#6503 = CARTESIAN_POINT ( 'NONE',  ( -4.600000000000002309, 0.7999999999999997113, -4.850000000000001421 ) ) ;
#6504 = VECTOR ( 'NONE', #6145, 1000.000000000000000 ) ;
#6505 = ORIENTED_EDGE ( 'NONE', *, *, #8695, .T. ) ;
#6506 = CARTESIAN_POINT ( 'NONE',  ( 4.377177608427184730, 2.064961830218759342, -4.605470801650220380 ) ) ;
#6507 = ORIENTED_EDGE ( 'NONE', *, *, #4842, .T. ) ;
#6508 =( NAMED_UNIT ( * ) PLANE_ANGLE_UNIT ( ) SI_UNIT ( $, .RADIAN. ) );
#6509 = UNCERTAINTY_MEASURE_WITH_UNIT (LENGTH_MEASURE( 1.000000000000000082E-05 ), #3876, 'distance_accuracy_value', 'NONE');
#6510 = ORIENTED_EDGE ( 'NONE', *, *, #6005, .F. ) ;
#6511 = MECHANICAL_DESIGN_GEOMETRIC_PRESENTATION_REPRESENTATION (  '', ( #9985 ), #5205 ) ;
#6512 = COLOUR_RGB ( '',0.8980392156862745390, 0.8980392156862745390, 0.8980392156862745390 ) ;
#6513 = EDGE_LOOP ( 'NONE', ( #8354, #1525, #8871, #5807 ) ) ;
#6514 = LINE ( 'NONE', #4146, #2933 ) ;
#6515 = CARTESIAN_POINT ( 'NONE',  ( -4.299999999999998934, 2.199990000000000556, 4.549999999999998934 ) ) ;
#6516 =( GEOMETRIC_REPRESENTATION_CONTEXT ( 3 ) GLOBAL_UNCERTAINTY_ASSIGNED_CONTEXT ( ( #3917 ) ) GLOBAL_UNIT_ASSIGNED_CONTEXT ( ( #10065, #3115, #7933 ) ) REPRESENTATION_CONTEXT ( 'NONE', 'WORKASPACE' ) );
#6517 = CARTESIAN_POINT ( 'NONE',  ( 4.850000000000000533, 2.080624847486572282, -4.600000000000000533 ) ) ;
#6518 = DIRECTION ( 'NONE',  ( 0.000000000000000000, 0.000000000000000000, 1.000000000000000000 ) ) ;
#6519 = VERTEX_POINT ( 'NONE', #3475 ) ;
#6520 = EDGE_CURVE ( 'NONE', #5751, #228, #6628, .T. ) ;
#6521 = CARTESIAN_POINT ( 'NONE',  ( 3.849999999999996092, 0.8000000000000000444, 3.999999999999999112 ) ) ;
#6522 = EDGE_LOOP ( 'NONE', ( #265, #9468, #9189, #6298 ) ) ;
#6523 = DIRECTION ( 'NONE',  ( 0.000000000000000000, 0.000000000000000000, 1.000000000000000000 ) ) ;
#6524 = COLOUR_RGB ( '',1.000000000000000000, 0.8117647058823529438, 0.5019607843137254832 ) ;
#6525 = DIRECTION ( 'NONE',  ( 1.000000000000000000, 0.000000000000000000, 0.000000000000000000 ) ) ;
#6526 = DIRECTION ( 'NONE',  ( -0.000000000000000000, 1.000000000000000000, 0.000000000000000000 ) ) ;
#6527 = DIRECTION ( 'NONE',  ( 0.000000000000000000, 0.000000000000000000, -1.000000000000000000 ) ) ;
#6528 = CARTESIAN_POINT ( 'NONE',  ( -4.849999999999996980, 0.000000000000000000, 0.6999999999999984013 ) ) ;
#6529 = CARTESIAN_POINT ( 'NONE',  ( 4.599999999999998757, 2.000000000000000888, -4.649929289321881321 ) ) ;
#6530 =( NAMED_UNIT ( * ) PLANE_ANGLE_UNIT ( ) SI_UNIT ( $, .RADIAN. ) );
#6531 = ORIENTED_EDGE ( 'NONE', *, *, #2845, .T. ) ;
#6532 = CARTESIAN_POINT ( 'NONE',  ( -4.850000000000000533, 0.000000000000000000, 0.6999999999999992895 ) ) ;
#6533 = EDGE_CURVE ( 'NONE', #994, #2483, #9806, .T. ) ;
#6534 = FACE_OUTER_BOUND ( 'NONE', #8724, .T. ) ;
#6535 = EDGE_CURVE ( 'NONE', #7203, #4000, #2703, .T. ) ;
#6536 =( NAMED_UNIT ( * ) PLANE_ANGLE_UNIT ( ) SI_UNIT ( $, .RADIAN. ) );
#6537 = ORIENTED_EDGE ( 'NONE', *, *, #12, .F. ) ;
#6538 = VERTEX_POINT ( 'NONE', #5900 ) ;
#6539 = CARTESIAN_POINT ( 'NONE',  ( 3.849999999999996536, 0.000000000000000000, -2.600000000000000533 ) ) ;
#6540 = CARTESIAN_POINT ( 'NONE',  ( 3.850000000000043610, 0.000000000000000000, 0.3999999999999993006 ) ) ;
#6541 = DIRECTION ( 'NONE',  ( 0.000000000000000000, 1.000000000000000000, 3.336006684570780538E-15 ) ) ;
#6542 = CARTESIAN_POINT ( 'NONE',  ( 3.849999999999996092, 2.080624847486572282, -3.700000000000001066 ) ) ;
#6543 = AXIS2_PLACEMENT_3D ( 'NONE', #3897, #4361, #7553 ) ;
#6544 = CARTESIAN_POINT ( 'NONE',  ( -4.850000000000000533, 0.7999999999999999334, -2.000000000000000888 ) ) ;
#6545 = DIRECTION ( 'NONE',  ( -1.000000000000000000, -0.000000000000000000, -0.000000000000000000 ) ) ;
#6546 = LINE ( 'NONE', #6503, #8494 ) ;
#6547 = ORIENTED_EDGE ( 'NONE', *, *, #6486, .T. ) ;
#6548 = CARTESIAN_POINT ( 'NONE',  ( -4.849999999999951683, 0.000000000000000000, -2.900000000000002132 ) ) ;
#6549 = VERTEX_POINT ( 'NONE', #2604 ) ;
#6550 = MECHANICAL_DESIGN_GEOMETRIC_PRESENTATION_REPRESENTATION (  '', ( #422 ), #5905 ) ;
#6551 = SURFACE_STYLE_FILL_AREA ( #8209 ) ;
#6552 = ORIENTED_EDGE ( 'NONE', *, *, #7784, .F. ) ;
#6553 = CARTESIAN_POINT ( 'NONE',  ( -4.850000000000000533, 2.080624847486572282, 3.100000000000000533 ) ) ;
#6554 = VECTOR ( 'NONE', #3653, 1000.000000000000000 ) ;
#6555 = DIRECTION ( 'NONE',  ( 0.000000000000000000, 0.000000000000000000, -1.000000000000000000 ) ) ;
#6556 = MECHANICAL_DESIGN_GEOMETRIC_PRESENTATION_REPRESENTATION (  '', ( #9391 ), #7708 ) ;
#6557 = CARTESIAN_POINT ( 'NONE',  ( -4.849999999999993427, 0.000000000000000000, -2.600000000000001421 ) ) ;
#6558 =( NAMED_UNIT ( * ) PLANE_ANGLE_UNIT ( ) SI_UNIT ( $, .RADIAN. ) );
#6559 = CARTESIAN_POINT ( 'NONE',  ( 4.850000000000022737, 0.8000000000000000444, 0.000000000000000000 ) ) ;
#6560 = EDGE_CURVE ( 'NONE', #4779, #7783, #5750, .T. ) ;
#6561 = DIRECTION ( 'NONE',  ( -0.000000000000000000, 0.000000000000000000, 1.000000000000000000 ) ) ;
#6562 = ORIENTED_EDGE ( 'NONE', *, *, #5768, .F. ) ;
#6563 = VECTOR ( 'NONE', #3705, 1000.000000000000000 ) ;
#6564 = CARTESIAN_POINT ( 'NONE',  ( 4.849999999999997868, 2.080624847486572282, -3.700000000000001066 ) ) ;
#6565 = ORIENTED_EDGE ( 'NONE', *, *, #2803, .F. ) ;
#6566 = EDGE_CURVE ( 'NONE', #4188, #2211, #1925, .T. ) ;
#6567 = CARTESIAN_POINT ( 'NONE',  ( 3.849999999999997424, 0.7999999999999999334, -0.7000000000000009548 ) ) ;
#6568 = CARTESIAN_POINT ( 'NONE',  ( 4.399929289321881321, 0.7999999999999997113, -4.850000000000003197 ) ) ;
#6569 = EDGE_CURVE ( 'NONE', #1934, #10058, #8924, .T. ) ;
#6570 =( NAMED_UNIT ( * ) PLANE_ANGLE_UNIT ( ) SI_UNIT ( $, .RADIAN. ) );
#6571 = DIRECTION ( 'NONE',  ( 1.626303258728256059E-15, 0.000000000000000000, 1.000000000000000000 ) ) ;
#6572 = DIRECTION ( 'NONE',  ( -1.000000000000000000, 0.000000000000000000, 0.000000000000000000 ) ) ;
#6573 = LINE ( 'NONE', #2603, #6449 ) ;
#6574 = DIRECTION ( 'NONE',  ( 1.000000000000000000, 0.000000000000000000, -0.000000000000000000 ) ) ;
#6575 = VECTOR ( 'NONE', #3773, 1000.000000000000000 ) ;
#6576 = ORIENTED_EDGE ( 'NONE', *, *, #2421, .F. ) ;
#6577 = ADVANCED_FACE ( 'NONE', ( #9079 ), #6001, .T. ) ;
#6578 = SURFACE_STYLE_USAGE ( .BOTH. , #1007 ) ;
#6579 = ADVANCED_FACE ( 'NONE', ( #6150 ), #7653, .T. ) ;
#6580 = DIRECTION ( 'NONE',  ( -1.000000000000000000, 0.000000000000000000, 0.000000000000000000 ) ) ;
#6581 = PLANE ( 'NONE',  #4875 ) ;
#6582 = VERTEX_POINT ( 'NONE', #2236 ) ;
#6583 = ORIENTED_EDGE ( 'NONE', *, *, #3445, .F. ) ;
#6584 = CARTESIAN_POINT ( 'NONE',  ( 4.849999999999997868, 0.8000000000000000444, 5.049999999999999822 ) ) ;
#6585 = CARTESIAN_POINT ( 'NONE',  ( -4.849999999999988987, 0.000000000000000000, 2.599999999999999645 ) ) ;
#6586 = DIRECTION ( 'NONE',  ( 0.000000000000000000, 3.336006684570780538E-15, -1.000000000000000000 ) ) ;
#6587 = CLOSED_SHELL ( 'NONE', ( #3533, #9731, #1112, #5568, #8221, #5097, #7200, #4269 ) ) ;
#6588 = UNCERTAINTY_MEASURE_WITH_UNIT (LENGTH_MEASURE( 1.000000000000000082E-05 ), #2015, 'distance_accuracy_value', 'NONE');
#6589 = DIRECTION ( 'NONE',  ( 1.000000000000000000, 0.000000000000000000, -0.000000000000000000 ) ) ;
#6590 = MECHANICAL_DESIGN_GEOMETRIC_PRESENTATION_REPRESENTATION (  '', ( #3613 ), #5276 ) ;
#6591 = DIRECTION ( 'NONE',  ( 0.000000000000000000, 1.000000000000000000, 0.000000000000000000 ) ) ;
#6592 = FILL_AREA_STYLE_COLOUR ( '', #8379 ) ;
#6593 = DIRECTION ( 'NONE',  ( 1.000000000000000000, -0.000000000000000000, 1.626303258728256059E-15 ) ) ;
#6594 = EDGE_CURVE ( 'NONE', #8035, #4159, #10152, .T. ) ;
#6595 = VECTOR ( 'NONE', #7196, 1000.000000000000000 ) ;
#6596 = VERTEX_POINT ( 'NONE', #6047 ) ;
#6597 = VECTOR ( 'NONE', #4526, 1000.000000000000000 ) ;
#6598 = EDGE_LOOP ( 'NONE', ( #3958, #594, #8795, #6727 ) ) ;
#6599 = EDGE_CURVE ( 'NONE', #7894, #3959, #8438, .T. ) ;
#6600 = DIRECTION ( 'NONE',  ( 1.626303258728256059E-15, 0.000000000000000000, -1.000000000000000000 ) ) ;
#6601 = VERTEX_POINT ( 'NONE', #5333 ) ;
#6602 = SURFACE_SIDE_STYLE ('',( #7418 ) ) ;
#6603 = UNCERTAINTY_MEASURE_WITH_UNIT (LENGTH_MEASURE( 1.000000000000000082E-05 ), #5981, 'distance_accuracy_value', 'NONE');
#6604 = CARTESIAN_POINT ( 'NONE',  ( 4.399999999999999467, 2.000000000000000444, -4.649929289321881321 ) ) ;
#6605 = EDGE_CURVE ( 'NONE', #8693, #2709, #4451, .T. ) ;
#6606 = VECTOR ( 'NONE', #7464, 1000.000000000000000 ) ;
#6607 = VECTOR ( 'NONE', #5377, 1000.000000000000000 ) ;
#6608 = ORIENTED_EDGE ( 'NONE', *, *, #9334, .T. ) ;
#6609 = CARTESIAN_POINT ( 'NONE',  ( 4.850000000000000533, 0.8000000000000000444, -2.900000000000000799 ) ) ;
#6610 = VECTOR ( 'NONE', #8381, 1000.000000000000000 ) ;
#6611 = DIRECTION ( 'NONE',  ( 0.000000000000000000, -1.000000000000000000, -0.000000000000000000 ) ) ;
#6612 = EDGE_CURVE ( 'NONE', #1585, #3383, #4662, .T. ) ;
#6613 = SURFACE_STYLE_FILL_AREA ( #5064 ) ;
#6614 = CARTESIAN_POINT ( 'NONE',  ( 4.849999999999998757, 0.000000000000000000, 3.099999999999999645 ) ) ;
#6615 = EDGE_CURVE ( 'NONE', #6229, #5009, #2900, .T. ) ;
#6616 = LINE ( 'NONE', #875, #2708 ) ;
#6617 = VECTOR ( 'NONE', #1194, 1000.000000000000000 ) ;
#6618 = DIRECTION ( 'NONE',  ( 0.000000000000000000, -0.000000000000000000, -1.000000000000000000 ) ) ;
#6619 = FILL_AREA_STYLE ('',( #9114 ) ) ;
#6620 = VERTEX_POINT ( 'NONE', #8549 ) ;
#6621 = CARTESIAN_POINT ( 'NONE',  ( -4.383229641565215218, 2.078750921375360772, -4.850000000000000533 ) ) ;
#6622 = EDGE_LOOP ( 'NONE', ( #7043, #9472, #6778, #3335, #1832, #3503 ) ) ;
#6623 = DIRECTION ( 'NONE',  ( -4.336808689942006692E-15, 0.000000000000000000, 1.000000000000000000 ) ) ;
#6624 = DIRECTION ( 'NONE',  ( 0.000000000000000000, -1.000000000000000000, -0.000000000000000000 ) ) ;
#6625 = DIRECTION ( 'NONE',  ( -1.000000000000000000, -0.000000000000000000, -0.000000000000000000 ) ) ;
#6626 = CYLINDRICAL_SURFACE ( 'NONE', #1314, 0.1999999999999996503 ) ;
#6627 = DIRECTION ( 'NONE',  ( 0.000000000000000000, 0.000000000000000000, 1.000000000000000000 ) ) ;
#6628 = LINE ( 'NONE', #8280, #6617 ) ;
#6629 = ADVANCED_FACE ( 'NONE', ( #512 ), #1407, .F. ) ;
#6630 = STYLED_ITEM ( 'NONE', ( #7334 ), #1640 ) ;
#6631 = LINE ( 'NONE', #6532, #8837 ) ;
#6632 = LINE ( 'NONE', #9809, #572 ) ;
#6633 = EDGE_LOOP ( 'NONE', ( #10070, #6733, #7929, #7016 ) ) ;
#6634 = CARTESIAN_POINT ( 'NONE',  ( 4.850000000000000533, 0.000000000000000000, 3.299999999999998934 ) ) ;
#6635 = DIRECTION ( 'NONE',  ( 0.000000000000000000, -1.000000000000000000, -0.000000000000000000 ) ) ;
#6636 = DIRECTION ( 'NONE',  ( -1.000000000000000000, 3.336006684570780538E-15, 0.000000000000000000 ) ) ;
#6637 = EDGE_CURVE ( 'NONE', #3760, #6601, #9437, .T. ) ;
#6638 = DIRECTION ( 'NONE',  ( -0.000000000000000000, 0.000000000000000000, 1.000000000000000000 ) ) ;
#6639 = MECHANICAL_DESIGN_GEOMETRIC_PRESENTATION_REPRESENTATION (  '', ( #1691 ), #1529 ) ;
#6640 = CARTESIAN_POINT ( 'NONE',  ( -4.849999999999975664, 0.8000000000000000444, 0.000000000000000000 ) ) ;
#6641 = DIRECTION ( 'NONE',  ( 1.626303258728256257E-15, 0.000000000000000000, 1.000000000000000000 ) ) ;
#6642 = EDGE_LOOP ( 'NONE', ( #9713, #10180, #9631, #3186, #918, #9136 ) ) ;
#6643 = ORIENTED_EDGE ( 'NONE', *, *, #9491, .T. ) ;
#6644 = CARTESIAN_POINT ( 'NONE',  ( -4.850000000000000533, 0.7999999999999999334, 0.6999999999999992895 ) ) ;
#6645 = ORIENTED_EDGE ( 'NONE', *, *, #7295, .F. ) ;
#6646 = VECTOR ( 'NONE', #3461, 1000.000000000000000 ) ;
#6647 = PRESENTATION_STYLE_ASSIGNMENT (( #3500 ) ) ;
#6648 = VERTEX_POINT ( 'NONE', #4047 ) ;
#6649 =( NAMED_UNIT ( * ) SI_UNIT ( $, .STERADIAN. ) SOLID_ANGLE_UNIT ( ) );
#6650 = ADVANCED_FACE ( 'NONE', ( #2536 ), #2333, .T. ) ;
#6651 = CARTESIAN_POINT ( 'NONE',  ( -4.849999999999954348, 0.8000000000000000444, -1.800000000000001155 ) ) ;
#6652 = CARTESIAN_POINT ( 'NONE',  ( 4.850000000000013856, 0.8000000000000000444, 0.000000000000000000 ) ) ;
#6653 = AXIS2_PLACEMENT_3D ( 'NONE', #6634, #5094, #2037 ) ;
#6654 = EDGE_CURVE ( 'NONE', #4906, #8220, #5586, .T. ) ;
#6655 = EDGE_CURVE ( 'NONE', #3446, #9784, #1602, .T. ) ;
#6656 = VERTEX_POINT ( 'NONE', #9651 ) ;
#6657 = PRESENTATION_STYLE_ASSIGNMENT (( #8912 ) ) ;
#6658 = ORIENTED_EDGE ( 'NONE', *, *, #5509, .T. ) ;
#6659 = ADVANCED_FACE ( 'NONE', ( #937 ), #8653, .F. ) ;
#6660 = CARTESIAN_POINT ( 'NONE',  ( -3.849999999999996092, 0.7999999999999999334, -0.4000000000000010214 ) ) ;
#6661 = ORIENTED_EDGE ( 'NONE', *, *, #8309, .T. ) ;
#6662 = CARTESIAN_POINT ( 'NONE',  ( 4.381583005347356341, 2.028814561459465704, 4.646820589076220642 ) ) ;
#6663 = MECHANICAL_DESIGN_GEOMETRIC_PRESENTATION_REPRESENTATION (  '', ( #3881 ), #7335 ) ;
#6664 = PRESENTATION_STYLE_ASSIGNMENT (( #5943 ) ) ;
#6665 = CARTESIAN_POINT ( 'NONE',  ( 4.366619526214588376, 2.157639970946511720, 4.819452524890163403 ) ) ;
#6666 = PLANE ( 'NONE',  #3370 ) ;
#6667 = CARTESIAN_POINT ( 'NONE',  ( -4.850000000000000533, 2.080624847486572282, -1.100000000000001199 ) ) ;
#6668 = FACE_OUTER_BOUND ( 'NONE', #3428, .T. ) ;
#6669 = DIRECTION ( 'NONE',  ( 1.000000000000000000, -0.000000000000000000, 1.626303258728256059E-15 ) ) ;
#6670 =( GEOMETRIC_REPRESENTATION_CONTEXT ( 3 ) GLOBAL_UNCERTAINTY_ASSIGNED_CONTEXT ( ( #8150 ) ) GLOBAL_UNIT_ASSIGNED_CONTEXT ( ( #1830, #359, #3431 ) ) REPRESENTATION_CONTEXT ( 'NONE', 'WORKASPACE' ) );
#6671 = VECTOR ( 'NONE', #6525, 1000.000000000000000 ) ;
#6672 = DIRECTION ( 'NONE',  ( 0.000000000000000000, -1.000000000000000000, 0.000000000000000000 ) ) ;
#6673 = CARTESIAN_POINT ( 'NONE',  ( -3.849999999999905498, 0.8000000000000000444, -4.800000000000002487 ) ) ;
#6674 = AXIS2_PLACEMENT_3D ( 'NONE', #4587, #7732, #645 ) ;
#6675 = STYLED_ITEM ( 'NONE', ( #8131 ), #9843 ) ;
#6676 = MECHANICAL_DESIGN_GEOMETRIC_PRESENTATION_REPRESENTATION (  '', ( #7487 ), #9026 ) ;
#6677 = ORIENTED_EDGE ( 'NONE', *, *, #6594, .F. ) ;
#6678 = DIRECTION ( 'NONE',  ( 0.000000000000000000, 1.000000000000000000, 0.000000000000000000 ) ) ;
#6679 = CARTESIAN_POINT ( 'NONE',  ( -4.850000000000000533, 0.7999999999999999334, 0.1999999999999987899 ) ) ;
#6680 = ORIENTED_EDGE ( 'NONE', *, *, #2178, .T. ) ;
#6681 = UNCERTAINTY_MEASURE_WITH_UNIT (LENGTH_MEASURE( 1.000000000000000082E-05 ), #4055, 'distance_accuracy_value', 'NONE');
#6682 = PLANE ( 'NONE',  #118 ) ;
#6683 = CARTESIAN_POINT ( 'NONE',  ( -4.849999999999974776, 0.8000000000000000444, -1.500000000000002220 ) ) ;
#6684 = DIRECTION ( 'NONE',  ( -0.000000000000000000, 0.000000000000000000, 1.000000000000000000 ) ) ;
#6685 = SURFACE_STYLE_USAGE ( .BOTH. , #7270 ) ;
#6686 = EDGE_CURVE ( 'NONE', #6656, #3668, #1555, .T. ) ;
#6687 = ORIENTED_EDGE ( 'NONE', *, *, #4029, .F. ) ;
#6688 = ORIENTED_EDGE ( 'NONE', *, *, #4643, .F. ) ;
#6689 = CARTESIAN_POINT ( 'NONE',  ( 4.849999999999997868, 2.080624847486572282, -4.800000000000001599 ) ) ;
#6690 = ORIENTED_EDGE ( 'NONE', *, *, #8925, .T. ) ;
#6691 =( NAMED_UNIT ( * ) PLANE_ANGLE_UNIT ( ) SI_UNIT ( $, .RADIAN. ) );
#6692 = UNCERTAINTY_MEASURE_WITH_UNIT (LENGTH_MEASURE( 1.000000000000000082E-05 ), #6438, 'distance_accuracy_value', 'NONE');
#6693 = CARTESIAN_POINT ( 'NONE',  ( 4.352198665876326977, 2.089222690360982959, 4.583309763107293655 ) ) ;
#6694 = CARTESIAN_POINT ( 'NONE',  ( 3.850000000000054712, 0.8000000000000000444, -0.7000000000000009548 ) ) ;
#6695 = ORIENTED_EDGE ( 'NONE', *, *, #9334, .F. ) ;
#6696 = EDGE_CURVE ( 'NONE', #4457, #9133, #4716, .T. ) ;
#6697 = CARTESIAN_POINT ( 'NONE',  ( 4.850000000000000533, 0.8000000000000000444, -3.299999999999999822 ) ) ;
#6698 = EDGE_CURVE ( 'NONE', #10030, #2101, #828, .T. ) ;
#6699 = DIRECTION ( 'NONE',  ( 1.000000000000000000, -0.000000000000000000, 1.626303258728256059E-15 ) ) ;
#6700 = DIRECTION ( 'NONE',  ( -1.000000000000000000, 0.000000000000000000, 1.626303258728256257E-15 ) ) ;
#6701 =( GEOMETRIC_REPRESENTATION_CONTEXT ( 3 ) GLOBAL_UNCERTAINTY_ASSIGNED_CONTEXT ( ( #7105 ) ) GLOBAL_UNIT_ASSIGNED_CONTEXT ( ( #6843, #10013, #2090 ) ) REPRESENTATION_CONTEXT ( 'NONE', 'WORKASPACE' ) );
#6702 = FACE_OUTER_BOUND ( 'NONE', #2924, .T. ) ;
#6703 =( GEOMETRIC_REPRESENTATION_CONTEXT ( 3 ) GLOBAL_UNCERTAINTY_ASSIGNED_CONTEXT ( ( #5049 ) ) GLOBAL_UNIT_ASSIGNED_CONTEXT ( ( #8715, #5499, #7879 ) ) REPRESENTATION_CONTEXT ( 'NONE', 'WORKASPACE' ) );
#6704 = LINE ( 'NONE', #6808, #7629 ) ;
#6705 = ORIENTED_EDGE ( 'NONE', *, *, #8239, .F. ) ;
#6706 = LINE ( 'NONE', #8366, #3181 ) ;
#6707 = CARTESIAN_POINT ( 'NONE',  ( -3.449999999999999289, 2.200000000000000178, -3.649999999999999467 ) ) ;
#6708 = VERTEX_POINT ( 'NONE', #6308 ) ;
#6709 = LINE ( 'NONE', #9891, #4736 ) ;
#6710 = MECHANICAL_DESIGN_GEOMETRIC_PRESENTATION_REPRESENTATION (  '', ( #8370 ), #9387 ) ;
#6711 = VERTEX_POINT ( 'NONE', #5643 ) ;
#6712 = AXIS2_PLACEMENT_3D ( 'NONE', #808, #6961, #9365 ) ;
#6713 = EDGE_CURVE ( 'NONE', #3341, #4090, #4765, .T. ) ;
#6714 = DIRECTION ( 'NONE',  ( 0.000000000000000000, -0.000000000000000000, -1.000000000000000000 ) ) ;
#6715 = SURFACE_STYLE_FILL_AREA ( #8324 ) ;
#6716 = STYLED_ITEM ( 'NONE', ( #2185 ), #1163 ) ;
#6717 = CARTESIAN_POINT ( 'NONE',  ( -4.850000000000001421, 2.080624847486572282, -2.900000000000000799 ) ) ;
#6718 = VECTOR ( 'NONE', #8398, 1000.000000000000000 ) ;
#6719 = PLANE ( 'NONE',  #3173 ) ;
#6720 = DIRECTION ( 'NONE',  ( 0.000000000000000000, 0.000000000000000000, -1.000000000000000000 ) ) ;
#6721 = FACE_OUTER_BOUND ( 'NONE', #4484, .T. ) ;
#6722 = ADVANCED_FACE ( 'NONE', ( #7126 ), #1653, .T. ) ;
#6723 = DIRECTION ( 'NONE',  ( -8.673617379884051249E-15, 0.000000000000000000, -1.000000000000000000 ) ) ;
#6724 = EDGE_CURVE ( 'NONE', #7749, #1673, #9590, .T. ) ;
#6725 = COLOUR_RGB ( '',0.000000000000000000, 0.5019607843137254832, 0.000000000000000000 ) ;
#6726 = FILL_AREA_STYLE ('',( #7444 ) ) ;
#6727 = ORIENTED_EDGE ( 'NONE', *, *, #8097, .F. ) ;
#6728 =( NAMED_UNIT ( * ) PLANE_ANGLE_UNIT ( ) SI_UNIT ( $, .RADIAN. ) );
#6729 = DIRECTION ( 'NONE',  ( 1.626303258728256257E-15, 0.000000000000000000, -1.000000000000000000 ) ) ;
#6730 = ORIENTED_EDGE ( 'NONE', *, *, #3228, .T. ) ;
#6731 = PLANE ( 'NONE',  #5991 ) ;
#6732 = CARTESIAN_POINT ( 'NONE',  ( -3.849999999999940137, 0.000000000000000000, -0.7000000000000018430 ) ) ;
#6733 = ORIENTED_EDGE ( 'NONE', *, *, #6533, .T. ) ;
#6734 = CARTESIAN_POINT ( 'NONE',  ( 3.849999999999997424, 0.000000000000000000, -0.7000000000000009548 ) ) ;
#6735 = LINE ( 'NONE', #1068, #1478 ) ;
#6736 = DIRECTION ( 'NONE',  ( 0.000000000000000000, -0.000000000000000000, 1.000000000000000000 ) ) ;
#6737 = CARTESIAN_POINT ( 'NONE',  ( -4.567668071082941594, 2.156595997628986350, -4.616619526214588376 ) ) ;
#6738 = VERTEX_POINT ( 'NONE', #2587 ) ;
#6739 = ORIENTED_EDGE ( 'NONE', *, *, #6069, .T. ) ;
#6740 = SURFACE_SIDE_STYLE ('',( #5153 ) ) ;
#6741 = VERTEX_POINT ( 'NONE', #7476 ) ;
#6742 = COLOUR_RGB ( '',0.000000000000000000, 0.5019607843137254832, 0.000000000000000000 ) ;
#6743 = CARTESIAN_POINT ( 'NONE',  ( -3.449999999999999289, 2.200000000000000178, -3.649999999999999467 ) ) ;
#6744 = CARTESIAN_POINT ( 'NONE',  ( -3.849999999999997424, 0.000000000000000000, 2.600000000000000533 ) ) ;
#6745 = EDGE_CURVE ( 'NONE', #4407, #3663, #8123, .T. ) ;
#6746 = ORIENTED_EDGE ( 'NONE', *, *, #5335, .T. ) ;
#6747 = ADVANCED_FACE ( 'NONE', ( #1961 ), #4206, .F. ) ;
#6748 = CARTESIAN_POINT ( 'NONE',  ( -3.849999999999938805, 0.8000000000000000444, -1.500000000000002220 ) ) ;
#6749 = DIRECTION ( 'NONE',  ( -0.000000000000000000, -1.000000000000000000, -0.000000000000000000 ) ) ;
#6750 = AXIS2_PLACEMENT_3D ( 'NONE', #9094, #5817, #8990 ) ;
#6751 = FILL_AREA_STYLE_COLOUR ( '', #1005 ) ;
#6752 = PLANE ( 'NONE',  #1045 ) ;
#6753 = ORIENTED_EDGE ( 'NONE', *, *, #4621, .T. ) ;
#6754 = CARTESIAN_POINT ( 'NONE',  ( 4.850000000000000533, 2.080624847486572282, 1.299999999999999378 ) ) ;
#6755 = ORIENTED_EDGE ( 'NONE', *, *, #2252, .F. ) ;
#6756 = VECTOR ( 'NONE', #2222, 1000.000000000000000 ) ;
#6757 = DIRECTION ( 'NONE',  ( -0.000000000000000000, 1.000000000000000000, 0.000000000000000000 ) ) ;
#6758 = VECTOR ( 'NONE', #54, 1000.000000000000000 ) ;
#6759 = VERTEX_POINT ( 'NONE', #7338 ) ;
#6760 = EDGE_CURVE ( 'NONE', #4197, #6759, #496, .T. ) ;
#6761 = DIRECTION ( 'NONE',  ( -0.000000000000000000, 1.000000000000000000, -0.000000000000000000 ) ) ;
#6762 = LINE ( 'NONE', #9849, #474 ) ;
#6763 =( LENGTH_UNIT ( ) NAMED_UNIT ( * ) SI_UNIT ( .MILLI., .METRE. ) );
#6764 =( GEOMETRIC_REPRESENTATION_CONTEXT ( 3 ) GLOBAL_UNCERTAINTY_ASSIGNED_CONTEXT ( ( #9292 ) ) GLOBAL_UNIT_ASSIGNED_CONTEXT ( ( #8773, #7355, #2663 ) ) REPRESENTATION_CONTEXT ( 'NONE', 'WORKASPACE' ) );
#6765 = VECTOR ( 'NONE', #4399, 1000.000000000000000 ) ;
#6766 = CARTESIAN_POINT ( 'NONE',  ( -3.449999999999999289, 1.068629150101522818, -4.049999999999999822 ) ) ;
#6767 = DIRECTION ( 'NONE',  ( 0.000000000000000000, -1.000000000000000000, -0.000000000000000000 ) ) ;
#6768 = FILL_AREA_STYLE_COLOUR ( '', #9654 ) ;
#6769 = DIRECTION ( 'NONE',  ( -1.000000000000000000, 0.000000000000000000, 1.626303258728256059E-15 ) ) ;
#6770 = DIRECTION ( 'NONE',  ( -4.336808689942006692E-15, 0.000000000000000000, 1.000000000000000000 ) ) ;
#6771 = VECTOR ( 'NONE', #7252, 1000.000000000000000 ) ;
#6772 = DIRECTION ( 'NONE',  ( -3.336006684570780538E-15, 1.000000000000000000, 0.000000000000000000 ) ) ;
#6773 = STYLED_ITEM ( 'NONE', ( #752 ), #4685 ) ;
#6774 = EDGE_CURVE ( 'NONE', #3878, #6955, #3462, .T. ) ;
#6775 = ADVANCED_FACE ( 'NONE', ( #9889 ), #347, .F. ) ;
#6776 = ADVANCED_FACE ( 'NONE', ( #9018 ), #1914, .T. ) ;
#6777 = LINE ( 'NONE', #5906, #5580 ) ;
#6778 = ORIENTED_EDGE ( 'NONE', *, *, #2655, .F. ) ;
#6779 = DIRECTION ( 'NONE',  ( 1.000000000000000000, 0.000000000000000000, 0.000000000000000000 ) ) ;
#6780 = CARTESIAN_POINT ( 'NONE',  ( -3.849999999999974332, 0.000000000000000000, 2.599999999999999645 ) ) ;
#6781 = LINE ( 'NONE', #8503, #168 ) ;
#6782 = SURFACE_SIDE_STYLE ('',( #1365 ) ) ;
#6783 = ORIENTED_EDGE ( 'NONE', *, *, #716, .F. ) ;
#6784 = FILL_AREA_STYLE ('',( #4315 ) ) ;
#6785 = AXIS2_PLACEMENT_3D ( 'NONE', #3787, #6927, #9431 ) ;
#6786 = CARTESIAN_POINT ( 'NONE',  ( -3.849999999999928590, 0.000000000000000000, -1.800000000000001155 ) ) ;
#6787 = ORIENTED_EDGE ( 'NONE', *, *, #7816, .F. ) ;
#6788 = EDGE_CURVE ( 'NONE', #1427, #7302, #4553, .T. ) ;
#6789 =( NAMED_UNIT ( * ) SI_UNIT ( $, .STERADIAN. ) SOLID_ANGLE_UNIT ( ) );
#6790 = LINE ( 'NONE', #3441, #6932 ) ;
#6791 = LINE ( 'NONE', #9966, #6396 ) ;
#6792 = FACE_OUTER_BOUND ( 'NONE', #9239, .T. ) ;
#6793 = AXIS2_PLACEMENT_3D ( 'NONE', #4498, #1397, #2278 ) ;
#6794 = ORIENTED_EDGE ( 'NONE', *, *, #953, .F. ) ;
#6795 = VERTEX_POINT ( 'NONE', #7635 ) ;
#6796 = FACE_OUTER_BOUND ( 'NONE', #9266, .T. ) ;
#6797 = VERTEX_POINT ( 'NONE', #4438 ) ;
#6798 = DIRECTION ( 'NONE',  ( 0.000000000000000000, -1.000000000000000000, 0.000000000000000000 ) ) ;
#6799 = UNCERTAINTY_MEASURE_WITH_UNIT (LENGTH_MEASURE( 1.000000000000000082E-05 ), #890, 'distance_accuracy_value', 'NONE');
#6800 = DIRECTION ( 'NONE',  ( -8.673617379884051249E-15, 0.000000000000000000, -1.000000000000000000 ) ) ;
#6801 = VERTEX_POINT ( 'NONE', #9373 ) ;
#6802 = CARTESIAN_POINT ( 'NONE',  ( -4.850000000000000533, 0.7999999999999999334, 1.299999999999999600 ) ) ;
#6803 = CARTESIAN_POINT ( 'NONE',  ( -4.850000000000000533, 2.080624847486572282, 3.499999999999998668 ) ) ;
#6804 = AXIS2_PLACEMENT_3D ( 'NONE', #9648, #9840, #4205 ) ;
#6805 = DIRECTION ( 'NONE',  ( -0.000000000000000000, 0.000000000000000000, 1.000000000000000000 ) ) ;
#6806 = VECTOR ( 'NONE', #6033, 1000.000000000000000 ) ;
#6807 = ORIENTED_EDGE ( 'NONE', *, *, #7174, .T. ) ;
#6808 = CARTESIAN_POINT ( 'NONE',  ( -3.849999999999918376, 0.8000000000000000444, 0.000000000000000000 ) ) ;
#6809 = VERTEX_POINT ( 'NONE', #7576 ) ;
#6810 = CARTESIAN_POINT ( 'NONE',  ( 4.333309763107292767, 2.087420392015689519, -4.601144252825625891 ) ) ;
#6811 = AXIS2_PLACEMENT_3D ( 'NONE', #7730, #537, #695 ) ;
#6812 = CARTESIAN_POINT ( 'NONE',  ( 4.400000000000006573, 1.534563074902560996E-14, -4.649929289321881321 ) ) ;
#6813 = ORIENTED_EDGE ( 'NONE', *, *, #8632, .T. ) ;
#6814 = PRESENTATION_LAYER_ASSIGNMENT (  '', '', ( #4196 ) ) ;
#6815 = DIRECTION ( 'NONE',  ( 0.000000000000000000, -1.000000000000000000, 0.000000000000000000 ) ) ;
#6816 = ORIENTED_EDGE ( 'NONE', *, *, #7412, .F. ) ;
#6817 = VECTOR ( 'NONE', #3633, 1000.000000000000000 ) ;
#6818 = LINE ( 'NONE', #10046, #5725 ) ;
#6819 = CARTESIAN_POINT ( 'NONE',  ( 0.000000000000000000, 0.8000000000000000444, 3.699999999999998401 ) ) ;
#6820 = VECTOR ( 'NONE', #5960, 1000.000000000000000 ) ;
#6821 = DIRECTION ( 'NONE',  ( -0.000000000000000000, -1.000000000000000000, 0.000000000000000000 ) ) ;
#6822 = FILL_AREA_STYLE_COLOUR ( '', #4213 ) ;
#6823 = CARTESIAN_POINT ( 'NONE',  ( 4.399929289321881321, 1.687792868793693186E-14, 4.850000000000005862 ) ) ;
#6824 = FILL_AREA_STYLE_COLOUR ( '', #3702 ) ;
#6825 = EDGE_CURVE ( 'NONE', #4604, #6256, #7524, .T. ) ;
#6826 = VECTOR ( 'NONE', #6767, 1000.000000000000000 ) ;
#6827 = CARTESIAN_POINT ( 'NONE',  ( 0.000000000000000000, 0.000000000000000000, -2.600000000000000533 ) ) ;
#6828 = CYLINDRICAL_SURFACE ( 'NONE', #1323, 0.1999999999999996503 ) ;
#6829 = CARTESIAN_POINT ( 'NONE',  ( 3.850000000000009859, 0.8000000000000000444, 3.699999999999999289 ) ) ;
#6830 = COLOUR_RGB ( '',0.8980392156862745390, 0.8980392156862745390, 0.8980392156862745390 ) ;
#6831 = EDGE_CURVE ( 'NONE', #6135, #2019, #4602, .T. ) ;
#6832 = EDGE_CURVE ( 'NONE', #4436, #1126, #3036, .T. ) ;
#6833 = LINE ( 'NONE', #459, #8566 ) ;
#6834 = VERTEX_POINT ( 'NONE', #4387 ) ;
#6835 = CARTESIAN_POINT ( 'NONE',  ( 4.399999999999999467, 0.7999999999999999334, 4.649929289321881321 ) ) ;
#6836 = LINE ( 'NONE', #9233, #9324 ) ;
#6837 = LINE ( 'NONE', #7549, #5619 ) ;
#6838 = VECTOR ( 'NONE', #7612, 1000.000000000000000 ) ;
#6839 = AXIS2_PLACEMENT_3D ( 'NONE', #9092, #2863, #9138 ) ;
#6840 = ORIENTED_EDGE ( 'NONE', *, *, #8551, .F. ) ;
#6841 = DIRECTION ( 'NONE',  ( 0.000000000000000000, 1.000000000000000000, 0.000000000000000000 ) ) ;
#6842 = CARTESIAN_POINT ( 'NONE',  ( 2.549999999999999378, 0.8000000000000000444, 5.250000000000000000 ) ) ;
#6843 =( LENGTH_UNIT ( ) NAMED_UNIT ( * ) SI_UNIT ( .MILLI., .METRE. ) );
#6844 = VERTEX_POINT ( 'NONE', #2835 ) ;
#6845 = EDGE_CURVE ( 'NONE', #4106, #7253, #3667, .T. ) ;
#6846 = SURFACE_SIDE_STYLE ('',( #587 ) ) ;
#6847 = PLANE ( 'NONE',  #9765 ) ;
#6848 = AXIS2_PLACEMENT_3D ( 'NONE', #4824, #683, #3796 ) ;
#6849 = AXIS2_PLACEMENT_3D ( 'NONE', #6829, #4507, #3626 ) ;
#6850 = EDGE_CURVE ( 'NONE', #3066, #3283, #6137, .T. ) ;
#6851 = DIRECTION ( 'NONE',  ( 0.000000000000000000, -1.000000000000000000, 0.000000000000000000 ) ) ;
#6852 = LINE ( 'NONE', #4529, #6838 ) ;
#6853 = ORIENTED_EDGE ( 'NONE', *, *, #577, .F. ) ;
#6854 = ORIENTED_EDGE ( 'NONE', *, *, #3530, .F. ) ;
#6855 = ORIENTED_EDGE ( 'NONE', *, *, #9067, .T. ) ;
#6856 = CYLINDRICAL_SURFACE ( 'NONE', #8201, 0.5999999999999998668 ) ;
#6857 = CARTESIAN_POINT ( 'NONE',  ( -3.849999999999917932, 0.8000000000000000444, -3.700000000000001954 ) ) ;
#6858 = PLANE ( 'NONE',  #1061 ) ;
#6859 = ORIENTED_EDGE ( 'NONE', *, *, #4936, .T. ) ;
#6860 = CYLINDRICAL_SURFACE ( 'NONE', #3086, 0.4000000000000006328 ) ;
#6861 = DIRECTION ( 'NONE',  ( 0.000000000000000000, -1.000000000000000000, 0.000000000000000000 ) ) ;
#6862 = DIRECTION ( 'NONE',  ( 1.000000000000000000, 0.000000000000000000, 0.000000000000000000 ) ) ;
#6863 = VERTEX_POINT ( 'NONE', #5984 ) ;
#6864 = CARTESIAN_POINT ( 'NONE',  ( -3.849999999999940137, 0.8000000000000000444, -0.7000000000000018430 ) ) ;
#6865 = ORIENTED_EDGE ( 'NONE', *, *, #2682, .T. ) ;
#6866 = CARTESIAN_POINT ( 'NONE',  ( 3.850000000000065370, 0.000000000000000000, -2.600000000000000533 ) ) ;
#6867 = PRESENTATION_STYLE_ASSIGNMENT (( #611 ) ) ;
#6868 = ORIENTED_EDGE ( 'NONE', *, *, #6197, .T. ) ;
#6869 = EDGE_LOOP ( 'NONE', ( #6680, #8704, #4420, #1183 ) ) ;
#6870 = PRESENTATION_LAYER_ASSIGNMENT (  '', '', ( #412 ) ) ;
#6871 = CARTESIAN_POINT ( 'NONE',  ( -4.850000000000001421, 0.000000000000000000, 5.049999999999999822 ) ) ;
#6872 = CARTESIAN_POINT ( 'NONE',  ( -3.849999999999996980, 0.7999999999999999334, 3.699999999999999289 ) ) ;
#6873 =( LENGTH_UNIT ( ) NAMED_UNIT ( * ) SI_UNIT ( .MILLI., .METRE. ) );
#6874 = EDGE_CURVE ( 'NONE', #9420, #8365, #7696, .T. ) ;
#6875 = CARTESIAN_POINT ( 'NONE',  ( 4.316688067432192355, 2.097980000000000622, 4.575701847718433690 ) ) ;
#6876 = DIRECTION ( 'NONE',  ( 1.000000000000000000, 0.000000000000000000, -0.000000000000000000 ) ) ;
#6877 =( LENGTH_UNIT ( ) NAMED_UNIT ( * ) SI_UNIT ( .MILLI., .METRE. ) );
#6878 = CARTESIAN_POINT ( 'NONE',  ( -4.850000000000001421, 0.8000000000000000444, 5.049999999999999822 ) ) ;
#6879 = STYLED_ITEM ( 'NONE', ( #779 ), #7529 ) ;
#6880 = DIRECTION ( 'NONE',  ( 0.000000000000000000, -0.000000000000000000, -1.000000000000000000 ) ) ;
#6881 = CARTESIAN_POINT ( 'NONE',  ( 3.849999999999996092, 0.8000000000000000444, 0.000000000000000000 ) ) ;
#6882 = MECHANICAL_DESIGN_GEOMETRIC_PRESENTATION_REPRESENTATION (  '', ( #7214 ), #2756 ) ;
#6883 = CARTESIAN_POINT ( 'NONE',  ( 4.399929289321881321, 2.000000000000000444, 4.749990000000000379 ) ) ;
#6884 = DIRECTION ( 'NONE',  ( 0.000000000000000000, 0.000000000000000000, -1.000000000000000000 ) ) ;
#6885 = EDGE_CURVE ( 'NONE', #9781, #8365, #9267, .T. ) ;
#6886 =( GEOMETRIC_REPRESENTATION_CONTEXT ( 3 ) GLOBAL_UNCERTAINTY_ASSIGNED_CONTEXT ( ( #5775 ) ) GLOBAL_UNIT_ASSIGNED_CONTEXT ( ( #2290, #8499, #3847 ) ) REPRESENTATION_CONTEXT ( 'NONE', 'WORKASPACE' ) );
#6887 =( GEOMETRIC_REPRESENTATION_CONTEXT ( 3 ) GLOBAL_UNCERTAINTY_ASSIGNED_CONTEXT ( ( #8678 ) ) GLOBAL_UNIT_ASSIGNED_CONTEXT ( ( #925, #4091, #4143 ) ) REPRESENTATION_CONTEXT ( 'NONE', 'WORKASPACE' ) );
#6888 = ORIENTED_EDGE ( 'NONE', *, *, #4578, .T. ) ;
#6889 = DIRECTION ( 'NONE',  ( 0.000000000000000000, -0.000000000000000000, -1.000000000000000000 ) ) ;
#6890 =( GEOMETRIC_REPRESENTATION_CONTEXT ( 3 ) GLOBAL_UNCERTAINTY_ASSIGNED_CONTEXT ( ( #4231 ) ) GLOBAL_UNIT_ASSIGNED_CONTEXT ( ( #10017, #9243, #1855 ) ) REPRESENTATION_CONTEXT ( 'NONE', 'WORKASPACE' ) );
#6891 =( NAMED_UNIT ( * ) SI_UNIT ( $, .STERADIAN. ) SOLID_ANGLE_UNIT ( ) );
#6892 = EDGE_LOOP ( 'NONE', ( #9470, #4855, #696, #7142 ) ) ;
#6893 = LINE ( 'NONE', #5345, #7765 ) ;
#6894 = ADVANCED_FACE ( 'NONE', ( #9264 ), #1442, .T. ) ;
#6895 = ORIENTED_EDGE ( 'NONE', *, *, #9533, .F. ) ;
#6896 = VECTOR ( 'NONE', #4965, 1000.000000000000000 ) ;
#6897 = PLANE ( 'NONE',  #314 ) ;
#6898 = PRESENTATION_LAYER_ASSIGNMENT (  '', '', ( #2447 ) ) ;
#6899 = ORIENTED_EDGE ( 'NONE', *, *, #1584, .T. ) ;
#6900 = EDGE_LOOP ( 'NONE', ( #6661, #9579, #6687, #2186 ) ) ;
#6901 = CARTESIAN_POINT ( 'NONE',  ( -3.849999999999986322, 0.8000000000000000444, 3.699999999999998401 ) ) ;
#6902 = DIRECTION ( 'NONE',  ( -0.000000000000000000, 0.000000000000000000, 1.000000000000000000 ) ) ;
#6903 = DIRECTION ( 'NONE',  ( 0.000000000000000000, 0.000000000000000000, 1.000000000000000000 ) ) ;
#6904 = UNCERTAINTY_MEASURE_WITH_UNIT (LENGTH_MEASURE( 1.000000000000000082E-05 ), #1586, 'distance_accuracy_value', 'NONE');
#6905 = CARTESIAN_POINT ( 'NONE',  ( 4.850000000000001421, 0.000000000000000000, -5.049999999999999822 ) ) ;
#6906 = MECHANICAL_DESIGN_GEOMETRIC_PRESENTATION_REPRESENTATION (  '', ( #9576 ), #8233 ) ;
#6907 = ORIENTED_EDGE ( 'NONE', *, *, #2813, .T. ) ;
#6908 = SURFACE_STYLE_FILL_AREA ( #9364 ) ;
#6909 = DIRECTION ( 'NONE',  ( 1.000000000000000000, 0.000000000000000000, -0.000000000000000000 ) ) ;
#6910 = EDGE_CURVE ( 'NONE', #8834, #6953, #7757, .T. ) ;
#6911 = LINE ( 'NONE', #9366, #1130 ) ;
#6912 = EDGE_CURVE ( 'NONE', #8512, #2376, #10041, .T. ) ;
#6913 = PRESENTATION_LAYER_ASSIGNMENT (  '', '', ( #3291 ) ) ;
#6914 = PLANE ( 'NONE',  #2320 ) ;
#6915 = ORIENTED_EDGE ( 'NONE', *, *, #2140, .T. ) ;
#6916 = CARTESIAN_POINT ( 'NONE',  ( -3.849999999999918376, 0.000000000000000000, -2.900000000000001688 ) ) ;
#6917 = ORIENTED_EDGE ( 'NONE', *, *, #6686, .F. ) ;
#6918 = FACE_OUTER_BOUND ( 'NONE', #9633, .T. ) ;
#6919 = ORIENTED_EDGE ( 'NONE', *, *, #8735, .T. ) ;
#6920 = DIRECTION ( 'NONE',  ( 1.000000000000000000, 0.000000000000000000, -4.336808689942006692E-15 ) ) ;
#6921 = EDGE_CURVE ( 'NONE', #746, #5483, #2169, .T. ) ;
#6922 = ORIENTED_EDGE ( 'NONE', *, *, #4247, .T. ) ;
#6923 = PRESENTATION_LAYER_ASSIGNMENT (  '', '', ( #3298 ) ) ;
#6924 = EDGE_CURVE ( 'NONE', #7640, #1746, #7226, .T. ) ;
#6925 = DIRECTION ( 'NONE',  ( 0.000000000000000000, 1.000000000000000000, 0.000000000000000000 ) ) ;
#6926 = CARTESIAN_POINT ( 'NONE',  ( 4.400000000000003908, 0.7999999999999990452, 0.000000000000000000 ) ) ;
#6927 = DIRECTION ( 'NONE',  ( 0.000000000000000000, 0.000000000000000000, 1.000000000000000000 ) ) ;
#6928 = DIRECTION ( 'NONE',  ( 0.000000000000000000, 1.000000000000000000, 0.000000000000000000 ) ) ;
#6929 = CARTESIAN_POINT ( 'NONE',  ( -4.850000000000001421, 0.000000000000000000, -1.500000000000002220 ) ) ;
#6930 =( GEOMETRIC_REPRESENTATION_CONTEXT ( 3 ) GLOBAL_UNCERTAINTY_ASSIGNED_CONTEXT ( ( #5458 ) ) GLOBAL_UNIT_ASSIGNED_CONTEXT ( ( #5230, #5386, #7761 ) ) REPRESENTATION_CONTEXT ( 'NONE', 'WORKASPACE' ) );
#6931 = CARTESIAN_POINT ( 'NONE',  ( -3.849999999999928146, 0.000000000000000000, -2.600000000000001421 ) ) ;
#6932 = VECTOR ( 'NONE', #283, 1000.000000000000000 ) ;
#6933 = DIRECTION ( 'NONE',  ( -0.000000000000000000, -1.000000000000000000, -0.000000000000000000 ) ) ;
#6934 = CARTESIAN_POINT ( 'NONE',  ( -4.850000000000000533, 0.000000000000000000, -2.000000000000000888 ) ) ;
#6935 = DIRECTION ( 'NONE',  ( -0.000000000000000000, -1.000000000000000000, 0.000000000000000000 ) ) ;
#6936 = MECHANICAL_DESIGN_GEOMETRIC_PRESENTATION_REPRESENTATION (  '', ( #2809 ), #8101 ) ;
#6937 =( GEOMETRIC_REPRESENTATION_CONTEXT ( 3 ) GLOBAL_UNCERTAINTY_ASSIGNED_CONTEXT ( ( #4318 ) ) GLOBAL_UNIT_ASSIGNED_CONTEXT ( ( #761, #86, #2373 ) ) REPRESENTATION_CONTEXT ( 'NONE', 'WORKASPACE' ) );
#6938 = DIRECTION ( 'NONE',  ( -0.000000000000000000, -1.000000000000000000, -0.000000000000000000 ) ) ;
#6939 = VECTOR ( 'NONE', #263, 1000.000000000000000 ) ;
#6940 = SURFACE_SIDE_STYLE ('',( #731 ) ) ;
#6941 = ORIENTED_EDGE ( 'NONE', *, *, #9774, .F. ) ;
#6942 = CARTESIAN_POINT ( 'NONE',  ( -4.381583005347356341, 2.028814561459465704, -4.646820589076220642 ) ) ;
#6943 = LINE ( 'NONE', #1463, #6817 ) ;
#6944 = ORIENTED_EDGE ( 'NONE', *, *, #9177, .F. ) ;
#6945 = CARTESIAN_POINT ( 'NONE',  ( 4.849999999999997868, 0.8000000000000000444, -7.700000000000000178 ) ) ;
#6946 = DIRECTION ( 'NONE',  ( -1.000000000000000000, -1.219532110926280296E-47, -1.991647080244468484E-31 ) ) ;
#6947 = VECTOR ( 'NONE', #3801, 1000.000000000000000 ) ;
#6948 = PRESENTATION_LAYER_ASSIGNMENT (  '', '', ( #9935 ) ) ;
#6949 = ORIENTED_EDGE ( 'NONE', *, *, #1929, .T. ) ;
#6950 = CARTESIAN_POINT ( 'NONE',  ( -4.850000000000001421, 0.000000000000000000, 1.499999999999999556 ) ) ;
#6951 = VECTOR ( 'NONE', #1134, 1000.000000000000000 ) ;
#6952 = LINE ( 'NONE', #10120, #1390 ) ;
#6953 = VERTEX_POINT ( 'NONE', #9578 ) ;
#6954 = ORIENTED_EDGE ( 'NONE', *, *, #7918, .T. ) ;
#6955 = VERTEX_POINT ( 'NONE', #5573 ) ;
#6956 = ADVANCED_FACE ( 'NONE', ( #4087 ), #6297, .F. ) ;
#6957 = CARTESIAN_POINT ( 'NONE',  ( 4.850000000000001421, 0.8000000000000000444, 5.049999999999999822 ) ) ;
#6958 = LINE ( 'NONE', #2927, #3759 ) ;
#6959 = SURFACE_STYLE_FILL_AREA ( #2157 ) ;
#6960 = ORIENTED_EDGE ( 'NONE', *, *, #4911, .F. ) ;
#6961 = DIRECTION ( 'NONE',  ( 1.000000000000000000, 0.000000000000000000, -4.336808689942006692E-15 ) ) ;
#6962 = CARTESIAN_POINT ( 'NONE',  ( -4.850000000000000533, 0.000000000000000000, -4.400000000000001243 ) ) ;
#6963 = VECTOR ( 'NONE', #8657, 1000.000000000000000 ) ;
#6964 = ORIENTED_EDGE ( 'NONE', *, *, #1236, .T. ) ;
#6965 = DIRECTION ( 'NONE',  ( 1.626303258728256257E-15, 0.000000000000000000, -1.000000000000000000 ) ) ;
#6966 = ORIENTED_EDGE ( 'NONE', *, *, #5018, .F. ) ;
#6967 = CARTESIAN_POINT ( 'NONE',  ( -4.366619526214588376, 2.156595997628985462, 4.817668071082944259 ) ) ;
#6968 = DIRECTION ( 'NONE',  ( 1.000000000000000000, 0.000000000000000000, -0.000000000000000000 ) ) ;
#6969 = EDGE_LOOP ( 'NONE', ( #2013, #10154, #4358, #7373 ) ) ;
#6970 = CARTESIAN_POINT ( 'NONE',  ( -3.449999999999999289, 2.200000000000000178, -3.249999999999999112 ) ) ;
#6971 = ADVANCED_FACE ( 'NONE', ( #2319 ), #3244, .T. ) ;
#6972 = ORIENTED_EDGE ( 'NONE', *, *, #9938, .T. ) ;
#6973 = LINE ( 'NONE', #3838, #826 ) ;
#6974 = ADVANCED_FACE ( 'NONE', ( #6455 ), #7018, .T. ) ;
#6975 = EDGE_CURVE ( 'NONE', #8674, #1309, #6402, .T. ) ;
#6976 = CARTESIAN_POINT ( 'NONE',  ( 4.353875565893686073, 2.085287539139260016, 4.585883943217360148 ) ) ;
#6977 = SURFACE_STYLE_FILL_AREA ( #38 ) ;
#6978 = EDGE_CURVE ( 'NONE', #6400, #6834, #4860, .T. ) ;
#6979 = CARTESIAN_POINT ( 'NONE',  ( 4.299999999999999822, 2.300000000000000266, 4.549999999999998934 ) ) ;
#6980 = DIRECTION ( 'NONE',  ( 0.000000000000000000, -0.000000000000000000, -1.000000000000000000 ) ) ;
#6981 = AXIS2_PLACEMENT_3D ( 'NONE', #5425, #7798, #760 ) ;
#6982 = STYLED_ITEM ( 'NONE', ( #4734 ), #3661 ) ;
#6983 = CARTESIAN_POINT ( 'NONE',  ( 4.399929289321881321, 0.7999999999999999334, 4.649999999999999467 ) ) ;
#6984 = VERTEX_POINT ( 'NONE', #10183 ) ;
#6985 = VECTOR ( 'NONE', #8432, 1000.000000000000000 ) ;
#6986 = FACE_OUTER_BOUND ( 'NONE', #8621, .T. ) ;
#6987 = CARTESIAN_POINT ( 'NONE',  ( 4.849999999999998757, 0.000000000000000000, 1.999999999999999556 ) ) ;
#6988 = LINE ( 'NONE', #4463, #9106 ) ;
#6989 = DIRECTION ( 'NONE',  ( 1.626303258728256059E-15, 0.000000000000000000, 1.000000000000000000 ) ) ;
#6990 = CIRCLE ( 'NONE', #9674, 0.1999999999999996503 ) ;
#6991 = ORIENTED_EDGE ( 'NONE', *, *, #7412, .T. ) ;
#6992 = SURFACE_STYLE_FILL_AREA ( #2298 ) ;
#6993 = CYLINDRICAL_SURFACE ( 'NONE', #7085, 0.4000000000000006328 ) ;
#6994 = ORIENTED_EDGE ( 'NONE', *, *, #567, .T. ) ;
#6995 = PRESENTATION_LAYER_ASSIGNMENT (  '', '', ( #3881 ) ) ;
#6996 = SURFACE_SIDE_STYLE ('',( #6279 ) ) ;
#6997 = AXIS2_PLACEMENT_3D ( 'NONE', #3337, #2554, #8234 ) ;
#6998 = ORIENTED_EDGE ( 'NONE', *, *, #252, .T. ) ;
#6999 = ORIENTED_EDGE ( 'NONE', *, *, #8063, .T. ) ;
#7000 = CARTESIAN_POINT ( 'NONE',  ( 3.850000000000088463, 0.8000000000000000444, -4.000000000000000888 ) ) ;
#7001 = DIRECTION ( 'NONE',  ( 1.626303258728256257E-15, 0.000000000000000000, 1.000000000000000000 ) ) ;
#7002 = CARTESIAN_POINT ( 'NONE',  ( 4.456613802740582386, 2.267607869197447279, 4.583321372093178248 ) ) ;
#7003 = UNCERTAINTY_MEASURE_WITH_UNIT (LENGTH_MEASURE( 1.000000000000000082E-05 ), #8860, 'distance_accuracy_value', 'NONE');
#7004 = VECTOR ( 'NONE', #9766, 1000.000000000000000 ) ;
#7005 = AXIS2_PLACEMENT_3D ( 'NONE', #3211, #2439, #10245 ) ;
#7006 = APPLICATION_CONTEXT ( 'automotive_design' ) ;
#7007 = FILL_AREA_STYLE ('',( #4591 ) ) ;
#7008 = ORIENTED_EDGE ( 'NONE', *, *, #187, .F. ) ;
#7009 = LINE ( 'NONE', #10031, #7598 ) ;
#7010 = CARTESIAN_POINT ( 'NONE',  ( -4.850000000000001421, 0.8000000000000000444, -0.4000000000000019096 ) ) ;
#7011 = DIRECTION ( 'NONE',  ( 0.000000000000000000, -1.000000000000000000, 0.000000000000000000 ) ) ;
#7012 = EDGE_CURVE ( 'NONE', #1121, #6741, #7172, .T. ) ;
#7013 = PRESENTATION_LAYER_ASSIGNMENT (  '', '', ( #5700 ) ) ;
#7014 = ORIENTED_EDGE ( 'NONE', *, *, #9845, .F. ) ;
#7015 = FILL_AREA_STYLE ('',( #6241 ) ) ;
#7016 = ORIENTED_EDGE ( 'NONE', *, *, #4613, .F. ) ;
#7017 = CARTESIAN_POINT ( 'NONE',  ( -4.316699762401994711, 2.302000000000000490, 4.629276107729752177 ) ) ;
#7018 = PLANE ( 'NONE',  #3809 ) ;
#7019 = ORIENTED_EDGE ( 'NONE', *, *, #2289, .F. ) ;
#7020 = EDGE_CURVE ( 'NONE', #7560, #3545, #5426, .T. ) ;
#7021 = DIRECTION ( 'NONE',  ( -0.000000000000000000, -1.000000000000000000, -0.000000000000000000 ) ) ;
#7022 = EDGE_LOOP ( 'NONE', ( #6643, #10211, #3855, #5422 ) ) ;
#7023 =( NAMED_UNIT ( * ) SI_UNIT ( $, .STERADIAN. ) SOLID_ANGLE_UNIT ( ) );
#7024 = CARTESIAN_POINT ( 'NONE',  ( -4.850000000000000533, 2.080624847486572282, -1.500000000000001332 ) ) ;
#7025 = LINE ( 'NONE', #10234, #2994 ) ;
#7026 = SURFACE_STYLE_USAGE ( .BOTH. , #10235 ) ;
#7027 = SURFACE_STYLE_FILL_AREA ( #3318 ) ;
#7028 = CARTESIAN_POINT ( 'NONE',  ( -4.399999999999999467, 2.014297578980001280, 4.640833604018044234 ) ) ;
#7029 = VECTOR ( 'NONE', #7500, 1000.000000000000000 ) ;
#7030 = EDGE_CURVE ( 'NONE', #7058, #660, #1495, .T. ) ;
#7031 =( LENGTH_UNIT ( ) NAMED_UNIT ( * ) SI_UNIT ( .MILLI., .METRE. ) );
#7032 = DIRECTION ( 'NONE',  ( -0.000000000000000000, -1.000000000000000000, -0.000000000000000000 ) ) ;
#7033 = CARTESIAN_POINT ( 'NONE',  ( 2.699999999999999289, 0.7999999999999990452, 4.650000000000003908 ) ) ;
#7034 = ORIENTED_EDGE ( 'NONE', *, *, #4419, .F. ) ;
#7035 = FILL_AREA_STYLE ('',( #8607 ) ) ;
#7036 = AXIS2_PLACEMENT_3D ( 'NONE', #5219, #10043, #664 ) ;
#7037 = CARTESIAN_POINT ( 'NONE',  ( -3.849999999999940137, 0.8000000000000000444, -0.7000000000000018430 ) ) ;
#7038 =( GEOMETRIC_REPRESENTATION_CONTEXT ( 3 ) GLOBAL_UNCERTAINTY_ASSIGNED_CONTEXT ( ( #1528 ) ) GLOBAL_UNIT_ASSIGNED_CONTEXT ( ( #9668, #2400, #7147 ) ) REPRESENTATION_CONTEXT ( 'NONE', 'WORKASPACE' ) );
#7039 = PRESENTATION_STYLE_ASSIGNMENT (( #840 ) ) ;
#7040 = DIRECTION ( 'NONE',  ( 0.000000000000000000, -0.000000000000000000, 1.000000000000000000 ) ) ;
#7041 = CARTESIAN_POINT ( 'NONE',  ( 3.850000000000076472, 0.8000000000000000444, -3.700000000000001066 ) ) ;
#7042 = EDGE_CURVE ( 'NONE', #8256, #4475, #4652, .T. ) ;
#7043 = ORIENTED_EDGE ( 'NONE', *, *, #7928, .T. ) ;
#7044 = VECTOR ( 'NONE', #4862, 1000.000000000000000 ) ;
#7045 = CARTESIAN_POINT ( 'NONE',  ( 3.849999999999996092, 2.080624847486572282, -0.4000000000000010214 ) ) ;
#7046 = VECTOR ( 'NONE', #6611, 1000.000000000000000 ) ;
#7047 = ORIENTED_EDGE ( 'NONE', *, *, #7816, .T. ) ;
#7048 = CARTESIAN_POINT ( 'NONE',  ( -4.299999999999998934, 2.097980000000000178, -4.549999999999998934 ) ) ;
#7049 = EDGE_CURVE ( 'NONE', #254, #6381, #9423, .T. ) ;
#7050 = ORIENTED_EDGE ( 'NONE', *, *, #1262, .F. ) ;
#7051 = VECTOR ( 'NONE', #4110, 1000.000000000000000 ) ;
#7052 = ORIENTED_EDGE ( 'NONE', *, *, #9571, .T. ) ;
#7053 =( LENGTH_UNIT ( ) NAMED_UNIT ( * ) SI_UNIT ( .MILLI., .METRE. ) );
#7054 = AXIS2_PLACEMENT_3D ( 'NONE', #3492, #5148, #5968 ) ;
#7055 = LINE ( 'NONE', #8572, #10025 ) ;
#7056 = DIRECTION ( 'NONE',  ( 0.000000000000000000, -1.000000000000000000, -0.000000000000000000 ) ) ;
#7057 =( NAMED_UNIT ( * ) SI_UNIT ( $, .STERADIAN. ) SOLID_ANGLE_UNIT ( ) );
#7058 = VERTEX_POINT ( 'NONE', #27 ) ;
#7059 = LINE ( 'NONE', #7010, #8887 ) ;
#7060 = PLANE ( 'NONE',  #299 ) ;
#7061 = SURFACE_STYLE_USAGE ( .BOTH. , #6238 ) ;
#7062 = VERTEX_POINT ( 'NONE', #3196 ) ;
#7063 = ORIENTED_EDGE ( 'NONE', *, *, #6263, .T. ) ;
#7064 = ADVANCED_FACE ( 'NONE', ( #6351 ), #2418, .T. ) ;
#7065 = DIRECTION ( 'NONE',  ( 4.336808689942006692E-15, -0.000000000000000000, -1.000000000000000000 ) ) ;
#7066 = VERTEX_POINT ( 'NONE', #3551 ) ;
#7067 = ADVANCED_FACE ( 'NONE', ( #1173 ), #5875, .F. ) ;
#7068 = CARTESIAN_POINT ( 'NONE',  ( 4.456595997628985728, 2.267668071082945325, 4.583309763107293655 ) ) ;
#7069 = ORIENTED_EDGE ( 'NONE', *, *, #10133, .T. ) ;
#7070 = FILL_AREA_STYLE ('',( #5477 ) ) ;
#7071 = SURFACE_STYLE_FILL_AREA ( #7643 ) ;
#7072 = DIRECTION ( 'NONE',  ( 1.626303258728256059E-15, 0.000000000000000000, 1.000000000000000000 ) ) ;
#7073 = CARTESIAN_POINT ( 'NONE',  ( 4.314297578979999770, 2.100000000000000089, 4.559095685303836021 ) ) ;
#7074 = SURFACE_STYLE_USAGE ( .BOTH. , #6202 ) ;
#7075 = DIRECTION ( 'NONE',  ( 0.000000000000000000, 1.000000000000000000, 0.000000000000000000 ) ) ;
#7076 = FILL_AREA_STYLE_COLOUR ( '', #8273 ) ;
#7077 = ORIENTED_EDGE ( 'NONE', *, *, #2421, .T. ) ;
#7078 = EDGE_CURVE ( 'NONE', #615, #927, #9054, .T. ) ;
#7079 = DIRECTION ( 'NONE',  ( -0.000000000000000000, 0.000000000000000000, 1.000000000000000000 ) ) ;
#7080 = VECTOR ( 'NONE', #920, 1000.000000000000000 ) ;
#7081 = ORIENTED_EDGE ( 'NONE', *, *, #7049, .T. ) ;
#7082 = FILL_AREA_STYLE ('',( #837 ) ) ;
#7083 = LINE ( 'NONE', #7869, #2714 ) ;
#7084 = AXIS2_PLACEMENT_3D ( 'NONE', #7439, #8080, #5128 ) ;
#7085 = AXIS2_PLACEMENT_3D ( 'NONE', #3013, #5451, #2198 ) ;
#7086 = CARTESIAN_POINT ( 'NONE',  ( -3.849999999999997424, 2.080624847486572282, 1.499999999999999556 ) ) ;
#7087 = CARTESIAN_POINT ( 'NONE',  ( -2.399999999999999467, 1.687792868793693186E-14, -4.850000000000005862 ) ) ;
#7088 = DIRECTION ( 'NONE',  ( -1.000000000000000000, -0.000000000000000000, 0.000000000000000000 ) ) ;
#7089 = ORIENTED_EDGE ( 'NONE', *, *, #3767, .T. ) ;
#7090 = MECHANICAL_DESIGN_GEOMETRIC_PRESENTATION_REPRESENTATION (  '', ( #4052 ), #2147 ) ;
#7091 = CARTESIAN_POINT ( 'NONE',  ( -4.352198665876326977, 2.089222690360982959, 4.583309763107296320 ) ) ;
#7092 = VECTOR ( 'NONE', #2445, 1000.000000000000000 ) ;
#7093 = ADVANCED_FACE ( 'NONE', ( #378 ), #9737, .F. ) ;
#7094 = SURFACE_SIDE_STYLE ('',( #795 ) ) ;
#7095 = ORIENTED_EDGE ( 'NONE', *, *, #8002, .F. ) ;
#7096 = CARTESIAN_POINT ( 'NONE',  ( -4.299999999999999822, 2.100000000000000089, 4.549999999999999822 ) ) ;
#7097 = VECTOR ( 'NONE', #3333, 1000.000000000000000 ) ;
#7098 = VERTEX_POINT ( 'NONE', #8463 ) ;
#7099 = PRESENTATION_LAYER_ASSIGNMENT (  '', '', ( #1332 ) ) ;
#7100 = ORIENTED_EDGE ( 'NONE', *, *, #9091, .F. ) ;
#7101 = DIRECTION ( 'NONE',  ( -0.000000000000000000, 1.000000000000000000, -0.000000000000000000 ) ) ;
#7102 = SURFACE_SIDE_STYLE ('',( #8623 ) ) ;
#7103 = ADVANCED_FACE ( 'NONE', ( #4425 ), #1276, .F. ) ;
#7104 = CARTESIAN_POINT ( 'NONE',  ( -4.400000000000006573, 1.534563074902560996E-14, 0.000000000000000000 ) ) ;
#7105 = UNCERTAINTY_MEASURE_WITH_UNIT (LENGTH_MEASURE( 1.000000000000000082E-05 ), #6843, 'distance_accuracy_value', 'NONE');
#7106 =( NAMED_UNIT ( * ) SI_UNIT ( $, .STERADIAN. ) SOLID_ANGLE_UNIT ( ) );
#7107 = ORIENTED_EDGE ( 'NONE', *, *, #7908, .T. ) ;
#7108 = DIRECTION ( 'NONE',  ( -0.000000000000000000, 1.000000000000000000, -0.000000000000000000 ) ) ;
#7109 = VECTOR ( 'NONE', #1708, 1000.000000000000000 ) ;
#7110 = B_SPLINE_SURFACE_WITH_KNOTS ( 'NONE', 1, 3, ( 
 ( #9830, #4961, #4238, #1853, #8114, #242 ),
 ( #5877, #1032, #3406, #2629, #4194, #5826 ),
 ( #1175, #7329, #1125, #1079, #7372, #6604 ),
 ( #9789, #2680, #9003, #5060, #9055, #4286 ) ),
 .UNSPECIFIED., .F., .F., .F.,
 ( 2, 1, 1, 2 ),
 ( 4, 2, 4 ),
 ( -0.01000000000000000021, 0.000000000000000000, 1.000000000000000000, 1.010099999999999998 ),
 ( 0.000000000000000000, 0.5000000000000000000, 1.000000000000000000 ),
 .UNSPECIFIED. ) ;
#7111 = CARTESIAN_POINT ( 'NONE',  ( 4.850000000000000533, 2.080624847486572282, 2.199999999999999289 ) ) ;
#7112 = VERTEX_POINT ( 'NONE', #4535 ) ;
#7113 = ORIENTED_EDGE ( 'NONE', *, *, #9057, .F. ) ;
#7114 = DIRECTION ( 'NONE',  ( -0.000000000000000000, 0.000000000000000000, 1.000000000000000000 ) ) ;
#7115 = DIRECTION ( 'NONE',  ( 1.000000000000000000, 0.000000000000000000, -4.336808689942006692E-15 ) ) ;
#7116 = VECTOR ( 'NONE', #8699, 1000.000000000000000 ) ;
#7117 = ORIENTED_EDGE ( 'NONE', *, *, #7174, .F. ) ;
#7118 = CARTESIAN_POINT ( 'NONE',  ( 4.601999999999999424, 2.079276107729748801, 4.633229526919886432 ) ) ;
#7119 = VERTEX_POINT ( 'NONE', #2926 ) ;
#7120 = PRESENTATION_LAYER_ASSIGNMENT (  '', '', ( #4486 ) ) ;
#7121 = CARTESIAN_POINT ( 'NONE',  ( 3.850000000000088018, 0.000000000000000000, -4.000000000000000888 ) ) ;
#7122 = SURFACE_SIDE_STYLE ('',( #2232 ) ) ;
#7123 = DIRECTION ( 'NONE',  ( 4.336808689942006692E-15, -0.000000000000000000, -1.000000000000000000 ) ) ;
#7124 = FACE_OUTER_BOUND ( 'NONE', #377, .T. ) ;
#7125 = SURFACE_STYLE_FILL_AREA ( #3939 ) ;
#7126 = FACE_OUTER_BOUND ( 'NONE', #8616, .T. ) ;
#7127 = ORIENTED_EDGE ( 'NONE', *, *, #3892, .F. ) ;
#7128 = AXIS2_PLACEMENT_3D ( 'NONE', #2082, #10149, #4449 ) ;
#7129 = ORIENTED_EDGE ( 'NONE', *, *, #3804, .T. ) ;
#7130 =( LENGTH_UNIT ( ) NAMED_UNIT ( * ) SI_UNIT ( .MILLI., .METRE. ) );
#7131 = CARTESIAN_POINT ( 'NONE',  ( -3.849999999999952127, 0.8000000000000000444, -0.4000000000000019096 ) ) ;
#7132 = DIRECTION ( 'NONE',  ( -1.000000000000000000, 0.000000000000000000, -0.000000000000000000 ) ) ;
#7133 = ADVANCED_FACE ( 'NONE', ( #8406 ), #7682, .F. ) ;
#7134 = FILL_AREA_STYLE_COLOUR ( '', #9835 ) ;
#7135 = DIRECTION ( 'NONE',  ( 0.000000000000000000, -1.000000000000000000, -3.491481338843133355E-15 ) ) ;
#7136 = VECTOR ( 'NONE', #9371, 1000.000000000000000 ) ;
#7137 = PRESENTATION_LAYER_ASSIGNMENT (  '', '', ( #5825 ) ) ;
#7138 = DIRECTION ( 'NONE',  ( -0.000000000000000000, -1.000000000000000000, -3.336006684570780538E-15 ) ) ;
#7139 = CARTESIAN_POINT ( 'NONE',  ( -4.352912116645365259, 2.067360711228182435, 4.623908961451459909 ) ) ;
#7140 = DIRECTION ( 'NONE',  ( 1.000000000000000000, 0.000000000000000000, -0.000000000000000000 ) ) ;
#7141 = VECTOR ( 'NONE', #5624, 1000.000000000000000 ) ;
#7142 = ORIENTED_EDGE ( 'NONE', *, *, #1402, .F. ) ;
#7143 = VECTOR ( 'NONE', #2480, 1000.000000000000000 ) ;
#7144 = EDGE_CURVE ( 'NONE', #9862, #2416, #431, .T. ) ;
#7145 = CARTESIAN_POINT ( 'NONE',  ( -4.326232285936367106, 2.100000000000000089, 4.566688183223974740 ) ) ;
#7146 = EDGE_CURVE ( 'NONE', #3093, #1585, #647, .T. ) ;
#7147 =( NAMED_UNIT ( * ) SI_UNIT ( $, .STERADIAN. ) SOLID_ANGLE_UNIT ( ) );
#7148 = ORIENTED_EDGE ( 'NONE', *, *, #955, .T. ) ;
#7149 = LINE ( 'NONE', #3227, #2389 ) ;
#7150 = AXIS2_PLACEMENT_3D ( 'NONE', #177, #1834, #7990 ) ;
#7151 = ORIENTED_EDGE ( 'NONE', *, *, #526, .F. ) ;
#7152 = VERTEX_POINT ( 'NONE', #8350 ) ;
#7153 = CARTESIAN_POINT ( 'NONE',  ( 3.850000000000053380, 0.8000000000000000444, -1.500000000000001332 ) ) ;
#7154 = EDGE_CURVE ( 'NONE', #9340, #398, #480, .T. ) ;
#7155 = DIRECTION ( 'NONE',  ( -0.000000000000000000, 1.000000000000000000, -0.000000000000000000 ) ) ;
#7156 = EDGE_CURVE ( 'NONE', #8750, #2036, #6026, .T. ) ;
#7157 = EDGE_CURVE ( 'NONE', #994, #1392, #2741, .T. ) ;
#7158 = ORIENTED_EDGE ( 'NONE', *, *, #4802, .F. ) ;
#7159 = CARTESIAN_POINT ( 'NONE',  ( 4.399929289321881321, 1.999999999999999556, -4.649999999999999467 ) ) ;
#7160 = MECHANICAL_DESIGN_GEOMETRIC_PRESENTATION_REPRESENTATION (  '', ( #7829 ), #3382 ) ;
#7161 = PRESENTATION_LAYER_ASSIGNMENT (  '', '', ( #227 ) ) ;
#7162 = CARTESIAN_POINT ( 'NONE',  ( -4.850000000000000533, 0.7999999999999999334, -8.673617379884035472E-16 ) ) ;
#7163 = PRESENTATION_STYLE_ASSIGNMENT (( #6448 ) ) ;
#7164 = ORIENTED_EDGE ( 'NONE', *, *, #3902, .F. ) ;
#7165 = CARTESIAN_POINT ( 'NONE',  ( -4.849999999999993427, 0.8000000000000000444, 3.699999999999998401 ) ) ;
#7166 = FILL_AREA_STYLE ('',( #5520 ) ) ;
#7167 = ORIENTED_EDGE ( 'NONE', *, *, #4162, .F. ) ;
#7168 = AXIS2_PLACEMENT_3D ( 'NONE', #9860, #2906, #8386 ) ;
#7169 = DIRECTION ( 'NONE',  ( 0.000000000000000000, 0.000000000000000000, 1.000000000000000000 ) ) ;
#7170 = VECTOR ( 'NONE', #8613, 1000.000000000000000 ) ;
#7171 = AXIS2_PLACEMENT_3D ( 'NONE', #8243, #4180, #4945 ) ;
#7172 = LINE ( 'NONE', #5525, #3803 ) ;
#7173 = ORIENTED_EDGE ( 'NONE', *, *, #6069, .F. ) ;
#7174 = EDGE_CURVE ( 'NONE', #3283, #1427, #8522, .T. ) ;
#7175 = CARTESIAN_POINT ( 'NONE',  ( 4.601999999999999424, 2.000000000000001332, 4.649929289321881321 ) ) ;
#7176 = VERTEX_POINT ( 'NONE', #4376 ) ;
#7177 = LINE ( 'NONE', #3249, #6896 ) ;
#7178 = LINE ( 'NONE', #5682, #3924 ) ;
#7179 = LINE ( 'NONE', #8018, #2698 ) ;
#7180 = COLOUR_RGB ( '',0.000000000000000000, 0.5019607843137254832, 0.000000000000000000 ) ;
#7181 = CIRCLE ( 'NONE', #8516, 0.5999999999999998668 ) ;
#7182 = VECTOR ( 'NONE', #6935, 1000.000000000000000 ) ;
#7183 = FILL_AREA_STYLE_COLOUR ( '', #849 ) ;
#7184 = PRESENTATION_STYLE_ASSIGNMENT (( #9695 ) ) ;
#7185 = ORIENTED_EDGE ( 'NONE', *, *, #2780, .T. ) ;
#7186 = SURFACE_STYLE_USAGE ( .BOTH. , #3204 ) ;
#7187 = SURFACE_STYLE_USAGE ( .BOTH. , #9589 ) ;
#7188 = VERTEX_POINT ( 'NONE', #9203 ) ;
#7189 = FILL_AREA_STYLE ('',( #8029 ) ) ;
#7190 = ORIENTED_EDGE ( 'NONE', *, *, #7796, .T. ) ;
#7191 =( NAMED_UNIT ( * ) SI_UNIT ( $, .STERADIAN. ) SOLID_ANGLE_UNIT ( ) );
#7192 = CYLINDRICAL_SURFACE ( 'NONE', #903, 0.1999999999999996503 ) ;
#7193 = CARTESIAN_POINT ( 'NONE',  ( 3.849999999999996092, 2.080624847486572282, 0.6999999999999992895 ) ) ;
#7194 = PLANE ( 'NONE',  #1409 ) ;
#7195 = ORIENTED_EDGE ( 'NONE', *, *, #8275, .T. ) ;
#7196 = DIRECTION ( 'NONE',  ( 1.000000000000000000, 0.000000000000000000, -0.000000000000000000 ) ) ;
#7197 = AXIS2_PLACEMENT_3D ( 'NONE', #6957, #2408, #1527 ) ;
#7198 = CARTESIAN_POINT ( 'NONE',  ( 4.850000000000001421, 0.000000000000000000, -2.900000000000000799 ) ) ;
#7199 = ORIENTED_EDGE ( 'NONE', *, *, #4880, .F. ) ;
#7200 = ADVANCED_FACE ( 'NONE', ( #9975 ), #6125, .T. ) ;
#7201 = CARTESIAN_POINT ( 'NONE',  ( -4.399929289321881321, 0.7999999999999999334, -4.649999999999999467 ) ) ;
#7202 = PRESENTATION_LAYER_ASSIGNMENT (  '', '', ( #9540 ) ) ;
#7203 = VERTEX_POINT ( 'NONE', #3598 ) ;
#7204 = CARTESIAN_POINT ( 'NONE',  ( 4.849999999999998757, 0.7999999999999999334, -0.2000000000000005107 ) ) ;
#7205 = VECTOR ( 'NONE', #8139, 1000.000000000000000 ) ;
#7206 = FACE_OUTER_BOUND ( 'NONE', #5429, .T. ) ;
#7207 = ADVANCED_FACE ( 'NONE', ( #3714 ), #6856, .F. ) ;
#7208 = VERTEX_POINT ( 'NONE', #3233 ) ;
#7209 = ORIENTED_EDGE ( 'NONE', *, *, #1665, .F. ) ;
#7210 = DIRECTION ( 'NONE',  ( 1.000000000000000000, -0.000000000000000000, 1.626303258728256257E-15 ) ) ;
#7211 = VECTOR ( 'NONE', #6183, 1000.000000000000000 ) ;
#7212 = UNCERTAINTY_MEASURE_WITH_UNIT (LENGTH_MEASURE( 1.000000000000000082E-05 ), #76, 'distance_accuracy_value', 'NONE');
#7213 = FACE_OUTER_BOUND ( 'NONE', #8143, .T. ) ;
#7214 = STYLED_ITEM ( 'NONE', ( #1857 ), #5460 ) ;
#7215 = ORIENTED_EDGE ( 'NONE', *, *, #4755, .F. ) ;
#7216 = LINE ( 'NONE', #6339, #8255 ) ;
#7217 = LINE ( 'NONE', #1744, #9681 ) ;
#7218 = VECTOR ( 'NONE', #4214, 1000.000000000000000 ) ;
#7219 = CIRCLE ( 'NONE', #2760, 0.4000000000000006328 ) ;
#7220 = VECTOR ( 'NONE', #1630, 1000.000000000000000 ) ;
#7221 = ORIENTED_EDGE ( 'NONE', *, *, #7681, .F. ) ;
#7222 = DIRECTION ( 'NONE',  ( 0.000000000000000000, 0.000000000000000000, -1.000000000000000000 ) ) ;
#7223 = LINE ( 'NONE', #3852, #8580 ) ;
#7224 = ORIENTED_EDGE ( 'NONE', *, *, #1995, .T. ) ;
#7225 = CARTESIAN_POINT ( 'NONE',  ( -4.316688067432191467, 2.097980000000000622, 4.575701847718432802 ) ) ;
#7226 = LINE ( 'NONE', #10225, #5779 ) ;
#7227 = EDGE_LOOP ( 'NONE', ( #1772, #10014, #906, #10061 ) ) ;
#7228 = FACE_OUTER_BOUND ( 'NONE', #89, .T. ) ;
#7229 = EDGE_CURVE ( 'NONE', #7253, #7749, #748, .T. ) ;
#7230 = ORIENTED_EDGE ( 'NONE', *, *, #1393, .T. ) ;
#7231 = DIRECTION ( 'NONE',  ( -4.336808689942006692E-15, 0.000000000000000000, 1.000000000000000000 ) ) ;
#7232 = STYLED_ITEM ( 'NONE', ( #5531 ), #5400 ) ;
#7233 = ADVANCED_FACE ( 'NONE', ( #10173 ), #9563, .F. ) ;
#7234 = CARTESIAN_POINT ( 'NONE',  ( 4.850000000000001421, 0.7999999999999999334, 2.600000000000000533 ) ) ;
#7235 = PLANE ( 'NONE',  #6467 ) ;
#7236 =( NAMED_UNIT ( * ) PLANE_ANGLE_UNIT ( ) SI_UNIT ( $, .RADIAN. ) );
#7237 = EDGE_LOOP ( 'NONE', ( #6012, #9790, #2615, #3222 ) ) ;
#7238 = CARTESIAN_POINT ( 'NONE',  ( -3.449999999999999289, 2.200000000000000178, -3.649999999999999467 ) ) ;
#7239 =( NAMED_UNIT ( * ) PLANE_ANGLE_UNIT ( ) SI_UNIT ( $, .RADIAN. ) );
#7240 = PRESENTATION_STYLE_ASSIGNMENT (( #8702 ) ) ;
#7241 = ORIENTED_EDGE ( 'NONE', *, *, #6520, .T. ) ;
#7242 = EDGE_CURVE ( 'NONE', #3709, #7058, #9360, .T. ) ;
#7243 = ORIENTED_EDGE ( 'NONE', *, *, #1736, .T. ) ;
#7244 =( LENGTH_UNIT ( ) NAMED_UNIT ( * ) SI_UNIT ( .MILLI., .METRE. ) );
#7245 = DIRECTION ( 'NONE',  ( -0.000000000000000000, -0.000000000000000000, -1.000000000000000000 ) ) ;
#7246 = DIRECTION ( 'NONE',  ( -0.000000000000000000, 1.000000000000000000, -0.000000000000000000 ) ) ;
#7247 = CARTESIAN_POINT ( 'NONE',  ( 3.850000000000043610, 0.8000000000000000444, 0.3999999999999993006 ) ) ;
#7248 = LINE ( 'NONE', #4056, #2853 ) ;
#7249 = ORIENTED_EDGE ( 'NONE', *, *, #6030, .T. ) ;
#7250 =( GEOMETRIC_REPRESENTATION_CONTEXT ( 3 ) GLOBAL_UNCERTAINTY_ASSIGNED_CONTEXT ( ( #6904 ) ) GLOBAL_UNIT_ASSIGNED_CONTEXT ( ( #1586, #5468, #659 ) ) REPRESENTATION_CONTEXT ( 'NONE', 'WORKASPACE' ) );
#7251 =( NAMED_UNIT ( * ) PLANE_ANGLE_UNIT ( ) SI_UNIT ( $, .RADIAN. ) );
#7252 = DIRECTION ( 'NONE',  ( 0.000000000000000000, 1.000000000000000000, 0.000000000000000000 ) ) ;
#7253 = VERTEX_POINT ( 'NONE', #4013 ) ;
#7254 = DIRECTION ( 'NONE',  ( 0.000000000000000000, -0.000000000000000000, -1.000000000000000000 ) ) ;
#7255 = VECTOR ( 'NONE', #8868, 1000.000000000000000 ) ;
#7256 = VECTOR ( 'NONE', #9680, 1000.000000000000000 ) ;
#7257 = CARTESIAN_POINT ( 'NONE',  ( 0.000000000000000000, 0.8000000000000000444, 3.699999999999999734 ) ) ;
#7258 = SURFACE_STYLE_USAGE ( .BOTH. , #5860 ) ;
#7259 = VERTEX_POINT ( 'NONE', #5414 ) ;
#7260 = ORIENTED_EDGE ( 'NONE', *, *, #1523, .T. ) ;
#7261 = CARTESIAN_POINT ( 'NONE',  ( -4.353875565893686073, 2.085287539139260016, -4.585883943217360148 ) ) ;
#7262 = VECTOR ( 'NONE', #3590, 1000.000000000000000 ) ;
#7263 = DIRECTION ( 'NONE',  ( 1.000000000000000000, 0.000000000000000000, -0.000000000000000000 ) ) ;
#7264 = DIRECTION ( 'NONE',  ( 0.000000000000000000, 1.000000000000000000, 3.336006684570780538E-15 ) ) ;
#7265 = EDGE_LOOP ( 'NONE', ( #7636, #3070, #10223, #6179 ) ) ;
#7266 = CARTESIAN_POINT ( 'NONE',  ( -3.849999999999905942, 0.000000000000000000, -4.000000000000001776 ) ) ;
#7267 = STYLED_ITEM ( 'NONE', ( #6379 ), #10151 ) ;
#7268 = CARTESIAN_POINT ( 'NONE',  ( 4.850000000000001421, 0.000000000000000000, 5.049999999999999822 ) ) ;
#7269 = AXIS2_PLACEMENT_3D ( 'NONE', #6743, #7733, #5206 ) ;
#7270 = SURFACE_SIDE_STYLE ('',( #3493 ) ) ;
#7271 = PRESENTATION_LAYER_ASSIGNMENT (  '', '', ( #476 ) ) ;
#7272 = EDGE_CURVE ( 'NONE', #9101, #5608, #9510, .T. ) ;
#7273 = ORIENTED_EDGE ( 'NONE', *, *, #5652, .F. ) ;
#7274 = LINE ( 'NONE', #864, #1702 ) ;
#7275 =( NAMED_UNIT ( * ) PLANE_ANGLE_UNIT ( ) SI_UNIT ( $, .RADIAN. ) );
#7276 = ORIENTED_EDGE ( 'NONE', *, *, #9123, .F. ) ;
#7277 = FILL_AREA_STYLE ('',( #5106 ) ) ;
#7278 = EDGE_LOOP ( 'NONE', ( #9347, #4207, #1274, #8395 ) ) ;
#7279 = VECTOR ( 'NONE', #3696, 1000.000000000000000 ) ;
#7280 =( LENGTH_UNIT ( ) NAMED_UNIT ( * ) SI_UNIT ( .MILLI., .METRE. ) );
#7281 = STYLED_ITEM ( 'NONE', ( #9332 ), #4495 ) ;
#7282 = EDGE_LOOP ( 'NONE', ( #6531, #5115, #7767, #1440 ) ) ;
#7283 = LINE ( 'NONE', #6406, #7383 ) ;
#7284 = CARTESIAN_POINT ( 'NONE',  ( 4.850000000000000533, 0.000000000000000000, -3.700000000000000622 ) ) ;
#7285 = DIRECTION ( 'NONE',  ( 0.000000000000000000, -1.000000000000000000, 0.000000000000000000 ) ) ;
#7286 = PLANE ( 'NONE',  #3528 ) ;
#7287 = DIRECTION ( 'NONE',  ( -0.000000000000000000, 0.000000000000000000, 1.000000000000000000 ) ) ;
#7288 = COLOUR_RGB ( '',0.000000000000000000, 0.5019607843137254832, 0.000000000000000000 ) ;
#7289 = MECHANICAL_DESIGN_GEOMETRIC_PRESENTATION_REPRESENTATION (  '', ( #4171 ), #9503 ) ;
#7290 = EDGE_CURVE ( 'NONE', #477, #6797, #4793, .T. ) ;
#7291 = VERTEX_POINT ( 'NONE', #7836 ) ;
#7292 =( NAMED_UNIT ( * ) PLANE_ANGLE_UNIT ( ) SI_UNIT ( $, .RADIAN. ) );
#7293 = ORIENTED_EDGE ( 'NONE', *, *, #766, .F. ) ;
#7294 =( LENGTH_UNIT ( ) NAMED_UNIT ( * ) SI_UNIT ( .MILLI., .METRE. ) );
#7295 = EDGE_CURVE ( 'NONE', #9955, #8385, #7055, .T. ) ;
#7296 = CARTESIAN_POINT ( 'NONE',  ( 4.850000000000000533, 0.000000000000000000, -4.400000000000001243 ) ) ;
#7297 = LINE ( 'NONE', #4255, #7491 ) ;
#7298 = PRESENTATION_LAYER_ASSIGNMENT (  '', '', ( #350 ) ) ;
#7299 = FACE_OUTER_BOUND ( 'NONE', #535, .T. ) ;
#7300 = DIRECTION ( 'NONE',  ( 0.000000000000000000, -1.000000000000000000, 0.000000000000000000 ) ) ;
#7301 = LINE ( 'NONE', #8762, #6758 ) ;
#7302 = VERTEX_POINT ( 'NONE', #13 ) ;
#7303 = FACE_OUTER_BOUND ( 'NONE', #4572, .T. ) ;
#7304 = CARTESIAN_POINT ( 'NONE',  ( 4.850000000000000533, 0.7999999999999999334, -8.673617379884035472E-16 ) ) ;
#7305 = PRESENTATION_LAYER_ASSIGNMENT (  '', '', ( #204 ) ) ;
#7306 = DIRECTION ( 'NONE',  ( 0.000000000000000000, -0.000000000000000000, -1.000000000000000000 ) ) ;
#7307 = EDGE_LOOP ( 'NONE', ( #7081, #6312, #3041, #4833 ) ) ;
#7308 = ORIENTED_EDGE ( 'NONE', *, *, #7668, .F. ) ;
#7309 = VECTOR ( 'NONE', #189, 1000.000000000000000 ) ;
#7310 = LINE ( 'NONE', #229, #885 ) ;
#7311 = CARTESIAN_POINT ( 'NONE',  ( -4.299999999999999822, 2.100000000000000089, -4.549999999999999822 ) ) ;
#7312 = FILL_AREA_STYLE_COLOUR ( '', #4392 ) ;
#7313 = UNCERTAINTY_MEASURE_WITH_UNIT (LENGTH_MEASURE( 1.000000000000000082E-05 ), #8470, 'distance_accuracy_value', 'NONE');
#7314 = CARTESIAN_POINT ( 'NONE',  ( -3.849999999999905942, 0.8000000000000000444, -4.000000000000001776 ) ) ;
#7315 = VECTOR ( 'NONE', #462, 1000.000000000000000 ) ;
#7316 = DIRECTION ( 'NONE',  ( 1.000000000000000000, 0.000000000000000000, -4.336808689942006692E-15 ) ) ;
#7317 = SURFACE_STYLE_FILL_AREA ( #4952 ) ;
#7318 = ADVANCED_FACE ( 'NONE', ( #5511 ), #4635, .T. ) ;
#7319 = VECTOR ( 'NONE', #2844, 1000.000000000000000 ) ;
#7320 = ORIENTED_EDGE ( 'NONE', *, *, #6130, .T. ) ;
#7321 = CARTESIAN_POINT ( 'NONE',  ( -4.379235656787693109, 2.300000000000000266, 4.566802439070089648 ) ) ;
#7322 = DIRECTION ( 'NONE',  ( 0.000000000000000000, 1.000000000000000000, 0.000000000000000000 ) ) ;
#7323 = ORIENTED_EDGE ( 'NONE', *, *, #6874, .F. ) ;
#7324 = EDGE_CURVE ( 'NONE', #7677, #1673, #9800, .T. ) ;
#7325 = FILL_AREA_STYLE_COLOUR ( '', #2146 ) ;
#7326 = UNCERTAINTY_MEASURE_WITH_UNIT (LENGTH_MEASURE( 1.000000000000000082E-05 ), #1707, 'distance_accuracy_value', 'NONE');
#7327 = ORIENTED_EDGE ( 'NONE', *, *, #1736, .F. ) ;
#7328 = VECTOR ( 'NONE', #9565, 1000.000000000000000 ) ;
#7329 = CARTESIAN_POINT ( 'NONE',  ( 4.326232285936367106, 2.100000000000000089, -4.566688183223974740 ) ) ;
#7330 = VERTEX_POINT ( 'NONE', #2358 ) ;
#7331 = ADVANCED_FACE ( 'NONE', ( #803 ), #3962, .F. ) ;
#7332 = CARTESIAN_POINT ( 'NONE',  ( 4.850000000000001421, 2.080624847486572282, 4.799999999999999822 ) ) ;
#7333 = FILL_AREA_STYLE ('',( #9643 ) ) ;
#7334 = PRESENTATION_STYLE_ASSIGNMENT (( #874 ) ) ;
#7335 =( GEOMETRIC_REPRESENTATION_CONTEXT ( 3 ) GLOBAL_UNCERTAINTY_ASSIGNED_CONTEXT ( ( #180 ) ) GLOBAL_UNIT_ASSIGNED_CONTEXT ( ( #3967, #2467, #5518 ) ) REPRESENTATION_CONTEXT ( 'NONE', 'WORKASPACE' ) );
#7336 = FILL_AREA_STYLE_COLOUR ( '', #3683 ) ;
#7337 = ADVANCED_FACE ( 'NONE', ( #8942 ), #8098, .T. ) ;
#7338 = CARTESIAN_POINT ( 'NONE',  ( -3.449999999999999289, 2.200000000000000178, -4.049999999999999822 ) ) ;
#7339 = ORIENTED_EDGE ( 'NONE', *, *, #4363, .F. ) ;
#7340 = ADVANCED_FACE ( 'NONE', ( #6496 ), #8149, .F. ) ;
#7341 = LINE ( 'NONE', #253, #5391 ) ;
#7342 = ORIENTED_EDGE ( 'NONE', *, *, #7807, .F. ) ;
#7343 = AXIS2_PLACEMENT_3D ( 'NONE', #5132, #9180, #5232 ) ;
#7344 = CARTESIAN_POINT ( 'NONE',  ( 0.000000000000000000, 1.617963242016830519E-14, 4.650000000000006573 ) ) ;
#7345 = CARTESIAN_POINT ( 'NONE',  ( -4.316802439070087871, 2.299999999999999822, -4.629235656787693109 ) ) ;
#7346 = CARTESIAN_POINT ( 'NONE',  ( 4.850000000000001421, 2.080624847486572282, -0.7000000000000009548 ) ) ;
#7347 = PLANE ( 'NONE',  #2700 ) ;
#7348 = PLANE ( 'NONE',  #5769 ) ;
#7349 = LINE ( 'NONE', #9898, #4798 ) ;
#7350 = ORIENTED_EDGE ( 'NONE', *, *, #8603, .T. ) ;
#7351 = EDGE_CURVE ( 'NONE', #7291, #414, #8529, .T. ) ;
#7352 = CARTESIAN_POINT ( 'NONE',  ( 4.383126850251795048, 2.079235656787697284, -4.849999999999999645 ) ) ;
#7353 = ORIENTED_EDGE ( 'NONE', *, *, #158, .T. ) ;
#7354 = CARTESIAN_POINT ( 'NONE',  ( 4.850000000000001421, 2.080624847486572282, -4.000000000000000888 ) ) ;
#7355 =( NAMED_UNIT ( * ) PLANE_ANGLE_UNIT ( ) SI_UNIT ( $, .RADIAN. ) );
#7356 = ORIENTED_EDGE ( 'NONE', *, *, #8925, .F. ) ;
#7357 = EDGE_CURVE ( 'NONE', #10020, #9101, #1785, .T. ) ;
#7358 = VERTEX_POINT ( 'NONE', #279 ) ;
#7359 = SURFACE_STYLE_USAGE ( .BOTH. , #5046 ) ;
#7360 = CARTESIAN_POINT ( 'NONE',  ( -4.328814561459464194, 2.096820589076221264, -4.568346283974525690 ) ) ;
#7361 = PRESENTATION_STYLE_ASSIGNMENT (( #1110 ) ) ;
#7362 = FACE_OUTER_BOUND ( 'NONE', #3562, .T. ) ;
#7363 = CARTESIAN_POINT ( 'NONE',  ( -4.850000000000000533, 0.000000000000000000, 3.499999999999998668 ) ) ;
#7364 = SURFACE_STYLE_USAGE ( .BOTH. , #8000 ) ;
#7365 = LINE ( 'NONE', #1789, #4042 ) ;
#7366 = VECTOR ( 'NONE', #9653, 1000.000000000000000 ) ;
#7367 = ORIENTED_EDGE ( 'NONE', *, *, #8641, .F. ) ;
#7368 = CARTESIAN_POINT ( 'NONE',  ( -3.849999999999996092, 2.080624847486572282, 3.999999999999999112 ) ) ;
#7369 = EDGE_LOOP ( 'NONE', ( #7952, #4478, #852, #9667, #6787, #8962 ) ) ;
#7370 = AXIS2_PLACEMENT_3D ( 'NONE', #5880, #5977, #7624 ) ;
#7371 = DIRECTION ( 'NONE',  ( 0.000000000000000000, 0.000000000000000000, 1.000000000000000000 ) ) ;
#7372 = CARTESIAN_POINT ( 'NONE',  ( 4.399999999999999467, 2.026232285936369060, -4.633241106097909068 ) ) ;
#7373 = ORIENTED_EDGE ( 'NONE', *, *, #4580, .F. ) ;
#7374 = LINE ( 'NONE', #4808, #1118 ) ;
#7375 = COLOUR_RGB ( '',0.8980392156862745390, 0.8980392156862745390, 0.8980392156862745390 ) ;
#7376 = FILL_AREA_STYLE_COLOUR ( '', #1625 ) ;
#7377 = CARTESIAN_POINT ( 'NONE',  ( -3.849999999999997424, 2.080624847486572282, -1.800000000000000711 ) ) ;
#7378 = ADVANCED_FACE ( 'NONE', ( #3344 ), #8986, .T. ) ;
#7379 =( LENGTH_UNIT ( ) NAMED_UNIT ( * ) SI_UNIT ( .MILLI., .METRE. ) );
#7380 = LINE ( 'NONE', #301, #6646 ) ;
#7381 = DIRECTION ( 'NONE',  ( 0.000000000000000000, 1.000000000000000000, 0.000000000000000000 ) ) ;
#7382 = ORIENTED_EDGE ( 'NONE', *, *, #1461, .F. ) ;
#7383 = VECTOR ( 'NONE', #928, 1000.000000000000000 ) ;
#7384 = DIRECTION ( 'NONE',  ( 0.000000000000000000, 1.000000000000000000, 0.000000000000000000 ) ) ;
#7385 = ORIENTED_EDGE ( 'NONE', *, *, #8578, .T. ) ;
#7386 = CARTESIAN_POINT ( 'NONE',  ( -4.849999999999967670, 0.8000000000000000444, 0.000000000000000000 ) ) ;
#7387 = LINE ( 'NONE', #7193, #1445 ) ;
#7388 =( LENGTH_UNIT ( ) NAMED_UNIT ( * ) SI_UNIT ( .MILLI., .METRE. ) );
#7389 = EDGE_CURVE ( 'NONE', #2403, #1676, #8199, .T. ) ;
#7390 = LINE ( 'NONE', #3379, #1807 ) ;
#7391 = DIRECTION ( 'NONE',  ( 1.000000000000000000, 0.000000000000000000, -0.000000000000000000 ) ) ;
#7392 = CARTESIAN_POINT ( 'NONE',  ( 3.850000000000019185, 0.000000000000000000, 1.799999999999999600 ) ) ;
#7393 = AXIS2_PLACEMENT_3D ( 'NONE', #269, #4695, #5041 ) ;
#7394 = CARTESIAN_POINT ( 'NONE',  ( 3.849999999999997424, 0.000000000000000000, -4.000000000000000888 ) ) ;
#7395 = VECTOR ( 'NONE', #3457, 1000.000000000000000 ) ;
#7396 = FACE_OUTER_BOUND ( 'NONE', #92, .T. ) ;
#7397 = ORIENTED_EDGE ( 'NONE', *, *, #3716, .F. ) ;
#7398 = CARTESIAN_POINT ( 'NONE',  ( 3.849999999999997424, 2.080624847486572282, -4.000000000000000888 ) ) ;
#7399 = ORIENTED_EDGE ( 'NONE', *, *, #9123, .T. ) ;
#7400 = DIRECTION ( 'NONE',  ( -1.000000000000000000, 0.000000000000000000, -0.000000000000000000 ) ) ;
#7401 = DIRECTION ( 'NONE',  ( 0.000000000000000000, 0.000000000000000000, -1.000000000000000000 ) ) ;
#7402 = DIRECTION ( 'NONE',  ( -0.000000000000000000, -1.000000000000000000, -0.000000000000000000 ) ) ;
#7403 = UNCERTAINTY_MEASURE_WITH_UNIT (LENGTH_MEASURE( 1.000000000000000082E-05 ), #3893, 'distance_accuracy_value', 'NONE');
#7404 = EDGE_CURVE ( 'NONE', #6955, #7901, #4946, .T. ) ;
#7405 = PLANE ( 'NONE',  #390 ) ;
#7406 = STYLED_ITEM ( 'NONE', ( #2957 ), #2029 ) ;
#7407 = DIRECTION ( 'NONE',  ( -1.000000000000000000, 0.000000000000000000, 0.000000000000000000 ) ) ;
#7408 = ADVANCED_FACE ( 'NONE', ( #466 ), #5963, .F. ) ;
#7409 = DIRECTION ( 'NONE',  ( -0.000000000000000000, -1.000000000000000000, -0.000000000000000000 ) ) ;
#7410 = CARTESIAN_POINT ( 'NONE',  ( -3.849999999999997424, 0.000000000000000000, -0.7000000000000009548 ) ) ;
#7411 =( GEOMETRIC_REPRESENTATION_CONTEXT ( 3 ) GLOBAL_UNCERTAINTY_ASSIGNED_CONTEXT ( ( #72 ) ) GLOBAL_UNIT_ASSIGNED_CONTEXT ( ( #2435, #10241, #3103 ) ) REPRESENTATION_CONTEXT ( 'NONE', 'WORKASPACE' ) );
#7412 = EDGE_CURVE ( 'NONE', #9133, #9393, #8539, .T. ) ;
#7413 = ORIENTED_EDGE ( 'NONE', *, *, #8927, .T. ) ;
#7414 = VECTOR ( 'NONE', #2622, 1000.000000000000000 ) ;
#7415 = ORIENTED_EDGE ( 'NONE', *, *, #2934, .F. ) ;
#7416 = PLANE ( 'NONE',  #10141 ) ;
#7417 = ORIENTED_EDGE ( 'NONE', *, *, #7918, .F. ) ;
#7418 = SURFACE_STYLE_FILL_AREA ( #7277 ) ;
#7419 = UNCERTAINTY_MEASURE_WITH_UNIT (LENGTH_MEASURE( 1.000000000000000082E-05 ), #5846, 'distance_accuracy_value', 'NONE');
#7420 = CARTESIAN_POINT ( 'NONE',  ( 4.299999999999998934, 2.100000000000000089, 4.549999999999998934 ) ) ;
#7421 = PRESENTATION_LAYER_ASSIGNMENT (  '', '', ( #484 ) ) ;
#7422 = PRESENTATION_LAYER_ASSIGNMENT (  '', '', ( #7931 ) ) ;
#7423 = VERTEX_POINT ( 'NONE', #3641 ) ;
#7424 = LINE ( 'NONE', #6802, #9779 ) ;
#7425 = VECTOR ( 'NONE', #4724, 1000.000000000000000 ) ;
#7426 = DIRECTION ( 'NONE',  ( 1.000000000000000000, 0.000000000000000000, -0.000000000000000000 ) ) ;
#7427 = FILL_AREA_STYLE ('',( #1912 ) ) ;
#7428 = ORIENTED_EDGE ( 'NONE', *, *, #3270, .F. ) ;
#7429 = VECTOR ( 'NONE', #2748, 1000.000000000000000 ) ;
#7430 =( NAMED_UNIT ( * ) PLANE_ANGLE_UNIT ( ) SI_UNIT ( $, .RADIAN. ) );
#7431 =( GEOMETRIC_REPRESENTATION_CONTEXT ( 3 ) GLOBAL_UNCERTAINTY_ASSIGNED_CONTEXT ( ( #7403 ) ) GLOBAL_UNIT_ASSIGNED_CONTEXT ( ( #3893, #775, #3206 ) ) REPRESENTATION_CONTEXT ( 'NONE', 'WORKASPACE' ) );
#7432 =( LENGTH_UNIT ( ) NAMED_UNIT ( * ) SI_UNIT ( .MILLI., .METRE. ) );
#7433 = ORIENTED_EDGE ( 'NONE', *, *, #8603, .F. ) ;
#7434 = CARTESIAN_POINT ( 'NONE',  ( -4.316688067432192355, 2.097979999999999734, -4.575701847718433690 ) ) ;
#7435 = EDGE_LOOP ( 'NONE', ( #193, #9036, #4100, #7100 ) ) ;
#7436 = DIRECTION ( 'NONE',  ( 1.000000000000000000, 3.491481338843133355E-15, 0.000000000000000000 ) ) ;
#7437 = STYLED_ITEM ( 'NONE', ( #6657 ), #6747 ) ;
#7438 = CARTESIAN_POINT ( 'NONE',  ( -4.599999999999998757, 0.7999999999999997113, 4.850000000000005862 ) ) ;
#7439 = CARTESIAN_POINT ( 'NONE',  ( -3.849999999999996092, 2.080624847486572282, -2.600000000000000533 ) ) ;
#7440 = CARTESIAN_POINT ( 'NONE',  ( 0.000000000000000000, 0.8000000000000000444, -2.600000000000000533 ) ) ;
#7441 = VECTOR ( 'NONE', #8907, 1000.000000000000000 ) ;
#7442 = PLANE ( 'NONE',  #3550 ) ;
#7443 = ADVANCED_FACE ( 'NONE', ( #2859 ), #7812, .F. ) ;
#7444 = FILL_AREA_STYLE_COLOUR ( '', #9568 ) ;
#7445 = ORIENTED_EDGE ( 'NONE', *, *, #7991, .T. ) ;
#7446 = DIRECTION ( 'NONE',  ( 0.000000000000000000, -0.000000000000000000, -1.000000000000000000 ) ) ;
#7447 = PRODUCT ( 'TESEO-LIV4FTR', 'TESEO-LIV4FTR', '', ( #4460 ) ) ;
#7448 = ORIENTED_EDGE ( 'NONE', *, *, #5592, .F. ) ;
#7449 = CARTESIAN_POINT ( 'NONE',  ( 3.850000000000054712, 0.8000000000000000444, -0.7000000000000009548 ) ) ;
#7450 = CARTESIAN_POINT ( 'NONE',  ( -4.850000000000000533, 0.000000000000000000, 2.199999999999999289 ) ) ;
#7451 = ADVANCED_FACE ( 'NONE', ( #5245 ), #5438, .T. ) ;
#7452 = EDGE_CURVE ( 'NONE', #1379, #6117, #9135, .T. ) ;
#7453 = PRESENTATION_STYLE_ASSIGNMENT (( #9191 ) ) ;
#7454 = DIRECTION ( 'NONE',  ( -1.000000000000000000, 0.000000000000000000, -0.000000000000000000 ) ) ;
#7455 = DIRECTION ( 'NONE',  ( -0.000000000000000000, -1.000000000000000000, -0.000000000000000000 ) ) ;
#7456 = DIRECTION ( 'NONE',  ( 4.336808689942006692E-15, -0.000000000000000000, -1.000000000000000000 ) ) ;
#7457 =( LENGTH_UNIT ( ) NAMED_UNIT ( * ) SI_UNIT ( .MILLI., .METRE. ) );
#7458 = EDGE_LOOP ( 'NONE', ( #7063, #9084, #8341, #1900 ) ) ;
#7459 = ORIENTED_EDGE ( 'NONE', *, *, #7465, .F. ) ;
#7460 = FILL_AREA_STYLE ('',( #8206 ) ) ;
#7461 = VERTEX_POINT ( 'NONE', #6786 ) ;
#7462 = ADVANCED_FACE ( 'NONE', ( #9961 ), #1506, .F. ) ;
#7463 = PRESENTATION_LAYER_ASSIGNMENT (  '', '', ( #2199 ) ) ;
#7464 = DIRECTION ( 'NONE',  ( -0.000000000000000000, 0.000000000000000000, 1.000000000000000000 ) ) ;
#7465 = EDGE_CURVE ( 'NONE', #2541, #103, #365, .T. ) ;
#7466 = CARTESIAN_POINT ( 'NONE',  ( 4.849999999999997868, 0.7999999999999999334, 3.999999999999999112 ) ) ;
#7467 = VECTOR ( 'NONE', #4856, 1000.000000000000000 ) ;
#7468 =( NAMED_UNIT ( * ) SI_UNIT ( $, .STERADIAN. ) SOLID_ANGLE_UNIT ( ) );
#7469 = VERTEX_POINT ( 'NONE', #6679 ) ;
#7470 = DIRECTION ( 'NONE',  ( 1.626303258728256059E-15, 0.000000000000000000, -1.000000000000000000 ) ) ;
#7471 = FILL_AREA_STYLE ('',( #7569 ) ) ;
#7472 = CARTESIAN_POINT ( 'NONE',  ( 3.850000000000020517, 0.8000000000000000444, 2.600000000000000533 ) ) ;
#7473 = ORIENTED_EDGE ( 'NONE', *, *, #3297, .F. ) ;
#7474 = EDGE_CURVE ( 'NONE', #2522, #1433, #9089, .T. ) ;
#7475 = EDGE_CURVE ( 'NONE', #4436, #9393, #4819, .T. ) ;
#7476 = CARTESIAN_POINT ( 'NONE',  ( 3.850000000000087574, 0.000000000000000000, -4.800000000000001599 ) ) ;
#7477 = EDGE_LOOP ( 'NONE', ( #9462, #5151, #2251, #7522 ) ) ;
#7478 = PLANE ( 'NONE',  #9378 ) ;
#7479 = VERTEX_POINT ( 'NONE', #6365 ) ;
#7480 = FILL_AREA_STYLE_COLOUR ( '', #6725 ) ;
#7481 = DIRECTION ( 'NONE',  ( -1.000000000000000000, 0.000000000000000000, 0.000000000000000000 ) ) ;
#7482 = EDGE_CURVE ( 'NONE', #3073, #9974, #831, .T. ) ;
#7483 = SURFACE_STYLE_USAGE ( .BOTH. , #8325 ) ;
#7484 = LINE ( 'NONE', #9803, #4686 ) ;
#7485 = CARTESIAN_POINT ( 'NONE',  ( -4.499989999999998602, 2.000000000000000888, -4.649929289321881321 ) ) ;
#7486 = CARTESIAN_POINT ( 'NONE',  ( 4.850000000000022737, 0.8000000000000000444, -4.800000000000001599 ) ) ;
#7487 = STYLED_ITEM ( 'NONE', ( #5591 ), #8770 ) ;
#7488 = DIRECTION ( 'NONE',  ( -0.000000000000000000, 1.000000000000000000, -0.000000000000000000 ) ) ;
#7489 = CARTESIAN_POINT ( 'NONE',  ( -4.399929289321881321, 2.100000000000000089, 4.649999999999999467 ) ) ;
#7490 = ORIENTED_EDGE ( 'NONE', *, *, #91, .F. ) ;
#7491 = VECTOR ( 'NONE', #5745, 1000.000000000000000 ) ;
#7492 = CARTESIAN_POINT ( 'NONE',  ( -4.850000000000000533, 0.7999999999999999334, 3.999999999999999112 ) ) ;
#7493 =( GEOMETRIC_REPRESENTATION_CONTEXT ( 3 ) GLOBAL_UNCERTAINTY_ASSIGNED_CONTEXT ( ( #1837 ) ) GLOBAL_UNIT_ASSIGNED_CONTEXT ( ( #7294, #1713, #7468 ) ) REPRESENTATION_CONTEXT ( 'NONE', 'WORKASPACE' ) );
#7494 =( LENGTH_UNIT ( ) NAMED_UNIT ( * ) SI_UNIT ( .MILLI., .METRE. ) );
#7495 = ORIENTED_EDGE ( 'NONE', *, *, #3324, .T. ) ;
#7496 = EDGE_CURVE ( 'NONE', #9978, #7640, #2589, .T. ) ;
#7497 = CARTESIAN_POINT ( 'NONE',  ( 3.849999999999996980, 0.8000000000000000444, 1.800000000000000044 ) ) ;
#7498 = LINE ( 'NONE', #1204, #562 ) ;
#7499 = EDGE_CURVE ( 'NONE', #8693, #8847, #3369, .T. ) ;
#7500 = DIRECTION ( 'NONE',  ( -0.000000000000000000, -1.000000000000000000, -0.000000000000000000 ) ) ;
#7501 = ORIENTED_EDGE ( 'NONE', *, *, #2466, .T. ) ;
#7502 = FACE_OUTER_BOUND ( 'NONE', #6622, .T. ) ;
#7503 = DIRECTION ( 'NONE',  ( 0.000000000000000000, -1.000000000000000000, -0.000000000000000000 ) ) ;
#7504 = CARTESIAN_POINT ( 'NONE',  ( -4.850000000000000533, 0.7999999999999999334, 0.1999999999999987899 ) ) ;
#7505 = ADVANCED_FACE ( 'NONE', ( #3943 ), #7861, .F. ) ;
#7506 = CARTESIAN_POINT ( 'NONE',  ( -4.599999999999998757, 2.078750921375358995, -4.633229641565213441 ) ) ;
#7507 = ORIENTED_EDGE ( 'NONE', *, *, #6411, .T. ) ;
#7508 = ORIENTED_EDGE ( 'NONE', *, *, #4643, .T. ) ;
#7509 = LINE ( 'NONE', #4282, #4681 ) ;
#7510 = VERTEX_POINT ( 'NONE', #3991 ) ;
#7511 = EDGE_CURVE ( 'NONE', #6056, #9499, #5645, .T. ) ;
#7512 = UNCERTAINTY_MEASURE_WITH_UNIT (LENGTH_MEASURE( 1.000000000000000082E-05 ), #10181, 'distance_accuracy_value', 'NONE');
#7513 = DIRECTION ( 'NONE',  ( -1.626303258728256059E-15, -0.000000000000000000, -1.000000000000000000 ) ) ;
#7514 = EDGE_LOOP ( 'NONE', ( #3920, #9049, #1752, #10170 ) ) ;
#7515 = FILL_AREA_STYLE_COLOUR ( '', #5790 ) ;
#7516 = DIRECTION ( 'NONE',  ( -0.000000000000000000, 0.000000000000000000, 1.000000000000000000 ) ) ;
#7517 = DIRECTION ( 'NONE',  ( -0.000000000000000000, -0.000000000000000000, -1.000000000000000000 ) ) ;
#7518 = VECTOR ( 'NONE', #3732, 1000.000000000000000 ) ;
#7519 = DIRECTION ( 'NONE',  ( 0.000000000000000000, -0.000000000000000000, -1.000000000000000000 ) ) ;
#7520 = PRESENTATION_LAYER_ASSIGNMENT (  '', '', ( #422 ) ) ;
#7521 = CARTESIAN_POINT ( 'NONE',  ( -4.850000000000000533, 2.080624847486572282, -2.600000000000000533 ) ) ;
#7522 = ORIENTED_EDGE ( 'NONE', *, *, #6422, .F. ) ;
#7523 = CARTESIAN_POINT ( 'NONE',  ( 4.399929289321881321, 2.000000000000000444, -4.649999999999999467 ) ) ;
#7524 = LINE ( 'NONE', #6754, #1813 ) ;
#7525 = ORIENTED_EDGE ( 'NONE', *, *, #3892, .T. ) ;
#7526 = EDGE_CURVE ( 'NONE', #3709, #3594, #10243, .T. ) ;
#7527 = CARTESIAN_POINT ( 'NONE',  ( -4.299999999999999822, 2.097979999999999734, -4.549999999999998934 ) ) ;
#7528 = VECTOR ( 'NONE', #3766, 1000.000000000000000 ) ;
#7529 = ADVANCED_FACE ( 'NONE', ( #1710 ), #8286, .F. ) ;
#7530 = EDGE_CURVE ( 'NONE', #2574, #4421, #3464, .T. ) ;
#7531 = ORIENTED_EDGE ( 'NONE', *, *, #9486, .T. ) ;
#7532 = PRESENTATION_LAYER_ASSIGNMENT (  '', '', ( #2601 ) ) ;
#7533 = DIRECTION ( 'NONE',  ( 1.000000000000000000, 0.000000000000000000, -0.000000000000000000 ) ) ;
#7534 = PLANE ( 'NONE',  #7932 ) ;
#7535 = CARTESIAN_POINT ( 'NONE',  ( -4.850000000000000533, 2.080624847486572282, 0.6999999999999992895 ) ) ;
#7536 = COLOUR_RGB ( '',0.8980392156862745390, 0.8980392156862745390, 0.8980392156862745390 ) ;
#7537 = DIRECTION ( 'NONE',  ( -1.000000000000000000, -0.000000000000000000, -0.000000000000000000 ) ) ;
#7538 = LINE ( 'NONE', #5331, #6504 ) ;
#7539 = ADVANCED_FACE ( 'NONE', ( #5740 ), #349, .T. ) ;
#7540 = DIRECTION ( 'NONE',  ( 1.626303258728256257E-15, 0.000000000000000000, -1.000000000000000000 ) ) ;
#7541 = CARTESIAN_POINT ( 'NONE',  ( 4.850000000000000533, 2.080624847486572282, -2.400000000000000355 ) ) ;
#7542 = CARTESIAN_POINT ( 'NONE',  ( -4.600000000000002309, 0.7999999999999998224, 4.649929289321881321 ) ) ;
#7543 = DIRECTION ( 'NONE',  ( 1.000000000000000000, 0.000000000000000000, -0.000000000000000000 ) ) ;
#7544 = AXIS2_PLACEMENT_3D ( 'NONE', #6487, #9498, #5704 ) ;
#7545 = DIRECTION ( 'NONE',  ( 0.000000000000000000, 0.000000000000000000, -1.000000000000000000 ) ) ;
#7546 = ORIENTED_EDGE ( 'NONE', *, *, #1275, .F. ) ;
#7547 = FACE_OUTER_BOUND ( 'NONE', #9357, .T. ) ;
#7548 = CARTESIAN_POINT ( 'NONE',  ( -4.850000000000000533, 0.7999999999999999334, 3.499999999999998668 ) ) ;
#7549 = CARTESIAN_POINT ( 'NONE',  ( -3.849999999999996092, 0.8000000000000000444, -4.400000000000000355 ) ) ;
#7550 = DIRECTION ( 'NONE',  ( 1.000000000000000000, -0.000000000000000000, 1.626303258728256257E-15 ) ) ;
#7551 = EDGE_LOOP ( 'NONE', ( #9615, #5352, #4899, #6020, #7382, #5295 ) ) ;
#7552 = CARTESIAN_POINT ( 'NONE',  ( 4.850000000000042277, 0.8000000000000000444, -0.4000000000000010214 ) ) ;
#7553 = DIRECTION ( 'NONE',  ( 0.000000000000000000, 0.000000000000000000, 1.000000000000000000 ) ) ;
#7554 = ORIENTED_EDGE ( 'NONE', *, *, #8943, .T. ) ;
#7555 =( LENGTH_UNIT ( ) NAMED_UNIT ( * ) SI_UNIT ( .MILLI., .METRE. ) );
#7556 = DIRECTION ( 'NONE',  ( 0.000000000000000000, -1.000000000000000000, 3.336006684570780538E-15 ) ) ;
#7557 = LINE ( 'NONE', #472, #2276 ) ;
#7558 = CARTESIAN_POINT ( 'NONE',  ( 0.000000000000000000, 0.8000000000000000444, 2.899999999999998135 ) ) ;
#7559 = ORIENTED_EDGE ( 'NONE', *, *, #3841, .F. ) ;
#7560 = VERTEX_POINT ( 'NONE', #2017 ) ;
#7561 = PRESENTATION_STYLE_ASSIGNMENT (( #335 ) ) ;
#7562 = ORIENTED_EDGE ( 'NONE', *, *, #3368, .F. ) ;
#7563 = VECTOR ( 'NONE', #4083, 1000.000000000000000 ) ;
#7564 = DIRECTION ( 'NONE',  ( -0.000000000000000000, -1.000000000000000000, -0.000000000000000000 ) ) ;
#7565 = CARTESIAN_POINT ( 'NONE',  ( 2.399999999999999467, 0.2000000000000000389, 4.850000000000004974 ) ) ;
#7566 = DIRECTION ( 'NONE',  ( -0.000000000000000000, -1.000000000000000000, -0.000000000000000000 ) ) ;
#7567 = EDGE_LOOP ( 'NONE', ( #9917, #6895 ) ) ;
#7568 = CARTESIAN_POINT ( 'NONE',  ( -3.849999999999997424, 0.000000000000000000, -2.900000000000000799 ) ) ;
#7569 = FILL_AREA_STYLE_COLOUR ( '', #1768 ) ;
#7570 = DIRECTION ( 'NONE',  ( -0.000000000000000000, -1.000000000000000000, -0.000000000000000000 ) ) ;
#7571 = EDGE_CURVE ( 'NONE', #9420, #4531, #5027, .T. ) ;
#7572 = AXIS2_PLACEMENT_3D ( 'NONE', #1943, #6591, #5098 ) ;
#7573 = ORIENTED_EDGE ( 'NONE', *, *, #8342, .T. ) ;
#7574 = CARTESIAN_POINT ( 'NONE',  ( 3.849999999999997424, 0.7999999999999999334, -2.900000000000000799 ) ) ;
#7575 = VERTEX_POINT ( 'NONE', #2691 ) ;
#7576 = CARTESIAN_POINT ( 'NONE',  ( 3.850000000000008527, 0.8000000000000000444, 3.699999999999999734 ) ) ;
#7577 = VERTEX_POINT ( 'NONE', #6660 ) ;
#7578 = STYLED_ITEM ( 'NONE', ( #6867 ), #6776 ) ;
#7579 = VECTOR ( 'NONE', #5120, 1000.000000000000000 ) ;
#7580 = PLANE ( 'NONE',  #3916 ) ;
#7581 = VECTOR ( 'NONE', #4348, 1000.000000000000000 ) ;
#7582 = EDGE_CURVE ( 'NONE', #7640, #6738, #6709, .T. ) ;
#7583 = ORIENTED_EDGE ( 'NONE', *, *, #3768, .T. ) ;
#7584 = DIRECTION ( 'NONE',  ( 0.000000000000000000, 0.000000000000000000, -1.000000000000000000 ) ) ;
#7585 = LINE ( 'NONE', #3674, #7579 ) ;
#7586 =( GEOMETRIC_REPRESENTATION_CONTEXT ( 3 ) GLOBAL_UNCERTAINTY_ASSIGNED_CONTEXT ( ( #9511 ) ) GLOBAL_UNIT_ASSIGNED_CONTEXT ( ( #3952, #6530, #114 ) ) REPRESENTATION_CONTEXT ( 'NONE', 'WORKASPACE' ) );
#7587 = CARTESIAN_POINT ( 'NONE',  ( 4.366619526214588376, 2.052198665876328931, 4.639222690360981005 ) ) ;
#7588 = AXIS2_PLACEMENT_3D ( 'NONE', #7623, #5211, #9154 ) ;
#7589 = EDGE_CURVE ( 'NONE', #1946, #2497, #8318, .T. ) ;
#7590 = FACE_OUTER_BOUND ( 'NONE', #682, .T. ) ;
#7591 = LINE ( 'NONE', #2127, #8158 ) ;
#7592 = LINE ( 'NONE', #1405, #700 ) ;
#7593 = CARTESIAN_POINT ( 'NONE',  ( 0.000000000000000000, 0.8000000000000000444, 1.799999999999999600 ) ) ;
#7594 = CARTESIAN_POINT ( 'NONE',  ( -4.850000000000001421, 0.000000000000000000, 5.049999999999999822 ) ) ;
#7595 = EDGE_CURVE ( 'NONE', #414, #746, #4080, .T. ) ;
#7596 = STYLED_ITEM ( 'NONE', ( #1182 ), #6775 ) ;
#7597 = CARTESIAN_POINT ( 'NONE',  ( -3.849999999999952127, 0.000000000000000000, 0.3999999999999986344 ) ) ;
#7598 = VECTOR ( 'NONE', #1582, 1000.000000000000000 ) ;
#7599 = ORIENTED_EDGE ( 'NONE', *, *, #1714, .T. ) ;
#7600 = DIRECTION ( 'NONE',  ( 1.000000000000000000, 0.000000000000000000, -0.000000000000000000 ) ) ;
#7601 = CARTESIAN_POINT ( 'NONE',  ( 0.000000000000000000, 0.8000000000000000444, 5.049999999999999822 ) ) ;
#7602 = ORIENTED_EDGE ( 'NONE', *, *, #8633, .T. ) ;
#7603 = DIRECTION ( 'NONE',  ( -1.000000000000000000, 0.000000000000000000, -0.000000000000000000 ) ) ;
#7604 = CARTESIAN_POINT ( 'NONE',  ( 4.399999999999999467, 0.7999999999999999334, -4.649929289321881321 ) ) ;
#7605 = MECHANICAL_DESIGN_GEOMETRIC_PRESENTATION_REPRESENTATION (  '', ( #506 ), #5 ) ;
#7606 = MECHANICAL_DESIGN_GEOMETRIC_PRESENTATION_REPRESENTATION (  '', ( #1840 ), #3158 ) ;
#7607 = CARTESIAN_POINT ( 'NONE',  ( -4.299999999999998934, 2.000000000000000000, -4.649929289321881321 ) ) ;
#7608 = EDGE_LOOP ( 'NONE', ( #6138, #6859, #3172, #6177 ) ) ;
#7609 = LINE ( 'NONE', #6734, #3882 ) ;
#7610 = LINE ( 'NONE', #3858, #8931 ) ;
#7611 = LINE ( 'NONE', #531, #6563 ) ;
#7612 = DIRECTION ( 'NONE',  ( 1.000000000000000000, 0.000000000000000000, 0.000000000000000000 ) ) ;
#7613 = VECTOR ( 'NONE', #8428, 1000.000000000000000 ) ;
#7614 = ORIENTED_EDGE ( 'NONE', *, *, #2021, .F. ) ;
#7615 = ORIENTED_EDGE ( 'NONE', *, *, #1206, .T. ) ;
#7616 = CARTESIAN_POINT ( 'NONE',  ( -3.849999999999939693, 0.000000000000000000, -1.500000000000002220 ) ) ;
#7617 = ORIENTED_EDGE ( 'NONE', *, *, #2789, .F. ) ;
#7618 = UNCERTAINTY_MEASURE_WITH_UNIT (LENGTH_MEASURE( 1.000000000000000082E-05 ), #1198, 'distance_accuracy_value', 'NONE');
#7619 = COLOUR_RGB ( '',0.000000000000000000, 0.5019607843137254832, 0.000000000000000000 ) ;
#7620 = CARTESIAN_POINT ( 'NONE',  ( -3.849999999999996536, 0.000000000000000000, 1.499999999999999556 ) ) ;
#7621 = EDGE_CURVE ( 'NONE', #938, #8913, #1806, .T. ) ;
#7622 = ORIENTED_EDGE ( 'NONE', *, *, #2252, .T. ) ;
#7623 = CARTESIAN_POINT ( 'NONE',  ( 4.850000000000000533, 0.000000000000000000, -4.400000000000001243 ) ) ;
#7624 = DIRECTION ( 'NONE',  ( 0.000000000000000000, -0.000000000000000000, -1.000000000000000000 ) ) ;
#7625 = CARTESIAN_POINT ( 'NONE',  ( 4.850000000000000533, 2.080624847486572282, 3.099999999999999645 ) ) ;
#7626 = PRESENTATION_LAYER_ASSIGNMENT (  '', '', ( #3857 ) ) ;
#7627 = EDGE_CURVE ( 'NONE', #977, #9862, #7341, .T. ) ;
#7628 = LINE ( 'NONE', #9794, #724 ) ;
#7629 = VECTOR ( 'NONE', #5163, 1000.000000000000000 ) ;
#7630 = EDGE_LOOP ( 'NONE', ( #7849, #1284, #9687, #921, #7249, #4325, #7, #10256 ) ) ;
#7631 = DIRECTION ( 'NONE',  ( -1.000000000000000000, -0.000000000000000000, -0.000000000000000000 ) ) ;
#7632 = ORIENTED_EDGE ( 'NONE', *, *, #4590, .T. ) ;
#7633 = LINE ( 'NONE', #2014, #9660 ) ;
#7634 = COLOUR_RGB ( '',0.000000000000000000, 0.5019607843137254832, 0.000000000000000000 ) ;
#7635 = CARTESIAN_POINT ( 'NONE',  ( -4.850000000000001421, 0.7999999999999999334, -0.7000000000000009548 ) ) ;
#7636 = ORIENTED_EDGE ( 'NONE', *, *, #5456, .F. ) ;
#7637 = AXIS2_PLACEMENT_3D ( 'NONE', #4289, #438, #6555 ) ;
#7638 = EDGE_CURVE ( 'NONE', #1286, #8936, #8222, .T. ) ;
#7639 = DIRECTION ( 'NONE',  ( 1.000000000000000000, -0.000000000000000000, 0.000000000000000000 ) ) ;
#7640 = VERTEX_POINT ( 'NONE', #3513 ) ;
#7641 = VECTOR ( 'NONE', #2345, 1000.000000000000000 ) ;
#7642 = LINE ( 'NONE', #2608, #3595 ) ;
#7643 = FILL_AREA_STYLE ('',( #7700 ) ) ;
#7644 = VECTOR ( 'NONE', #9814, 1000.000000000000000 ) ;
#7645 = FILL_AREA_STYLE_COLOUR ( '', #8376 ) ;
#7646 = ADVANCED_FACE ( 'NONE', ( #4341 ), #2738, .F. ) ;
#7647 = CARTESIAN_POINT ( 'NONE',  ( 4.383229641565214330, 2.078750921375360328, 4.850000000000001421 ) ) ;
#7648 = DIRECTION ( 'NONE',  ( 0.000000000000000000, -1.000000000000000000, 0.000000000000000000 ) ) ;
#7649 = SURFACE_STYLE_USAGE ( .BOTH. , #9997 ) ;
#7650 = ADVANCED_FACE ( 'NONE', ( #8270 ), #7478, .F. ) ;
#7651 = LINE ( 'NONE', #568, #8465 ) ;
#7652 = FACE_OUTER_BOUND ( 'NONE', #447, .T. ) ;
#7653 = PLANE ( 'NONE',  #2476 ) ;
#7654 =( GEOMETRIC_REPRESENTATION_CONTEXT ( 3 ) GLOBAL_UNCERTAINTY_ASSIGNED_CONTEXT ( ( #8987 ) ) GLOBAL_UNIT_ASSIGNED_CONTEXT ( ( #8862, #4821, #7191 ) ) REPRESENTATION_CONTEXT ( 'NONE', 'WORKASPACE' ) );
#7655 =( NAMED_UNIT ( * ) SI_UNIT ( $, .STERADIAN. ) SOLID_ANGLE_UNIT ( ) );
#7656 = DIRECTION ( 'NONE',  ( -1.000000000000000000, 0.000000000000000000, -0.000000000000000000 ) ) ;
#7657 = VERTEX_POINT ( 'NONE', #8425 ) ;
#7658 = PLANE ( 'NONE',  #3724 ) ;
#7659 = DIRECTION ( 'NONE',  ( 1.000000000000000000, 0.000000000000000000, -0.000000000000000000 ) ) ;
#7660 = VECTOR ( 'NONE', #3348, 1000.000000000000000 ) ;
#7661 = FILL_AREA_STYLE ('',( #4672 ) ) ;
#7662 = STYLED_ITEM ( 'NONE', ( #3752 ), #8453 ) ;
#7663 = ORIENTED_EDGE ( 'NONE', *, *, #4481, .T. ) ;
#7664 = DIRECTION ( 'NONE',  ( -0.000000000000000000, -1.000000000000000000, -0.000000000000000000 ) ) ;
#7665 = AXIS2_PLACEMENT_3D ( 'NONE', #3213, #8031, #2490 ) ;
#7666 = LINE ( 'NONE', #4674, #671 ) ;
#7667 = ORIENTED_EDGE ( 'NONE', *, *, #665, .T. ) ;
#7668 = EDGE_CURVE ( 'NONE', #1673, #550, #715, .T. ) ;
#7669 = DIRECTION ( 'NONE',  ( 1.626303258728256059E-15, 0.000000000000000000, 1.000000000000000000 ) ) ;
#7670 = ADVANCED_FACE ( 'NONE', ( #2986 ), #557, .T. ) ;
#7671 = CARTESIAN_POINT ( 'NONE',  ( -4.850000000000000533, 0.000000000000000000, 1.299999999999999600 ) ) ;
#7672 = CLOSED_SHELL ( 'NONE', ( #7539, #8274, #888, #3223, #9459, #257, #2240, #6146 ) ) ;
#7673 = VECTOR ( 'NONE', #6779, 1000.000000000000000 ) ;
#7674 = STYLED_ITEM ( 'NONE', ( #1558 ), #8768 ) ;
#7675 =( NAMED_UNIT ( * ) SI_UNIT ( $, .STERADIAN. ) SOLID_ANGLE_UNIT ( ) );
#7676 = ADVANCED_FACE ( 'NONE', ( #3884 ), #1394, .T. ) ;
#7677 = VERTEX_POINT ( 'NONE', #6139 ) ;
#7678 = VERTEX_POINT ( 'NONE', #501 ) ;
#7679 = FACE_OUTER_BOUND ( 'NONE', #4043, .T. ) ;
#7680 = ORIENTED_EDGE ( 'NONE', *, *, #4772, .T. ) ;
#7681 = EDGE_CURVE ( 'NONE', #9684, #2363, #8536, .T. ) ;
#7682 = PLANE ( 'NONE',  #4630 ) ;
#7683 = EDGE_CURVE ( 'NONE', #7358, #8015, #613, .T. ) ;
#7684 = DIRECTION ( 'NONE',  ( 0.000000000000000000, 0.000000000000000000, -1.000000000000000000 ) ) ;
#7685 = SURFACE_SIDE_STYLE ('',( #4483 ) ) ;
#7686 = ORIENTED_EDGE ( 'NONE', *, *, #4150, .T. ) ;
#7687 =( NAMED_UNIT ( * ) SI_UNIT ( $, .STERADIAN. ) SOLID_ANGLE_UNIT ( ) );
#7688 = CYLINDRICAL_SURFACE ( 'NONE', #9877, 0.1999999999999996503 ) ;
#7689 = CARTESIAN_POINT ( 'NONE',  ( -4.849999999999979217, 0.8000000000000000444, 1.499999999999998668 ) ) ;
#7690 = DIRECTION ( 'NONE',  ( 1.000000000000000000, -0.000000000000000000, 0.000000000000000000 ) ) ;
#7691 = VECTOR ( 'NONE', #9251, 1000.000000000000000 ) ;
#7692 = ORIENTED_EDGE ( 'NONE', *, *, #665, .F. ) ;
#7693 = FILL_AREA_STYLE_COLOUR ( '', #7804 ) ;
#7694 = ORIENTED_EDGE ( 'NONE', *, *, #6263, .F. ) ;
#7695 = CARTESIAN_POINT ( 'NONE',  ( 4.383229641565215218, 2.078750921375360772, -4.850000000000000533 ) ) ;
#7696 = LINE ( 'NONE', #8534, #6105 ) ;
#7697 = ORIENTED_EDGE ( 'NONE', *, *, #2668, .F. ) ;
#7698 = ORIENTED_EDGE ( 'NONE', *, *, #2597, .T. ) ;
#7699 = CARTESIAN_POINT ( 'NONE',  ( 4.399929289321881321, 2.000000000000001332, -4.749990000000000379 ) ) ;
#7700 = FILL_AREA_STYLE_COLOUR ( '', #1856 ) ;
#7701 = PLANE ( 'NONE',  #6785 ) ;
#7702 =( NAMED_UNIT ( * ) PLANE_ANGLE_UNIT ( ) SI_UNIT ( $, .RADIAN. ) );
#7703 = CARTESIAN_POINT ( 'NONE',  ( 4.400000000000006573, 1.534563074902560996E-14, 0.000000000000000000 ) ) ;
#7704 = CARTESIAN_POINT ( 'NONE',  ( 0.000000000000000000, 0.8000000000000000444, 1.499999999999998668 ) ) ;
#7705 = CARTESIAN_POINT ( 'NONE',  ( -3.849999999999996536, 2.080624847486572282, -4.000000000000000888 ) ) ;
#7706 = AXIS2_PLACEMENT_3D ( 'NONE', #4637, #2514, #6336 ) ;
#7707 = FACE_OUTER_BOUND ( 'NONE', #6235, .T. ) ;
#7708 =( GEOMETRIC_REPRESENTATION_CONTEXT ( 3 ) GLOBAL_UNCERTAINTY_ASSIGNED_CONTEXT ( ( #2261 ) ) GLOBAL_UNIT_ASSIGNED_CONTEXT ( ( #195, #2581, #6463 ) ) REPRESENTATION_CONTEXT ( 'NONE', 'WORKASPACE' ) );
#7709 =( NAMED_UNIT ( * ) PLANE_ANGLE_UNIT ( ) SI_UNIT ( $, .RADIAN. ) );
#7710 = AXIS2_PLACEMENT_3D ( 'NONE', #7296, #8184, #1093 ) ;
#7711 = VECTOR ( 'NONE', #8988, 1000.000000000000000 ) ;
#7712 = FILL_AREA_STYLE ('',( #9443 ) ) ;
#7713 = ORIENTED_EDGE ( 'NONE', *, *, #4757, .T. ) ;
#7714 = ADVANCED_FACE ( 'NONE', ( #4441 ), #7748, .F. ) ;
#7715 = VECTOR ( 'NONE', #8956, 1000.000000000000000 ) ;
#7716 = LINE ( 'NONE', #8608, #5988 ) ;
#7717 = CARTESIAN_POINT ( 'NONE',  ( -4.599999999999998757, 0.7999999999999997113, 4.850000000000003197 ) ) ;
#7718 = FILL_AREA_STYLE ('',( #1464 ) ) ;
#7719 = ORIENTED_EDGE ( 'NONE', *, *, #4645, .T. ) ;
#7720 = CARTESIAN_POINT ( 'NONE',  ( 2.399999999999999023, 1.617963242016830519E-14, 4.650000000000006573 ) ) ;
#7721 = CARTESIAN_POINT ( 'NONE',  ( 3.850000000000087574, 0.000000000000000000, 0.000000000000000000 ) ) ;
#7722 = ORIENTED_EDGE ( 'NONE', *, *, #5194, .F. ) ;
#7723 = PLANE ( 'NONE',  #1399 ) ;
#7724 = AXIS2_PLACEMENT_3D ( 'NONE', #4173, #4782, #9614 ) ;
#7725 = DIRECTION ( 'NONE',  ( 0.000000000000000000, -0.000000000000000000, -1.000000000000000000 ) ) ;
#7726 = VECTOR ( 'NONE', #2753, 1000.000000000000000 ) ;
#7727 = CARTESIAN_POINT ( 'NONE',  ( 4.850000000000000533, 0.000000000000000000, 2.199999999999999289 ) ) ;
#7728 = ORIENTED_EDGE ( 'NONE', *, *, #4655, .T. ) ;
#7729 = VERTEX_POINT ( 'NONE', #6970 ) ;
#7730 = CARTESIAN_POINT ( 'NONE',  ( 0.000000000000000000, 0.8000000000000000444, 0.000000000000000000 ) ) ;
#7731 = EDGE_CURVE ( 'NONE', #7302, #3066, #2942, .T. ) ;
#7732 = DIRECTION ( 'NONE',  ( -0.000000000000000000, 1.000000000000000000, -0.000000000000000000 ) ) ;
#7733 = DIRECTION ( 'NONE',  ( 0.000000000000000000, 1.000000000000000000, 0.000000000000000000 ) ) ;
#7734 = UNCERTAINTY_MEASURE_WITH_UNIT (LENGTH_MEASURE( 1.000000000000000082E-05 ), #3946, 'distance_accuracy_value', 'NONE');
#7735 = DIRECTION ( 'NONE',  ( 1.000000000000000000, 0.000000000000000000, 0.000000000000000000 ) ) ;
#7736 = ADVANCED_FACE ( 'NONE', ( #8369 ), #10143, .T. ) ;
#7737 = ADVANCED_FACE ( 'NONE', ( #3039 ), #7580, .T. ) ;
#7738 =( NAMED_UNIT ( * ) PLANE_ANGLE_UNIT ( ) SI_UNIT ( $, .RADIAN. ) );
#7739 = ORIENTED_EDGE ( 'NONE', *, *, #19, .F. ) ;
#7740 = FACE_OUTER_BOUND ( 'NONE', #5639, .T. ) ;
#7741 = EDGE_CURVE ( 'NONE', #9796, #954, #2891, .T. ) ;
#7742 = FACE_OUTER_BOUND ( 'NONE', #8204, .T. ) ;
#7743 = ORIENTED_EDGE ( 'NONE', *, *, #8510, .F. ) ;
#7744 = VERTEX_POINT ( 'NONE', #6299 ) ;
#7745 = FACE_OUTER_BOUND ( 'NONE', #758, .T. ) ;
#7746 = DIRECTION ( 'NONE',  ( -0.000000000000000000, 1.000000000000000000, -0.000000000000000000 ) ) ;
#7747 = ORIENTED_EDGE ( 'NONE', *, *, #3357, .F. ) ;
#7748 = CYLINDRICAL_SURFACE ( 'NONE', #7036, 0.1999999999999996503 ) ;
#7749 = VERTEX_POINT ( 'NONE', #7900 ) ;
#7750 = VECTOR ( 'NONE', #2035, 1000.000000000000000 ) ;
#7751 = DIRECTION ( 'NONE',  ( -0.000000000000000000, 1.000000000000000000, -0.000000000000000000 ) ) ;
#7752 = CARTESIAN_POINT ( 'NONE',  ( 4.850000000000001421, 0.8000000000000000444, -2.900000000000000799 ) ) ;
#7753 = SURFACE_SIDE_STYLE ('',( #7853 ) ) ;
#7754 = CARTESIAN_POINT ( 'NONE',  ( 3.850000000000043610, 0.8000000000000000444, 0.3999999999999993006 ) ) ;
#7755 =( LENGTH_UNIT ( ) NAMED_UNIT ( * ) SI_UNIT ( .MILLI., .METRE. ) );
#7756 =( NAMED_UNIT ( * ) PLANE_ANGLE_UNIT ( ) SI_UNIT ( $, .RADIAN. ) );
#7757 = CIRCLE ( 'NONE', #4303, 0.1999999999999996503 ) ;
#7758 = CARTESIAN_POINT ( 'NONE',  ( -4.850000000000000533, 0.7999999999999999334, -3.700000000000000622 ) ) ;
#7759 = CIRCLE ( 'NONE', #10231, 0.1999999999999996503 ) ;
#7760 = CARTESIAN_POINT ( 'NONE',  ( -4.850000000000000533, 2.080624847486572282, -3.300000000000000711 ) ) ;
#7761 =( NAMED_UNIT ( * ) SI_UNIT ( $, .STERADIAN. ) SOLID_ANGLE_UNIT ( ) );
#7762 = VECTOR ( 'NONE', #4176, 1000.000000000000000 ) ;
#7763 = AXIS2_PLACEMENT_3D ( 'NONE', #2874, #8304, #6903 ) ;
#7764 = LINE ( 'NONE', #730, #6963 ) ;
#7765 = VECTOR ( 'NONE', #7664, 1000.000000000000000 ) ;
#7766 = DIRECTION ( 'NONE',  ( 0.000000000000000000, 0.000000000000000000, -1.000000000000000000 ) ) ;
#7767 = ORIENTED_EDGE ( 'NONE', *, *, #8545, .F. ) ;
#7768 = LINE ( 'NONE', #10109, #1728 ) ;
#7769 = PRESENTATION_STYLE_ASSIGNMENT (( #5238 ) ) ;
#7770 = VERTEX_POINT ( 'NONE', #8640 ) ;
#7771 = CARTESIAN_POINT ( 'NONE',  ( 0.000000000000000000, 2.000000000000000888, 4.849999999999999645 ) ) ;
#7772 = PLANE ( 'NONE',  #10247 ) ;
#7773 = AXIS2_PLACEMENT_3D ( 'NONE', #216, #5601, #1567 ) ;
#7774 = VERTEX_POINT ( 'NONE', #5678 ) ;
#7775 = EDGE_CURVE ( 'NONE', #2211, #4604, #5527, .T. ) ;
#7776 = CARTESIAN_POINT ( 'NONE',  ( 3.115685424949237170, 0.000000000000000000, 5.049999999999999822 ) ) ;
#7777 = CARTESIAN_POINT ( 'NONE',  ( -4.383126850251794160, 2.079235656787695063, 4.850000000000001421 ) ) ;
#7778 = ORIENTED_EDGE ( 'NONE', *, *, #575, .F. ) ;
#7779 = VECTOR ( 'NONE', #2129, 1000.000000000000000 ) ;
#7780 =( NAMED_UNIT ( * ) SI_UNIT ( $, .STERADIAN. ) SOLID_ANGLE_UNIT ( ) );
#7781 = EDGE_CURVE ( 'NONE', #4943, #8562, #144, .T. ) ;
#7782 = ORIENTED_EDGE ( 'NONE', *, *, #3676, .F. ) ;
#7783 = VERTEX_POINT ( 'NONE', #764 ) ;
#7784 = EDGE_CURVE ( 'NONE', #2709, #3108, #6353, .T. ) ;
#7785 = DIRECTION ( 'NONE',  ( 1.000000000000000000, -0.000000000000000000, 1.626303258728256257E-15 ) ) ;
#7786 = EDGE_LOOP ( 'NONE', ( #1748, #7164, #7129, #2297 ) ) ;
#7787 = CARTESIAN_POINT ( 'NONE',  ( 4.850000000000000533, 2.080624847486572282, -1.300000000000000711 ) ) ;
#7788 = DIRECTION ( 'NONE',  ( 0.000000000000000000, 1.000000000000000000, 3.336006684570780538E-15 ) ) ;
#7789 = ORIENTED_EDGE ( 'NONE', *, *, #4270, .T. ) ;
#7790 = DIRECTION ( 'NONE',  ( -8.673617379884051249E-15, 0.000000000000000000, -1.000000000000000000 ) ) ;
#7791 = DIRECTION ( 'NONE',  ( 0.000000000000000000, 0.000000000000000000, 1.000000000000000000 ) ) ;
#7792 = DIRECTION ( 'NONE',  ( 0.000000000000000000, -0.000000000000000000, -1.000000000000000000 ) ) ;
#7793 = AXIS2_PLACEMENT_3D ( 'NONE', #1645, #4918, #4204 ) ;
#7794 = ORIENTED_EDGE ( 'NONE', *, *, #2592, .T. ) ;
#7796 = EDGE_CURVE ( 'NONE', #61, #8703, #9524, .T. ) ;
#7795 = PRESENTATION_STYLE_ASSIGNMENT (( #8635 ) ) ;
#7797 = EDGE_LOOP ( 'NONE', ( #3321, #1546, #9217, #4084 ) ) ;
#7798 = DIRECTION ( 'NONE',  ( -1.000000000000000000, 0.000000000000000000, -4.336808689942006692E-15 ) ) ;
#7799 = CARTESIAN_POINT ( 'NONE',  ( -4.850000000000001421, 0.000000000000000000, 5.049999999999999822 ) ) ;
#7800 = VERTEX_POINT ( 'NONE', #9473 ) ;
#7801 = VERTEX_POINT ( 'NONE', #8014 ) ;
#7802 = DIRECTION ( 'NONE',  ( 1.626303258728256257E-15, 0.000000000000000000, -1.000000000000000000 ) ) ;
#7803 = CARTESIAN_POINT ( 'NONE',  ( 4.850000000000000533, 0.000000000000000000, 3.999999999999999112 ) ) ;
#7804 = COLOUR_RGB ( '',0.000000000000000000, 0.5019607843137254832, 0.000000000000000000 ) ;
#7805 = DIRECTION ( 'NONE',  ( -1.000000000000000000, 0.000000000000000000, 0.000000000000000000 ) ) ;
#7806 = CARTESIAN_POINT ( 'NONE',  ( 4.382854828587676721, 2.057545201010649194, 4.611364551247111976 ) ) ;
#7807 = EDGE_CURVE ( 'NONE', #1169, #4682, #6246, .T. ) ;
#7808 =( NAMED_UNIT ( * ) PLANE_ANGLE_UNIT ( ) SI_UNIT ( $, .RADIAN. ) );
#7809 = B_SPLINE_CURVE_WITH_KNOTS ( 'NONE', 3,
 ( #4139, #9734, #3300, #5673, #4956, #6506, #1075, #2626, #1688, #1747, #2470, #4904, #7951 ),
 .UNSPECIFIED., .F., .F.,
 ( 4, 3, 3, 3, 4 ),
 ( 0.000000000000000000, 5.083670231753968161E-05, 9.796152662741103778E-05, 0.0001450796207375175373, 0.0001848331750982607847 ),
 .UNSPECIFIED. ) ;
#7810 = CARTESIAN_POINT ( 'NONE',  ( -4.299999999999999822, 2.100000000000000089, -4.549999999999999822 ) ) ;
#7811 = SURFACE_STYLE_FILL_AREA ( #4611 ) ;
#7812 = CYLINDRICAL_SURFACE ( 'NONE', #9038, 0.1000000000000002554 ) ;
#7813 = MECHANICAL_DESIGN_GEOMETRIC_PRESENTATION_REPRESENTATION (  '', ( #708 ), #1537 ) ;
#7814 =( NAMED_UNIT ( * ) SI_UNIT ( $, .STERADIAN. ) SOLID_ANGLE_UNIT ( ) );
#7815 =( GEOMETRIC_REPRESENTATION_CONTEXT ( 3 ) GLOBAL_UNCERTAINTY_ASSIGNED_CONTEXT ( ( #9204 ) ) GLOBAL_UNIT_ASSIGNED_CONTEXT ( ( #6877, #7756, #3049 ) ) REPRESENTATION_CONTEXT ( 'NONE', 'WORKASPACE' ) );
#7816 = EDGE_CURVE ( 'NONE', #131, #5870, #2526, .T. ) ;
#7817 = CARTESIAN_POINT ( 'NONE',  ( -4.400000000000006573, 1.534563074902560996E-14, -4.649929289321881321 ) ) ;
#7818 = ORIENTED_EDGE ( 'NONE', *, *, #5698, .F. ) ;
#7819 = CARTESIAN_POINT ( 'NONE',  ( -4.329995970803595107, 2.089905016664405757, -4.595755559128687828 ) ) ;
#7820 = VECTOR ( 'NONE', #8277, 1000.000000000000000 ) ;
#7821 = FILL_AREA_STYLE ('',( #6267 ) ) ;
#7822 = LINE ( 'NONE', #112, #154 ) ;
#7823 = CARTESIAN_POINT ( 'NONE',  ( 0.000000000000000000, 2.100000000000000089, 0.000000000000000000 ) ) ;
#7824 = CARTESIAN_POINT ( 'NONE',  ( 4.850000000000000533, 0.8000000000000000444, -0.7000000000000009548 ) ) ;
#7825 = ORIENTED_EDGE ( 'NONE', *, *, #2249, .T. ) ;
#7826 = DIRECTION ( 'NONE',  ( -0.000000000000000000, 0.000000000000000000, 1.000000000000000000 ) ) ;
#7827 = LINE ( 'NONE', #4677, #2797 ) ;
#7828 = ORIENTED_EDGE ( 'NONE', *, *, #6655, .F. ) ;
#7829 = STYLED_ITEM ( 'NONE', ( #8346 ), #9320 ) ;
#7830 = AXIS2_PLACEMENT_3D ( 'NONE', #5603, #3955, #740 ) ;
#7831 = EDGE_CURVE ( 'NONE', #167, #8035, #8694, .T. ) ;
#7832 = ADVANCED_FACE ( 'NONE', ( #1751 ), #90, .T. ) ;
#7833 = ORIENTED_EDGE ( 'NONE', *, *, #3486, .F. ) ;
#7834 = ORIENTED_EDGE ( 'NONE', *, *, #1114, .F. ) ;
#7835 = DIRECTION ( 'NONE',  ( 1.000000000000000000, 0.000000000000000000, 0.000000000000000000 ) ) ;
#7836 = CARTESIAN_POINT ( 'NONE',  ( -3.115685424949237170, 0.8000000000000000444, -5.049999999999999822 ) ) ;
#7837 = UNCERTAINTY_MEASURE_WITH_UNIT (LENGTH_MEASURE( 1.000000000000000082E-05 ), #3020, 'distance_accuracy_value', 'NONE');
#7838 = VECTOR ( 'NONE', #4354, 1000.000000000000000 ) ;
#7839 = CARTESIAN_POINT ( 'NONE',  ( 4.399929289321881321, 0.7999999999999998224, -4.850000000000003197 ) ) ;
#7840 = ORIENTED_EDGE ( 'NONE', *, *, #8578, .F. ) ;
#7841 = CARTESIAN_POINT ( 'NONE',  ( 3.850000000000008527, 0.000000000000000000, 2.899999999999998579 ) ) ;
#7842 = DIRECTION ( 'NONE',  ( 1.000000000000000000, 0.000000000000000000, -0.000000000000000000 ) ) ;
#7843 = ADVANCED_FACE ( 'NONE', ( #7228 ), #9053, .F. ) ;
#7844 =( GEOMETRIC_REPRESENTATION_CONTEXT ( 3 ) GLOBAL_UNCERTAINTY_ASSIGNED_CONTEXT ( ( #9624 ) ) GLOBAL_UNIT_ASSIGNED_CONTEXT ( ( #9630, #2314, #3084 ) ) REPRESENTATION_CONTEXT ( 'NONE', 'WORKASPACE' ) );
#7845 = ORIENTED_EDGE ( 'NONE', *, *, #1995, .F. ) ;
#7846 = VERTEX_POINT ( 'NONE', #5107 ) ;
#7847 = DIRECTION ( 'NONE',  ( -8.673617379884051249E-15, 0.000000000000000000, -1.000000000000000000 ) ) ;
#7848 = CARTESIAN_POINT ( 'NONE',  ( -4.850000000000000533, 0.7999999999999999334, 4.599999999999998757 ) ) ;
#7849 = ORIENTED_EDGE ( 'NONE', *, *, #780, .T. ) ;
#7850 = ORIENTED_EDGE ( 'NONE', *, *, #7272, .T. ) ;
#7851 = SURFACE_STYLE_USAGE ( .BOTH. , #4708 ) ;
#7852 = LINE ( 'NONE', #769, #3628 ) ;
#7853 = SURFACE_STYLE_FILL_AREA ( #1451 ) ;
#7854 = EDGE_CURVE ( 'NONE', #2376, #1585, #2727, .T. ) ;
#7855 = DIRECTION ( 'NONE',  ( -1.000000000000000000, 0.000000000000000000, -0.000000000000000000 ) ) ;
#7856 = PLANE ( 'NONE',  #2191 ) ;
#7857 = DIRECTION ( 'NONE',  ( 1.000000000000000000, 0.000000000000000000, -0.000000000000000000 ) ) ;
#7858 = CARTESIAN_POINT ( 'NONE',  ( -4.400000000000006573, 1.534563074902560996E-14, 4.649929289321881321 ) ) ;
#7859 = EDGE_CURVE ( 'NONE', #8818, #2757, #3452, .T. ) ;
#7860 = EDGE_LOOP ( 'NONE', ( #810, #7327, #2438, #6067 ) ) ;
#7861 = PLANE ( 'NONE',  #3240 ) ;
#7862 = COLOUR_RGB ( '',0.000000000000000000, 0.5019607843137254832, 0.000000000000000000 ) ;
#7863 = ORIENTED_EDGE ( 'NONE', *, *, #4308, .F. ) ;
#7864 =( NAMED_UNIT ( * ) SI_UNIT ( $, .STERADIAN. ) SOLID_ANGLE_UNIT ( ) );
#7865 = DIRECTION ( 'NONE',  ( 1.000000000000000000, -0.000000000000000000, 0.000000000000000000 ) ) ;
#7866 = LINE ( 'NONE', #3948, #9553 ) ;
#7867 = ORIENTED_EDGE ( 'NONE', *, *, #6030, .F. ) ;
#7868 = ADVANCED_FACE ( 'NONE', ( #8901 ), #7110, .F. ) ;
#7869 = CARTESIAN_POINT ( 'NONE',  ( -4.850000000000001421, 2.080624847486572282, 2.600000000000000533 ) ) ;
#7870 =( GEOMETRIC_REPRESENTATION_CONTEXT ( 3 ) GLOBAL_UNCERTAINTY_ASSIGNED_CONTEXT ( ( #1624 ) ) GLOBAL_UNIT_ASSIGNED_CONTEXT ( ( #9539, #7292, #5589 ) ) REPRESENTATION_CONTEXT ( 'NONE', 'WORKASPACE' ) );
#7871 = DIRECTION ( 'NONE',  ( 1.626303258728256059E-15, 0.000000000000000000, -1.000000000000000000 ) ) ;
#7872 = VECTOR ( 'NONE', #4038, 1000.000000000000000 ) ;
#7873 = DIRECTION ( 'NONE',  ( 0.000000000000000000, 0.000000000000000000, 1.000000000000000000 ) ) ;
#7874 = CARTESIAN_POINT ( 'NONE',  ( 4.399999999999999467, 2.000000000000000000, 4.649929289321881321 ) ) ;
#7875 = PRESENTATION_STYLE_ASSIGNMENT (( #4828 ) ) ;
#7876 = EDGE_LOOP ( 'NONE', ( #4229, #3199, #4567, #9876 ) ) ;
#7877 = CARTESIAN_POINT ( 'NONE',  ( -4.569452524890161627, 2.157639970946512609, 4.616619526214587488 ) ) ;
#7878 = VECTOR ( 'NONE', #6073, 1000.000000000000000 ) ;
#7879 =( NAMED_UNIT ( * ) SI_UNIT ( $, .STERADIAN. ) SOLID_ANGLE_UNIT ( ) );
#7880 = AXIS2_PLACEMENT_3D ( 'NONE', #9009, #3456, #245 ) ;
#7881 = ORIENTED_EDGE ( 'NONE', *, *, #6197, .F. ) ;
#7882 = CARTESIAN_POINT ( 'NONE',  ( 4.399929289321881321, 2.100000000000000089, -4.850000000000001421 ) ) ;
#7883 = ORIENTED_EDGE ( 'NONE', *, *, #2971, .T. ) ;
#7884 = ORIENTED_EDGE ( 'NONE', *, *, #2021, .T. ) ;
#7885 = CARTESIAN_POINT ( 'NONE',  ( 0.000000000000000000, 0.8000000000000000444, -1.500000000000001332 ) ) ;
#7886 = DIRECTION ( 'NONE',  ( 1.000000000000000000, 0.000000000000000000, 0.000000000000000000 ) ) ;
#7887 = LINE ( 'NONE', #7944, #1930 ) ;
#7888 = DIRECTION ( 'NONE',  ( -0.000000000000000000, -1.000000000000000000, 0.000000000000000000 ) ) ;
#7889 = EDGE_LOOP ( 'NONE', ( #5689, #2196, #124, #2088 ) ) ;
#7890 =( LENGTH_UNIT ( ) NAMED_UNIT ( * ) SI_UNIT ( .MILLI., .METRE. ) );
#7891 =( LENGTH_UNIT ( ) NAMED_UNIT ( * ) SI_UNIT ( .MILLI., .METRE. ) );
#7892 = CARTESIAN_POINT ( 'NONE',  ( 4.850000000000000533, 0.7999999999999999334, -0.9000000000000014655 ) ) ;
#7893 = SURFACE_STYLE_FILL_AREA ( #4853 ) ;
#7894 = VERTEX_POINT ( 'NONE', #4331 ) ;
#7895 = DIRECTION ( 'NONE',  ( 1.000000000000000000, -0.000000000000000000, 1.626303258728256257E-15 ) ) ;
#7896 = EDGE_LOOP ( 'NONE', ( #3975, #374, #9982, #5185 ) ) ;
#7897 = CARTESIAN_POINT ( 'NONE',  ( 3.849999999999996092, 0.8000000000000000444, 4.799999999999999822 ) ) ;
#7898 = PRESENTATION_STYLE_ASSIGNMENT (( #8638 ) ) ;
#7899 = VERTEX_POINT ( 'NONE', #7466 ) ;
#7900 = CARTESIAN_POINT ( 'NONE',  ( 4.599999999999998757, 2.000000000000000888, -4.649929289321881321 ) ) ;
#7901 = VERTEX_POINT ( 'NONE', #10130 ) ;
#7902 = EDGE_CURVE ( 'NONE', #9978, #3143, #9976, .T. ) ;
#7903 = FILL_AREA_STYLE_COLOUR ( '', #1456 ) ;
#7904 = PRESENTATION_STYLE_ASSIGNMENT (( #4760 ) ) ;
#7905 = CARTESIAN_POINT ( 'NONE',  ( 4.399999999999999467, 2.100000000000000089, 4.649929289321881321 ) ) ;
#7906 =( LENGTH_UNIT ( ) NAMED_UNIT ( * ) SI_UNIT ( .MILLI., .METRE. ) );
#7907 = CARTESIAN_POINT ( 'NONE',  ( -4.850000000000000533, 0.7999999999999999334, -4.200000000000001066 ) ) ;
#7908 = EDGE_CURVE ( 'NONE', #5757, #1620, #5208, .T. ) ;
#7909 = CARTESIAN_POINT ( 'NONE',  ( 4.850000000000000533, 0.8000000000000000444, -4.000000000000000888 ) ) ;
#7910 = SURFACE_STYLE_USAGE ( .BOTH. , #3102 ) ;
#7911 = EDGE_CURVE ( 'NONE', #2969, #7208, #3250, .T. ) ;
#7912 = CLOSED_SHELL ( 'NONE', ( #2048, #5904, #8685, #7670, #3412, #1790, #5803, #3040 ) ) ;
#7913 = CARTESIAN_POINT ( 'NONE',  ( 3.849999999999997424, 2.080624847486572282, 2.600000000000000533 ) ) ;
#7914 = VERTEX_POINT ( 'NONE', #6905 ) ;
#7915 = ORIENTED_EDGE ( 'NONE', *, *, #6444, .F. ) ;
#7916 = FILL_AREA_STYLE ('',( #5543 ) ) ;
#7917 = LINE ( 'NONE', #8863, #5855 ) ;
#7918 = EDGE_CURVE ( 'NONE', #2019, #8674, #3717, .T. ) ;
#7919 = PRESENTATION_STYLE_ASSIGNMENT (( #785 ) ) ;
#7920 = SURFACE_SIDE_STYLE ('',( #4771 ) ) ;
#7921 = MECHANICAL_DESIGN_GEOMETRIC_PRESENTATION_REPRESENTATION (  '', ( #469 ), #5929 ) ;
#7922 = CIRCLE ( 'NONE', #6750, 0.5999999999999998668 ) ;
#7923 = PLANE ( 'NONE',  #1380 ) ;
#7924 = EDGE_CURVE ( 'NONE', #7066, #2304, #2100, .T. ) ;
#7925 = DIRECTION ( 'NONE',  ( 0.000000000000000000, 0.000000000000000000, 1.000000000000000000 ) ) ;
#7926 = CARTESIAN_POINT ( 'NONE',  ( -4.850000000000001421, 0.8000000000000000444, 0.000000000000000000 ) ) ;
#7927 = LINE ( 'NONE', #8039, #2657 ) ;
#7928 = EDGE_CURVE ( 'NONE', #1254, #7657, #3818, .T. ) ;
#7929 = ORIENTED_EDGE ( 'NONE', *, *, #962, .T. ) ;
#7930 =( GEOMETRIC_REPRESENTATION_CONTEXT ( 3 ) GLOBAL_UNCERTAINTY_ASSIGNED_CONTEXT ( ( #2762 ) ) GLOBAL_UNIT_ASSIGNED_CONTEXT ( ( #9039, #9861, #5091 ) ) REPRESENTATION_CONTEXT ( 'NONE', 'WORKASPACE' ) );
#7931 = STYLED_ITEM ( 'NONE', ( #241 ), #7093 ) ;
#7932 = AXIS2_PLACEMENT_3D ( 'NONE', #8967, #3100, #9380 ) ;
#7933 =( NAMED_UNIT ( * ) SI_UNIT ( $, .STERADIAN. ) SOLID_ANGLE_UNIT ( ) );
#7934 = AXIS2_PLACEMENT_3D ( 'NONE', #676, #3844, #4562 ) ;
#7935 = FACE_OUTER_BOUND ( 'NONE', #394, .T. ) ;
#7936 = ORIENTED_EDGE ( 'NONE', *, *, #1669, .T. ) ;
#7937 = CARTESIAN_POINT ( 'NONE',  ( -4.325701847718431914, 2.097980000000000178, -4.566688067432193243 ) ) ;
#7938 = FILL_AREA_STYLE_COLOUR ( '', #1319 ) ;
#7939 = ORIENTED_EDGE ( 'NONE', *, *, #7924, .F. ) ;
#7940 = AXIS2_PLACEMENT_3D ( 'NONE', #2384, #5482, #5538 ) ;
#7941 = VERTEX_POINT ( 'NONE', #10074 ) ;
#7942 = CARTESIAN_POINT ( 'NONE',  ( 4.850000000000051159, 0.8000000000000000444, -0.4000000000000010214 ) ) ;
#7943 = UNCERTAINTY_MEASURE_WITH_UNIT (LENGTH_MEASURE( 1.000000000000000082E-05 ), #5019, 'distance_accuracy_value', 'NONE');
#7944 = CARTESIAN_POINT ( 'NONE',  ( 4.399929289321881321, 1.617963242016830519E-14, 4.650000000000006573 ) ) ;
#7945 = ORIENTED_EDGE ( 'NONE', *, *, #3105, .F. ) ;
#7946 = LINE ( 'NONE', #860, #470 ) ;
#7947 = COLOUR_RGB ( '',0.000000000000000000, 0.5019607843137254832, 0.000000000000000000 ) ;
#7948 =( NAMED_UNIT ( * ) SI_UNIT ( $, .STERADIAN. ) SOLID_ANGLE_UNIT ( ) );
#7949 = LINE ( 'NONE', #4901, #8164 ) ;
#7950 = VERTEX_POINT ( 'NONE', #6857 ) ;
#7951 = CARTESIAN_POINT ( 'NONE',  ( 4.299999999999999822, 2.100000000000000089, -4.549999999999999822 ) ) ;
#7952 = ORIENTED_EDGE ( 'NONE', *, *, #5902, .F. ) ;
#7953 = LINE ( 'NONE', #9471, #3514 ) ;
#7954 = FILL_AREA_STYLE ('',( #3142 ) ) ;
#7955 =( GEOMETRIC_REPRESENTATION_CONTEXT ( 3 ) GLOBAL_UNCERTAINTY_ASSIGNED_CONTEXT ( ( #8062 ) ) GLOBAL_UNIT_ASSIGNED_CONTEXT ( ( #5579, #5732, #35 ) ) REPRESENTATION_CONTEXT ( 'NONE', 'WORKASPACE' ) );
#7956 = EDGE_LOOP ( 'NONE', ( #2929, #4030, #67, #4311 ) ) ;
#7957 = CARTESIAN_POINT ( 'NONE',  ( 4.599999999999998757, 2.000000000000001332, 4.649929289321881321 ) ) ;
#7958 = ORIENTED_EDGE ( 'NONE', *, *, #4603, .F. ) ;
#7959 = LINE ( 'NONE', #2580, #7715 ) ;
#7960 = MECHANICAL_DESIGN_GEOMETRIC_PRESENTATION_REPRESENTATION (  '', ( #6301 ), #4825 ) ;
#7961 =( NAMED_UNIT ( * ) SI_UNIT ( $, .STERADIAN. ) SOLID_ANGLE_UNIT ( ) );
#7962 = CYLINDRICAL_SURFACE ( 'NONE', #6325, 0.1999999999999996503 ) ;
#7963 = FILL_AREA_STYLE_COLOUR ( '', #9456 ) ;
#7964 = DIRECTION ( 'NONE',  ( 0.000000000000000000, -0.000000000000000000, -1.000000000000000000 ) ) ;
#7965 = EDGE_LOOP ( 'NONE', ( #9587, #5529, #7508, #6271 ) ) ;
#7966 = CARTESIAN_POINT ( 'NONE',  ( 3.849999999999996092, 2.080624847486572282, 0.6999999999999992895 ) ) ;
#7967 = EDGE_CURVE ( 'NONE', #7950, #2497, #2974, .T. ) ;
#7968 = CARTESIAN_POINT ( 'NONE',  ( -3.849999999999996536, 0.000000000000000000, -1.800000000000000711 ) ) ;
#7969 = DIRECTION ( 'NONE',  ( -4.336808689942006692E-15, 0.000000000000000000, 1.000000000000000000 ) ) ;
#7970 = ORIENTED_EDGE ( 'NONE', *, *, #4323, .T. ) ;
#7971 = CARTESIAN_POINT ( 'NONE',  ( 3.849999999999996092, 2.080624847486572282, -0.4000000000000010214 ) ) ;
#7972 = VECTOR ( 'NONE', #5384, 1000.000000000000000 ) ;
#7973 = EDGE_LOOP ( 'NONE', ( #4267, #4008, #2348, #8313 ) ) ;
#7974 = EDGE_CURVE ( 'NONE', #9115, #1126, #6958, .T. ) ;
#7975 = FACE_OUTER_BOUND ( 'NONE', #8481, .T. ) ;
#7976 = CARTESIAN_POINT ( 'NONE',  ( -4.366607917228704672, 2.156613802740582120, -4.817607869197446213 ) ) ;
#7977 = SURFACE_SIDE_STYLE ('',( #3330 ) ) ;
#7978 = AXIS2_PLACEMENT_3D ( 'NONE', #6864, #2832, #2114 ) ;
#7979 = FILL_AREA_STYLE ('',( #3277 ) ) ;
#7980 = LINE ( 'NONE', #3165, #7092 ) ;
#7981 = CIRCLE ( 'NONE', #6330, 0.1999999999999996503 ) ;
#7982 = ORIENTED_EDGE ( 'NONE', *, *, #8510, .T. ) ;
#7983 = CARTESIAN_POINT ( 'NONE',  ( -4.325701847718432802, 2.097980000000000178, 4.566688067432193243 ) ) ;
#7984 =( GEOMETRIC_REPRESENTATION_CONTEXT ( 3 ) GLOBAL_UNCERTAINTY_ASSIGNED_CONTEXT ( ( #481 ) ) GLOBAL_UNIT_ASSIGNED_CONTEXT ( ( #6054, #3850, #1512 ) ) REPRESENTATION_CONTEXT ( 'NONE', 'WORKASPACE' ) );
#7985 = ORIENTED_EDGE ( 'NONE', *, *, #6724, .T. ) ;
#7986 = CARTESIAN_POINT ( 'NONE',  ( -4.351144252825625003, 2.087420392015689963, -4.583309763107293655 ) ) ;
#7987 = DIRECTION ( 'NONE',  ( -4.336808689942006692E-15, 0.000000000000000000, -1.000000000000000000 ) ) ;
#7988 = ORIENTED_EDGE ( 'NONE', *, *, #2914, .T. ) ;
#7989 = ORIENTED_EDGE ( 'NONE', *, *, #8228, .T. ) ;
#7990 = DIRECTION ( 'NONE',  ( 0.000000000000000000, -0.000000000000000000, -1.000000000000000000 ) ) ;
#7991 = EDGE_CURVE ( 'NONE', #4863, #2142, #6126, .T. ) ;
#7992 = EDGE_CURVE ( 'NONE', #4973, #7800, #4589, .T. ) ;
#7993 = PRESENTATION_STYLE_ASSIGNMENT (( #4843 ) ) ;
#7994 = DIRECTION ( 'NONE',  ( 0.000000000000000000, -0.000000000000000000, -1.000000000000000000 ) ) ;
#7995 = LINE ( 'NONE', #6388, #7328 ) ;
#7996 = EDGE_LOOP ( 'NONE', ( #6397, #4003, #7583, #7739 ) ) ;
#7997 = DIRECTION ( 'NONE',  ( 4.336808689942006692E-15, -0.000000000000000000, -1.000000000000000000 ) ) ;
#7998 = CIRCLE ( 'NONE', #56, 0.1999999999999996503 ) ;
#7999 = PRESENTATION_LAYER_ASSIGNMENT (  '', '', ( #6168 ) ) ;
#8000 = SURFACE_SIDE_STYLE ('',( #7317 ) ) ;
#8001 = PLANE ( 'NONE',  #4700 ) ;
#8002 = EDGE_CURVE ( 'NONE', #305, #7677, #9252, .T. ) ;
#8003 = EDGE_LOOP ( 'NONE', ( #8981, #608, #4554, #5540 ) ) ;
#8004 = CARTESIAN_POINT ( 'NONE',  ( -4.850000000000000533, 0.000000000000000000, 2.399999999999999023 ) ) ;
#8005 =( NAMED_UNIT ( * ) SI_UNIT ( $, .STERADIAN. ) SOLID_ANGLE_UNIT ( ) );
#8006 = EDGE_CURVE ( 'NONE', #1473, #3760, #6027, .T. ) ;
#8007 = ORIENTED_EDGE ( 'NONE', *, *, #8342, .F. ) ;
#8008 = AXIS2_PLACEMENT_3D ( 'NONE', #4514, #10251, #2393 ) ;
#8009 = CARTESIAN_POINT ( 'NONE',  ( -4.333309763107292767, 2.087420392015689963, 4.601144252825625891 ) ) ;
#8010 = PRESENTATION_LAYER_ASSIGNMENT (  '', '', ( #729 ) ) ;
#8011 = AXIS2_PLACEMENT_3D ( 'NONE', #4109, #4978, #4211 ) ;
#8012 = SURFACE_STYLE_FILL_AREA ( #7954 ) ;
#8013 = VERTEX_POINT ( 'NONE', #2824 ) ;
#8014 = CARTESIAN_POINT ( 'NONE',  ( 3.849999999999996536, 0.000000000000000000, -3.700000000000000622 ) ) ;
#8015 = VERTEX_POINT ( 'NONE', #8352 ) ;
#8016 = DIRECTION ( 'NONE',  ( -1.000000000000000000, -0.000000000000000000, -0.000000000000000000 ) ) ;
#8017 = LINE ( 'NONE', #8214, #7872 ) ;
#8018 = CARTESIAN_POINT ( 'NONE',  ( -4.850000000000000533, 0.000000000000000000, -3.700000000000000622 ) ) ;
#8019 = MECHANICAL_DESIGN_GEOMETRIC_PRESENTATION_REPRESENTATION (  '', ( #2723 ), #1508 ) ;
#8020 = MECHANICAL_DESIGN_GEOMETRIC_PRESENTATION_REPRESENTATION (  '', ( #6675 ), #6191 ) ;
#8021 = PRESENTATION_LAYER_ASSIGNMENT (  '', '', ( #7487 ) ) ;
#8022 =( NAMED_UNIT ( * ) PLANE_ANGLE_UNIT ( ) SI_UNIT ( $, .RADIAN. ) );
#8023 = EDGE_LOOP ( 'NONE', ( #2388, #2909, #8955, #525 ) ) ;
#8024 = FACE_OUTER_BOUND ( 'NONE', #6633, .T. ) ;
#8025 = SURFACE_STYLE_USAGE ( .BOTH. , #6415 ) ;
#8026 = PLANE ( 'NONE',  #1999 ) ;
#8027 = CARTESIAN_POINT ( 'NONE',  ( -4.850000000000001421, 0.000000000000000000, 4.799999999999999822 ) ) ;
#8028 = ORIENTED_EDGE ( 'NONE', *, *, #10197, .T. ) ;
#8029 = FILL_AREA_STYLE_COLOUR ( '', #105 ) ;
#8030 = ORIENTED_EDGE ( 'NONE', *, *, #926, .F. ) ;
#8031 = DIRECTION ( 'NONE',  ( 0.000000000000000000, 0.000000000000000000, 1.000000000000000000 ) ) ;
#8032 = FACE_OUTER_BOUND ( 'NONE', #5505, .T. ) ;
#8033 = DIRECTION ( 'NONE',  ( -1.000000000000000000, -0.000000000000000000, 0.000000000000000000 ) ) ;
#8034 = PLANE ( 'NONE',  #6328 ) ;
#8035 = VERTEX_POINT ( 'NONE', #9205 ) ;
#8036 = PLANE ( 'NONE',  #9427 ) ;
#8037 =( GEOMETRIC_REPRESENTATION_CONTEXT ( 3 ) GLOBAL_UNCERTAINTY_ASSIGNED_CONTEXT ( ( #1738 ) ) GLOBAL_UNIT_ASSIGNED_CONTEXT ( ( #2773, #5155, #9150 ) ) REPRESENTATION_CONTEXT ( 'NONE', 'WORKASPACE' ) );
#8038 = PLANE ( 'NONE',  #5289 ) ;
#8039 = CARTESIAN_POINT ( 'NONE',  ( -3.849999999999996092, 2.080624847486572282, -2.600000000000000533 ) ) ;
#8040 = ORIENTED_EDGE ( 'NONE', *, *, #1927, .F. ) ;
#8041 = SURFACE_STYLE_USAGE ( .BOTH. , #6375 ) ;
#8042 = EDGE_CURVE ( 'NONE', #1433, #7259, #5415, .T. ) ;
#8043 = CARTESIAN_POINT ( 'NONE',  ( 4.850000000000000533, 0.8000000000000000444, 2.600000000000000533 ) ) ;
#8044 = FACE_OUTER_BOUND ( 'NONE', #8402, .T. ) ;
#8045 = EDGE_LOOP ( 'NONE', ( #4817, #2836, #1279, #5606 ) ) ;
#8046 = VERTEX_POINT ( 'NONE', #7565 ) ;
#8047 = DIRECTION ( 'NONE',  ( 0.000000000000000000, -0.000000000000000000, -1.000000000000000000 ) ) ;
#8048 = DIRECTION ( 'NONE',  ( -1.000000000000000000, 0.000000000000000000, 1.626303258728256257E-15 ) ) ;
#8049 = VECTOR ( 'NONE', #5260, 1000.000000000000000 ) ;
#8050 = UNCERTAINTY_MEASURE_WITH_UNIT (LENGTH_MEASURE( 1.000000000000000082E-05 ), #4654, 'distance_accuracy_value', 'NONE');
#8051 = CARTESIAN_POINT ( 'NONE',  ( -3.849999999999996092, 2.080624847486572282, -3.700000000000001066 ) ) ;
#8052 = VECTOR ( 'NONE', #295, 1000.000000000000000 ) ;
#8053 = ORIENTED_EDGE ( 'NONE', *, *, #6599, .F. ) ;
#8054 = FACE_OUTER_BOUND ( 'NONE', #5959, .T. ) ;
#8055 = LINE ( 'NONE', #7410, #3210 ) ;
#8056 = MECHANICAL_DESIGN_GEOMETRIC_PRESENTATION_REPRESENTATION (  '', ( #957 ), #436 ) ;
#8057 = EDGE_CURVE ( 'NONE', #493, #3907, #482, .T. ) ;
#8058 = COLOUR_RGB ( '',0.000000000000000000, 0.5019607843137254832, 0.000000000000000000 ) ;
#8059 = VERTEX_POINT ( 'NONE', #432 ) ;
#8060 = CARTESIAN_POINT ( 'NONE',  ( -4.850000000000001421, 0.000000000000000000, -5.049999999999999822 ) ) ;
#8061 = EDGE_LOOP ( 'NONE', ( #2890, #6547, #8829, #3509 ) ) ;
#8062 = UNCERTAINTY_MEASURE_WITH_UNIT (LENGTH_MEASURE( 1.000000000000000082E-05 ), #5579, 'distance_accuracy_value', 'NONE');
#8063 = EDGE_CURVE ( 'NONE', #1412, #190, #5357, .T. ) ;
#8064 = ORIENTED_EDGE ( 'NONE', *, *, #8226, .T. ) ;
#8065 = CARTESIAN_POINT ( 'NONE',  ( 4.569452524890161627, 2.157639970946512609, 4.616619526214588376 ) ) ;
#8066 = EDGE_CURVE ( 'NONE', #6711, #8626, #8407, .T. ) ;
#8067 = EDGE_LOOP ( 'NONE', ( #9424, #7632, #5669, #7828 ) ) ;
#8068 = DIRECTION ( 'NONE',  ( 0.000000000000000000, -1.000000000000000000, 0.000000000000000000 ) ) ;
#8069 = CARTESIAN_POINT ( 'NONE',  ( 4.385534117865375059, 2.022610860657357623, -4.648058160912053260 ) ) ;
#8070 =( NAMED_UNIT ( * ) PLANE_ANGLE_UNIT ( ) SI_UNIT ( $, .RADIAN. ) );
#8071 = CARTESIAN_POINT ( 'NONE',  ( 3.850000000000076916, 0.000000000000000000, -2.900000000000000799 ) ) ;
#8072 = LINE ( 'NONE', #1757, #4693 ) ;
#8073 = DIRECTION ( 'NONE',  ( 1.626303258728256059E-15, 0.000000000000000000, -1.000000000000000000 ) ) ;
#8074 = VERTEX_POINT ( 'NONE', #7620 ) ;
#8075 = ORIENTED_EDGE ( 'NONE', *, *, #1035, .T. ) ;
#8076 = PRESENTATION_STYLE_ASSIGNMENT (( #3325 ) ) ;
#8077 = DIRECTION ( 'NONE',  ( 0.000000000000000000, 0.000000000000000000, 1.000000000000000000 ) ) ;
#8078 = CARTESIAN_POINT ( 'NONE',  ( -2.549999999999999378, 0.000000000000000000, -5.250000000000000000 ) ) ;
#8079 = CARTESIAN_POINT ( 'NONE',  ( -4.850000000000000533, 0.000000000000000000, -0.2000000000000005107 ) ) ;
#8080 = DIRECTION ( 'NONE',  ( 0.000000000000000000, 0.000000000000000000, -1.000000000000000000 ) ) ;
#8081 = DIRECTION ( 'NONE',  ( -0.000000000000000000, -0.000000000000000000, -1.000000000000000000 ) ) ;
#8082 = FILL_AREA_STYLE ('',( #4168 ) ) ;
#8083 = EDGE_LOOP ( 'NONE', ( #2937, #6194, #6185, #3017 ) ) ;
#8084 = CARTESIAN_POINT ( 'NONE',  ( -3.849999999999996536, 2.080624847486572282, 0.3999999999999993006 ) ) ;
#8085 = DIRECTION ( 'NONE',  ( -1.000000000000000000, 0.000000000000000000, 0.000000000000000000 ) ) ;
#8086 = VECTOR ( 'NONE', #5599, 1000.000000000000000 ) ;
#8087 = AXIS2_PLACEMENT_3D ( 'NONE', #5716, #7108, #9628 ) ;
#8088 = ADVANCED_FACE ( 'NONE', ( #2156 ), #5309, .F. ) ;
#8089 = CARTESIAN_POINT ( 'NONE',  ( 4.849999999999997868, 0.8000000000000000444, -6.599999999999999645 ) ) ;
#8090 =( LENGTH_UNIT ( ) NAMED_UNIT ( * ) SI_UNIT ( .MILLI., .METRE. ) );
#8091 = VERTEX_POINT ( 'NONE', #599 ) ;
#8092 = ORIENTED_EDGE ( 'NONE', *, *, #7157, .F. ) ;
#8093 = CARTESIAN_POINT ( 'NONE',  ( -4.850000000000000533, 2.080624847486572282, 4.200000000000000178 ) ) ;
#8094 = CARTESIAN_POINT ( 'NONE',  ( -3.849999999999905498, 0.000000000000000000, -4.800000000000002487 ) ) ;
#8095 = COLOUR_RGB ( '',0.000000000000000000, 0.5019607843137254832, 0.000000000000000000 ) ;
#8096 = AXIS2_PLACEMENT_3D ( 'NONE', #1968, #9801, #9894 ) ;
#8097 = EDGE_CURVE ( 'NONE', #9370, #1949, #5668, .T. ) ;
#8098 = PLANE ( 'NONE',  #8195 ) ;
#8099 = CARTESIAN_POINT ( 'NONE',  ( 4.850000000000001421, 0.8000000000000000444, 2.600000000000000533 ) ) ;
#8100 = PLANE ( 'NONE',  #8591 ) ;
#8101 =( GEOMETRIC_REPRESENTATION_CONTEXT ( 3 ) GLOBAL_UNCERTAINTY_ASSIGNED_CONTEXT ( ( #2861 ) ) GLOBAL_UNIT_ASSIGNED_CONTEXT ( ( #8360, #3826, #4597 ) ) REPRESENTATION_CONTEXT ( 'NONE', 'WORKASPACE' ) );
#8102 = CARTESIAN_POINT ( 'NONE',  ( 4.850000000000000533, 0.000000000000000000, 0.6999999999999992895 ) ) ;
#8103 = ADVANCED_FACE ( 'NONE', ( #7213 ), #5512, .F. ) ;
#8104 = COLOUR_RGB ( '',0.000000000000000000, 0.5019607843137254832, 0.000000000000000000 ) ;
#8105 =( NAMED_UNIT ( * ) PLANE_ANGLE_UNIT ( ) SI_UNIT ( $, .RADIAN. ) );
#8106 = PRESENTATION_LAYER_ASSIGNMENT (  '', '', ( #9442 ) ) ;
#8107 = ADVANCED_FACE ( 'NONE', ( #2461 ), #6387, .T. ) ;
#8108 = ORIENTED_EDGE ( 'NONE', *, *, #4836, .F. ) ;
#8109 = DIRECTION ( 'NONE',  ( -1.000000000000000000, 0.000000000000000000, 0.000000000000000000 ) ) ;
#8110 = CARTESIAN_POINT ( 'NONE',  ( -4.850000000000001421, 2.080624847486572282, -1.800000000000000711 ) ) ;
#8111 = EDGE_LOOP ( 'NONE', ( #1476, #9153, #7667, #9652, #28, #5771 ) ) ;
#8112 = ORIENTED_EDGE ( 'NONE', *, *, #9541, .F. ) ;
#8113 = STYLED_ITEM ( 'NONE', ( #7240 ), #6659 ) ;
#8114 = CARTESIAN_POINT ( 'NONE',  ( 4.601999999999999424, 2.079276107729749246, -4.633229526919886432 ) ) ;
#8115 = MECHANICAL_DESIGN_GEOMETRIC_PRESENTATION_REPRESENTATION (  '', ( #6773 ), #655 ) ;
#8116 = EDGE_LOOP ( 'NONE', ( #2886, #3433, #8793, #1741 ) ) ;
#8117 = CARTESIAN_POINT ( 'NONE',  ( -3.849999999999996980, 0.7999999999999999334, -1.800000000000000711 ) ) ;
#8118 = LINE ( 'NONE', #4199, #5237 ) ;
#8119 = CARTESIAN_POINT ( 'NONE',  ( -3.849999999999996536, 2.080624847486572282, 4.799999999999999822 ) ) ;
#8120 = EDGE_CURVE ( 'NONE', #1361, #743, #7887, .T. ) ;
#8121 = LINE ( 'NONE', #3411, #7441 ) ;
#8122 = VECTOR ( 'NONE', #7072, 1000.000000000000000 ) ;
#8123 = LINE ( 'NONE', #5737, #1340 ) ;
#8124 = ORIENTED_EDGE ( 'NONE', *, *, #5016, .T. ) ;
#8125 = DIRECTION ( 'NONE',  ( 1.626303258728256059E-15, 0.000000000000000000, 1.000000000000000000 ) ) ;
#8126 = ORIENTED_EDGE ( 'NONE', *, *, #7351, .F. ) ;
#8127 = SURFACE_SIDE_STYLE ('',( #3322 ) ) ;
#8128 = PLANE ( 'NONE',  #9015 ) ;
#8129 = EDGE_CURVE ( 'NONE', #8046, #3447, #4914, .T. ) ;
#8130 = DIRECTION ( 'NONE',  ( 1.000000000000000000, 0.000000000000000000, -0.000000000000000000 ) ) ;
#8131 = PRESENTATION_STYLE_ASSIGNMENT (( #161 ) ) ;
#8132 = STYLED_ITEM ( 'NONE', ( #617 ), #589 ) ;
#8133 = SURFACE_SIDE_STYLE ('',( #212 ) ) ;
#8134 = CARTESIAN_POINT ( 'NONE',  ( 0.000000000000000000, 0.8000000000000000444, 1.799999999999998490 ) ) ;
#8135 = DIRECTION ( 'NONE',  ( 0.000000000000000000, 0.000000000000000000, -1.000000000000000000 ) ) ;
#8136 = CARTESIAN_POINT ( 'NONE',  ( -4.399929289321881321, 0.7999999999999993783, -4.650000000000003908 ) ) ;
#8137 = ORIENTED_EDGE ( 'NONE', *, *, #1984, .T. ) ;
#8138 = FILL_AREA_STYLE_COLOUR ( '', #9502 ) ;
#8139 = DIRECTION ( 'NONE',  ( 0.000000000000000000, 0.000000000000000000, 1.000000000000000000 ) ) ;
#8140 = CARTESIAN_POINT ( 'NONE',  ( 4.316802440931185814, 2.300000000000000266, -4.629235665564121582 ) ) ;
#8141 = MECHANICAL_DESIGN_GEOMETRIC_PRESENTATION_REPRESENTATION (  '', ( #6490 ), #2694 ) ;
#8142 = FILL_AREA_STYLE ('',( #2707 ) ) ;
#8143 = EDGE_LOOP ( 'NONE', ( #5609, #6507, #2116, #2091 ) ) ;
#8144 = ORIENTED_EDGE ( 'NONE', *, *, #4770, .F. ) ;
#8145 =( GEOMETRIC_REPRESENTATION_CONTEXT ( 3 ) GLOBAL_UNCERTAINTY_ASSIGNED_CONTEXT ( ( #2973 ) ) GLOBAL_UNIT_ASSIGNED_CONTEXT ( ( #4633, #2305, #4684 ) ) REPRESENTATION_CONTEXT ( 'NONE', 'WORKASPACE' ) );
#8146 = PRESENTATION_STYLE_ASSIGNMENT (( #7359 ) ) ;
#8147 = CARTESIAN_POINT ( 'NONE',  ( -4.394318933867716659, 2.033225573193808700, -4.628379217981353655 ) ) ;
#8148 =( GEOMETRIC_REPRESENTATION_CONTEXT ( 3 ) GLOBAL_UNCERTAINTY_ASSIGNED_CONTEXT ( ( #1123 ) ) GLOBAL_UNIT_ASSIGNED_CONTEXT ( ( #33, #8070, #2683 ) ) REPRESENTATION_CONTEXT ( 'NONE', 'WORKASPACE' ) );
#8149 = PLANE ( 'NONE',  #590 ) ;
#8150 = UNCERTAINTY_MEASURE_WITH_UNIT (LENGTH_MEASURE( 1.000000000000000082E-05 ), #1830, 'distance_accuracy_value', 'NONE');
#8151 = DIRECTION ( 'NONE',  ( 0.000000000000000000, 0.000000000000000000, 1.000000000000000000 ) ) ;
#8152 = MECHANICAL_DESIGN_GEOMETRIC_PRESENTATION_REPRESENTATION (  '', ( #5671 ), #7984 ) ;
#8153 = LINE ( 'NONE', #6640, #7262 ) ;
#8154 = STYLED_ITEM ( 'NONE', ( #8146 ), #3932 ) ;
#8155 = ADVANCED_FACE ( 'NONE', ( #857 ), #4016, .T. ) ;
#8156 = CARTESIAN_POINT ( 'NONE',  ( 4.850000000000013856, 0.8000000000000000444, 1.499999999999999556 ) ) ;
#8157 = PRESENTATION_STYLE_ASSIGNMENT (( #6685 ) ) ;
#8158 = VECTOR ( 'NONE', #1355, 1000.000000000000000 ) ;
#8159 = ORIENTED_EDGE ( 'NONE', *, *, #8250, .F. ) ;
#8160 = DIRECTION ( 'NONE',  ( -1.626303258728256059E-15, -0.000000000000000000, -1.000000000000000000 ) ) ;
#8161 = SURFACE_STYLE_FILL_AREA ( #8789 ) ;
#8162 = ORIENTED_EDGE ( 'NONE', *, *, #7781, .F. ) ;
#8163 =( LENGTH_UNIT ( ) NAMED_UNIT ( * ) SI_UNIT ( .MILLI., .METRE. ) );
#8164 = VECTOR ( 'NONE', #4023, 1000.000000000000000 ) ;
#8165 = SURFACE_SIDE_STYLE ('',( #6551 ) ) ;
#8166 =( GEOMETRIC_REPRESENTATION_CONTEXT ( 3 ) GLOBAL_UNCERTAINTY_ASSIGNED_CONTEXT ( ( #6170 ) ) GLOBAL_UNIT_ASSIGNED_CONTEXT ( ( #3101, #10146, #10190 ) ) REPRESENTATION_CONTEXT ( 'NONE', 'WORKASPACE' ) );
#8167 = VERTEX_POINT ( 'NONE', #7839 ) ;
#8168 = LINE ( 'NONE', #1082, #10201 ) ;
#8169 = SURFACE_SIDE_STYLE ('',( #5730 ) ) ;
#8170 = CARTESIAN_POINT ( 'NONE',  ( 2.699999999999999289, 1.617963242016830519E-14, 4.650000000000006573 ) ) ;
#8171 = EDGE_CURVE ( 'NONE', #2072, #1934, #8680, .T. ) ;
#8172 = PLANE ( 'NONE',  #14 ) ;
#8174 = VECTOR ( 'NONE', #692, 1000.000000000000000 ) ;
#8173 = FILL_AREA_STYLE_COLOUR ( '', #6830 ) ;
#8175 = VECTOR ( 'NONE', #7826, 1000.000000000000000 ) ;
#8176 = PLANE ( 'NONE',  #7978 ) ;
#8177 = CARTESIAN_POINT ( 'NONE',  ( -4.850000000000001421, 0.000000000000000000, 5.049999999999999822 ) ) ;
#8178 = SURFACE_SIDE_STYLE ('',( #4295 ) ) ;
#8179 = ORIENTED_EDGE ( 'NONE', *, *, #7351, .T. ) ;
#8180 = CARTESIAN_POINT ( 'NONE',  ( -4.333309763107293655, 2.269452524890164469, -4.707639970946510211 ) ) ;
#8181 = EDGE_LOOP ( 'NONE', ( #5974, #6403, #5863, #81 ) ) ;
#8182 = AXIS2_PLACEMENT_3D ( 'NONE', #2953, #5286, #6723 ) ;
#8183 = CARTESIAN_POINT ( 'NONE',  ( 4.329995970803595995, 2.089905016664406201, 4.595755559128687828 ) ) ;
#8184 = DIRECTION ( 'NONE',  ( 0.000000000000000000, -1.000000000000000000, 0.000000000000000000 ) ) ;
#8185 = LINE ( 'NONE', #258, #1241 ) ;
#8186 = EDGE_CURVE ( 'NONE', #8512, #3093, #1626, .T. ) ;
#8187 = FILL_AREA_STYLE ('',( #2652 ) ) ;
#8188 = CYLINDRICAL_SURFACE ( 'NONE', #6265, 0.1999999999999996503 ) ;
#8189 = MECHANICAL_DESIGN_GEOMETRIC_PRESENTATION_REPRESENTATION (  '', ( #4212 ), #5515 ) ;
#8190 = DIRECTION ( 'NONE',  ( 1.000000000000000000, 0.000000000000000000, -0.000000000000000000 ) ) ;
#8191 =( LENGTH_UNIT ( ) NAMED_UNIT ( * ) SI_UNIT ( .MILLI., .METRE. ) );
#8192 = EDGE_CURVE ( 'NONE', #5113, #9183, #5459, .T. ) ;
#8193 = PLANE ( 'NONE',  #7393 ) ;
#8194 = PLANE ( 'NONE',  #2395 ) ;
#8195 = AXIS2_PLACEMENT_3D ( 'NONE', #4071, #6586, #6541 ) ;
#8196 = ORIENTED_EDGE ( 'NONE', *, *, #4133, .T. ) ;
#8197 =( NAMED_UNIT ( * ) SI_UNIT ( $, .STERADIAN. ) SOLID_ANGLE_UNIT ( ) );
#8198 = CARTESIAN_POINT ( 'NONE',  ( -4.382854828587676721, 2.057545201010649194, -4.611364551247111976 ) ) ;
#8199 = LINE ( 'NONE', #129, #1256 ) ;
#8200 = CARTESIAN_POINT ( 'NONE',  ( -3.449999999999999289, 2.299999999999999822, -3.649999999999999467 ) ) ;
#8201 = AXIS2_PLACEMENT_3D ( 'NONE', #6232, #10127, #3179 ) ;
#8202 = CARTESIAN_POINT ( 'NONE',  ( -4.849999999999969447, 0.8000000000000000444, 0.3999999999999986344 ) ) ;
#8203 = DIRECTION ( 'NONE',  ( -0.000000000000000000, -0.000000000000000000, 1.000000000000000000 ) ) ;
#8204 = EDGE_LOOP ( 'NONE', ( #7293, #10123, #3007, #6868, #3354, #3757 ) ) ;
#8205 = VERTEX_POINT ( 'NONE', #8624 ) ;
#8206 = FILL_AREA_STYLE_COLOUR ( '', #9813 ) ;
#8207 = ORIENTED_EDGE ( 'NONE', *, *, #7389, .T. ) ;
#8208 = VECTOR ( 'NONE', #10135, 1000.000000000000000 ) ;
#8209 = FILL_AREA_STYLE ('',( #8260 ) ) ;
#8210 = EDGE_LOOP ( 'NONE', ( #7273, #7167, #8559, #963 ) ) ;
#8211 = CARTESIAN_POINT ( 'NONE',  ( -4.850000000000001421, 0.8000000000000000444, 3.999999999999998224 ) ) ;
#8212 = VECTOR ( 'NONE', #6526, 1000.000000000000000 ) ;
#8213 = AXIS2_PLACEMENT_3D ( 'NONE', #9151, #648, #7684 ) ;
#8214 = CARTESIAN_POINT ( 'NONE',  ( -4.850000000000000533, 0.000000000000000000, -0.4000000000000010214 ) ) ;
#8215 = CARTESIAN_POINT ( 'NONE',  ( -3.849999999999997424, 0.8000000000000000444, 4.799999999999998934 ) ) ;
#8216 = DIRECTION ( 'NONE',  ( -1.000000000000000000, 0.000000000000000000, -4.336808689942006692E-15 ) ) ;
#8217 = ORIENTED_EDGE ( 'NONE', *, *, #926, .T. ) ;
#8218 = CARTESIAN_POINT ( 'NONE',  ( -4.850000000000001421, 0.000000000000000000, 2.899999999999998135 ) ) ;
#8219 = FILL_AREA_STYLE ('',( #5071 ) ) ;
#8220 = VERTEX_POINT ( 'NONE', #4740 ) ;
#8221 = ADVANCED_FACE ( 'NONE', ( #1530 ), #10216, .T. ) ;
#8222 = LINE ( 'NONE', #6564, #1266 ) ;
#8223 = ORIENTED_EDGE ( 'NONE', *, *, #7775, .F. ) ;
#8224 = CARTESIAN_POINT ( 'NONE',  ( -4.850000000000000533, 2.080624847486572282, -2.400000000000000355 ) ) ;
#8225 = VECTOR ( 'NONE', #9230, 1000.000000000000000 ) ;
#8226 = EDGE_CURVE ( 'NONE', #2656, #6582, #3182, .T. ) ;
#8227 = SURFACE_STYLE_FILL_AREA ( #2125 ) ;
#8228 = EDGE_CURVE ( 'NONE', #7899, #5159, #3234, .T. ) ;
#8229 = CARTESIAN_POINT ( 'NONE',  ( 3.849999999999997424, 0.000000000000000000, -2.900000000000000799 ) ) ;
#8230 = PLANE ( 'NONE',  #7084 ) ;
#8231 = SURFACE_STYLE_USAGE ( .BOTH. , #8972 ) ;
#8232 = DIRECTION ( 'NONE',  ( -0.000000000000000000, -0.000000000000000000, -1.000000000000000000 ) ) ;
#8233 =( GEOMETRIC_REPRESENTATION_CONTEXT ( 3 ) GLOBAL_UNCERTAINTY_ASSIGNED_CONTEXT ( ( #1327 ) ) GLOBAL_UNIT_ASSIGNED_CONTEXT ( ( #9670, #2556, #4266 ) ) REPRESENTATION_CONTEXT ( 'NONE', 'WORKASPACE' ) );
#8234 = DIRECTION ( 'NONE',  ( 0.000000000000000000, 0.000000000000000000, -1.000000000000000000 ) ) ;
#8235 = ADVANCED_FACE ( 'NONE', ( #5866 ), #6682, .T. ) ;
#8236 = AXIS2_PLACEMENT_3D ( 'NONE', #2065, #1957, #2010 ) ;
#8237 = PLANE ( 'NONE',  #4600 ) ;
#8238 = PLANE ( 'NONE',  #74 ) ;
#8239 = EDGE_CURVE ( 'NONE', #8035, #5741, #3260, .T. ) ;
#8240 = EDGE_CURVE ( 'NONE', #941, #5926, #4584, .T. ) ;
#8241 = VERTEX_POINT ( 'NONE', #2763 ) ;
#8242 = FACE_OUTER_BOUND ( 'NONE', #579, .T. ) ;
#8243 = CARTESIAN_POINT ( 'NONE',  ( -3.449999999999999289, 2.299999999999999822, -3.649999999999999467 ) ) ;
#8244 = DIRECTION ( 'NONE',  ( 0.000000000000000000, 0.000000000000000000, 1.000000000000000000 ) ) ;
#8245 = UNCERTAINTY_MEASURE_WITH_UNIT (LENGTH_MEASURE( 1.000000000000000082E-05 ), #7890, 'distance_accuracy_value', 'NONE');
#8246 = DIRECTION ( 'NONE',  ( -0.000000000000000000, -1.000000000000000000, -0.000000000000000000 ) ) ;
#8247 = COLOUR_RGB ( '',1.000000000000000000, 0.8117647058823529438, 0.5019607843137254832 ) ;
#8248 = CARTESIAN_POINT ( 'NONE',  ( 3.849999999999996980, 0.8000000000000000444, 2.899999999999998135 ) ) ;
#8249 = PLANE ( 'NONE',  #5082 ) ;
#8250 = EDGE_CURVE ( 'NONE', #6461, #1639, #9042, .T. ) ;
#8251 = LINE ( 'NONE', #5054, #3527 ) ;
#8252 = EDGE_CURVE ( 'NONE', #5056, #8720, #1161, .T. ) ;
#8253 = PRESENTATION_LAYER_ASSIGNMENT (  '', '', ( #4297 ) ) ;
#8254 = VERTEX_POINT ( 'NONE', #7314 ) ;
#8255 = VECTOR ( 'NONE', #132, 1000.000000000000000 ) ;
#8256 = VERTEX_POINT ( 'NONE', #9727 ) ;
#8257 = CARTESIAN_POINT ( 'NONE',  ( 3.849999999999997424, 0.000000000000000000, -1.800000000000000711 ) ) ;
#8258 = ORIENTED_EDGE ( 'NONE', *, *, #6392, .T. ) ;
#8259 = UNCERTAINTY_MEASURE_WITH_UNIT (LENGTH_MEASURE( 1.000000000000000082E-05 ), #3315, 'distance_accuracy_value', 'NONE');
#8260 = FILL_AREA_STYLE_COLOUR ( '', #7375 ) ;
#8261 = PRESENTATION_LAYER_ASSIGNMENT (  '', '', ( #2809 ) ) ;
#8262 = VECTOR ( 'NONE', #8480, 1000.000000000000000 ) ;
#8263 = ORIENTED_EDGE ( 'NONE', *, *, #5633, .F. ) ;
#8264 = SURFACE_SIDE_STYLE ('',( #435 ) ) ;
#8265 = VECTOR ( 'NONE', #8923, 1000.000000000000000 ) ;
#8266 = PRESENTATION_STYLE_ASSIGNMENT (( #9980 ) ) ;
#8267 = ORIENTED_EDGE ( 'NONE', *, *, #1998, .T. ) ;
#8268 =( NAMED_UNIT ( * ) SI_UNIT ( $, .STERADIAN. ) SOLID_ANGLE_UNIT ( ) );
#8269 = EDGE_LOOP ( 'NONE', ( #3453, #10113, #6212, #4795 ) ) ;
#8270 = FACE_OUTER_BOUND ( 'NONE', #4442, .T. ) ;
#8271 = ORIENTED_EDGE ( 'NONE', *, *, #300, .T. ) ;
#8272 =( NAMED_UNIT ( * ) SI_UNIT ( $, .STERADIAN. ) SOLID_ANGLE_UNIT ( ) );
#8273 = COLOUR_RGB ( '',0.000000000000000000, 0.5019607843137254832, 0.000000000000000000 ) ;
#8274 = ADVANCED_FACE ( 'NONE', ( #1892 ), #3345, .T. ) ;
#8275 = EDGE_CURVE ( 'NONE', #4960, #4785, #968, .T. ) ;
#8276 = DIRECTION ( 'NONE',  ( -0.000000000000000000, 0.000000000000000000, 1.000000000000000000 ) ) ;
#8277 = DIRECTION ( 'NONE',  ( 0.000000000000000000, 1.000000000000000000, 0.000000000000000000 ) ) ;
#8278 = CARTESIAN_POINT ( 'NONE',  ( -4.850000000000000533, 0.000000000000000000, -1.300000000000000711 ) ) ;
#8279 = LINE ( 'NONE', #1819, #8265 ) ;
#8280 = CARTESIAN_POINT ( 'NONE',  ( 4.850000000000001421, 0.8000000000000000444, 1.499999999999999556 ) ) ;
#8281 = EDGE_CURVE ( 'NONE', #2784, #2270, #7219, .T. ) ;
#8282 = DIRECTION ( 'NONE',  ( 0.000000000000000000, 0.000000000000000000, -1.000000000000000000 ) ) ;
#8283 =( GEOMETRIC_REPRESENTATION_CONTEXT ( 3 ) GLOBAL_UNCERTAINTY_ASSIGNED_CONTEXT ( ( #9102 ) ) GLOBAL_UNIT_ASSIGNED_CONTEXT ( ( #7755, #7808, #3891 ) ) REPRESENTATION_CONTEXT ( 'NONE', 'WORKASPACE' ) );
#8284 = ORIENTED_EDGE ( 'NONE', *, *, #8443, .F. ) ;
#8285 = SURFACE_STYLE_FILL_AREA ( #2955 ) ;
#8286 = B_SPLINE_SURFACE_WITH_KNOTS ( 'NONE', 1, 3, ( 
 ( #4873, #2787, #8180, #1091, #1866, #3611 ),
 ( #3564, #9844, #4975, #5840, #6621, #1239 ),
 ( #4390, #1916, #5168, #8964, #2642, #1184 ),
 ( #7527, #7434, #5938, #4248, #5792, #1136 ) ),
 .UNSPECIFIED., .F., .F., .F.,
 ( 2, 1, 1, 2 ),
 ( 4, 2, 4 ),
 ( -0.01000000000000000021, 0.000000000000000000, 1.000000000000000000, 1.010099999999999998 ),
 ( 0.000000000000000000, 0.5000000000000000000, 1.000000000000000000 ),
 .UNSPECIFIED. ) ;
#8287 = CARTESIAN_POINT ( 'NONE',  ( 4.850000000000014744, 0.8000000000000000444, 2.899999999999998579 ) ) ;
#8288 = ORIENTED_EDGE ( 'NONE', *, *, #9335, .F. ) ;
#8289 = CARTESIAN_POINT ( 'NONE',  ( 0.000000000000000000, 0.8000000000000000444, -7.700000000000000178 ) ) ;
#8290 = PRESENTATION_STYLE_ASSIGNMENT (( #1890 ) ) ;
#8291 = ORIENTED_EDGE ( 'NONE', *, *, #6910, .F. ) ;
#8292 = FACE_OUTER_BOUND ( 'NONE', #5632, .T. ) ;
#8293 = DIRECTION ( 'NONE',  ( 0.000000000000000000, 0.000000000000000000, 1.000000000000000000 ) ) ;
#8294 = DIRECTION ( 'NONE',  ( -1.000000000000000000, 0.000000000000000000, 1.626303258728256059E-15 ) ) ;
#8295 = PLANE ( 'NONE',  #8322 ) ;
#8296 = ADVANCED_FACE ( 'NONE', ( #7362 ), #6498, .T. ) ;
#8297 = ORIENTED_EDGE ( 'NONE', *, *, #2429, .F. ) ;
#8298 = EDGE_LOOP ( 'NONE', ( #6481, #5476, #5360, #516 ) ) ;
#8299 = EDGE_CURVE ( 'NONE', #9839, #477, #281, .T. ) ;
#8300 = LINE ( 'NONE', #6689, #1202 ) ;
#8301 = ORIENTED_EDGE ( 'NONE', *, *, #487, .T. ) ;
#8302 = PRESENTATION_LAYER_ASSIGNMENT (  '', '', ( #6151 ) ) ;
#8303 = VECTOR ( 'NONE', #10050, 1000.000000000000000 ) ;
#8304 = DIRECTION ( 'NONE',  ( 0.000000000000000000, 1.000000000000000000, 0.000000000000000000 ) ) ;
#8305 = CARTESIAN_POINT ( 'NONE',  ( 3.850000000000087574, 0.8000000000000000444, 0.000000000000000000 ) ) ;
#8306 = PRESENTATION_LAYER_ASSIGNMENT (  '', '', ( #3862 ) ) ;
#8307 = ORIENTED_EDGE ( 'NONE', *, *, #80, .F. ) ;
#8308 = CARTESIAN_POINT ( 'NONE',  ( 4.850000000000000533, 0.8000000000000000444, -7.700000000000000178 ) ) ;
#8309 = EDGE_CURVE ( 'NONE', #7677, #9115, #5764, .T. ) ;
#8310 = CARTESIAN_POINT ( 'NONE',  ( -4.599999999999998757, 2.000000000000000888, 0.000000000000000000 ) ) ;
#8311 = DIRECTION ( 'NONE',  ( 0.000000000000000000, -1.000000000000000000, 0.000000000000000000 ) ) ;
#8312 = SURFACE_STYLE_FILL_AREA ( #6084 ) ;
#8313 = ORIENTED_EDGE ( 'NONE', *, *, #7627, .T. ) ;
#8314 = CARTESIAN_POINT ( 'NONE',  ( 4.366619526214588376, 2.051144252825626069, -4.637420392015689785 ) ) ;
#8315 = AXIS2_PLACEMENT_3D ( 'NONE', #2793, #2948, #9223 ) ;
#8316 = SURFACE_STYLE_FILL_AREA ( #8219 ) ;
#8317 = EDGE_LOOP ( 'NONE', ( #9163, #9760, #6688, #6991 ) ) ;
#8318 = LINE ( 'NONE', #304, #10035 ) ;
#8319 = ORIENTED_EDGE ( 'NONE', *, *, #7295, .T. ) ;
#8320 = PLANE ( 'NONE',  #3274 ) ;
#8321 = DIRECTION ( 'NONE',  ( 3.491481338843133355E-15, -1.000000000000000000, 0.000000000000000000 ) ) ;
#8322 = AXIS2_PLACEMENT_3D ( 'NONE', #7727, #10018, #1423 ) ;
#8323 = COLOUR_RGB ( '',0.8980392156862745390, 0.8980392156862745390, 0.8980392156862745390 ) ;
#8324 = FILL_AREA_STYLE ('',( #7645 ) ) ;
#8325 = SURFACE_SIDE_STYLE ('',( #8227 ) ) ;
#8326 = CARTESIAN_POINT ( 'NONE',  ( 4.299999999999998934, 2.000000000000000000, 4.649929289321881321 ) ) ;
#8327 = DIRECTION ( 'NONE',  ( 1.000000000000000000, 0.000000000000000000, -0.000000000000000000 ) ) ;
#8328 =( NAMED_UNIT ( * ) SI_UNIT ( $, .STERADIAN. ) SOLID_ANGLE_UNIT ( ) );
#8329 = DIRECTION ( 'NONE',  ( 0.000000000000000000, -1.000000000000000000, 0.000000000000000000 ) ) ;
#8330 = FACE_OUTER_BOUND ( 'NONE', #9721, .T. ) ;
#8331 = AXIS2_PLACEMENT_3D ( 'NONE', #8617, #1522, #744 ) ;
#8332 = AXIS2_PLACEMENT_3D ( 'NONE', #1196, #7488, #5953 ) ;
#8333 = LINE ( 'NONE', #9229, #3045 ) ;
#8334 = DIRECTION ( 'NONE',  ( -0.000000000000000000, -1.000000000000000000, -0.000000000000000000 ) ) ;
#8335 = EDGE_LOOP ( 'NONE', ( #1591, #6739, #3496, #4342 ) ) ;
#8336 = CARTESIAN_POINT ( 'NONE',  ( -4.850000000000001421, 2.080624847486572282, 4.799999999999999822 ) ) ;
#8337 = VECTOR ( 'NONE', #7566, 1000.000000000000000 ) ;
#8338 = VERTEX_POINT ( 'NONE', #4275 ) ;
#8339 = DIRECTION ( 'NONE',  ( 0.000000000000000000, -1.000000000000000000, 0.000000000000000000 ) ) ;
#8340 = CARTESIAN_POINT ( 'NONE',  ( -4.390842179601921913, 2.041805482955851403, 4.622491974895962308 ) ) ;
#8341 = ORIENTED_EDGE ( 'NONE', *, *, #7229, .T. ) ;
#8342 = EDGE_CURVE ( 'NONE', #3959, #2888, #8886, .T. ) ;
#8343 = LINE ( 'NONE', #1265, #64 ) ;
#8344 = CARTESIAN_POINT ( 'NONE',  ( -4.400000000000003908, 0.7999999999999990452, 0.000000000000000000 ) ) ;
#8345 = CARTESIAN_POINT ( 'NONE',  ( -3.849999999999996980, 0.7999999999999999334, 1.499999999999999556 ) ) ;
#8346 = PRESENTATION_STYLE_ASSIGNMENT (( #5304 ) ) ;
#8347 = ORIENTED_EDGE ( 'NONE', *, *, #5087, .T. ) ;
#8348 = ORIENTED_EDGE ( 'NONE', *, *, #4747, .F. ) ;
#8349 = ORIENTED_EDGE ( 'NONE', *, *, #2414, .T. ) ;
#8350 = CARTESIAN_POINT ( 'NONE',  ( -3.849999999999950795, 0.000000000000000000, -0.4000000000000019096 ) ) ;
#8351 = UNCERTAINTY_MEASURE_WITH_UNIT (LENGTH_MEASURE( 1.000000000000000082E-05 ), #565, 'distance_accuracy_value', 'NONE');
#8352 = CARTESIAN_POINT ( 'NONE',  ( -3.849999999999996092, 0.000000000000000000, -0.4000000000000010214 ) ) ;
#8353 = CARTESIAN_POINT ( 'NONE',  ( 3.849999999999996092, 0.000000000000000000, 3.999999999999999112 ) ) ;
#8354 = ORIENTED_EDGE ( 'NONE', *, *, #1046, .T. ) ;
#8355 = LINE ( 'NONE', #384, #6460 ) ;
#8356 = EDGE_CURVE ( 'NONE', #150, #228, #4182, .T. ) ;
#8357 = CARTESIAN_POINT ( 'NONE',  ( -4.849999999999983658, 0.8000000000000000444, 0.6999999999999984013 ) ) ;
#8358 = PRESENTATION_STYLE_ASSIGNMENT (( #1858 ) ) ;
#8359 = AXIS2_PLACEMENT_3D ( 'NONE', #1290, #2171, #5322 ) ;
#8360 =( LENGTH_UNIT ( ) NAMED_UNIT ( * ) SI_UNIT ( .MILLI., .METRE. ) );
#8361 = STYLED_ITEM ( 'NONE', ( #1826 ), #5300 ) ;
#8362 = ORIENTED_EDGE ( 'NONE', *, *, #3247, .T. ) ;
#8364 = ADVANCED_FACE ( 'NONE', ( #3395 ), #3489, .F. ) ;
#8363 = DIRECTION ( 'NONE',  ( 0.000000000000000000, 0.000000000000000000, -1.000000000000000000 ) ) ;
#8365 = VERTEX_POINT ( 'NONE', #5000 ) ;
#8366 = CARTESIAN_POINT ( 'NONE',  ( 4.850000000000000533, 2.080624847486572282, 1.999999999999999556 ) ) ;
#8367 = SURFACE_SIDE_STYLE ('',( #8316 ) ) ;
#8368 = VERTEX_POINT ( 'NONE', #1067 ) ;
#8369 = FACE_OUTER_BOUND ( 'NONE', #2561, .T. ) ;
#8370 = STYLED_ITEM ( 'NONE', ( #6287 ), #8103 ) ;
#8371 = ORIENTED_EDGE ( 'NONE', *, *, #9665, .T. ) ;
#8372 = AXIS2_PLACEMENT_3D ( 'NONE', #5516, #7791, #6909 ) ;
#8373 =( NAMED_UNIT ( * ) PLANE_ANGLE_UNIT ( ) SI_UNIT ( $, .RADIAN. ) );
#8374 = LINE ( 'NONE', #7386, #1321 ) ;
#8375 = CARTESIAN_POINT ( 'NONE',  ( 4.299999999999999822, 2.100000000000000533, 4.549999999999998934 ) ) ;
#8376 = COLOUR_RGB ( '',0.000000000000000000, 0.5019607843137254832, 0.000000000000000000 ) ;
#8377 = LINE ( 'NONE', #6766, #8989 ) ;
#8378 = CARTESIAN_POINT ( 'NONE',  ( 3.849999999999997424, 0.7999999999999999334, 3.699999999999999289 ) ) ;
#8379 = COLOUR_RGB ( '',0.000000000000000000, 0.5019607843137254832, 0.000000000000000000 ) ;
#8380 = CARTESIAN_POINT ( 'NONE',  ( 4.399929289321881321, 2.000000000000000888, 4.850000000000000533 ) ) ;
#8381 = DIRECTION ( 'NONE',  ( 0.000000000000000000, -0.000000000000000000, -1.000000000000000000 ) ) ;
#8382 = DIRECTION ( 'NONE',  ( 0.000000000000000000, 1.000000000000000000, -6.123233995736767268E-17 ) ) ;
#8383 = CARTESIAN_POINT ( 'NONE',  ( -3.849999999999974332, 0.8000000000000000444, 2.599999999999999645 ) ) ;
#8384 = PRESENTATION_STYLE_ASSIGNMENT (( #2851 ) ) ;
#8385 = VERTEX_POINT ( 'NONE', #2669 ) ;
#8386 = DIRECTION ( 'NONE',  ( 0.000000000000000000, 0.000000000000000000, 1.000000000000000000 ) ) ;
#8387 = PLANE ( 'NONE',  #6160 ) ;
#8388 = CARTESIAN_POINT ( 'NONE',  ( 0.000000000000000000, 0.000000000000000000, 0.000000000000000000 ) ) ;
#8389 = CARTESIAN_POINT ( 'NONE',  ( -3.849999999999984990, 0.8000000000000000444, 2.899999999999998135 ) ) ;
#8390 = ORIENTED_EDGE ( 'NONE', *, *, #4254, .T. ) ;
#8391 = CARTESIAN_POINT ( 'NONE',  ( 4.849999999999997868, 0.8000000000000000444, -4.400000000000000355 ) ) ;
#8392 = CARTESIAN_POINT ( 'NONE',  ( -4.849999999999982769, 0.8000000000000000444, 2.599999999999999645 ) ) ;
#8393 = ADVANCED_FACE ( 'NONE', ( #5815 ), #7405, .F. ) ;
#8394 = DIRECTION ( 'NONE',  ( -0.000000000000000000, 0.000000000000000000, 1.000000000000000000 ) ) ;
#8395 = ORIENTED_EDGE ( 'NONE', *, *, #1026, .F. ) ;
#8396 = CARTESIAN_POINT ( 'NONE',  ( -4.399929289321881321, 2.000000000000000888, 4.850000000000000533 ) ) ;
#8397 = ADVANCED_FACE ( 'NONE', ( #5096 ), #7723, .T. ) ;
#8398 = DIRECTION ( 'NONE',  ( -1.000000000000000000, -0.000000000000000000, 0.000000000000000000 ) ) ;
#8399 = DIRECTION ( 'NONE',  ( 1.626303258728256059E-15, 0.000000000000000000, -1.000000000000000000 ) ) ;
#8400 = EDGE_CURVE ( 'NONE', #8074, #8525, #2093, .T. ) ;
#8401 = ORIENTED_EDGE ( 'NONE', *, *, #9650, .F. ) ;
#8402 = EDGE_LOOP ( 'NONE', ( #6300, #7241, #4801, #428 ) ) ;
#8403 = PLANE ( 'NONE',  #1873 ) ;
#8404 = VERTEX_POINT ( 'NONE', #5916 ) ;
#8405 =( GEOMETRIC_REPRESENTATION_CONTEXT ( 3 ) GLOBAL_UNCERTAINTY_ASSIGNED_CONTEXT ( ( #9001 ) ) GLOBAL_UNIT_ASSIGNED_CONTEXT ( ( #6345, #83, #2271 ) ) REPRESENTATION_CONTEXT ( 'NONE', 'WORKASPACE' ) );
#8406 = FACE_OUTER_BOUND ( 'NONE', #5306, .T. ) ;
#8407 = LINE ( 'NONE', #1328, #5729 ) ;
#8408 = ORIENTED_EDGE ( 'NONE', *, *, #5945, .T. ) ;
#8409 = ADVANCED_FACE ( 'NONE', ( #7502 ), #4364, .T. ) ;
#8410 = PLANE ( 'NONE',  #9450 ) ;
#8411 = FILL_AREA_STYLE_COLOUR ( '', #2918 ) ;
#8412 = CARTESIAN_POINT ( 'NONE',  ( -3.849999999999996980, 0.7999999999999999334, 2.600000000000000533 ) ) ;
#8413 = ADVANCED_FACE ( 'NONE', ( #8292 ), #2197, .F. ) ;
#8414 = VECTOR ( 'NONE', #5950, 1000.000000000000000 ) ;
#8415 = VECTOR ( 'NONE', #2965, 1000.000000000000000 ) ;
#8416 = SURFACE_SIDE_STYLE ('',( #5980 ) ) ;
#8417 = ORIENTED_EDGE ( 'NONE', *, *, #5956, .T. ) ;
#8418 = VERTEX_POINT ( 'NONE', #5144 ) ;
#8419 = CARTESIAN_POINT ( 'NONE',  ( -4.850000000000000533, 2.080624847486572282, -8.673617379884035472E-16 ) ) ;
#8420 = DIRECTION ( 'NONE',  ( 0.000000000000000000, 0.000000000000000000, -1.000000000000000000 ) ) ;
#8421 = VECTOR ( 'NONE', #1437, 1000.000000000000000 ) ;
#8422 = ORIENTED_EDGE ( 'NONE', *, *, #8615, .T. ) ;
#8423 = VECTOR ( 'NONE', #6244, 1000.000000000000000 ) ;
#8424 = VECTOR ( 'NONE', #5077, 1000.000000000000000 ) ;
#8425 = CARTESIAN_POINT ( 'NONE',  ( 4.849999999999998757, 0.000000000000000000, -1.300000000000000711 ) ) ;
#8426 = ORIENTED_EDGE ( 'NONE', *, *, #2690, .T. ) ;
#8427 = CARTESIAN_POINT ( 'NONE',  ( 0.000000000000000000, 0.8000000000000000444, -4.800000000000001599 ) ) ;
#8428 = DIRECTION ( 'NONE',  ( 1.000000000000000000, 0.000000000000000000, 0.000000000000000000 ) ) ;
#8429 = DIRECTION ( 'NONE',  ( 0.000000000000000000, 0.000000000000000000, -1.000000000000000000 ) ) ;
#8430 = PRESENTATION_LAYER_ASSIGNMENT (  '', '', ( #9441 ) ) ;
#8431 = CARTESIAN_POINT ( 'NONE',  ( 4.399929289321881321, 2.000000000000000444, 4.850000000000001421 ) ) ;
#8432 = DIRECTION ( 'NONE',  ( -1.000000000000000000, -0.000000000000000000, 0.000000000000000000 ) ) ;
#8433 = CARTESIAN_POINT ( 'NONE',  ( 3.849999999999997424, 0.7999999999999999334, 2.600000000000000533 ) ) ;
#8434 = EDGE_CURVE ( 'NONE', #7119, #7560, #1370, .T. ) ;
#8435 = PLANE ( 'NONE',  #5162 ) ;
#8436 = CARTESIAN_POINT ( 'NONE',  ( 4.850000000000001421, 0.8000000000000000444, -5.049999999999999822 ) ) ;
#8437 = EDGE_CURVE ( 'NONE', #8612, #8500, #9240, .T. ) ;
#8438 = LINE ( 'NONE', #1505, #8756 ) ;
#8439 = FACE_OUTER_BOUND ( 'NONE', #10139, .T. ) ;
#8440 = EDGE_CURVE ( 'NONE', #1676, #2149, #7609, .T. ) ;
#8441 = PLANE ( 'NONE',  #10055 ) ;
#8442 = EDGE_LOOP ( 'NONE', ( #5661, #8576 ) ) ;
#8443 = EDGE_CURVE ( 'NONE', #6538, #8167, #3643, .T. ) ;
#8444 = CARTESIAN_POINT ( 'NONE',  ( 0.000000000000000000, 0.8000000000000000444, -0.7000000000000009548 ) ) ;
#8445 = EDGE_CURVE ( 'NONE', #5741, #2242, #8343, .T. ) ;
#8446 = CARTESIAN_POINT ( 'NONE',  ( 4.850000000000000533, 0.000000000000000000, 3.499999999999998668 ) ) ;
#8447 = DIRECTION ( 'NONE',  ( 1.000000000000000000, 0.000000000000000000, 0.000000000000000000 ) ) ;
#8448 = LINE ( 'NONE', #6163, #6092 ) ;
#8449 = ORIENTED_EDGE ( 'NONE', *, *, #4201, .F. ) ;
#8450 = DIRECTION ( 'NONE',  ( -1.000000000000000000, -0.000000000000000000, -0.000000000000000000 ) ) ;
#8451 = LINE ( 'NONE', #9448, #9617 ) ;
#8452 =( GEOMETRIC_REPRESENTATION_CONTEXT ( 3 ) GLOBAL_UNCERTAINTY_ASSIGNED_CONTEXT ( ( #7419 ) ) GLOBAL_UNIT_ASSIGNED_CONTEXT ( ( #5846, #9075, #1969 ) ) REPRESENTATION_CONTEXT ( 'NONE', 'WORKASPACE' ) );
#8453 = ADVANCED_FACE ( 'NONE', ( #527 ), #4413, .F. ) ;
#8454 = ORIENTED_EDGE ( 'NONE', *, *, #5442, .F. ) ;
#8455 = CARTESIAN_POINT ( 'NONE',  ( 0.000000000000000000, 0.8000000000000000444, -6.599999999999999645 ) ) ;
#8456 = AXIS2_PLACEMENT_3D ( 'NONE', #6414, #4763, #8744 ) ;
#8457 = LINE ( 'NONE', #5349, #6597 ) ;
#8458 = DIRECTION ( 'NONE',  ( -0.000000000000000000, -1.000000000000000000, -0.000000000000000000 ) ) ;
#8459 = ORIENTED_EDGE ( 'NONE', *, *, #4337, .F. ) ;
#8460 = ORIENTED_EDGE ( 'NONE', *, *, #8727, .T. ) ;
#8461 = DIRECTION ( 'NONE',  ( -0.000000000000000000, -1.000000000000000000, -0.000000000000000000 ) ) ;
#8462 = ORIENTED_EDGE ( 'NONE', *, *, #3542, .F. ) ;
#8463 = CARTESIAN_POINT ( 'NONE',  ( 4.399929289321881321, 2.000000000000000444, -4.649999999999999467 ) ) ;
#8464 = UNCERTAINTY_MEASURE_WITH_UNIT (LENGTH_MEASURE( 1.000000000000000082E-05 ), #6321, 'distance_accuracy_value', 'NONE');
#8465 = VECTOR ( 'NONE', #10052, 1000.000000000000000 ) ;
#8466 = CARTESIAN_POINT ( 'NONE',  ( 0.000000000000000000, 0.8000000000000000444, -4.400000000000000355 ) ) ;
#8467 = EDGE_CURVE ( 'NONE', #7203, #6461, #9452, .T. ) ;
#8468 = SURFACE_STYLE_FILL_AREA ( #8575 ) ;
#8469 = ORIENTED_EDGE ( 'NONE', *, *, #3323, .F. ) ;
#8470 =( LENGTH_UNIT ( ) NAMED_UNIT ( * ) SI_UNIT ( .MILLI., .METRE. ) );
#8471 = PLANE ( 'NONE',  #8372 ) ;
#8472 = LINE ( 'NONE', #604, #6575 ) ;
#8473 = VECTOR ( 'NONE', #6136, 1000.000000000000000 ) ;
#8474 = DIRECTION ( 'NONE',  ( 0.000000000000000000, 0.000000000000000000, 1.000000000000000000 ) ) ;
#8475 = MECHANICAL_DESIGN_GEOMETRIC_PRESENTATION_REPRESENTATION (  '', ( #5825 ), #8405 ) ;
#8476 = EDGE_LOOP ( 'NONE', ( #8748, #6169, #8401, #7833 ) ) ;
#8477 = CARTESIAN_POINT ( 'NONE',  ( -4.849999999999965894, 0.000000000000000000, -0.7000000000000018430 ) ) ;
#8478 = ORIENTED_EDGE ( 'NONE', *, *, #9194, .F. ) ;
#8479 = VECTOR ( 'NONE', #4009, 1000.000000000000000 ) ;
#8480 = DIRECTION ( 'NONE',  ( 1.000000000000000000, 0.000000000000000000, 0.000000000000000000 ) ) ;
#8481 = EDGE_LOOP ( 'NONE', ( #4371, #6442, #4488, #274 ) ) ;
#8482 = AXIS2_PLACEMENT_3D ( 'NONE', #1036, #9644, #8906 ) ;
#8483 = DIRECTION ( 'NONE',  ( 0.000000000000000000, 1.000000000000000000, 0.000000000000000000 ) ) ;
#8484 = EDGE_LOOP ( 'NONE', ( #8670, #5558, #3263, #585 ) ) ;
#8485 = EDGE_CURVE ( 'NONE', #7152, #9496, #9401, .T. ) ;
#8486 = DIRECTION ( 'NONE',  ( 0.000000000000000000, -0.000000000000000000, -1.000000000000000000 ) ) ;
#8487 = PRESENTATION_LAYER_ASSIGNMENT (  '', '', ( #9821 ) ) ;
#8488 = PLANE ( 'NONE',  #1022 ) ;
#8489 = FILL_AREA_STYLE_COLOUR ( '', #57 ) ;
#8490 = FILL_AREA_STYLE_COLOUR ( '', #5170 ) ;
#8491 = CARTESIAN_POINT ( 'NONE',  ( 4.849999999999998757, 0.000000000000000000, 4.200000000000000178 ) ) ;
#8492 = DIRECTION ( 'NONE',  ( 0.000000000000000000, 0.000000000000000000, -1.000000000000000000 ) ) ;
#8493 = SURFACE_SIDE_STYLE ('',( #4505 ) ) ;
#8494 = VECTOR ( 'NONE', #3444, 1000.000000000000000 ) ;
#8495 = LINE ( 'NONE', #6883, #1740 ) ;
#8496 = VECTOR ( 'NONE', #8276, 1000.000000000000000 ) ;
#8497 = DIRECTION ( 'NONE',  ( 0.000000000000000000, 0.000000000000000000, -1.000000000000000000 ) ) ;
#8498 = ADVANCED_FACE ( 'NONE', ( #1469 ), #4406, .F. ) ;
#8499 =( NAMED_UNIT ( * ) PLANE_ANGLE_UNIT ( ) SI_UNIT ( $, .RADIAN. ) );
#8500 = VERTEX_POINT ( 'NONE', #7776 ) ;
#8501 = LINE ( 'NONE', #3632, #5197 ) ;
#8502 = LINE ( 'NONE', #10157, #213 ) ;
#8503 = CARTESIAN_POINT ( 'NONE',  ( 3.849999999999996092, 0.000000000000000000, 3.999999999999999112 ) ) ;
#8504 = AXIS2_PLACEMENT_3D ( 'NONE', #9671, #5809, #7306 ) ;
#8505 = CARTESIAN_POINT ( 'NONE',  ( 4.850000000000001421, 0.000000000000000000, -4.000000000000000888 ) ) ;
#8506 = STYLED_ITEM ( 'NONE', ( #419 ), #8397 ) ;
#8507 = EDGE_LOOP ( 'NONE', ( #4435, #2525, #7069, #7399 ) ) ;
#8508 = FACE_OUTER_BOUND ( 'NONE', #8083, .T. ) ;
#8509 = AXIS2_PLACEMENT_3D ( 'NONE', #7450, #4998, #7401 ) ;
#8510 = EDGE_CURVE ( 'NONE', #7800, #7066, #10164, .T. ) ;
#8511 = ADVANCED_FACE ( 'NONE', ( #1098 ), #5040, .T. ) ;
#8512 = VERTEX_POINT ( 'NONE', #8928 ) ;
#8513 = EDGE_CURVE ( 'NONE', #3657, #8525, #6631, .T. ) ;
#8514 = CYLINDRICAL_SURFACE ( 'NONE', #2478, 0.1999999999999996503 ) ;
#8515 = CLOSED_SHELL ( 'NONE', ( #7103, #4012, #7646, #7408, #7443, #5371, #7868, #2801, #7843, #9900, #271, #2751, #8498, #7331, #9320, #7529, #1877, #2639, #6579, #1648, #392, #589, #9453, #2749, #2187, #9709, #1106, #10233, #6776, #4685, #197, #7064, #5005, #725, #4430, #6477, #10077, #3091, #4523, #10186, #8397, #7337, #2862, #10005, #1420, #313, #2555, #5062, #5947 ) ) ;
#8516 = AXIS2_PLACEMENT_3D ( 'NONE', #8078, #4215, #9707 ) ;
#8517 = COLOUR_RGB ( '',1.000000000000000000, 0.8117647058823529438, 0.5019607843137254832 ) ;
#8518 = CARTESIAN_POINT ( 'NONE',  ( -4.379276107729750400, 2.302000000000000046, -4.566699762401995599 ) ) ;
#8519 = VERTEX_POINT ( 'NONE', #4119 ) ;
#8520 = ORIENTED_EDGE ( 'NONE', *, *, #4757, .F. ) ;
#8521 = ORIENTED_EDGE ( 'NONE', *, *, #6832, .T. ) ;
#8522 = LINE ( 'NONE', #2823, #7691 ) ;
#8523 = CARTESIAN_POINT ( 'NONE',  ( -3.849999999999917932, 0.8000000000000000444, -3.700000000000001954 ) ) ;
#8524 = PRESENTATION_STYLE_ASSIGNMENT (( #3872 ) ) ;
#8525 = VERTEX_POINT ( 'NONE', #5856 ) ;
#8526 = FACE_OUTER_BOUND ( 'NONE', #5135, .T. ) ;
#8527 = FACE_OUTER_BOUND ( 'NONE', #5467, .T. ) ;
#8528 = CARTESIAN_POINT ( 'NONE',  ( 4.850000000000020961, 0.8000000000000000444, 0.000000000000000000 ) ) ;
#8529 = CIRCLE ( 'NONE', #6372, 0.5999999999999998668 ) ;
#8530 = EDGE_LOOP ( 'NONE', ( #7490, #765, #7448, #8348, #1833, #4513 ) ) ;
#8531 = SURFACE_STYLE_FILL_AREA ( #7015 ) ;
#8532 = ORIENTED_EDGE ( 'NONE', *, *, #1221, .T. ) ;
#8533 = CARTESIAN_POINT ( 'NONE',  ( 4.316699647756667702, 2.299999999999999822, -4.628750921375360150 ) ) ;
#8534 = CARTESIAN_POINT ( 'NONE',  ( 4.850000000000000533, 0.000000000000000000, -3.100000000000000977 ) ) ;
#8535 = VERTEX_POINT ( 'NONE', #6432 ) ;
#8536 = LINE ( 'NONE', #1345, #1592 ) ;
#8537 = ORIENTED_EDGE ( 'NONE', *, *, #4898, .F. ) ;
#8538 = MECHANICAL_DESIGN_GEOMETRIC_PRESENTATION_REPRESENTATION (  '', ( #4073 ), #6701 ) ;
#8539 = B_SPLINE_CURVE_WITH_KNOTS ( 'NONE', 3,
 ( #5192, #7028, #6257, #8340, #9865, #728, #1263, #417, #524, #8600, #2811, #4468, #4317 ),
 .UNSPECIFIED., .F., .F.,
 ( 4, 3, 3, 3, 4 ),
 ( 0.000000000000000000, 5.083670231753968161E-05, 9.796152662741103778E-05, 0.0001450796207375175373, 0.0001848331750982607847 ),
 .UNSPECIFIED. ) ;
#8540 = LINE ( 'NONE', #4658, #2649 ) ;
#8541 = CIRCLE ( 'NONE', #4085, 0.1999999999999996503 ) ;
#8542 = LINE ( 'NONE', #9478, #4170 ) ;
#8543 = SURFACE_STYLE_USAGE ( .BOTH. , #3677 ) ;
#8544 = PLANE ( 'NONE',  #5495 ) ;
#8545 = EDGE_CURVE ( 'NONE', #5726, #1531, #9034, .T. ) ;
#8546 = DIRECTION ( 'NONE',  ( -0.000000000000000000, 1.000000000000000000, 0.000000000000000000 ) ) ;
#8547 = VECTOR ( 'NONE', #6459, 1000.000000000000000 ) ;
#8548 = LINE ( 'NONE', #3741, #3471 ) ;
#8549 = CARTESIAN_POINT ( 'NONE',  ( -2.399999999999999467, 0.2000000000000317635, -4.650000000000005684 ) ) ;
#8550 = DIRECTION ( 'NONE',  ( 0.000000000000000000, -1.000000000000000000, -0.000000000000000000 ) ) ;
#8551 = EDGE_CURVE ( 'NONE', #9684, #1712, #9714, .T. ) ;
#8552 = CARTESIAN_POINT ( 'NONE',  ( 3.849999999999996536, 0.000000000000000000, -1.500000000000001332 ) ) ;
#8553 = VECTOR ( 'NONE', #8246, 1000.000000000000000 ) ;
#8554 = EDGE_CURVE ( 'NONE', #9925, #973, #1224, .T. ) ;
#8555 = ORIENTED_EDGE ( 'NONE', *, *, #2740, .T. ) ;
#8556 = CARTESIAN_POINT ( 'NONE',  ( -4.390833604018045122, 2.014297578980000836, -4.649999999999999467 ) ) ;
#8557 = AXIS2_PLACEMENT_3D ( 'NONE', #1435, #9464, #3771 ) ;
#8558 = PLANE ( 'NONE',  #3458 ) ;
#8559 = ORIENTED_EDGE ( 'NONE', *, *, #5633, .T. ) ;
#8560 = PLANE ( 'NONE',  #2150 ) ;
#8561 = CARTESIAN_POINT ( 'NONE',  ( -4.850000000000000533, 0.000000000000000000, -4.800000000000001599 ) ) ;
#8562 = VERTEX_POINT ( 'NONE', #7394 ) ;
#8563 = PRESENTATION_LAYER_ASSIGNMENT (  '', '', ( #7232 ) ) ;
#8564 = CARTESIAN_POINT ( 'NONE',  ( -4.316802440931186702, 2.300000000000000711, 4.629235665564121582 ) ) ;
#8565 = ADVANCED_FACE ( 'NONE', ( #1773 ), #956, .F. ) ;
#8566 = VECTOR ( 'NONE', #9904, 1000.000000000000000 ) ;
#8567 = CARTESIAN_POINT ( 'NONE',  ( 0.000000000000000000, 0.8000000000000000444, 0.6999999999999992895 ) ) ;
#8568 = EDGE_LOOP ( 'NONE', ( #4193, #9984, #5838, #4812, #3089, #6324 ) ) ;
#8569 = VERTEX_POINT ( 'NONE', #8873 ) ;
#8570 = SURFACE_STYLE_FILL_AREA ( #3711 ) ;
#8571 = ORIENTED_EDGE ( 'NONE', *, *, #10239, .F. ) ;
#8572 = CARTESIAN_POINT ( 'NONE',  ( -4.850000000000000533, 0.7999999999999999334, 2.399999999999999023 ) ) ;
#8573 = UNCERTAINTY_MEASURE_WITH_UNIT (LENGTH_MEASURE( 1.000000000000000082E-05 ), #7432, 'distance_accuracy_value', 'NONE');
#8574 = CARTESIAN_POINT ( 'NONE',  ( 4.850000000000000533, 0.7999999999999999334, 3.299999999999998934 ) ) ;
#8575 = FILL_AREA_STYLE ('',( #543 ) ) ;
#8576 = ORIENTED_EDGE ( 'NONE', *, *, #2493, .T. ) ;
#8577 = CARTESIAN_POINT ( 'NONE',  ( 4.850000000000000533, 0.7999999999999999334, 4.399999999999999467 ) ) ;
#8578 = EDGE_CURVE ( 'NONE', #7358, #6984, #4937, .T. ) ;
#8579 = SURFACE_STYLE_FILL_AREA ( #9367 ) ;
#8580 = VECTOR ( 'NONE', #633, 1000.000000000000000 ) ;
#8581 = ORIENTED_EDGE ( 'NONE', *, *, #2064, .T. ) ;
#8582 = CARTESIAN_POINT ( 'NONE',  ( -3.449999999999999289, 2.200000000000000178, -3.649999999999999467 ) ) ;
#8583 = ORIENTED_EDGE ( 'NONE', *, *, #2195, .T. ) ;
#8584 = CARTESIAN_POINT ( 'NONE',  ( -4.850000000000000533, 0.000000000000000000, 3.099999999999999645 ) ) ;
#8585 = DIRECTION ( 'NONE',  ( 1.626303258728256257E-15, 0.000000000000000000, 1.000000000000000000 ) ) ;
#8586 = PRODUCT_DEFINITION ( 'UNKNOWN', '', #1657, #5247 ) ;
#8587 = EDGE_LOOP ( 'NONE', ( #1089, #6972, #1447, #5253 ) ) ;
#8588 = CARTESIAN_POINT ( 'NONE',  ( 4.850000000000000533, 2.080624847486572282, 3.499999999999998668 ) ) ;
#8589 = ORIENTED_EDGE ( 'NONE', *, *, #8057, .F. ) ;
#8590 = VECTOR ( 'NONE', #53, 1000.000000000000000 ) ;
#8591 = AXIS2_PLACEMENT_3D ( 'NONE', #4183, #1629, #807 ) ;
#8592 = DIRECTION ( 'NONE',  ( 1.000000000000000000, 0.000000000000000000, -4.336808689942006692E-15 ) ) ;
#8593 = DIRECTION ( 'NONE',  ( -1.000000000000000000, -0.000000000000000000, -0.000000000000000000 ) ) ;
#8594 = DIRECTION ( 'NONE',  ( -4.336808689942006692E-15, 0.000000000000000000, -1.000000000000000000 ) ) ;
#8595 = PRESENTATION_STYLE_ASSIGNMENT (( #5328 ) ) ;
#8596 = CARTESIAN_POINT ( 'NONE',  ( 4.849999999999997868, 0.7999999999999999334, 0.6999999999999992895 ) ) ;
#8597 =( GEOMETRIC_REPRESENTATION_CONTEXT ( 3 ) GLOBAL_UNCERTAINTY_ASSIGNED_CONTEXT ( ( #367 ) ) GLOBAL_UNIT_ASSIGNED_CONTEXT ( ( #1851, #6508, #1122 ) ) REPRESENTATION_CONTEXT ( 'NONE', 'WORKASPACE' ) );
#8598 = MECHANICAL_DESIGN_GEOMETRIC_PRESENTATION_REPRESENTATION (  '', ( #476 ), #1158 ) ;
#8599 = CARTESIAN_POINT ( 'NONE',  ( -3.849999999999962785, 0.8000000000000000444, 0.6999999999999984013 ) ) ;
#8600 = CARTESIAN_POINT ( 'NONE',  ( -4.333225573193809410, 2.094318933867718169, 4.571550071340529264 ) ) ;
#8601 = SURFACE_STYLE_USAGE ( .BOTH. , #9543 ) ;
#8602 = ADVANCED_FACE ( 'NONE', ( #7303 ), #116, .F. ) ;
#8603 = EDGE_CURVE ( 'NONE', #251, #2149, #513, .T. ) ;
#8604 = VECTOR ( 'NONE', #2247, 1000.000000000000000 ) ;
#8605 = CARTESIAN_POINT ( 'NONE',  ( -2.549999999999999378, 0.2000000000000324296, -4.850000000000004974 ) ) ;
#8606 = ORIENTED_EDGE ( 'NONE', *, *, #1035, .F. ) ;
#8607 = FILL_AREA_STYLE_COLOUR ( '', #3217 ) ;
#8608 = CARTESIAN_POINT ( 'NONE',  ( 4.849999999999997868, 0.8000000000000000444, -5.500000000000002665 ) ) ;
#8609 = CARTESIAN_POINT ( 'NONE',  ( -4.850000000000001421, 0.7999999999999999334, -1.800000000000000711 ) ) ;
#8610 = VECTOR ( 'NONE', #3906, 1000.000000000000000 ) ;
#8611 = COLOUR_RGB ( '',0.000000000000000000, 0.5019607843137254832, 0.000000000000000000 ) ;
#8612 = VERTEX_POINT ( 'NONE', #457 ) ;
#8613 = DIRECTION ( 'NONE',  ( -1.000000000000000000, 0.000000000000000000, -0.000000000000000000 ) ) ;
#8614 = DIRECTION ( 'NONE',  ( -0.000000000000000000, -1.000000000000000000, -0.000000000000000000 ) ) ;
#8615 = EDGE_CURVE ( 'NONE', #6060, #7749, #3684, .T. ) ;
#8616 = EDGE_LOOP ( 'NONE', ( #2370, #4582, #2133, #6245 ) ) ;
#8617 = CARTESIAN_POINT ( 'NONE',  ( -4.850000000000000533, 2.080624847486572282, -0.2000000000000005107 ) ) ;
#8618 =( GEOMETRIC_REPRESENTATION_CONTEXT ( 3 ) GLOBAL_UNCERTAINTY_ASSIGNED_CONTEXT ( ( #291 ) ) GLOBAL_UNIT_ASSIGNED_CONTEXT ( ( #6873, #4659, #9326 ) ) REPRESENTATION_CONTEXT ( 'NONE', 'WORKASPACE' ) );
#8619 = AXIS2_PLACEMENT_3D ( 'NONE', #8676, #9562, #1679 ) ;
#8620 = VERTEX_POINT ( 'NONE', #1252 ) ;
#8621 = EDGE_LOOP ( 'NONE', ( #7958, #3649, #4592, #1060, #6295, #747 ) ) ;
#8622 = CARTESIAN_POINT ( 'NONE',  ( 4.849999999999998757, 0.000000000000000000, -4.600000000000000533 ) ) ;
#8623 = SURFACE_STYLE_FILL_AREA ( #10 ) ;
#8624 = CARTESIAN_POINT ( 'NONE',  ( -4.850000000000000533, 0.7999999999999999334, 4.200000000000000178 ) ) ;
#8625 = CARTESIAN_POINT ( 'NONE',  ( 4.849999999999997868, 0.000000000000000000, -3.700000000000000622 ) ) ;
#8626 = VERTEX_POINT ( 'NONE', #7597 ) ;
#8627 = CARTESIAN_POINT ( 'NONE',  ( -3.849999999999918376, 0.8000000000000000444, -2.900000000000001688 ) ) ;
#8628 = LINE ( 'NONE', #8102, #7220 ) ;
#8629 = EDGE_CURVE ( 'NONE', #743, #1208, #8495, .T. ) ;
#8630 = LINE ( 'NONE', #2163, #6074 ) ;
#8631 = PRESENTATION_STYLE_ASSIGNMENT (( #7061 ) ) ;
#8632 = EDGE_CURVE ( 'NONE', #8525, #131, #2902, .T. ) ;
#8633 = EDGE_CURVE ( 'NONE', #4785, #1092, #2849, .T. ) ;
#8634 = ORIENTED_EDGE ( 'NONE', *, *, #1518, .F. ) ;
#8635 = SURFACE_STYLE_USAGE ( .BOTH. , #23 ) ;
#8636 = EDGE_LOOP ( 'NONE', ( #5105, #2054, #1004, #612 ) ) ;
#8637 = FACE_OUTER_BOUND ( 'NONE', #1850, .T. ) ;
#8638 = SURFACE_STYLE_USAGE ( .BOTH. , #8733 ) ;
#8639 = ORIENTED_EDGE ( 'NONE', *, *, #3625, .T. ) ;
#8640 = CARTESIAN_POINT ( 'NONE',  ( 4.850000000000018296, 0.000000000000000000, 1.799999999999999600 ) ) ;
#8641 = EDGE_CURVE ( 'NONE', #6346, #9051, #6048, .T. ) ;
#8642 = ORIENTED_EDGE ( 'NONE', *, *, #6167, .F. ) ;
#8643 = SURFACE_STYLE_FILL_AREA ( #7070 ) ;
#8644 = COLOUR_RGB ( '',1.000000000000000000, 0.8117647058823529438, 0.5019607843137254832 ) ;
#8645 = FACE_OUTER_BOUND ( 'NONE', #8116, .T. ) ;
#8646 = STYLED_ITEM ( 'NONE', ( #5024 ), #1867 ) ;
#8647 = DIRECTION ( 'NONE',  ( -4.336808689942006692E-15, 0.000000000000000000, -1.000000000000000000 ) ) ;
#8648 = SURFACE_STYLE_FILL_AREA ( #9384 ) ;
#8649 =( GEOMETRIC_REPRESENTATION_CONTEXT ( 3 ) GLOBAL_UNCERTAINTY_ASSIGNED_CONTEXT ( ( #5259 ) ) GLOBAL_UNIT_ASSIGNED_CONTEXT ( ( #376, #5823, #9148 ) ) REPRESENTATION_CONTEXT ( 'NONE', 'WORKASPACE' ) );
#8650 = PLANE ( 'NONE',  #2018 ) ;
#8651 = AXIS2_PLACEMENT_3D ( 'NONE', #9693, #6302, #1698 ) ;
#8652 = FILL_AREA_STYLE_COLOUR ( '', #8644 ) ;
#8653 = PLANE ( 'NONE',  #9119 ) ;
#8654 = ORIENTED_EDGE ( 'NONE', *, *, #9142, .T. ) ;
#8655 = PRESENTATION_STYLE_ASSIGNMENT (( #4049 ) ) ;
#8656 = VECTOR ( 'NONE', #6317, 1000.000000000000000 ) ;
#8657 = DIRECTION ( 'NONE',  ( 0.000000000000000000, -0.000000000000000000, -1.000000000000000000 ) ) ;
#8658 = CARTESIAN_POINT ( 'NONE',  ( -3.849999999999918376, 0.000000000000000000, -2.900000000000001688 ) ) ;
#8659 = ORIENTED_EDGE ( 'NONE', *, *, #7496, .T. ) ;
#8660 = CIRCLE ( 'NONE', #4525, 0.1999999999999996503 ) ;
#8661 = DIRECTION ( 'NONE',  ( -0.000000000000000000, 0.000000000000000000, 1.000000000000000000 ) ) ;
#8662 = LINE ( 'NONE', #7087, #2306 ) ;
#8663 = FILL_AREA_STYLE ('',( #893 ) ) ;
#8664 = LINE ( 'NONE', #1721, #4805 ) ;
#8665 = PRESENTATION_LAYER_ASSIGNMENT (  '', '', ( #9985 ) ) ;
#8666 = VECTOR ( 'NONE', #452, 1000.000000000000000 ) ;
#8667 = EDGE_LOOP ( 'NONE', ( #2371, #2562, #8028, #426 ) ) ;
#8668 = SURFACE_STYLE_USAGE ( .BOTH. , #898 ) ;
#8669 = PLANE ( 'NONE',  #6239 ) ;
#8670 = ORIENTED_EDGE ( 'NONE', *, *, #7530, .T. ) ;
#8671 = MECHANICAL_DESIGN_GEOMETRIC_PRESENTATION_REPRESENTATION (  '', ( #9829 ), #5522 ) ;
#8672 = DIRECTION ( 'NONE',  ( -0.000000000000000000, -1.000000000000000000, -0.000000000000000000 ) ) ;
#8673 = MECHANICAL_DESIGN_GEOMETRIC_PRESENTATION_REPRESENTATION (  '', ( #4702 ), #9992 ) ;
#8674 = VERTEX_POINT ( 'NONE', #8383 ) ;
#8675 = ORIENTED_EDGE ( 'NONE', *, *, #4186, .T. ) ;
#8676 = CARTESIAN_POINT ( 'NONE',  ( -3.849999999999996092, 2.080624847486572282, -1.500000000000001332 ) ) ;
#8677 = EDGE_CURVE ( 'NONE', #2870, #2223, #8333, .T. ) ;
#8678 = UNCERTAINTY_MEASURE_WITH_UNIT (LENGTH_MEASURE( 1.000000000000000082E-05 ), #925, 'distance_accuracy_value', 'NONE');
#8679 = VECTOR ( 'NONE', #797, 1000.000000000000000 ) ;
#8680 = LINE ( 'NONE', #75, #1600 ) ;
#8681 = PRESENTATION_STYLE_ASSIGNMENT (( #4018 ) ) ;
#8682 = ORIENTED_EDGE ( 'NONE', *, *, #7908, .F. ) ;
#8683 = SURFACE_STYLE_USAGE ( .BOTH. , #6236 ) ;
#8684 = FACE_OUTER_BOUND ( 'NONE', #4157, .T. ) ;
#8685 = ADVANCED_FACE ( 'NONE', ( #574 ), #2130, .F. ) ;
#8686 = DIRECTION ( 'NONE',  ( 1.000000000000000000, -0.000000000000000000, 1.626303258728256059E-15 ) ) ;
#8687 = EDGE_CURVE ( 'NONE', #1949, #182, #5903, .T. ) ;
#8688 = ORIENTED_EDGE ( 'NONE', *, *, #148, .T. ) ;
#8689 = SURFACE_STYLE_USAGE ( .BOTH. , #5423 ) ;
#8690 = ORIENTED_EDGE ( 'NONE', *, *, #7911, .T. ) ;
#8691 = LINE ( 'NONE', #8791, #7136 ) ;
#8692 = CARTESIAN_POINT ( 'NONE',  ( 3.850000000000020517, 0.000000000000000000, 2.600000000000000533 ) ) ;
#8693 = VERTEX_POINT ( 'NONE', #3577 ) ;
#8694 = LINE ( 'NONE', #9580, #6394 ) ;
#8695 = EDGE_CURVE ( 'NONE', #3287, #8059, #10160, .T. ) ;
#8696 = ORIENTED_EDGE ( 'NONE', *, *, #1168, .T. ) ;
#8697 = FILL_AREA_STYLE ('',( #5532 ) ) ;
#8698 = ADVANCED_FACE ( 'NONE', ( #8439 ), #2183, .T. ) ;
#8699 = DIRECTION ( 'NONE',  ( -1.000000000000000000, 0.000000000000000000, -0.000000000000000000 ) ) ;
#8700 = CARTESIAN_POINT ( 'NONE',  ( 4.849999999999997868, 0.000000000000000000, -0.4000000000000010214 ) ) ;
#8701 = CARTESIAN_POINT ( 'NONE',  ( -3.849999999999973888, 0.8000000000000000444, 1.799999999999998268 ) ) ;
#8702 = SURFACE_STYLE_USAGE ( .BOTH. , #8858 ) ;
#8703 = VERTEX_POINT ( 'NONE', #1410 ) ;
#8704 = ORIENTED_EDGE ( 'NONE', *, *, #3864, .T. ) ;
#8705 =( NAMED_UNIT ( * ) PLANE_ANGLE_UNIT ( ) SI_UNIT ( $, .RADIAN. ) );
#8706 = CARTESIAN_POINT ( 'NONE',  ( -4.850000000000001421, 0.8000000000000000444, 5.049999999999999822 ) ) ;
#8707 = PLANE ( 'NONE',  #1774 ) ;
#8708 = CARTESIAN_POINT ( 'NONE',  ( -4.355470801650223045, 2.064961830218758454, -4.627177608427185618 ) ) ;
#8709 = CARTESIAN_POINT ( 'NONE',  ( -4.850000000000000533, 0.7999999999999999334, -0.2000000000000005107 ) ) ;
#8710 = PRESENTATION_LAYER_ASSIGNMENT (  '', '', ( #4405 ) ) ;
#8711 = CARTESIAN_POINT ( 'NONE',  ( 3.850000000000065814, 0.8000000000000000444, -2.600000000000000533 ) ) ;
#8712 = DIRECTION ( 'NONE',  ( 0.000000000000000000, -0.000000000000000000, -1.000000000000000000 ) ) ;
#8713 = ORIENTED_EDGE ( 'NONE', *, *, #3479, .F. ) ;
#8714 = AXIS2_PLACEMENT_3D ( 'NONE', #5615, #6233, #9414 ) ;
#8715 =( LENGTH_UNIT ( ) NAMED_UNIT ( * ) SI_UNIT ( .MILLI., .METRE. ) );
#8716 = PRESENTATION_LAYER_ASSIGNMENT (  '', '', ( #4923 ) ) ;
#8717 = ORIENTED_EDGE ( 'NONE', *, *, #1101, .T. ) ;
#8718 = ADVANCED_FACE ( 'NONE', ( #3743 ), #7442, .T. ) ;
#8719 = ORIENTED_EDGE ( 'NONE', *, *, #1275, .T. ) ;
#8720 = VERTEX_POINT ( 'NONE', #1977 ) ;
#8721 = PLANE ( 'NONE',  #3522 ) ;
#8722 = VECTOR ( 'NONE', #8016, 1000.000000000000000 ) ;
#8723 = DIRECTION ( 'NONE',  ( 1.626303258728256257E-15, 0.000000000000000000, 1.000000000000000000 ) ) ;
#8724 = EDGE_LOOP ( 'NONE', ( #3256, #8880, #7867, #8460 ) ) ;
#8725 = CARTESIAN_POINT ( 'NONE',  ( -1.984314575050761364, 0.8000000000000000444, -5.049999999999999822 ) ) ;
#8726 = VECTOR ( 'NONE', #10003, 1000.000000000000000 ) ;
#8727 = EDGE_CURVE ( 'NONE', #3447, #6648, #2750, .T. ) ;
#8728 = CARTESIAN_POINT ( 'NONE',  ( -3.849999999999996092, 0.8000000000000000444, 3.999999999999998224 ) ) ;
#8729 = EDGE_LOOP ( 'NONE', ( #7884, #4210, #4370, #1574 ) ) ;
#8730 = ORIENTED_EDGE ( 'NONE', *, *, #1026, .T. ) ;
#8731 = VECTOR ( 'NONE', #2366, 1000.000000000000000 ) ;
#8732 = LINE ( 'NONE', #4031, #5334 ) ;
#8733 = SURFACE_SIDE_STYLE ('',( #8012 ) ) ;
#8734 = ORIENTED_EDGE ( 'NONE', *, *, #6599, .T. ) ;
#8735 = EDGE_CURVE ( 'NONE', #4987, #938, #736, .T. ) ;
#8736 = FILL_AREA_STYLE_COLOUR ( '', #1766 ) ;
#8737 = ORIENTED_EDGE ( 'NONE', *, *, #6637, .T. ) ;
#8738 = DIRECTION ( 'NONE',  ( 0.000000000000000000, -1.000000000000000000, 0.000000000000000000 ) ) ;
#8739 = AXIS2_PLACEMENT_3D ( 'NONE', #3825, #7011, #7792 ) ;
#8740 = DIRECTION ( 'NONE',  ( 1.000000000000000000, 0.000000000000000000, -0.000000000000000000 ) ) ;
#8741 = SURFACE_STYLE_USAGE ( .BOTH. , #4040 ) ;
#8742 = PRESENTATION_STYLE_ASSIGNMENT (( #5581 ) ) ;
#8743 = ORIENTED_EDGE ( 'NONE', *, *, #514, .T. ) ;
#8744 = DIRECTION ( 'NONE',  ( 0.000000000000000000, 0.000000000000000000, -1.000000000000000000 ) ) ;
#8745 = CARTESIAN_POINT ( 'NONE',  ( -3.849999999999929035, 0.000000000000000000, -1.800000000000001155 ) ) ;
#8746 = PLANE ( 'NONE',  #2324 ) ;
#8747 = CARTESIAN_POINT ( 'NONE',  ( -4.850000000000001421, 0.8000000000000000444, 1.799999999999998712 ) ) ;
#8748 = ORIENTED_EDGE ( 'NONE', *, *, #343, .T. ) ;
#8749 = DIRECTION ( 'NONE',  ( -1.000000000000000000, 0.000000000000000000, -0.000000000000000000 ) ) ;
#8750 = VERTEX_POINT ( 'NONE', #5181 ) ;
#8751 = FILL_AREA_STYLE_COLOUR ( '', #6524 ) ;
#8752 = LINE ( 'NONE', #2645, #2715 ) ;
#8753 = MANIFOLD_SOLID_BREP ( 'LPattern2[12]', #6356 ) ;
#8754 = CARTESIAN_POINT ( 'NONE',  ( 4.850000000000001421, 2.080624847486572282, 0.3999999999999993006 ) ) ;
#8755 = EDGE_CURVE ( 'NONE', #6797, #4863, #6208, .T. ) ;
#8756 = VECTOR ( 'NONE', #6206, 1000.000000000000000 ) ;
#8757 = CARTESIAN_POINT ( 'NONE',  ( -4.307158170062761471, 2.100000000000000089, -4.561251983595060011 ) ) ;
#8758 = AXIS2_PLACEMENT_3D ( 'NONE', #3346, #6500, #3295 ) ;
#8759 = EDGE_CURVE ( 'NONE', #4942, #7801, #2336, .T. ) ;
#8760 = CARTESIAN_POINT ( 'NONE',  ( 3.850000000000009415, 0.000000000000000000, 3.699999999999999734 ) ) ;
#8761 = FACE_OUTER_BOUND ( 'NONE', #4403, .T. ) ;
#8762 = CARTESIAN_POINT ( 'NONE',  ( 0.000000000000000000, 0.8000000000000000444, 0.3999999999999985789 ) ) ;
#8763 = CARTESIAN_POINT ( 'NONE',  ( -4.849999999999979217, 0.8000000000000000444, -0.4000000000000019096 ) ) ;
#8764 = ORIENTED_EDGE ( 'NONE', *, *, #6066, .F. ) ;
#8765 = MECHANICAL_DESIGN_GEOMETRIC_PRESENTATION_REPRESENTATION (  '', ( #7578 ), #10092 ) ;
#8766 =( LENGTH_UNIT ( ) NAMED_UNIT ( * ) SI_UNIT ( .MILLI., .METRE. ) );
#8767 = AXIS2_PLACEMENT_3D ( 'NONE', #1367, #1466, #5296 ) ;
#8768 = ADVANCED_FACE ( 'NONE', ( #3156 ), #782, .F. ) ;
#8769 = PLANE ( 'NONE',  #7724 ) ;
#8770 = ADVANCED_FACE ( 'NONE', ( #1458 ), #6313, .F. ) ;
#8771 = VERTEX_POINT ( 'NONE', #3372 ) ;
#8772 = CARTESIAN_POINT ( 'NONE',  ( 4.849999999999998757, 0.7999999999999999334, 1.999999999999999556 ) ) ;
#8773 =( LENGTH_UNIT ( ) NAMED_UNIT ( * ) SI_UNIT ( .MILLI., .METRE. ) );
#8774 = VECTOR ( 'NONE', #8232, 1000.000000000000000 ) ;
#8775 = ORIENTED_EDGE ( 'NONE', *, *, #3573, .T. ) ;
#8776 = MECHANICAL_DESIGN_GEOMETRIC_PRESENTATION_REPRESENTATION (  '', ( #7281 ), #3640 ) ;
#8777 = ORIENTED_EDGE ( 'NONE', *, *, #5274, .F. ) ;
#8778 = CARTESIAN_POINT ( 'NONE',  ( 4.850000000000000533, 0.000000000000000000, -2.000000000000000888 ) ) ;
#8779 = MANIFOLD_SOLID_BREP ( 'LPattern2[8]', #5273 ) ;
#8780 = SURFACE_SIDE_STYLE ('',( #5614 ) ) ;
#8781 = UNCERTAINTY_MEASURE_WITH_UNIT (LENGTH_MEASURE( 1.000000000000000082E-05 ), #8766, 'distance_accuracy_value', 'NONE');
#8782 = FILL_AREA_STYLE ('',( #3871 ) ) ;
#8783 = VERTEX_POINT ( 'NONE', #5158 ) ;
#8784 = LINE ( 'NONE', #916, #993 ) ;
#8785 = FACE_OUTER_BOUND ( 'NONE', #7278, .T. ) ;
#8786 = DIRECTION ( 'NONE',  ( 1.626303258728256059E-15, 0.000000000000000000, -1.000000000000000000 ) ) ;
#8787 = EDGE_LOOP ( 'NONE', ( #9254, #8997, #152, #3651 ) ) ;
#8788 = CARTESIAN_POINT ( 'NONE',  ( -4.850000000000000533, 0.000000000000000000, 3.999999999999999112 ) ) ;
#8789 = FILL_AREA_STYLE ('',( #5723 ) ) ;
#8790 = EDGE_LOOP ( 'NONE', ( #10168, #4699, #8675, #5453 ) ) ;
#8791 = CARTESIAN_POINT ( 'NONE',  ( 0.000000000000000000, 0.8000000000000000444, 3.999999999999999112 ) ) ;
#8792 = CARTESIAN_POINT ( 'NONE',  ( -3.849999999999996092, 2.080624847486572282, -0.4000000000000010214 ) ) ;
#8793 = ORIENTED_EDGE ( 'NONE', *, *, #8629, .T. ) ;
#8794 = MANIFOLD_SOLID_BREP ( 'Mirror2', #4546 ) ;
#8795 = ORIENTED_EDGE ( 'NONE', *, *, #8687, .F. ) ;
#8796 = CARTESIAN_POINT ( 'NONE',  ( 4.850000000000001421, 0.000000000000000000, 0.000000000000000000 ) ) ;
#8797 = CARTESIAN_POINT ( 'NONE',  ( -4.850000000000001421, 0.000000000000000000, -1.800000000000000711 ) ) ;
#8798 = FACE_OUTER_BOUND ( 'NONE', #8507, .T. ) ;
#8799 = LINE ( 'NONE', #4099, #2221 ) ;
#8800 = VERTEX_POINT ( 'NONE', #6474 ) ;
#8801 = DIRECTION ( 'NONE',  ( 1.000000000000000000, 0.000000000000000000, -0.000000000000000000 ) ) ;
#8802 = SURFACE_STYLE_FILL_AREA ( #6306 ) ;
#8803 = DIRECTION ( 'NONE',  ( 0.000000000000000000, 0.000000000000000000, -1.000000000000000000 ) ) ;
#8804 = ORIENTED_EDGE ( 'NONE', *, *, #8057, .T. ) ;
#8805 = ADVANCED_FACE ( 'NONE', ( #382 ), #3553, .F. ) ;
#8806 = MECHANICAL_DESIGN_GEOMETRIC_PRESENTATION_REPRESENTATION (  '', ( #1364 ), #1697 ) ;
#8807 = ORIENTED_EDGE ( 'NONE', *, *, #6005, .T. ) ;
#8808 = SURFACE_STYLE_USAGE ( .BOTH. , #8127 ) ;
#8809 = CARTESIAN_POINT ( 'NONE',  ( -4.850000000000000533, 0.7999999999999999334, -2.600000000000000533 ) ) ;
#8810 = FACE_OUTER_BOUND ( 'NONE', #8, .T. ) ;
#8811 = DIRECTION ( 'NONE',  ( -0.000000000000000000, 1.000000000000000000, 0.000000000000000000 ) ) ;
#8812 = MECHANICAL_DESIGN_GEOMETRIC_PRESENTATION_REPRESENTATION (  '', ( #6151 ), #8977 ) ;
#8813 = ORIENTED_EDGE ( 'NONE', *, *, #9137, .F. ) ;
#8814 = CARTESIAN_POINT ( 'NONE',  ( 3.849999999999997424, 0.7999999999999999334, 1.499999999999999556 ) ) ;
#8815 = FACE_OUTER_BOUND ( 'NONE', #2473, .T. ) ;
#8816 = CARTESIAN_POINT ( 'NONE',  ( 3.850000000000030287, 0.8000000000000000444, 0.6999999999999992895 ) ) ;
#8817 = PRESENTATION_LAYER_ASSIGNMENT (  '', '', ( #5983 ) ) ;
#8818 = VERTEX_POINT ( 'NONE', #6128 ) ;
#8819 = EDGE_CURVE ( 'NONE', #9149, #7188, #10131, .T. ) ;
#8820 = LINE ( 'NONE', #1672, #5746 ) ;
#8821 =( GEOMETRIC_REPRESENTATION_CONTEXT ( 3 ) GLOBAL_UNCERTAINTY_ASSIGNED_CONTEXT ( ( #6799 ) ) GLOBAL_UNIT_ASSIGNED_CONTEXT ( ( #890, #3275, #5491 ) ) REPRESENTATION_CONTEXT ( 'NONE', 'WORKASPACE' ) );
#8822 = ORIENTED_EDGE ( 'NONE', *, *, #1584, .F. ) ;
#8823 = CARTESIAN_POINT ( 'NONE',  ( 0.000000000000000000, 0.7999999999999990452, 4.650000000000003908 ) ) ;
#8824 = EDGE_CURVE ( 'NONE', #1126, #2317, #4440, .T. ) ;
#8825 = EDGE_CURVE ( 'NONE', #1604, #1107, #2975, .T. ) ;
#8826 = FACE_OUTER_BOUND ( 'NONE', #1568, .T. ) ;
#8827 = ORIENTED_EDGE ( 'NONE', *, *, #4739, .F. ) ;
#8828 = VECTOR ( 'NONE', #7519, 1000.000000000000000 ) ;
#8829 = ORIENTED_EDGE ( 'NONE', *, *, #7242, .F. ) ;
#8830 = MANIFOLD_SOLID_BREP ( 'LPattern2[11]', #73 ) ;
#8831 = SURFACE_SIDE_STYLE ('',( #1577 ) ) ;
#8832 = ADVANCED_FACE ( 'NONE', ( #3819 ), #6858, .F. ) ;
#8833 = CARTESIAN_POINT ( 'NONE',  ( -3.449999999999999289, 2.299999999999999822, -3.649999999999999467 ) ) ;
#8834 = VERTEX_POINT ( 'NONE', #9253 ) ;
#8835 = CARTESIAN_POINT ( 'NONE',  ( -4.850000000000000533, 0.000000000000000000, 3.299999999999998934 ) ) ;
#8836 = PRESENTATION_LAYER_ASSIGNMENT (  '', '', ( #9167 ) ) ;
#8837 = VECTOR ( 'NONE', #4172, 1000.000000000000000 ) ;
#8838 = PLANE ( 'NONE',  #1557 ) ;
#8839 = EDGE_LOOP ( 'NONE', ( #1590, #3175, #1899, #6282 ) ) ;
#8840 = DIRECTION ( 'NONE',  ( 0.000000000000000000, 1.000000000000000000, 0.000000000000000000 ) ) ;
#8841 = SURFACE_STYLE_FILL_AREA ( #8897 ) ;
#8842 = ORIENTED_EDGE ( 'NONE', *, *, #6612, .T. ) ;
#8843 = VECTOR ( 'NONE', #4404, 1000.000000000000000 ) ;
#8844 = CARTESIAN_POINT ( 'NONE',  ( -4.366619526214588376, 2.051144252825626513, 4.637420392015689785 ) ) ;
#8845 = STYLED_ITEM ( 'NONE', ( #3269 ), #8779 ) ;
#8846 = SURFACE_STYLE_USAGE ( .BOTH. , #5676 ) ;
#8847 = VERTEX_POINT ( 'NONE', #8353 ) ;
#8848 = CARTESIAN_POINT ( 'NONE',  ( 2.699999999999999289, 0.7999999999999990452, 4.650000000000006573 ) ) ;
#8849 = ORIENTED_EDGE ( 'NONE', *, *, #626, .T. ) ;
#8850 = DIRECTION ( 'NONE',  ( -0.000000000000000000, 0.000000000000000000, 1.000000000000000000 ) ) ;
#8851 = CARTESIAN_POINT ( 'NONE',  ( 4.327437314425919723, 2.090842179601923867, -4.591805482955848561 ) ) ;
#8852 = VECTOR ( 'NONE', #1815, 1000.000000000000000 ) ;
#8853 =( GEOMETRIC_REPRESENTATION_CONTEXT ( 3 ) GLOBAL_UNCERTAINTY_ASSIGNED_CONTEXT ( ( #7212 ) ) GLOBAL_UNIT_ASSIGNED_CONTEXT ( ( #76, #16, #5513 ) ) REPRESENTATION_CONTEXT ( 'NONE', 'WORKASPACE' ) );
#8854 = PLANE ( 'NONE',  #1519 ) ;
#8855 = SURFACE_STYLE_FILL_AREA ( #149 ) ;
#8856 =( NAMED_UNIT ( * ) SI_UNIT ( $, .STERADIAN. ) SOLID_ANGLE_UNIT ( ) );
#8857 = SURFACE_STYLE_USAGE ( .BOTH. , #4294 ) ;
#8858 = SURFACE_SIDE_STYLE ('',( #7027 ) ) ;
#8859 = ORIENTED_EDGE ( 'NONE', *, *, #6420, .F. ) ;
#8860 =( LENGTH_UNIT ( ) NAMED_UNIT ( * ) SI_UNIT ( .MILLI., .METRE. ) );
#8861 = ORIENTED_EDGE ( 'NONE', *, *, #10226, .F. ) ;
#8862 =( LENGTH_UNIT ( ) NAMED_UNIT ( * ) SI_UNIT ( .MILLI., .METRE. ) );
#8863 = CARTESIAN_POINT ( 'NONE',  ( 4.600000000000002309, 0.7999999999999997113, 4.850000000000001421 ) ) ;
#8864 = MANIFOLD_SOLID_BREP ( 'LPattern2[7]', #9023 ) ;
#8865 = LINE ( 'NONE', #4054, #3259 ) ;
#8866 = EDGE_CURVE ( 'NONE', #293, #1379, #2462, .T. ) ;
#8867 = DIRECTION ( 'NONE',  ( -4.336808689942006692E-15, 0.000000000000000000, -1.000000000000000000 ) ) ;
#8868 = DIRECTION ( 'NONE',  ( 0.000000000000000000, -1.000000000000000000, -0.000000000000000000 ) ) ;
#8869 = LINE ( 'NONE', #3951, #1650 ) ;
#8870 = PLANE ( 'NONE',  #5952 ) ;
#8871 = ORIENTED_EDGE ( 'NONE', *, *, #2407, .F. ) ;
#8872 = EDGE_CURVE ( 'NONE', #2574, #3594, #1278, .T. ) ;
#8873 = CARTESIAN_POINT ( 'NONE',  ( 4.850000000000000533, 0.000000000000000000, -4.200000000000001066 ) ) ;
#8874 = FILL_AREA_STYLE_COLOUR ( '', #9718 ) ;
#8875 = AXIS2_PLACEMENT_3D ( 'NONE', #2073, #6090, #9376 ) ;
#8876 = DIRECTION ( 'NONE',  ( 0.000000000000000000, 0.000000000000000000, 1.000000000000000000 ) ) ;
#8877 = EDGE_LOOP ( 'NONE', ( #4237, #935, #5886, #2321 ) ) ;
#8878 = DIRECTION ( 'NONE',  ( 0.000000000000000000, 0.000000000000000000, -1.000000000000000000 ) ) ;
#8879 = VECTOR ( 'NONE', #3956, 1000.000000000000000 ) ;
#8880 = ORIENTED_EDGE ( 'NONE', *, *, #7807, .T. ) ;
#8881 = ORIENTED_EDGE ( 'NONE', *, *, #1288, .F. ) ;
#8882 = SURFACE_STYLE_FILL_AREA ( #9722 ) ;
#8883 = MANIFOLD_SOLID_BREP ( 'Cut-Extrude2', #2237 ) ;
#8884 = VECTOR ( 'NONE', #6404, 1000.000000000000000 ) ;
#8885 = UNCERTAINTY_MEASURE_WITH_UNIT (LENGTH_MEASURE( 1.000000000000000082E-05 ), #1507, 'distance_accuracy_value', 'NONE');
#8886 = LINE ( 'NONE', #8099, #9346 ) ;
#8887 = VECTOR ( 'NONE', #2213, 1000.000000000000000 ) ;
#8888 = EDGE_CURVE ( 'NONE', #5663, #777, #2362, .T. ) ;
#8889 = FACE_OUTER_BOUND ( 'NONE', #5193, .T. ) ;
#8890 = DIRECTION ( 'NONE',  ( 1.000000000000000000, 0.000000000000000000, -0.000000000000000000 ) ) ;
#8891 = B_SPLINE_CURVE_WITH_KNOTS ( 'NONE', 3,
 ( #2243, #8556, #6942, #5546, #5490, #8708, #4615, #3903, #7819, #2442, #5596, #8757, #10200 ),
 .UNSPECIFIED., .F., .F.,
 ( 4, 3, 3, 3, 4 ),
 ( 0.000000000000000000, 5.083670231753823827E-05, 9.796152662740848990E-05, 0.0001450796207375183505, 0.0001848331750982610557 ),
 .UNSPECIFIED. ) ;
#8892 = LINE ( 'NONE', #1997, #6007 ) ;
#8893 = AXIS2_PLACEMENT_3D ( 'NONE', #4823, #8077, #8130 ) ;
#8894 = AXIS2_PLACEMENT_3D ( 'NONE', #7162, #134, #6391 ) ;
#8895 = VERTEX_POINT ( 'NONE', #130 ) ;
#8896 = DIRECTION ( 'NONE',  ( 0.000000000000000000, 0.000000000000000000, 1.000000000000000000 ) ) ;
#8897 = FILL_AREA_STYLE ('',( #3582 ) ) ;
#8898 = EDGE_LOOP ( 'NONE', ( #1913, #5399, #2880, #30 ) ) ;
#8899 = UNCERTAINTY_MEASURE_WITH_UNIT (LENGTH_MEASURE( 1.000000000000000082E-05 ), #9469, 'distance_accuracy_value', 'NONE');
#8900 = EDGE_LOOP ( 'NONE', ( #1264, #7243, #2577, #5369 ) ) ;
#8901 = FACE_OUTER_BOUND ( 'NONE', #7265, .T. ) ;
#8902 = EDGE_CURVE ( 'NONE', #1917, #2386, #7995, .T. ) ;
#8903 = ORIENTED_EDGE ( 'NONE', *, *, #4655, .F. ) ;
#8904 = CARTESIAN_POINT ( 'NONE',  ( 4.850000000000000533, 2.080624847486572282, -1.300000000000000711 ) ) ;
#8905 = STYLED_ITEM ( 'NONE', ( #3171 ), #5283 ) ;
#8906 = DIRECTION ( 'NONE',  ( 1.000000000000000000, 0.000000000000000000, -0.000000000000000000 ) ) ;
#8907 = DIRECTION ( 'NONE',  ( 0.000000000000000000, -1.000000000000000000, -0.000000000000000000 ) ) ;
#8908 = CARTESIAN_POINT ( 'NONE',  ( 3.850000000000053380, 0.8000000000000000444, -1.500000000000001332 ) ) ;
#8909 = FILL_AREA_STYLE_COLOUR ( '', #1699 ) ;
#8910 = FACE_BOUND ( 'NONE', #1954, .T. ) ;
#8911 = DIRECTION ( 'NONE',  ( 1.000000000000000000, 3.336006684570780538E-15, -0.000000000000000000 ) ) ;
#8912 = SURFACE_STYLE_USAGE ( .BOTH. , #8178 ) ;
#8913 = VERTEX_POINT ( 'NONE', #3185 ) ;
#8914 = CARTESIAN_POINT ( 'NONE',  ( -2.549999999999999378, 0.8000000000000000444, -5.250000000000000000 ) ) ;
#8915 = ORIENTED_EDGE ( 'NONE', *, *, #7974, .F. ) ;
#8916 = SURFACE_SIDE_STYLE ('',( #5742 ) ) ;
#8917 = DIRECTION ( 'NONE',  ( -0.000000000000000000, 0.000000000000000000, 1.000000000000000000 ) ) ;
#8918 = CARTESIAN_POINT ( 'NONE',  ( 4.849999999999998757, 0.7999999999999999334, -1.300000000000000711 ) ) ;
#8919 = DIRECTION ( 'NONE',  ( 1.000000000000000000, 0.000000000000000000, 0.000000000000000000 ) ) ;
#8920 = LINE ( 'NONE', #2794, #7820 ) ;
#8921 = PRESENTATION_LAYER_ASSIGNMENT (  '', '', ( #5605 ) ) ;
#8922 = CARTESIAN_POINT ( 'NONE',  ( 4.850000000000016520, 0.8000000000000000444, -3.700000000000001066 ) ) ;
#8923 = DIRECTION ( 'NONE',  ( 0.000000000000000000, -0.000000000000000000, -1.000000000000000000 ) ) ;
#8924 = LINE ( 'NONE', #3521, #8774 ) ;
#8925 = EDGE_CURVE ( 'NONE', #4197, #941, #3293, .T. ) ;
#8926 = ORIENTED_EDGE ( 'NONE', *, *, #4784, .T. ) ;
#8927 = EDGE_CURVE ( 'NONE', #25, #2416, #6234, .T. ) ;
#8928 = CARTESIAN_POINT ( 'NONE',  ( -3.849999999999928590, 0.8000000000000000444, -2.600000000000001421 ) ) ;
#8929 = CARTESIAN_POINT ( 'NONE',  ( 4.850000000000000533, 0.7999999999999999334, -3.300000000000000711 ) ) ;
#8930 = AXIS2_PLACEMENT_3D ( 'NONE', #3425, #2796, #9757 ) ;
#8931 = VECTOR ( 'NONE', #3704, 1000.000000000000000 ) ;
#8932 = DIRECTION ( 'NONE',  ( -8.673617379884051249E-15, 0.000000000000000000, -1.000000000000000000 ) ) ;
#8933 = ORIENTED_EDGE ( 'NONE', *, *, #9215, .T. ) ;
#8934 = DIRECTION ( 'NONE',  ( 1.000000000000000000, 0.000000000000000000, -0.000000000000000000 ) ) ;
#8935 = VERTEX_POINT ( 'NONE', #5461 ) ;
#8936 = VERTEX_POINT ( 'NONE', #8625 ) ;
#8937 = DIRECTION ( 'NONE',  ( 0.000000000000000000, -1.000000000000000000, 0.000000000000000000 ) ) ;
#8938 =( LENGTH_UNIT ( ) NAMED_UNIT ( * ) SI_UNIT ( .MILLI., .METRE. ) );
#8939 = AXIS2_PLACEMENT_3D ( 'NONE', #5315, #7690, #4068 ) ;
#8940 = PRESENTATION_LAYER_ASSIGNMENT (  '', '', ( #4052 ) ) ;
#8941 = VECTOR ( 'NONE', #6933, 1000.000000000000000 ) ;
#8942 = FACE_OUTER_BOUND ( 'NONE', #1496, .T. ) ;
#8943 = EDGE_CURVE ( 'NONE', #9905, #6427, #3898, .T. ) ;
#8944 = CARTESIAN_POINT ( 'NONE',  ( 4.850000000000000533, 2.080624847486572282, -1.100000000000001199 ) ) ;
#8945 = DIRECTION ( 'NONE',  ( 1.626303258728256257E-15, 0.000000000000000000, -1.000000000000000000 ) ) ;
#8946 = DIRECTION ( 'NONE',  ( -0.000000000000000000, -1.000000000000000000, -0.000000000000000000 ) ) ;
#8947 =( GEOMETRIC_REPRESENTATION_CONTEXT ( 3 ) GLOBAL_UNCERTAINTY_ASSIGNED_CONTEXT ( ( #4014 ) ) GLOBAL_UNIT_ASSIGNED_CONTEXT ( ( #6217, #2911, #6114 ) ) REPRESENTATION_CONTEXT ( 'NONE', 'WORKASPACE' ) );
#8948 = DIRECTION ( 'NONE',  ( 0.000000000000000000, 0.000000000000000000, 1.000000000000000000 ) ) ;
#8949 = VECTOR ( 'NONE', #1127, 1000.000000000000000 ) ;
#8950 = ORIENTED_EDGE ( 'NONE', *, *, #7796, .F. ) ;
#8951 = CARTESIAN_POINT ( 'NONE',  ( -4.599999999999998757, 2.079235665564123092, 4.633126848390694441 ) ) ;
#8952 = PLANE ( 'NONE',  #5111 ) ;
#8953 = ORIENTED_EDGE ( 'NONE', *, *, #6724, .F. ) ;
#8954 = CARTESIAN_POINT ( 'NONE',  ( 3.850000000000077804, 0.8000000000000000444, -2.900000000000000799 ) ) ;
#8955 = ORIENTED_EDGE ( 'NONE', *, *, #1475, .T. ) ;
#8956 = DIRECTION ( 'NONE',  ( 1.000000000000000000, 0.000000000000000000, -0.000000000000000000 ) ) ;
#8957 = EDGE_CURVE ( 'NONE', #2149, #3130, #9517, .T. ) ;
#8958 = CARTESIAN_POINT ( 'NONE',  ( 4.850000000000001421, 0.000000000000000000, 0.3999999999999993006 ) ) ;
#8959 = FACE_OUTER_BOUND ( 'NONE', #2644, .T. ) ;
#8960 = AXIS2_PLACEMENT_3D ( 'NONE', #4841, #7210, #5812 ) ;
#8961 = CARTESIAN_POINT ( 'NONE',  ( -3.849999999999963229, 0.8000000000000000444, 1.499999999999998668 ) ) ;
#8962 = ORIENTED_EDGE ( 'NONE', *, *, #9375, .F. ) ;
#8963 = EDGE_CURVE ( 'NONE', #5142, #5608, #7949, .T. ) ;
#8964 = CARTESIAN_POINT ( 'NONE',  ( -4.366619526214588376, 2.052198665876328487, -4.639222690360980117 ) ) ;
#8965 = COLOUR_RGB ( '',0.000000000000000000, 0.5019607843137254832, 0.000000000000000000 ) ;
#8966 = ORIENTED_EDGE ( 'NONE', *, *, #4818, .T. ) ;
#8967 = CARTESIAN_POINT ( 'NONE',  ( 3.849999999999996092, 2.080624847486572282, 3.999999999999999112 ) ) ;
#8968 = DIRECTION ( 'NONE',  ( 0.000000000000000000, -0.000000000000000000, -1.000000000000000000 ) ) ;
#8969 = DIRECTION ( 'NONE',  ( -4.336808689942006692E-15, 0.000000000000000000, 1.000000000000000000 ) ) ;
#8970 = PRESENTATION_STYLE_ASSIGNMENT (( #5797 ) ) ;
#8971 = CARTESIAN_POINT ( 'NONE',  ( -3.849999999999996980, 0.7999999999999999334, -4.000000000000000888 ) ) ;
#8972 = SURFACE_SIDE_STYLE ('',( #9758 ) ) ;
#8973 = DIRECTION ( 'NONE',  ( -1.000000000000000000, 0.000000000000000000, -0.000000000000000000 ) ) ;
#8974 = CIRCLE ( 'NONE', #7128, 0.1999999999999996503 ) ;
#8975 =( LENGTH_UNIT ( ) NAMED_UNIT ( * ) SI_UNIT ( .MILLI., .METRE. ) );
#8976 = ORIENTED_EDGE ( 'NONE', *, *, #4787, .T. ) ;
#8977 =( GEOMETRIC_REPRESENTATION_CONTEXT ( 3 ) GLOBAL_UNCERTAINTY_ASSIGNED_CONTEXT ( ( #1220 ) ) GLOBAL_UNIT_ASSIGNED_CONTEXT ( ( #443, #3779, #4552 ) ) REPRESENTATION_CONTEXT ( 'NONE', 'WORKASPACE' ) );
#8978 = DIRECTION ( 'NONE',  ( -0.000000000000000000, 1.000000000000000000, 0.000000000000000000 ) ) ;
#8979 = VECTOR ( 'NONE', #7631, 1000.000000000000000 ) ;
#8980 = EDGE_LOOP ( 'NONE', ( #2920, #5201, #3901, #7531 ) ) ;
#8981 = ORIENTED_EDGE ( 'NONE', *, *, #8186, .T. ) ;
#8982 = VECTOR ( 'NONE', #9200, 1000.000000000000000 ) ;
#8983 = DIRECTION ( 'NONE',  ( 0.000000000000000000, 0.000000000000000000, -1.000000000000000000 ) ) ;
#8984 = MANIFOLD_SOLID_BREP ( 'LPattern2[4]', #4882 ) ;
#8985 = LINE ( 'NONE', #1155, #3540 ) ;
#8986 = PLANE ( 'NONE',  #3069 ) ;
#8987 = UNCERTAINTY_MEASURE_WITH_UNIT (LENGTH_MEASURE( 1.000000000000000082E-05 ), #8862, 'distance_accuracy_value', 'NONE');
#8988 = DIRECTION ( 'NONE',  ( -0.000000000000000000, 0.000000000000000000, 1.000000000000000000 ) ) ;
#8989 = VECTOR ( 'NONE', #6928, 1000.000000000000000 ) ;
#8990 = DIRECTION ( 'NONE',  ( 0.000000000000000000, 0.000000000000000000, 1.000000000000000000 ) ) ;
#8991 = VECTOR ( 'NONE', #1987, 1000.000000000000000 ) ;
#8992 = CARTESIAN_POINT ( 'NONE',  ( 4.850000000000000533, 0.7999999999999999334, -2.200000000000000622 ) ) ;
#8993 = DIRECTION ( 'NONE',  ( -1.000000000000000000, -0.000000000000000000, -0.000000000000000000 ) ) ;
#8994 = ADVANCED_FACE ( 'NONE', ( #10177 ), #8001, .F. ) ;
#8995 = VERTEX_POINT ( 'NONE', #9419 ) ;
#8996 = STYLED_ITEM ( 'NONE', ( #8970 ), #3125 ) ;
#8997 = ORIENTED_EDGE ( 'NONE', *, *, #1421, .F. ) ;
#8998 = LINE ( 'NONE', #1171, #8982 ) ;
#8999 = ORIENTED_EDGE ( 'NONE', *, *, #8727, .F. ) ;
#9000 = SURFACE_STYLE_FILL_AREA ( #1950 ) ;
#9001 = UNCERTAINTY_MEASURE_WITH_UNIT (LENGTH_MEASURE( 1.000000000000000082E-05 ), #6345, 'distance_accuracy_value', 'NONE');
#9002 = AXIS2_PLACEMENT_3D ( 'NONE', #4187, #6593, #4134 ) ;
#9003 = CARTESIAN_POINT ( 'NONE',  ( 4.351144252825625003, 2.087420392015689963, -4.583309763107296320 ) ) ;
#9004 = MECHANICAL_DESIGN_GEOMETRIC_PRESENTATION_REPRESENTATION (  '', ( #6003 ), #3025 ) ;
#9005 = ORIENTED_EDGE ( 'NONE', *, *, #7049, .F. ) ;
#9006 = EDGE_CURVE ( 'NONE', #9245, #293, #2367, .T. ) ;
#9007 = CARTESIAN_POINT ( 'NONE',  ( -4.850000000000000533, 0.000000000000000000, 4.399999999999999467 ) ) ;
#9008 = ADVANCED_FACE ( 'NONE', ( #3190 ), #8838, .T. ) ;
#9009 = CARTESIAN_POINT ( 'NONE',  ( 3.850000000000088907, 0.8000000000000000444, -4.000000000000000888 ) ) ;
#9010 = CARTESIAN_POINT ( 'NONE',  ( -2.549999999999999378, 0.2000000000000317635, -4.650000000000005684 ) ) ;
#9011 = DIRECTION ( 'NONE',  ( 1.000000000000000000, -0.000000000000000000, 1.626303258728256059E-15 ) ) ;
#9013 = VECTOR ( 'NONE', #5149, 1000.000000000000000 ) ;
#9012 = PRESENTATION_STYLE_ASSIGNMENT (( #3558 ) ) ;
#9014 = AXIS2_PLACEMENT_3D ( 'NONE', #2658, #5752, #9762 ) ;
#9015 = AXIS2_PLACEMENT_3D ( 'NONE', #7344, #3994, #1764 ) ;
#9016 = ORIENTED_EDGE ( 'NONE', *, *, #8633, .F. ) ;
#9017 = PLANE ( 'NONE',  #6804 ) ;
#9018 = FACE_OUTER_BOUND ( 'NONE', #7965, .T. ) ;
#9019 = EDGE_CURVE ( 'NONE', #5411, #8818, #7217, .T. ) ;
#9020 = ORIENTED_EDGE ( 'NONE', *, *, #1551, .T. ) ;
#9021 = DIRECTION ( 'NONE',  ( -1.626303258728256059E-15, -0.000000000000000000, -1.000000000000000000 ) ) ;
#9022 = ORIENTED_EDGE ( 'NONE', *, *, #9857, .F. ) ;
#9023 = CLOSED_SHELL ( 'NONE', ( #3167, #5207, #3863, #9008, #5095, #4416, #8235, #1142 ) ) ;
#9024 = AXIS2_PLACEMENT_3D ( 'NONE', #9956, #1200, #6110 ) ;
#9025 = ADVANCED_FACE ( 'NONE', ( #1536 ), #4696, .F. ) ;
#9026 =( GEOMETRIC_REPRESENTATION_CONTEXT ( 3 ) GLOBAL_UNCERTAINTY_ASSIGNED_CONTEXT ( ( #2359 ) ) GLOBAL_UNIT_ASSIGNED_CONTEXT ( ( #7130, #7709, #2286 ) ) REPRESENTATION_CONTEXT ( 'NONE', 'WORKASPACE' ) );
#9027 = ADVANCED_FACE ( 'NONE', ( #972 ), #2767, .T. ) ;
#9028 =( NAMED_UNIT ( * ) PLANE_ANGLE_UNIT ( ) SI_UNIT ( $, .RADIAN. ) );
#9029 = CARTESIAN_POINT ( 'NONE',  ( 3.849999999999996092, 2.080624847486572282, 3.999999999999999112 ) ) ;
#9030 = FILL_AREA_STYLE_COLOUR ( '', #911 ) ;
#9031 = CARTESIAN_POINT ( 'NONE',  ( -3.849999999999961897, 0.8000000000000000444, 0.6999999999999984013 ) ) ;
#9032 = CARTESIAN_POINT ( 'NONE',  ( -4.850000000000000533, 0.000000000000000000, -2.200000000000000622 ) ) ;
#9033 = PLANE ( 'NONE',  #5946 ) ;
#9034 = LINE ( 'NONE', #3281, #6008 ) ;
#9035 = CARTESIAN_POINT ( 'NONE',  ( 3.115685424949237170, 0.000000000000000000, 5.049999999999999822 ) ) ;
#9036 = ORIENTED_EDGE ( 'NONE', *, *, #2993, .T. ) ;
#9037 = DIRECTION ( 'NONE',  ( 1.000000000000000000, -0.000000000000000000, 0.000000000000000000 ) ) ;
#9038 = AXIS2_PLACEMENT_3D ( 'NONE', #7607, #5484, #6059 ) ;
#9039 =( LENGTH_UNIT ( ) NAMED_UNIT ( * ) SI_UNIT ( .MILLI., .METRE. ) );
#9040 = ORIENTED_EDGE ( 'NONE', *, *, #4566, .F. ) ;
#9041 = SURFACE_STYLE_FILL_AREA ( #4273 ) ;
#9042 = LINE ( 'NONE', #181, #1938 ) ;
#9043 = AXIS2_PLACEMENT_3D ( 'NONE', #9071, #3416, #5073 ) ;
#9044 = CARTESIAN_POINT ( 'NONE',  ( 3.849999999999996980, 0.8000000000000000444, -3.700000000000000178 ) ) ;
#9045 = CARTESIAN_POINT ( 'NONE',  ( -3.849999999999963229, 0.000000000000000000, 1.499999999999998668 ) ) ;
#9046 =( NAMED_UNIT ( * ) SI_UNIT ( $, .STERADIAN. ) SOLID_ANGLE_UNIT ( ) );
#9047 = EDGE_LOOP ( 'NONE', ( #1982, #3403, #3391, #1172 ) ) ;
#9048 = VECTOR ( 'NONE', #7994, 1000.000000000000000 ) ;
#9049 = ORIENTED_EDGE ( 'NONE', *, *, #8641, .T. ) ;
#9050 = FACE_OUTER_BOUND ( 'NONE', #4518, .T. ) ;
#9051 = VERTEX_POINT ( 'NONE', #3399 ) ;
#9052 = VECTOR ( 'NONE', #4333, 1000.000000000000000 ) ;
#9053 = B_SPLINE_SURFACE_WITH_KNOTS ( 'NONE', 1, 3, ( 
 ( #7175, #7118, #8065, #29, #4806, #3095 ),
 ( #7957, #3929, #4035, #7068, #10228, #3145 ),
 ( #5012, #5157, #292, #6693, #9878, #7420 ),
 ( #2005, #2776, #3552, #338, #1223, #1953 ) ),
 .UNSPECIFIED., .F., .F., .F.,
 ( 2, 1, 1, 2 ),
 ( 4, 2, 4 ),
 ( -0.01000000000000000021, 0.000000000000000000, 1.000000000000000000, 1.010099999999999998 ),
 ( 0.000000000000000000, 0.5000000000000000000, 1.000000000000000000 ),
 .UNSPECIFIED. ) ;
#9054 = LINE ( 'NONE', #9786, #6606 ) ;
#9055 = CARTESIAN_POINT ( 'NONE',  ( 4.397979999999999556, 2.025701847718435200, -4.633241221889688788 ) ) ;
#9056 = ORIENTED_EDGE ( 'NONE', *, *, #7042, .T. ) ;
#9057 = EDGE_CURVE ( 'NONE', #2031, #8569, #5718, .T. ) ;
#9058 = FILL_AREA_STYLE ('',( #2881 ) ) ;
#9059 = AXIS2_PLACEMENT_3D ( 'NONE', #8605, #4666, #5488 ) ;
#9060 = AXIS2_PLACEMENT_3D ( 'NONE', #5050, #1739, #4319 ) ;
#9061 =( LENGTH_UNIT ( ) NAMED_UNIT ( * ) SI_UNIT ( .MILLI., .METRE. ) );
#9062 = LINE ( 'NONE', #8170, #7395 ) ;
#9063 = PRESENTATION_LAYER_ASSIGNMENT (  '', '', ( #9395 ) ) ;
#9064 = DIRECTION ( 'NONE',  ( 0.000000000000000000, 0.000000000000000000, 1.000000000000000000 ) ) ;
#9065 = CARTESIAN_POINT ( 'NONE',  ( -3.849999999999961897, 0.000000000000000000, 0.6999999999999984013 ) ) ;
#9066 = ORIENTED_EDGE ( 'NONE', *, *, #9785, .T. ) ;
#9067 = EDGE_CURVE ( 'NONE', #2101, #339, #5004, .T. ) ;
#9068 = CARTESIAN_POINT ( 'NONE',  ( 4.850000000000000533, 0.000000000000000000, -3.300000000000000711 ) ) ;
#9069 = SURFACE_STYLE_USAGE ( .BOTH. , #3414 ) ;
#9070 = ORIENTED_EDGE ( 'NONE', *, *, #3986, .F. ) ;
#9071 = CARTESIAN_POINT ( 'NONE',  ( -4.850000000000001421, 2.080624847486572282, 3.699999999999999289 ) ) ;
#9072 = AXIS2_PLACEMENT_3D ( 'NONE', #1294, #4445, #7584 ) ;
#9073 = EDGE_LOOP ( 'NONE', ( #8408, #5316, #8537, #7209 ) ) ;
#9074 = PLANE ( 'NONE',  #8096 ) ;
#9075 =( NAMED_UNIT ( * ) PLANE_ANGLE_UNIT ( ) SI_UNIT ( $, .RADIAN. ) );
#9076 = DIRECTION ( 'NONE',  ( 1.626303258728256059E-15, 0.000000000000000000, -1.000000000000000000 ) ) ;
#9077 = CARTESIAN_POINT ( 'NONE',  ( -4.599999999999998757, 2.000000000000000888, -4.649929289321881321 ) ) ;
#9078 = CYLINDRICAL_SURFACE ( 'NONE', #4305, 0.1999999999999996503 ) ;
#9079 = FACE_OUTER_BOUND ( 'NONE', #8061, .T. ) ;
#9080 = CARTESIAN_POINT ( 'NONE',  ( 2.699999999999999289, 0.2000000000000000944, 4.650000000000006573 ) ) ;
#9081 = EDGE_CURVE ( 'NONE', #6485, #2822, #6546, .T. ) ;
#9082 = EDGE_CURVE ( 'NONE', #8626, #7152, #236, .T. ) ;
#9083 = VECTOR ( 'NONE', #7517, 1000.000000000000000 ) ;
#9084 = ORIENTED_EDGE ( 'NONE', *, *, #6845, .T. ) ;
#9085 = CARTESIAN_POINT ( 'NONE',  ( -4.850000000000001421, 0.8000000000000000444, 5.049999999999999822 ) ) ;
#9086 = SURFACE_SIDE_STYLE ('',( #5044 ) ) ;
#9087 = VERTEX_POINT ( 'NONE', #1117 ) ;
#9088 = FACE_OUTER_BOUND ( 'NONE', #2303, .T. ) ;
#9089 = LINE ( 'NONE', #1990, #5074 ) ;
#9090 = ORIENTED_EDGE ( 'NONE', *, *, #9177, .T. ) ;
#9091 = EDGE_CURVE ( 'NONE', #175, #2072, #5767, .T. ) ;
#9092 = CARTESIAN_POINT ( 'NONE',  ( 4.850000000000000533, 0.000000000000000000, -1.100000000000001199 ) ) ;
#9093 = MECHANICAL_DESIGN_GEOMETRIC_PRESENTATION_REPRESENTATION (  '', ( #3298 ), #2790 ) ;
#9094 = CARTESIAN_POINT ( 'NONE',  ( 2.549999999999999378, 0.000000000000000000, 5.250000000000000000 ) ) ;
#9095 = CARTESIAN_POINT ( 'NONE',  ( 3.850000000000076472, 0.8000000000000000444, 0.000000000000000000 ) ) ;
#9096 = CARTESIAN_POINT ( 'NONE',  ( -4.299999999999998934, 2.300000000000000711, 4.549999999999999822 ) ) ;
#9097 = ORIENTED_EDGE ( 'NONE', *, *, #1597, .F. ) ;
#9098 = VECTOR ( 'NONE', #5618, 1000.000000000000000 ) ;
#9099 = ORIENTED_EDGE ( 'NONE', *, *, #9787, .T. ) ;
#9100 = CARTESIAN_POINT ( 'NONE',  ( -4.850000000000001421, 0.000000000000000000, 5.049999999999999822 ) ) ;
#9101 = VERTEX_POINT ( 'NONE', #1073 ) ;
#9102 = UNCERTAINTY_MEASURE_WITH_UNIT (LENGTH_MEASURE( 1.000000000000000082E-05 ), #7755, 'distance_accuracy_value', 'NONE');
#9103 = SURFACE_STYLE_USAGE ( .BOTH. , #8165 ) ;
#9104 = FILL_AREA_STYLE_COLOUR ( '', #9179 ) ;
#9105 = ORIENTED_EDGE ( 'NONE', *, *, #6825, .F. ) ;
#9106 = VECTOR ( 'NONE', #3749, 1000.000000000000000 ) ;
#9107 = SURFACE_STYLE_FILL_AREA ( #2732 ) ;
#9108 = DIRECTION ( 'NONE',  ( 0.000000000000000000, 3.336006684570780538E-15, -1.000000000000000000 ) ) ;
#9109 = CARTESIAN_POINT ( 'NONE',  ( 4.850000000000000533, 0.7999999999999999334, -4.400000000000001243 ) ) ;
#9110 = LINE ( 'NONE', #7574, #6806 ) ;
#9111 = EDGE_LOOP ( 'NONE', ( #351, #8207, #1119, #7433 ) ) ;
#9112 = CARTESIAN_POINT ( 'NONE',  ( 4.383241106097909068, 2.026232285936368172, -4.649999999999999467 ) ) ;
#9113 = VECTOR ( 'NONE', #2062, 1000.000000000000000 ) ;
#9114 = FILL_AREA_STYLE_COLOUR ( '', #678 ) ;
#9115 = VERTEX_POINT ( 'NONE', #9096 ) ;
#9116 = DIRECTION ( 'NONE',  ( 1.626303258728256257E-15, 0.000000000000000000, -1.000000000000000000 ) ) ;
#9117 = ORIENTED_EDGE ( 'NONE', *, *, #982, .F. ) ;
#9118 = CARTESIAN_POINT ( 'NONE',  ( 4.314395171456509637, 2.098058160912054326, 4.572610860657357890 ) ) ;
#9119 = AXIS2_PLACEMENT_3D ( 'NONE', #9481, #8803, #4816 ) ;
#9120 = STYLED_ITEM ( 'NONE', ( #9994 ), #1428 ) ;
#9121 = DIRECTION ( 'NONE',  ( 0.000000000000000000, 0.000000000000000000, -1.000000000000000000 ) ) ;
#9122 = CARTESIAN_POINT ( 'NONE',  ( 4.850000000000000533, 0.8000000000000000444, -1.800000000000000488 ) ) ;
#9123 = EDGE_CURVE ( 'NONE', #6519, #7770, #8892, .T. ) ;
#9124 = LINE ( 'NONE', #1974, #9807 ) ;
#9125 = CARTESIAN_POINT ( 'NONE',  ( -4.850000000000001421, 0.000000000000000000, -4.000000000000000888 ) ) ;
#9126 = DIRECTION ( 'NONE',  ( 0.000000000000000000, -1.000000000000000000, -3.491481338843133355E-15 ) ) ;
#9127 = DIRECTION ( 'NONE',  ( 0.000000000000000000, -1.000000000000000000, -0.000000000000000000 ) ) ;
#9128 = MECHANICAL_DESIGN_GEOMETRIC_PRESENTATION_REPRESENTATION (  '', ( #4486 ), #3497 ) ;
#9129 = LINE ( 'NONE', #5184, #5910 ) ;
#9130 = ORIENTED_EDGE ( 'NONE', *, *, #9057, .T. ) ;
#9131 = CARTESIAN_POINT ( 'NONE',  ( 4.850000000000000533, 2.080624847486572282, -3.100000000000000977 ) ) ;
#9132 = CARTESIAN_POINT ( 'NONE',  ( 3.849999999999997424, 0.000000000000000000, 4.799999999999999822 ) ) ;
#9133 = VERTEX_POINT ( 'NONE', #2717 ) ;
#9134 = CARTESIAN_POINT ( 'NONE',  ( 0.000000000000000000, 0.7999999999999990452, 4.650000000000003908 ) ) ;
#9135 = LINE ( 'NONE', #5141, #96 ) ;
#9136 = ORIENTED_EDGE ( 'NONE', *, *, #6698, .F. ) ;
#9137 = EDGE_CURVE ( 'NONE', #5108, #8074, #7365, .T. ) ;
#9138 = DIRECTION ( 'NONE',  ( 0.000000000000000000, -0.000000000000000000, -1.000000000000000000 ) ) ;
#9139 = VECTOR ( 'NONE', #675, 1000.000000000000000 ) ;
#9140 = DIRECTION ( 'NONE',  ( 0.000000000000000000, 1.000000000000000000, 0.000000000000000000 ) ) ;
#9141 = MECHANICAL_DESIGN_GEOMETRIC_PRESENTATION_REPRESENTATION (  '', ( #8646 ), #9965 ) ;
#9142 = EDGE_CURVE ( 'NONE', #8254, #8895, #285, .T. ) ;
#9143 = DIRECTION ( 'NONE',  ( -0.000000000000000000, -1.000000000000000000, -0.000000000000000000 ) ) ;
#9144 = CARTESIAN_POINT ( 'NONE',  ( -4.399999999999999467, 2.000000000000000444, -4.649929289321881321 ) ) ;
#9145 = AXIS2_PLACEMENT_3D ( 'NONE', #6901, #7785, #3123 ) ;
#9146 = ORIENTED_EDGE ( 'NONE', *, *, #8309, .F. ) ;
#9147 = ORIENTED_EDGE ( 'NONE', *, *, #6392, .F. ) ;
#9148 =( NAMED_UNIT ( * ) SI_UNIT ( $, .STERADIAN. ) SOLID_ANGLE_UNIT ( ) );
#9149 = VERTEX_POINT ( 'NONE', #5820 ) ;
#9150 =( NAMED_UNIT ( * ) SI_UNIT ( $, .STERADIAN. ) SOLID_ANGLE_UNIT ( ) );
#9151 = CARTESIAN_POINT ( 'NONE',  ( -4.850000000000000533, 0.000000000000000000, 1.099999999999999423 ) ) ;
#9152 =( NAMED_UNIT ( * ) SI_UNIT ( $, .STERADIAN. ) SOLID_ANGLE_UNIT ( ) );
#9153 = ORIENTED_EDGE ( 'NONE', *, *, #4739, .T. ) ;
#9154 = DIRECTION ( 'NONE',  ( -8.673617379884051249E-15, 0.000000000000000000, -1.000000000000000000 ) ) ;
#9155 = LINE ( 'NONE', #341, #9052 ) ;
#9156 = VECTOR ( 'NONE', #6625, 1000.000000000000000 ) ;
#9157 = SURFACE_STYLE_USAGE ( .BOTH. , #8416 ) ;
#9158 = ORIENTED_EDGE ( 'NONE', *, *, #6411, .F. ) ;
#9159 = VECTOR ( 'NONE', #7842, 1000.000000000000000 ) ;
#9160 = LINE ( 'NONE', #2938, #8473 ) ;
#9161 =( GEOMETRIC_REPRESENTATION_CONTEXT ( 3 ) GLOBAL_UNCERTAINTY_ASSIGNED_CONTEXT ( ( #6061 ) ) GLOBAL_UNIT_ASSIGNED_CONTEXT ( ( #9745, #7236, #1085 ) ) REPRESENTATION_CONTEXT ( 'NONE', 'WORKASPACE' ) );
#9162 = DIRECTION ( 'NONE',  ( -4.336808689942006692E-15, 0.000000000000000000, -1.000000000000000000 ) ) ;
#9163 = ORIENTED_EDGE ( 'NONE', *, *, #653, .T. ) ;
#9164 = SURFACE_STYLE_FILL_AREA ( #1444 ) ;
#9165 = ORIENTED_EDGE ( 'NONE', *, *, #9390, .T. ) ;
#9166 = CARTESIAN_POINT ( 'NONE',  ( 4.347017172676516772, 2.073908961451460531, 4.617360711228181813 ) ) ;
#9167 = STYLED_ITEM ( 'NONE', ( #8157 ), #9025 ) ;
#9168 = COLOUR_RGB ( '',0.000000000000000000, 0.5019607843137254832, 0.000000000000000000 ) ;
#9169 = CARTESIAN_POINT ( 'NONE',  ( -3.849999999999918376, 0.8000000000000000444, -2.900000000000001688 ) ) ;
#9170 = EDGE_CURVE ( 'NONE', #1712, #5519, #8251, .T. ) ;
#9171 = CARTESIAN_POINT ( 'NONE',  ( 4.399929289321881321, 2.000000000000000444, 4.851999999999999424 ) ) ;
#9172 = CARTESIAN_POINT ( 'NONE',  ( -4.850000000000001421, 0.7999999999999999334, 4.799999999999999822 ) ) ;
#9173 = CARTESIAN_POINT ( 'NONE',  ( 4.850000000000001421, 0.8000000000000000444, 5.049999999999999822 ) ) ;
#9174 = DIRECTION ( 'NONE',  ( 0.000000000000000000, 0.000000000000000000, -1.000000000000000000 ) ) ;
#9175 = DIRECTION ( 'NONE',  ( 0.000000000000000000, -1.000000000000000000, 0.000000000000000000 ) ) ;
#9176 = FILL_AREA_STYLE_COLOUR ( '', #7947 ) ;
#9177 = EDGE_CURVE ( 'NONE', #1531, #1620, #1167, .T. ) ;
#9178 = VECTOR ( 'NONE', #5390, 1000.000000000000000 ) ;
#9179 = COLOUR_RGB ( '',1.000000000000000000, 0.8117647058823529438, 0.5019607843137254832 ) ;
#9180 = DIRECTION ( 'NONE',  ( 0.000000000000000000, -1.000000000000000000, 0.000000000000000000 ) ) ;
#9181 = EDGE_CURVE ( 'NONE', #2754, #6801, #8055, .T. ) ;
#9182 = LINE ( 'NONE', #6050, #8225 ) ;
#9183 = VERTEX_POINT ( 'NONE', #532 ) ;
#9184 = CARTESIAN_POINT ( 'NONE',  ( -4.850000000000000533, 0.000000000000000000, -8.673617379884035472E-16 ) ) ;
#9185 = PRESENTATION_LAYER_ASSIGNMENT (  '', '', ( #4212 ) ) ;
#9186 = FACE_OUTER_BOUND ( 'NONE', #226, .T. ) ;
#9187 = FACE_OUTER_BOUND ( 'NONE', #4575, .T. ) ;
#9188 = CARTESIAN_POINT ( 'NONE',  ( -4.849999999999987210, 0.8000000000000000444, 2.599999999999999645 ) ) ;
#9189 = ORIENTED_EDGE ( 'NONE', *, *, #5492, .F. ) ;
#9190 = EDGE_CURVE ( 'NONE', #5691, #6844, #2200, .T. ) ;
#9191 = SURFACE_STYLE_USAGE ( .BOTH. , #6011 ) ;
#9192 = ORIENTED_EDGE ( 'NONE', *, *, #6605, .T. ) ;
#9193 = UNCERTAINTY_MEASURE_WITH_UNIT (LENGTH_MEASURE( 1.000000000000000082E-05 ), #10156, 'distance_accuracy_value', 'NONE');
#9194 = EDGE_CURVE ( 'NONE', #8404, #6135, #9355, .T. ) ;
#9195 = DIRECTION ( 'NONE',  ( -0.000000000000000000, -1.000000000000000000, -0.000000000000000000 ) ) ;
#9196 = CARTESIAN_POINT ( 'NONE',  ( 3.850000000000009859, 0.000000000000000000, 3.699999999999999289 ) ) ;
#9197 = SURFACE_STYLE_FILL_AREA ( #6174 ) ;
#9198 = EDGE_LOOP ( 'NONE', ( #4618, #2246, #9451, #5971 ) ) ;
#9199 = ORIENTED_EDGE ( 'NONE', *, *, #4898, .T. ) ;
#9200 = DIRECTION ( 'NONE',  ( 1.000000000000000000, 0.000000000000000000, 0.000000000000000000 ) ) ;
#9201 = ORIENTED_EDGE ( 'NONE', *, *, #9597, .F. ) ;
#9202 = COLOUR_RGB ( '',0.000000000000000000, 0.5019607843137254832, 0.000000000000000000 ) ;
#9203 = CARTESIAN_POINT ( 'NONE',  ( 3.850000000000042277, 0.000000000000000000, -0.4000000000000010214 ) ) ;
#9204 = UNCERTAINTY_MEASURE_WITH_UNIT (LENGTH_MEASURE( 1.000000000000000082E-05 ), #6877, 'distance_accuracy_value', 'NONE');
#9205 = CARTESIAN_POINT ( 'NONE',  ( -4.850000000000000533, 0.000000000000000000, -2.000000000000000888 ) ) ;
#9206 = SURFACE_SIDE_STYLE ('',( #8468 ) ) ;
#9207 = ORIENTED_EDGE ( 'NONE', *, *, #393, .T. ) ;
#9208 = DIRECTION ( 'NONE',  ( -0.000000000000000000, 0.000000000000000000, 1.000000000000000000 ) ) ;
#9209 =( NAMED_UNIT ( * ) PLANE_ANGLE_UNIT ( ) SI_UNIT ( $, .RADIAN. ) );
#9210 = VECTOR ( 'NONE', #6757, 1000.000000000000000 ) ;
#9211 = ORIENTED_EDGE ( 'NONE', *, *, #9081, .T. ) ;
#9212 = DIRECTION ( 'NONE',  ( -1.000000000000000000, 0.000000000000000000, -0.000000000000000000 ) ) ;
#9213 = ORIENTED_EDGE ( 'NONE', *, *, #5713, .F. ) ;
#9214 = CARTESIAN_POINT ( 'NONE',  ( -4.850000000000000533, 0.7999999999999999334, -1.500000000000001332 ) ) ;
#9215 = EDGE_CURVE ( 'NONE', #660, #863, #7998, .T. ) ;
#9216 = DIRECTION ( 'NONE',  ( -0.000000000000000000, 1.000000000000000000, -0.000000000000000000 ) ) ;
#9217 = ORIENTED_EDGE ( 'NONE', *, *, #88, .T. ) ;
#9218 = ORIENTED_EDGE ( 'NONE', *, *, #1984, .F. ) ;
#9219 = PRESENTATION_LAYER_ASSIGNMENT (  '', '', ( #3098 ) ) ;
#9220 = LINE ( 'NONE', #2123, #10238 ) ;
#9221 = CARTESIAN_POINT ( 'NONE',  ( -3.849999999999940137, 0.8000000000000000444, -0.7000000000000018430 ) ) ;
#9222 = PRODUCT_RELATED_PRODUCT_CATEGORY ( 'part', '', ( #7447 ) ) ;
#9223 = DIRECTION ( 'NONE',  ( 0.000000000000000000, 0.000000000000000000, 1.000000000000000000 ) ) ;
#9224 = FILL_AREA_STYLE ('',( #8490 ) ) ;
#9225 = DIRECTION ( 'NONE',  ( 0.000000000000000000, 0.000000000000000000, -1.000000000000000000 ) ) ;
#9226 = VECTOR ( 'NONE', #1944, 1000.000000000000000 ) ;
#9227 = CARTESIAN_POINT ( 'NONE',  ( 3.850000000000076472, 0.8000000000000000444, -3.700000000000001066 ) ) ;
#9228 =( NAMED_UNIT ( * ) PLANE_ANGLE_UNIT ( ) SI_UNIT ( $, .RADIAN. ) );
#9229 = CARTESIAN_POINT ( 'NONE',  ( -3.849999999999996092, 0.8000000000000000444, -8.800000000000000711 ) ) ;
#9230 = DIRECTION ( 'NONE',  ( -0.000000000000000000, 0.000000000000000000, 1.000000000000000000 ) ) ;
#9231 = ORIENTED_EDGE ( 'NONE', *, *, #6259, .T. ) ;
#9232 = SURFACE_STYLE_USAGE ( .BOTH. , #10006 ) ;
#9233 = CARTESIAN_POINT ( 'NONE',  ( -4.850000000000000533, 0.000000000000000000, -3.300000000000000711 ) ) ;
#9234 = AXIS2_PLACEMENT_3D ( 'NONE', #6079, #2111, #1334 ) ;
#9235 = ORIENTED_EDGE ( 'NONE', *, *, #4711, .T. ) ;
#9236 = EDGE_CURVE ( 'NONE', #4881, #7846, #6018, .T. ) ;
#9237 = DIRECTION ( 'NONE',  ( -1.000000000000000000, -0.000000000000000000, 0.000000000000000000 ) ) ;
#9238 = CARTESIAN_POINT ( 'NONE',  ( -4.850000000000000533, 2.080624847486572282, 1.299999999999999600 ) ) ;
#9239 = EDGE_LOOP ( 'NONE', ( #2967, #5935, #4324, #5810, #2203, #5829 ) ) ;
#9240 = LINE ( 'NONE', #1313, #5358 ) ;
#9241 = VECTOR ( 'NONE', #6749, 1000.000000000000000 ) ;
#9242 = LINE ( 'NONE', #10165, #8415 ) ;
#9243 =( NAMED_UNIT ( * ) PLANE_ANGLE_UNIT ( ) SI_UNIT ( $, .RADIAN. ) );
#9244 = ORIENTED_EDGE ( 'NONE', *, *, #3565, .F. ) ;
#9245 = VERTEX_POINT ( 'NONE', #2098 ) ;
#9246 = DIRECTION ( 'NONE',  ( 1.626303258728256257E-15, 0.000000000000000000, -1.000000000000000000 ) ) ;
#9247 = CLOSED_SHELL ( 'NONE', ( #4264, #7451, #5183, #2991, #8718, #7714, #1099, #2718 ) ) ;
#9248 = ORIENTED_EDGE ( 'NONE', *, *, #8963, .T. ) ;
#9249 = EDGE_CURVE ( 'NONE', #4779, #6708, #592, .T. ) ;
#9250 = AXIS2_PLACEMENT_3D ( 'NONE', #3829, #7895, #6965 ) ;
#9251 = DIRECTION ( 'NONE',  ( 0.000000000000000000, -1.000000000000000000, -0.000000000000000000 ) ) ;
#9252 = LINE ( 'NONE', #3600, #3085 ) ;
#9253 = CARTESIAN_POINT ( 'NONE',  ( -4.850000000000000533, 0.000000000000000000, 4.599999999999998757 ) ) ;
#9254 = ORIENTED_EDGE ( 'NONE', *, *, #5902, .T. ) ;
#9255 = FILL_AREA_STYLE_COLOUR ( '', #1014 ) ;
#9256 = PLANE ( 'NONE',  #7370 ) ;
#9257 = PLANE ( 'NONE',  #8739 ) ;
#9258 = VECTOR ( 'NONE', #8945, 1000.000000000000000 ) ;
#9259 =( NAMED_UNIT ( * ) PLANE_ANGLE_UNIT ( ) SI_UNIT ( $, .RADIAN. ) );
#9260 = ORIENTED_EDGE ( 'NONE', *, *, #2429, .T. ) ;
#9261 = PRESENTATION_STYLE_ASSIGNMENT (( #3727 ) ) ;
#9262 = ORIENTED_EDGE ( 'NONE', *, *, #1669, .F. ) ;
#9263 = CARTESIAN_POINT ( 'NONE',  ( 4.299999999999998934, 2.299999999999999822, -4.549999999999998934 ) ) ;
#9264 = FACE_OUTER_BOUND ( 'NONE', #806, .T. ) ;
#9265 = MECHANICAL_DESIGN_GEOMETRIC_PRESENTATION_REPRESENTATION (  '', ( #2647 ), #9610 ) ;
#9266 = EDGE_LOOP ( 'NONE', ( #8555, #8371, #3880, #2547 ) ) ;
#9267 = CIRCLE ( 'NONE', #5449, 0.1999999999999996503 ) ;
#9268 = CARTESIAN_POINT ( 'NONE',  ( 4.850000000000001421, 2.080624847486572282, 3.699999999999999289 ) ) ;
#9269 = MECHANICAL_DESIGN_GEOMETRIC_PRESENTATION_REPRESENTATION (  '', ( #3138 ), #6275 ) ;
#9270 = ADVANCED_FACE ( 'NONE', ( #6792 ), #8295, .T. ) ;
#9271 = ORIENTED_EDGE ( 'NONE', *, *, #1205, .F. ) ;
#9272 = SURFACE_STYLE_USAGE ( .BOTH. , #3614 ) ;
#9273 = LINE ( 'NONE', #4709, #2349 ) ;
#9274 = PLANE ( 'NONE',  #5961 ) ;
#9275 = VECTOR ( 'NONE', #791, 1000.000000000000000 ) ;
#9276 = CARTESIAN_POINT ( 'NONE',  ( 4.849999999999997868, 0.8000000000000000444, -2.200000000000000178 ) ) ;
#9277 = COLOUR_RGB ( '',0.000000000000000000, 0.5019607843137254832, 0.000000000000000000 ) ;
#9278 = CARTESIAN_POINT ( 'NONE',  ( 4.850000000000001421, 0.000000000000000000, -4.000000000000000888 ) ) ;
#9279 = CARTESIAN_POINT ( 'NONE',  ( 3.850000000000031619, 0.000000000000000000, 1.499999999999999556 ) ) ;
#9280 = EDGE_CURVE ( 'NONE', #4942, #1286, #6952, .T. ) ;
#9281 = SURFACE_STYLE_FILL_AREA ( #9950 ) ;
#9282 = FACE_OUTER_BOUND ( 'NONE', #9457, .T. ) ;
#9283 = AXIS2_PLACEMENT_3D ( 'NONE', #2487, #5539, #3895 ) ;
#9284 = DIRECTION ( 'NONE',  ( -0.000000000000000000, 0.000000000000000000, 1.000000000000000000 ) ) ;
#9285 = ORIENTED_EDGE ( 'NONE', *, *, #6615, .T. ) ;
#9286 = CARTESIAN_POINT ( 'NONE',  ( 0.000000000000000000, 0.8000000000000000444, -6.599999999999999645 ) ) ;
#9287 = ORIENTED_EDGE ( 'NONE', *, *, #3953, .F. ) ;
#9288 = DIRECTION ( 'NONE',  ( -0.000000000000000000, 0.000000000000000000, 1.000000000000000000 ) ) ;
#9289 = FACE_OUTER_BOUND ( 'NONE', #1540, .T. ) ;
#9290 = MECHANICAL_DESIGN_GEOMETRIC_PRESENTATION_REPRESENTATION (  '', ( #9120 ), #8452 ) ;
#9291 = ORIENTED_EDGE ( 'NONE', *, *, #5808, .T. ) ;
#9292 = UNCERTAINTY_MEASURE_WITH_UNIT (LENGTH_MEASURE( 1.000000000000000082E-05 ), #8773, 'distance_accuracy_value', 'NONE');
#9293 = CARTESIAN_POINT ( 'NONE',  ( -3.849999999999997424, 0.000000000000000000, 1.499999999999999556 ) ) ;
#9294 = VECTOR ( 'NONE', #7032, 1000.000000000000000 ) ;
#9295 = FACE_OUTER_BOUND ( 'NONE', #4284, .T. ) ;
#9296 = CARTESIAN_POINT ( 'NONE',  ( -4.457639970946510211, 2.269452524890164469, -4.583309763107293655 ) ) ;
#9297 = ORIENTED_EDGE ( 'NONE', *, *, #9993, .F. ) ;
#9298 = ORIENTED_EDGE ( 'NONE', *, *, #2655, .T. ) ;
#9299 = DIRECTION ( 'NONE',  ( 1.000000000000000000, -0.000000000000000000, 1.626303258728256257E-15 ) ) ;
#9300 = ORIENTED_EDGE ( 'NONE', *, *, #7683, .T. ) ;
#9301 = DIRECTION ( 'NONE',  ( -1.000000000000000000, 0.000000000000000000, -0.000000000000000000 ) ) ;
#9302 = UNCERTAINTY_MEASURE_WITH_UNIT (LENGTH_MEASURE( 1.000000000000000082E-05 ), #5385, 'distance_accuracy_value', 'NONE');
#9303 = VECTOR ( 'NONE', #3520, 1000.000000000000000 ) ;
#9304 = DIRECTION ( 'NONE',  ( 1.000000000000000000, 0.000000000000000000, -0.000000000000000000 ) ) ;
#9305 = CARTESIAN_POINT ( 'NONE',  ( -4.599999999999998757, 2.000000000000000888, -4.649929289321881321 ) ) ;
#9306 = ORIENTED_EDGE ( 'NONE', *, *, #4135, .T. ) ;
#9307 = DIRECTION ( 'NONE',  ( 0.000000000000000000, -1.000000000000000000, 6.123233995736767268E-17 ) ) ;
#9308 =( NAMED_UNIT ( * ) PLANE_ANGLE_UNIT ( ) SI_UNIT ( $, .RADIAN. ) );
#9309 =( NAMED_UNIT ( * ) SI_UNIT ( $, .STERADIAN. ) SOLID_ANGLE_UNIT ( ) );
#9310 = EDGE_CURVE ( 'NONE', #2757, #6400, #6852, .T. ) ;
#9311 = VECTOR ( 'NONE', #2318, 1000.000000000000000 ) ;
#9312 = CARTESIAN_POINT ( 'NONE',  ( 3.850000000000066258, 0.8000000000000000444, -1.800000000000000711 ) ) ;
#9313 = EDGE_LOOP ( 'NONE', ( #915, #4353, #980, #5214 ) ) ;
#9314 = DIRECTION ( 'NONE',  ( 0.000000000000000000, -0.000000000000000000, 1.000000000000000000 ) ) ;
#9315 = VERTEX_POINT ( 'NONE', #424 ) ;
#9316 = FILL_AREA_STYLE ('',( #5165 ) ) ;
#9317 = VECTOR ( 'NONE', #4944, 1000.000000000000000 ) ;
#9318 = DIRECTION ( 'NONE',  ( 0.000000000000000000, -1.000000000000000000, 6.123233995736767268E-17 ) ) ;
#9319 = ORIENTED_EDGE ( 'NONE', *, *, #4889, .T. ) ;
#9320 = ADVANCED_FACE ( 'NONE', ( #2046 ), #3984, .F. ) ;
#9321 = DIRECTION ( 'NONE',  ( -0.000000000000000000, 1.000000000000000000, 0.000000000000000000 ) ) ;
#9322 = ADVANCED_FACE ( 'NONE', ( #122 ), #2452, .F. ) ;
#9323 = ORIENTED_EDGE ( 'NONE', *, *, #1114, .T. ) ;
#9324 = VECTOR ( 'NONE', #5342, 1000.000000000000000 ) ;
#9325 = CARTESIAN_POINT ( 'NONE',  ( 4.850000000000000533, 2.080624847486572282, 4.200000000000000178 ) ) ;
#9326 =( NAMED_UNIT ( * ) SI_UNIT ( $, .STERADIAN. ) SOLID_ANGLE_UNIT ( ) );
#9327 = CARTESIAN_POINT ( 'NONE',  ( -4.850000000000000533, 0.000000000000000000, -4.200000000000001066 ) ) ;
#9328 = MECHANICAL_DESIGN_GEOMETRIC_PRESENTATION_REPRESENTATION (  '', ( #4530 ), #9161 ) ;
#9329 = CARTESIAN_POINT ( 'NONE',  ( 0.000000000000000000, 0.8000000000000000444, -3.700000000000001066 ) ) ;
#9330 = LINE ( 'NONE', #9948, #2864 ) ;
#9331 = DIRECTION ( 'NONE',  ( -0.000000000000000000, 1.000000000000000000, -0.000000000000000000 ) ) ;
#9332 = PRESENTATION_STYLE_ASSIGNMENT (( #6148 ) ) ;
#9333 = DIRECTION ( 'NONE',  ( 0.000000000000000000, 0.000000000000000000, -1.000000000000000000 ) ) ;
#9334 = EDGE_CURVE ( 'NONE', #502, #6795, #4005, .T. ) ;
#9335 = EDGE_CURVE ( 'NONE', #145, #6037, #7149, .T. ) ;
#9336 = PRESENTATION_LAYER_ASSIGNMENT (  '', '', ( #9829 ) ) ;
#9337 = COLOUR_RGB ( '',0.000000000000000000, 0.5019607843137254832, 0.000000000000000000 ) ;
#9338 =( LENGTH_UNIT ( ) NAMED_UNIT ( * ) SI_UNIT ( .MILLI., .METRE. ) );
#9339 = DIRECTION ( 'NONE',  ( -4.336808689942006692E-15, 0.000000000000000000, 1.000000000000000000 ) ) ;
#9340 = VERTEX_POINT ( 'NONE', #7204 ) ;
#9341 = DIRECTION ( 'NONE',  ( 0.000000000000000000, -0.000000000000000000, -1.000000000000000000 ) ) ;
#9342 = LINE ( 'NONE', #7548, #7315 ) ;
#9343 =( NAMED_UNIT ( * ) SI_UNIT ( $, .STERADIAN. ) SOLID_ANGLE_UNIT ( ) );
#9344 = PRESENTATION_LAYER_ASSIGNMENT (  '', '', ( #3538 ) ) ;
#9345 = PLANE ( 'NONE',  #9912 ) ;
#9346 = VECTOR ( 'NONE', #1020, 1000.000000000000000 ) ;
#9347 = ORIENTED_EDGE ( 'NONE', *, *, #3830, .F. ) ;
#9348 = LINE ( 'NONE', #2959, #8604 ) ;
#9349 = VECTOR ( 'NONE', #1835, 1000.000000000000000 ) ;
#9350 = PLANE ( 'NONE',  #9933 ) ;
#9351 = EDGE_CURVE ( 'NONE', #5009, #3245, #3284, .T. ) ;
#9352 = ORIENTED_EDGE ( 'NONE', *, *, #9006, .T. ) ;
#9353 = CARTESIAN_POINT ( 'NONE',  ( -4.397979999999999556, 2.025701847718435200, 4.633241221889688788 ) ) ;
#9354 = DIRECTION ( 'NONE',  ( -1.000000000000000000, 0.000000000000000000, -4.336808689942006692E-15 ) ) ;
#9355 = LINE ( 'NONE', #7558, #4537 ) ;
#9356 = ORIENTED_EDGE ( 'NONE', *, *, #10023, .F. ) ;
#9357 = EDGE_LOOP ( 'NONE', ( #5542, #3728, #2871, #4858 ) ) ;
#9358 = PLANE ( 'NONE',  #9145 ) ;
#9359 = CARTESIAN_POINT ( 'NONE',  ( -4.849999999999996092, 0.8000000000000000444, 3.699999999999998401 ) ) ;
#9360 = LINE ( 'NONE', #6335, #2907 ) ;
#9361 = CARTESIAN_POINT ( 'NONE',  ( 0.000000000000000000, 0.8000000000000000444, 2.899999999999998135 ) ) ;
#9362 = PRESENTATION_STYLE_ASSIGNMENT (( #5261 ) ) ;
#9363 = ORIENTED_EDGE ( 'NONE', *, *, #8281, .F. ) ;
#9364 = FILL_AREA_STYLE ('',( #9255 ) ) ;
#9365 = DIRECTION ( 'NONE',  ( -4.336808689942006692E-15, 0.000000000000000000, -1.000000000000000000 ) ) ;
#9366 = CARTESIAN_POINT ( 'NONE',  ( -4.849999999999913491, 0.8000000000000000444, -4.000000000000001776 ) ) ;
#9367 = FILL_AREA_STYLE ('',( #6081 ) ) ;
#9368 = AXIS2_PLACEMENT_3D ( 'NONE', #5258, #1430, #9301 ) ;
#9369 = ORIENTED_EDGE ( 'NONE', *, *, #4247, .F. ) ;
#9370 = VERTEX_POINT ( 'NONE', #63 ) ;
#9371 = DIRECTION ( 'NONE',  ( 1.000000000000000000, 0.000000000000000000, 0.000000000000000000 ) ) ;
#9372 = EDGE_CURVE ( 'NONE', #5571, #8167, #6226, .T. ) ;
#9373 = CARTESIAN_POINT ( 'NONE',  ( -3.849999999999996092, 0.000000000000000000, -1.500000000000001332 ) ) ;
#9374 = VERTEX_POINT ( 'NONE', #9558 ) ;
#9375 = EDGE_CURVE ( 'NONE', #3597, #131, #2302, .T. ) ;
#9376 = DIRECTION ( 'NONE',  ( -4.336808689942006692E-15, 0.000000000000000000, -1.000000000000000000 ) ) ;
#9377 = ORIENTED_EDGE ( 'NONE', *, *, #8252, .F. ) ;
#9378 = AXIS2_PLACEMENT_3D ( 'NONE', #2837, #7639, #5428 ) ;
#9379 = PLANE ( 'NONE',  #4907 ) ;
#9380 = DIRECTION ( 'NONE',  ( -1.000000000000000000, 0.000000000000000000, -0.000000000000000000 ) ) ;
#9381 = MECHANICAL_DESIGN_GEOMETRIC_PRESENTATION_REPRESENTATION (  '', ( #8361 ), #1291 ) ;
#9382 = CARTESIAN_POINT ( 'NONE',  ( 3.850000000000076472, 0.000000000000000000, -3.700000000000001066 ) ) ;
#9383 = ADVANCED_FACE ( 'NONE', ( #1471 ), #1572, .T. ) ;
#9384 = FILL_AREA_STYLE ('',( #8489 ) ) ;
#9385 = LINE ( 'NONE', #5007, #5173 ) ;
#9386 = CARTESIAN_POINT ( 'NONE',  ( -4.599999999999998757, 2.000000000000000888, 4.649929289321881321 ) ) ;
#9387 =( GEOMETRIC_REPRESENTATION_CONTEXT ( 3 ) GLOBAL_UNCERTAINTY_ASSIGNED_CONTEXT ( ( #6386 ) ) GLOBAL_UNIT_ASSIGNED_CONTEXT ( ( #701, #3292, #7106 ) ) REPRESENTATION_CONTEXT ( 'NONE', 'WORKASPACE' ) );
#9388 = LINE ( 'NONE', #8436, #4641 ) ;
#9389 = DIRECTION ( 'NONE',  ( 1.991647080244468484E-31, -6.123233995736767268E-17, -1.000000000000000000 ) ) ;
#9390 = EDGE_CURVE ( 'NONE', #8935, #9609, #2354, .T. ) ;
#9391 = STYLED_ITEM ( 'NONE', ( #768 ), #5419 ) ;
#9392 = VECTOR ( 'NONE', #3517, 1000.000000000000000 ) ;
#9393 = VERTEX_POINT ( 'NONE', #7096 ) ;
#9394 = PLANE ( 'NONE',  #2228 ) ;
#9395 = STYLED_ITEM ( 'NONE', ( #10078 ), #5686 ) ;
#9396 = CARTESIAN_POINT ( 'NONE',  ( 3.849999999999996092, 0.000000000000000000, 4.799999999999999822 ) ) ;
#9397 = PLANE ( 'NONE',  #999 ) ;
#9398 = DIRECTION ( 'NONE',  ( 1.000000000000000000, 0.000000000000000000, 0.000000000000000000 ) ) ;
#9399 = VERTEX_POINT ( 'NONE', #8772 ) ;
#9400 = EDGE_CURVE ( 'NONE', #7208, #3657, #1674, .T. ) ;
#9401 = LINE ( 'NONE', #4001, #7170 ) ;
#9402 = MECHANICAL_DESIGN_GEOMETRIC_PRESENTATION_REPRESENTATION (  '', ( #2594 ), #6703 ) ;
#9403 = EDGE_CURVE ( 'NONE', #7678, #68, #2402, .T. ) ;
#9404 = ADVANCED_FACE ( 'NONE', ( #4994 ), #2558, .T. ) ;
#9405 = DIRECTION ( 'NONE',  ( 0.000000000000000000, -0.000000000000000000, -1.000000000000000000 ) ) ;
#9406 = ORIENTED_EDGE ( 'NONE', *, *, #458, .F. ) ;
#9407 = ORIENTED_EDGE ( 'NONE', *, *, #6019, .T. ) ;
#9408 = VERTEX_POINT ( 'NONE', #2506 ) ;
#9409 = FACE_OUTER_BOUND ( 'NONE', #6969, .T. ) ;
#9410 = LINE ( 'NONE', #9622, #5802 ) ;
#9411 = EDGE_CURVE ( 'NONE', #2031, #2522, #3387, .T. ) ;
#9412 = CARTESIAN_POINT ( 'NONE',  ( 4.599999999999996980, 2.079235656787695063, 4.633126850251795048 ) ) ;
#9413 = UNCERTAINTY_MEASURE_WITH_UNIT (LENGTH_MEASURE( 1.000000000000000082E-05 ), #3780, 'distance_accuracy_value', 'NONE');
#9414 = DIRECTION ( 'NONE',  ( 1.000000000000000000, 0.000000000000000000, -0.000000000000000000 ) ) ;
#9415 = CARTESIAN_POINT ( 'NONE',  ( -4.850000000000000533, 2.080624847486572282, -3.700000000000001066 ) ) ;
#9416 = ORIENTED_EDGE ( 'NONE', *, *, #7741, .T. ) ;
#9417 = CARTESIAN_POINT ( 'NONE',  ( -4.399999999999999467, 2.100000000000000089, -4.649929289321881321 ) ) ;
#9418 =( NAMED_UNIT ( * ) SI_UNIT ( $, .STERADIAN. ) SOLID_ANGLE_UNIT ( ) );
#9419 = CARTESIAN_POINT ( 'NONE',  ( -4.399929289321881321, 2.000000000000000888, 4.649999999999999467 ) ) ;
#9420 = VERTEX_POINT ( 'NONE', #224 ) ;
#9421 = ORIENTED_EDGE ( 'NONE', *, *, #434, .T. ) ;
#9422 = CARTESIAN_POINT ( 'NONE',  ( -4.383229641565214330, 2.078750921375359884, 4.850000000000001421 ) ) ;
#9423 = LINE ( 'NONE', #7848, #4623 ) ;
#9424 = ORIENTED_EDGE ( 'NONE', *, *, #6149, .T. ) ;
#9425 = SURFACE_STYLE_FILL_AREA ( #2420 ) ;
#9426 = ORIENTED_EDGE ( 'NONE', *, *, #3745, .T. ) ;
#9427 = AXIS2_PLACEMENT_3D ( 'NONE', #165, #7925, #4883 ) ;
#9428 = VECTOR ( 'NONE', #1162, 1000.000000000000000 ) ;
#9429 = DIRECTION ( 'NONE',  ( 1.000000000000000000, 0.000000000000000000, 0.000000000000000000 ) ) ;
#9430 = LINE ( 'NONE', #6926, #6305 ) ;
#9431 = DIRECTION ( 'NONE',  ( 1.000000000000000000, 0.000000000000000000, -0.000000000000000000 ) ) ;
#9432 = CARTESIAN_POINT ( 'NONE',  ( 4.398058160912052372, 2.022610860657357623, 4.635534117865372394 ) ) ;
#9433 = PLANE ( 'NONE',  #7793 ) ;
#9434 = MECHANICAL_DESIGN_GEOMETRIC_PRESENTATION_REPRESENTATION (  '', ( #5936 ), #8597 ) ;
#9435 = AXIS2_PLACEMENT_3D ( 'NONE', #4219, #4985, #455 ) ;
#9436 = DIRECTION ( 'NONE',  ( 0.000000000000000000, 0.000000000000000000, -1.000000000000000000 ) ) ;
#9437 = LINE ( 'NONE', #6470, #2501 ) ;
#9438 = ORIENTED_EDGE ( 'NONE', *, *, #1921, .T. ) ;
#9439 = SURFACE_STYLE_USAGE ( .BOTH. , #3945 ) ;
#9440 = AXIS2_PLACEMENT_3D ( 'NONE', #9312, #8474, #2508 ) ;
#9441 = STYLED_ITEM ( 'NONE', ( #2027 ), #6464 ) ;
#9442 = STYLED_ITEM ( 'NONE', ( #3504 ), #4560 ) ;
#9443 = FILL_AREA_STYLE_COLOUR ( '', #5566 ) ;
#9444 = ORIENTED_EDGE ( 'NONE', *, *, #7511, .T. ) ;
#9445 = ADVANCED_FACE ( 'NONE', ( #4121 ), #6581, .F. ) ;
#9446 =( NAMED_UNIT ( * ) SI_UNIT ( $, .STERADIAN. ) SOLID_ANGLE_UNIT ( ) );
#9447 = CARTESIAN_POINT ( 'NONE',  ( 4.850000000000000533, 2.080624847486572282, 4.399999999999999467 ) ) ;
#9448 = CARTESIAN_POINT ( 'NONE',  ( -4.850000000000000533, 0.7999999999999999334, -0.9000000000000014655 ) ) ;
#9449 = PRESENTATION_LAYER_ASSIGNMENT (  '', '', ( #4650 ) ) ;
#9450 = AXIS2_PLACEMENT_3D ( 'NONE', #4543, #6131, #10134 ) ;
#9451 = ORIENTED_EDGE ( 'NONE', *, *, #7595, .T. ) ;
#9452 = LINE ( 'NONE', #7201, #5188 ) ;
#9453 = ADVANCED_FACE ( 'NONE', ( #6534 ), #8238, .T. ) ;
#9454 = DIRECTION ( 'NONE',  ( 0.000000000000000000, 0.000000000000000000, -1.000000000000000000 ) ) ;
#9455 = ORIENTED_EDGE ( 'NONE', *, *, #1262, .T. ) ;
#9456 = COLOUR_RGB ( '',0.8980392156862745390, 0.8980392156862745390, 0.8980392156862745390 ) ;
#9457 = EDGE_LOOP ( 'NONE', ( #9907, #2873, #643, #1724 ) ) ;
#9458 = ORIENTED_EDGE ( 'NONE', *, *, #5147, .T. ) ;
#9459 = ADVANCED_FACE ( 'NONE', ( #4312 ), #8194, .T. ) ;
#9460 = SURFACE_STYLE_USAGE ( .BOTH. , #3129 ) ;
#9461 = ADVANCED_FACE ( 'NONE', ( #4175 ), #4940, .F. ) ;
#9462 = ORIENTED_EDGE ( 'NONE', *, *, #11, .T. ) ;
#9463 = SURFACE_STYLE_USAGE ( .BOTH. , #4593 ) ;
#9464 = DIRECTION ( 'NONE',  ( 0.000000000000000000, -1.000000000000000000, 0.000000000000000000 ) ) ;
#9465 = CARTESIAN_POINT ( 'NONE',  ( -4.600000000000005862, 1.604392701679423663E-14, -4.649929289321881321 ) ) ;
#9466 = VECTOR ( 'NONE', #10188, 1000.000000000000000 ) ;
#9467 = SURFACE_STYLE_FILL_AREA ( #1686 ) ;
#9468 = ORIENTED_EDGE ( 'NONE', *, *, #5401, .F. ) ;
#9469 =( LENGTH_UNIT ( ) NAMED_UNIT ( * ) SI_UNIT ( .MILLI., .METRE. ) );
#9470 = ORIENTED_EDGE ( 'NONE', *, *, #3329, .T. ) ;
#9471 = CARTESIAN_POINT ( 'NONE',  ( -4.850000000000000533, 2.080624847486572282, -4.600000000000000533 ) ) ;
#9472 = ORIENTED_EDGE ( 'NONE', *, *, #3993, .T. ) ;
#9473 = CARTESIAN_POINT ( 'NONE',  ( 4.849999999999997868, 0.7999999999999999334, 2.899999999999998579 ) ) ;
#9474 = ORIENTED_EDGE ( 'NONE', *, *, #2901, .T. ) ;
#9475 = CARTESIAN_POINT ( 'NONE',  ( 4.850000000000000533, 2.080624847486572282, 2.399999999999999023 ) ) ;
#9476 = VECTOR ( 'NONE', #151, 1000.000000000000000 ) ;
#9477 = DIRECTION ( 'NONE',  ( 1.000000000000000000, 0.000000000000000000, 0.000000000000000000 ) ) ;
#9478 = CARTESIAN_POINT ( 'NONE',  ( 3.849999999999997424, 0.000000000000000000, 2.600000000000000533 ) ) ;
#9479 = CARTESIAN_POINT ( 'NONE',  ( 4.373908961451459021, 2.067360711228182879, 4.602912116645364371 ) ) ;
#9480 = MECHANICAL_DESIGN_GEOMETRIC_PRESENTATION_REPRESENTATION (  '', ( #6982 ), #1048 ) ;
#9481 = CARTESIAN_POINT ( 'NONE',  ( -4.850000000000001421, 0.8000000000000000444, 5.049999999999999822 ) ) ;
#9482 = ORIENTED_EDGE ( 'NONE', *, *, #7974, .T. ) ;
#9483 = ORIENTED_EDGE ( 'NONE', *, *, #6975, .F. ) ;
#9484 = SURFACE_STYLE_FILL_AREA ( #3899 ) ;
#9485 = VECTOR ( 'NONE', #1261, 1000.000000000000000 ) ;
#9486 = EDGE_CURVE ( 'NONE', #2316, #9499, #1779, .T. ) ;
#9487 = FILL_AREA_STYLE_COLOUR ( '', #8965 ) ;
#9488 = FACE_OUTER_BOUND ( 'NONE', #8003, .T. ) ;
#9489 = STYLED_ITEM ( 'NONE', ( #4609 ), #3364 ) ;
#9490 = FACE_OUTER_BOUND ( 'NONE', #3719, .T. ) ;
#9491 = EDGE_CURVE ( 'NONE', #9932, #6380, #9616, .T. ) ;
#9492 = FACE_OUTER_BOUND ( 'NONE', #10132, .T. ) ;
#9493 =( NAMED_UNIT ( * ) SI_UNIT ( $, .STERADIAN. ) SOLID_ANGLE_UNIT ( ) );
#9494 = CARTESIAN_POINT ( 'NONE',  ( -4.850000000000000533, 0.7999999999999999334, 4.599999999999998757 ) ) ;
#9495 = VECTOR ( 'NONE', #1352, 1000.000000000000000 ) ;
#9496 = VERTEX_POINT ( 'NONE', #1103 ) ;
#9497 = EDGE_CURVE ( 'NONE', #1433, #8562, #4891, .T. ) ;
#9498 = DIRECTION ( 'NONE',  ( -1.000000000000000000, 0.000000000000000000, 1.626303258728256257E-15 ) ) ;
#9499 = VERTEX_POINT ( 'NONE', #8043 ) ;
#9500 = VECTOR ( 'NONE', #9778, 1000.000000000000000 ) ;
#9501 = DIRECTION ( 'NONE',  ( 0.000000000000000000, -0.000000000000000000, -1.000000000000000000 ) ) ;
#9502 = COLOUR_RGB ( '',0.000000000000000000, 0.5019607843137254832, 0.000000000000000000 ) ;
#9503 =( GEOMETRIC_REPRESENTATION_CONTEXT ( 3 ) GLOBAL_UNCERTAINTY_ASSIGNED_CONTEXT ( ( #4426 ) ) GLOBAL_UNIT_ASSIGNED_CONTEXT ( ( #8938, #5709, #1065 ) ) REPRESENTATION_CONTEXT ( 'NONE', 'WORKASPACE' ) );
#9504 = EDGE_CURVE ( 'NONE', #8535, #9974, #6632, .T. ) ;
#9505 = VERTEX_POINT ( 'NONE', #3746 ) ;
#9506 = ORIENTED_EDGE ( 'NONE', *, *, #5710, .T. ) ;
#9507 = CARTESIAN_POINT ( 'NONE',  ( -3.849999999999996092, 0.000000000000000000, 1.799999999999999600 ) ) ;
#9508 = CARTESIAN_POINT ( 'NONE',  ( 3.850000000000066258, 0.8000000000000000444, -1.800000000000000711 ) ) ;
#9509 = EDGE_CURVE ( 'NONE', #6863, #4436, #9906, .T. ) ;
#9510 = LINE ( 'NONE', #4687, #3742 ) ;
#9511 = UNCERTAINTY_MEASURE_WITH_UNIT (LENGTH_MEASURE( 1.000000000000000082E-05 ), #3952, 'distance_accuracy_value', 'NONE');
#9512 = CARTESIAN_POINT ( 'NONE',  ( 3.850000000000066258, 0.000000000000000000, -1.800000000000000711 ) ) ;
#9513 = SURFACE_SIDE_STYLE ('',( #858 ) ) ;
#9514 = ORIENTED_EDGE ( 'NONE', *, *, #9853, .T. ) ;
#9515 = LINE ( 'NONE', #7266, #9258 ) ;
#9516 = CARTESIAN_POINT ( 'NONE',  ( -3.849999999999996980, 0.000000000000000000, 3.999999999999998224 ) ) ;
#9517 = LINE ( 'NONE', #136, #9159 ) ;
#9518 = ORIENTED_EDGE ( 'NONE', *, *, #9857, .T. ) ;
#9519 = FACE_OUTER_BOUND ( 'NONE', #7567, .T. ) ;
#9520 = ORIENTED_EDGE ( 'NONE', *, *, #210, .F. ) ;
#9521 = CARTESIAN_POINT ( 'NONE',  ( 4.850000000000000533, 0.000000000000000000, -8.673617379884035472E-16 ) ) ;
#9522 = CARTESIAN_POINT ( 'NONE',  ( -3.849999999999974332, 0.8000000000000000444, 0.000000000000000000 ) ) ;
#9523 = ORIENTED_EDGE ( 'NONE', *, *, #3877, .F. ) ;
#9524 = LINE ( 'NONE', #2475, #6222 ) ;
#9525 = ADVANCED_FACE ( 'NONE', ( #1255 ), #7658, .F. ) ;
#9526 = ORIENTED_EDGE ( 'NONE', *, *, #10033, .T. ) ;
#9527 = PLANE ( 'NONE',  #4265 ) ;
#9528 = EDGE_CURVE ( 'NONE', #8365, #6374, #4568, .T. ) ;
#9529 = CARTESIAN_POINT ( 'NONE',  ( 4.399929289321881321, 2.100000000000000089, 4.649999999999999467 ) ) ;
#9530 = PRESENTATION_LAYER_ASSIGNMENT (  '', '', ( #2254 ) ) ;
#9531 = DIRECTION ( 'NONE',  ( 0.000000000000000000, -0.000000000000000000, -1.000000000000000000 ) ) ;
#9532 = FILL_AREA_STYLE ('',( #5480 ) ) ;
#9533 = EDGE_CURVE ( 'NONE', #6759, #4197, #6357, .T. ) ;
#9534 =( LENGTH_UNIT ( ) NAMED_UNIT ( * ) SI_UNIT ( .MILLI., .METRE. ) );
#9535 = DIRECTION ( 'NONE',  ( 0.000000000000000000, 0.000000000000000000, 1.000000000000000000 ) ) ;
#9536 = CYLINDRICAL_SURFACE ( 'NONE', #7940, 0.5999999999999998668 ) ;
#9537 = ORIENTED_EDGE ( 'NONE', *, *, #4133, .F. ) ;
#9538 = EDGE_CURVE ( 'NONE', #4649, #205, #4051, .T. ) ;
#9539 =( LENGTH_UNIT ( ) NAMED_UNIT ( * ) SI_UNIT ( .MILLI., .METRE. ) );
#9540 = STYLED_ITEM ( 'NONE', ( #8655 ), #7505 ) ;
#9541 = EDGE_CURVE ( 'NONE', #2944, #650, #8501, .T. ) ;
#9542 = VERTEX_POINT ( 'NONE', #7492 ) ;
#9543 = SURFACE_SIDE_STYLE ('',( #10195 ) ) ;
#9544 = DIRECTION ( 'NONE',  ( -0.000000000000000000, 1.000000000000000000, 0.000000000000000000 ) ) ;
#9545 = CARTESIAN_POINT ( 'NONE',  ( 4.850000000000041389, 0.8000000000000000444, -3.700000000000001066 ) ) ;
#9546 = CARTESIAN_POINT ( 'NONE',  ( -3.849999999999996092, 0.8000000000000000444, -5.500000000000002665 ) ) ;
#9547 = VECTOR ( 'NONE', #6187, 1000.000000000000000 ) ;
#9548 = LINE ( 'NONE', #2396, #6595 ) ;
#9549 = CARTESIAN_POINT ( 'NONE',  ( -4.399929289321881321, 2.000000000000000888, 4.649999999999999467 ) ) ;
#9550 = LINE ( 'NONE', #2446, #7097 ) ;
#9551 = EDGE_LOOP ( 'NONE', ( #2612, #6658, #8108, #9287 ) ) ;
#9552 = DIRECTION ( 'NONE',  ( 0.000000000000000000, 0.000000000000000000, 1.000000000000000000 ) ) ;
#9553 = VECTOR ( 'NONE', #10249, 1000.000000000000000 ) ;
#9554 = VECTOR ( 'NONE', #7513, 1000.000000000000000 ) ;
#9555 = FILL_AREA_STYLE_COLOUR ( '', #2770 ) ;
#9556 = VECTOR ( 'NONE', #4472, 1000.000000000000000 ) ;
#9557 = ORIENTED_EDGE ( 'NONE', *, *, #2300, .F. ) ;
#9558 = CARTESIAN_POINT ( 'NONE',  ( -4.850000000000001421, 0.7999999999999999334, -1.800000000000000711 ) ) ;
#9559 = ORIENTED_EDGE ( 'NONE', *, *, #8888, .F. ) ;
#9560 = ORIENTED_EDGE ( 'NONE', *, *, #4778, .T. ) ;
#9561 = FACE_OUTER_BOUND ( 'NONE', #4886, .T. ) ;
#9562 = DIRECTION ( 'NONE',  ( 0.000000000000000000, 0.000000000000000000, -1.000000000000000000 ) ) ;
#9563 = PLANE ( 'NONE',  #7197 ) ;
#9564 = CARTESIAN_POINT ( 'NONE',  ( 4.849999999999997868, 2.080624847486572282, 3.999999999999999112 ) ) ;
#9565 = DIRECTION ( 'NONE',  ( 1.000000000000000000, 0.000000000000000000, 0.000000000000000000 ) ) ;
#9566 = ORIENTED_EDGE ( 'NONE', *, *, #8825, .T. ) ;
#9567 = DIRECTION ( 'NONE',  ( -0.000000000000000000, -1.000000000000000000, 0.000000000000000000 ) ) ;
#9568 = COLOUR_RGB ( '',0.8980392156862745390, 0.8980392156862745390, 0.8980392156862745390 ) ;
#9569 = LINE ( 'NONE', #3398, #1942 ) ;
#9570 = CARTESIAN_POINT ( 'NONE',  ( -4.850000000000000533, 0.7999999999999999334, -4.400000000000001243 ) ) ;
#9571 = EDGE_CURVE ( 'NONE', #9748, #3668, #5292, .T. ) ;
#9572 = ORIENTED_EDGE ( 'NONE', *, *, #8437, .T. ) ;
#9573 = CARTESIAN_POINT ( 'NONE',  ( -3.449999999999999289, 2.299999999999999822, -3.649999999999999467 ) ) ;
#9574 =( NAMED_UNIT ( * ) PLANE_ANGLE_UNIT ( ) SI_UNIT ( $, .RADIAN. ) );
#9575 = ORIENTED_EDGE ( 'NONE', *, *, #4308, .T. ) ;
#9576 = STYLED_ITEM ( 'NONE', ( #6488 ), #979 ) ;
#9577 = DIRECTION ( 'NONE',  ( 1.626303258728256257E-15, 0.000000000000000000, -1.000000000000000000 ) ) ;
#9578 = CARTESIAN_POINT ( 'NONE',  ( -4.850000000000000533, 0.000000000000000000, 4.200000000000000178 ) ) ;
#9579 = ORIENTED_EDGE ( 'NONE', *, *, #5143, .T. ) ;
#9580 = CARTESIAN_POINT ( 'NONE',  ( -4.850000000000000533, 2.080624847486572282, -2.000000000000000888 ) ) ;
#9581 = ORIENTED_EDGE ( 'NONE', *, *, #9528, .T. ) ;
#9582 = LINE ( 'NONE', #8796, #6063 ) ;
#9583 = CARTESIAN_POINT ( 'NONE',  ( 4.850000000000001421, 0.8000000000000000444, -5.049999999999999822 ) ) ;
#9584 = DIRECTION ( 'NONE',  ( 1.000000000000000000, 0.000000000000000000, 0.000000000000000000 ) ) ;
#9585 = CARTESIAN_POINT ( 'NONE',  ( 4.850000000000001421, 0.8000000000000000444, 5.049999999999999822 ) ) ;
#9586 = CARTESIAN_POINT ( 'NONE',  ( 4.399999999999999467, 2.000000000000000444, 4.649929289321881321 ) ) ;
#9587 = ORIENTED_EDGE ( 'NONE', *, *, #3479, .T. ) ;
#9588 = PLANE ( 'NONE',  #2182 ) ;
#9589 = SURFACE_SIDE_STYLE ('',( #4045 ) ) ;
#9590 = LINE ( 'NONE', #1863, #3151 ) ;
#9591 = ADVANCED_FACE ( 'NONE', ( #3580 ), #2755, .T. ) ;
#9592 = ORIENTED_EDGE ( 'NONE', *, *, #6850, .F. ) ;
#9593 = FILL_AREA_STYLE_COLOUR ( '', #268 ) ;
#9594 =( GEOMETRIC_REPRESENTATION_CONTEXT ( 3 ) GLOBAL_UNCERTAINTY_ASSIGNED_CONTEXT ( ( #5059 ) ) GLOBAL_UNIT_ASSIGNED_CONTEXT ( ( #1258, #7275, #8005 ) ) REPRESENTATION_CONTEXT ( 'NONE', 'WORKASPACE' ) );
#9595 = EDGE_LOOP ( 'NONE', ( #9165, #801, #8462, #881 ) ) ;
#9596 = EDGE_CURVE ( 'NONE', #254, #4906, #411, .T. ) ;
#9597 = EDGE_CURVE ( 'NONE', #1201, #493, #3689, .T. ) ;
#9598 = CARTESIAN_POINT ( 'NONE',  ( -1.984314575050761364, 0.000000000000000000, -5.049999999999999822 ) ) ;
#9599 = LINE ( 'NONE', #6568, #5079 ) ;
#9600 = VECTOR ( 'NONE', #8585, 1000.000000000000000 ) ;
#9601 = EDGE_CURVE ( 'NONE', #550, #3813, #1304, .T. ) ;
#9602 = DIRECTION ( 'NONE',  ( 0.000000000000000000, 0.000000000000000000, 1.000000000000000000 ) ) ;
#9603 = AXIS2_PLACEMENT_3D ( 'NONE', #7045, #9454, #10016 ) ;
#9604 = CARTESIAN_POINT ( 'NONE',  ( 4.850000000000000533, 0.8000000000000000444, 3.699999999999999289 ) ) ;
#9605 = ORIENTED_EDGE ( 'NONE', *, *, #5025, .T. ) ;
#9606 = DIRECTION ( 'NONE',  ( 1.000000000000000000, 0.000000000000000000, 0.000000000000000000 ) ) ;
#9607 = DIRECTION ( 'NONE',  ( -1.000000000000000000, 0.000000000000000000, -0.000000000000000000 ) ) ;
#9608 = DIRECTION ( 'NONE',  ( -0.000000000000000000, -1.000000000000000000, 0.000000000000000000 ) ) ;
#9609 = VERTEX_POINT ( 'NONE', #9085 ) ;
#9610 =( GEOMETRIC_REPRESENTATION_CONTEXT ( 3 ) GLOBAL_UNCERTAINTY_ASSIGNED_CONTEXT ( ( #2040 ) ) GLOBAL_UNIT_ASSIGNED_CONTEXT ( ( #606, #9259, #4547 ) ) REPRESENTATION_CONTEXT ( 'NONE', 'WORKASPACE' ) );
#9611 = VECTOR ( 'NONE', #9635, 1000.000000000000000 ) ;
#9612 = SURFACE_STYLE_FILL_AREA ( #3384 ) ;
#9613 = COLOUR_RGB ( '',0.000000000000000000, 0.5019607843137254832, 0.000000000000000000 ) ;
#9614 = DIRECTION ( 'NONE',  ( -4.336808689942006692E-15, 0.000000000000000000, -1.000000000000000000 ) ) ;
#9615 = ORIENTED_EDGE ( 'NONE', *, *, #2007, .T. ) ;
#9616 = LINE ( 'NONE', #8089, #62 ) ;
#9617 = VECTOR ( 'NONE', #3113, 1000.000000000000000 ) ;
#9618 = ORIENTED_EDGE ( 'NONE', *, *, #5498, .T. ) ;
#9619 = COLOUR_RGB ( '',0.8980392156862745390, 0.8980392156862745390, 0.8980392156862745390 ) ;
#9620 = ORIENTED_EDGE ( 'NONE', *, *, #2742, .T. ) ;
#9621 =( LENGTH_UNIT ( ) NAMED_UNIT ( * ) SI_UNIT ( .MILLI., .METRE. ) );
#9622 = CARTESIAN_POINT ( 'NONE',  ( 3.849999999999997424, 2.080624847486572282, 1.499999999999999556 ) ) ;
#9623 = DIRECTION ( 'NONE',  ( -0.000000000000000000, -1.000000000000000000, 0.000000000000000000 ) ) ;
#9624 = UNCERTAINTY_MEASURE_WITH_UNIT (LENGTH_MEASURE( 1.000000000000000082E-05 ), #9630, 'distance_accuracy_value', 'NONE');
#9625 = CARTESIAN_POINT ( 'NONE',  ( 2.549999999999999378, 0.2000000000000000111, 4.850000000000004974 ) ) ;
#9626 = DIRECTION ( 'NONE',  ( 0.000000000000000000, 1.000000000000000000, 0.000000000000000000 ) ) ;
#9627 = ORIENTED_EDGE ( 'NONE', *, *, #4326, .T. ) ;
#9628 = DIRECTION ( 'NONE',  ( 0.000000000000000000, 0.000000000000000000, -1.000000000000000000 ) ) ;
#9629 = CARTESIAN_POINT ( 'NONE',  ( 3.850000000000009859, 0.000000000000000000, 3.699999999999999289 ) ) ;
#9630 =( LENGTH_UNIT ( ) NAMED_UNIT ( * ) SI_UNIT ( .MILLI., .METRE. ) );
#9631 = ORIENTED_EDGE ( 'NONE', *, *, #6149, .F. ) ;
#9632 = LINE ( 'NONE', #8788, #4851 ) ;
#9633 = EDGE_LOOP ( 'NONE', ( #8144, #2502, #4378, #5514 ) ) ;
#9634 = CARTESIAN_POINT ( 'NONE',  ( -4.383241221889690564, 2.025701847718434756, 4.647979999999999556 ) ) ;
#9635 = DIRECTION ( 'NONE',  ( -0.000000000000000000, -1.000000000000000000, 0.000000000000000000 ) ) ;
#9636 = ORIENTED_EDGE ( 'NONE', *, *, #2780, .F. ) ;
#9637 = CARTESIAN_POINT ( 'NONE',  ( -3.849999999999996092, 0.8000000000000000444, -3.299999999999999822 ) ) ;
#9638 = ORIENTED_EDGE ( 'NONE', *, *, #331, .T. ) ;
#9639 = EDGE_CURVE ( 'NONE', #9505, #7901, #1983, .T. ) ;
#9640 = LINE ( 'NONE', #2528, #4758 ) ;
#9641 = VECTOR ( 'NONE', #2340, 1000.000000000000000 ) ;
#9642 = B_SPLINE_CURVE_WITH_KNOTS ( 'NONE', 3,
 ( #1827, #8140, #4224, #1059, #7352, #3430 ),
 .UNSPECIFIED., .F., .F.,
 ( 4, 2, 4 ),
 ( 8.673617379884035472E-19, 0.0002394266293374235316, 0.0004788532586748461958 ),
 .UNSPECIFIED. ) ;
#9643 = FILL_AREA_STYLE_COLOUR ( '', #3581 ) ;
#9644 = DIRECTION ( 'NONE',  ( 0.000000000000000000, 0.000000000000000000, 1.000000000000000000 ) ) ;
#9645 = DIRECTION ( 'NONE',  ( 0.000000000000000000, 0.000000000000000000, -1.000000000000000000 ) ) ;
#9646 = PLANE ( 'NONE',  #530 ) ;
#9647 = ADVANCED_FACE ( 'NONE', ( #7547 ), #461, .T. ) ;
#9648 = CARTESIAN_POINT ( 'NONE',  ( 0.000000000000000000, 2.299999999999999822, 0.000000000000000000 ) ) ;
#9649 = FACE_OUTER_BOUND ( 'NONE', #2515, .T. ) ;
#9650 = EDGE_CURVE ( 'NONE', #4475, #3554, #1511, .T. ) ;
#9651 = CARTESIAN_POINT ( 'NONE',  ( -4.849999999999989875, 0.8000000000000000444, 1.799999999999998712 ) ) ;
#9652 = ORIENTED_EDGE ( 'NONE', *, *, #3947, .T. ) ;
#9653 = DIRECTION ( 'NONE',  ( 0.000000000000000000, -0.000000000000000000, -1.000000000000000000 ) ) ;
#9654 = COLOUR_RGB ( '',0.000000000000000000, 0.5019607843137254832, 0.000000000000000000 ) ;
#9655 = ORIENTED_EDGE ( 'NONE', *, *, #4612, .T. ) ;
#9656 = CARTESIAN_POINT ( 'NONE',  ( -3.849999999999996536, 2.080624847486572282, -2.900000000000000799 ) ) ;
#9657 = CARTESIAN_POINT ( 'NONE',  ( 3.849999999999997424, 0.000000000000000000, 1.499999999999999556 ) ) ;
#9658 = CARTESIAN_POINT ( 'NONE',  ( -4.849999999999936584, 0.8000000000000000444, -1.800000000000001155 ) ) ;
#9659 = CYLINDRICAL_SURFACE ( 'NONE', #4202, 0.1999999999999996503 ) ;
#9660 = VECTOR ( 'NONE', #2220, 1000.000000000000000 ) ;
#9661 = ORIENTED_EDGE ( 'NONE', *, *, #4731, .F. ) ;
#9662 = VECTOR ( 'NONE', #7659, 1000.000000000000000 ) ;
#9663 = LINE ( 'NONE', #4059, #8590 ) ;
#9664 = LINE ( 'NONE', #4776, #5125 ) ;
#9665 = EDGE_CURVE ( 'NONE', #9955, #5721, #7083, .T. ) ;
#9666 = AXIS2_PLACEMENT_3D ( 'NONE', #9573, #8840, #8896 ) ;
#9667 = ORIENTED_EDGE ( 'NONE', *, *, #5956, .F. ) ;
#9668 =( LENGTH_UNIT ( ) NAMED_UNIT ( * ) SI_UNIT ( .MILLI., .METRE. ) );
#9669 = AXIS2_PLACEMENT_3D ( 'NONE', #4502, #509, #9225 ) ;
#9670 =( LENGTH_UNIT ( ) NAMED_UNIT ( * ) SI_UNIT ( .MILLI., .METRE. ) );
#9671 = CARTESIAN_POINT ( 'NONE',  ( 0.000000000000000000, 0.8000000000000000444, -8.800000000000000711 ) ) ;
#9672 = EDGE_LOOP ( 'NONE', ( #596, #106, #4922, #2436, #9244, #4246 ) ) ;
#9673 = ADVANCED_FACE ( 'NONE', ( #3059 ), #9394, .F. ) ;
#9674 = AXIS2_PLACEMENT_3D ( 'NONE', #9109, #549, #1283 ) ;
#9675 = ORIENTED_EDGE ( 'NONE', *, *, #8250, .T. ) ;
#9676 = LINE ( 'NONE', #3177, #1375 ) ;
#9677 = CARTESIAN_POINT ( 'NONE',  ( -4.373908961451459021, 2.067360711228182879, -4.602912116645364371 ) ) ;
#9678 = DIRECTION ( 'NONE',  ( 0.000000000000000000, 0.000000000000000000, 1.000000000000000000 ) ) ;
#9679 = DIRECTION ( 'NONE',  ( -1.000000000000000000, 0.000000000000000000, -0.000000000000000000 ) ) ;
#9680 = DIRECTION ( 'NONE',  ( -0.000000000000000000, 0.000000000000000000, 1.000000000000000000 ) ) ;
#9681 = VECTOR ( 'NONE', #6342, 1000.000000000000000 ) ;
#9682 = CARTESIAN_POINT ( 'NONE',  ( -4.850000000000000533, 2.080624847486572282, -4.400000000000001243 ) ) ;
#9683 = DIRECTION ( 'NONE',  ( 0.000000000000000000, 0.000000000000000000, -1.000000000000000000 ) ) ;
#9684 = VERTEX_POINT ( 'NONE', #3215 ) ;
#9685 = CARTESIAN_POINT ( 'NONE',  ( 0.000000000000000000, 0.8000000000000000444, -1.500000000000001332 ) ) ;
#9686 = SURFACE_SIDE_STYLE ('',( #8161 ) ) ;
#9687 = ORIENTED_EDGE ( 'NONE', *, *, #9772, .T. ) ;
#9688 = FILL_AREA_STYLE_COLOUR ( '', #8095 ) ;
#9689 = ORIENTED_EDGE ( 'NONE', *, *, #8943, .F. ) ;
#9690 = EDGE_LOOP ( 'NONE', ( #10108, #8092, #5922, #6695, #5441, #5058 ) ) ;
#9691 = DIRECTION ( 'NONE',  ( -0.000000000000000000, 1.000000000000000000, -3.336006684570780538E-15 ) ) ;
#9692 = CARTESIAN_POINT ( 'NONE',  ( 4.352912116645365259, 2.067360711228181547, -4.623908961451460797 ) ) ;
#9693 = CARTESIAN_POINT ( 'NONE',  ( 0.000000000000000000, 0.8000000000000000444, -5.500000000000002665 ) ) ;
#9694 = FACE_OUTER_BOUND ( 'NONE', #3672, .T. ) ;
#9695 = SURFACE_STYLE_USAGE ( .BOTH. , #4041 ) ;
#9696 = EDGE_CURVE ( 'NONE', #1620, #7575, #1562, .T. ) ;
#9697 = SURFACE_STYLE_FILL_AREA ( #7427 ) ;
#9698 = EDGE_CURVE ( 'NONE', #1639, #4436, #8891, .T. ) ;
#9699 = PLANE ( 'NONE',  #5667 ) ;
#9700 = DIRECTION ( 'NONE',  ( 0.000000000000000000, 0.000000000000000000, 1.000000000000000000 ) ) ;
#9701 = ORIENTED_EDGE ( 'NONE', *, *, #9390, .F. ) ;
#9702 = DIRECTION ( 'NONE',  ( -0.000000000000000000, -1.000000000000000000, 0.000000000000000000 ) ) ;
#9703 = ORIENTED_EDGE ( 'NONE', *, *, #8228, .F. ) ;
#9704 =( NAMED_UNIT ( * ) PLANE_ANGLE_UNIT ( ) SI_UNIT ( $, .RADIAN. ) );
#9705 = DIRECTION ( 'NONE',  ( 1.000000000000000000, 0.000000000000000000, 0.000000000000000000 ) ) ;
#9706 = CARTESIAN_POINT ( 'NONE',  ( -2.399999999999999023, 1.617963242016830519E-14, -4.650000000000006573 ) ) ;
#9707 = DIRECTION ( 'NONE',  ( 0.000000000000000000, 0.000000000000000000, 1.000000000000000000 ) ) ;
#9708 = FACE_OUTER_BOUND ( 'NONE', #7896, .T. ) ;
#9709 = ADVANCED_FACE ( 'NONE', ( #1663 ), #6264, .T. ) ;
#9710 = DIRECTION ( 'NONE',  ( -0.000000000000000000, -1.000000000000000000, -0.000000000000000000 ) ) ;
#9711 = CARTESIAN_POINT ( 'NONE',  ( 4.850000000000000533, 2.080624847486572282, -3.300000000000000711 ) ) ;
#9712 = DIRECTION ( 'NONE',  ( 0.000000000000000000, 1.000000000000000000, 3.336006684570780538E-15 ) ) ;
#9713 = ORIENTED_EDGE ( 'NONE', *, *, #4612, .F. ) ;
#9714 = LINE ( 'NONE', #2607, #4357 ) ;
#9715 = VECTOR ( 'NONE', #8483, 1000.000000000000000 ) ;
#9716 = PLANE ( 'NONE',  #632 ) ;
#9717 = CARTESIAN_POINT ( 'NONE',  ( -4.850000000000000533, 0.000000000000000000, 3.299999999999998934 ) ) ;
#9718 = COLOUR_RGB ( '',0.000000000000000000, 0.5019607843137254832, 0.000000000000000000 ) ;
#9719 = ORIENTED_EDGE ( 'NONE', *, *, #10064, .T. ) ;
#9720 = EDGE_CURVE ( 'NONE', #7098, #6549, #7768, .T. ) ;
#9721 = EDGE_LOOP ( 'NONE', ( #7546, #905, #6964, #1888 ) ) ;
#9722 = FILL_AREA_STYLE ('',( #907 ) ) ;
#9723 = FACE_OUTER_BOUND ( 'NONE', #8484, .T. ) ;
#9724 = AXIS2_PLACEMENT_3D ( 'NONE', #8574, #1432, #6800 ) ;
#9725 = UNCERTAINTY_MEASURE_WITH_UNIT (LENGTH_MEASURE( 1.000000000000000082E-05 ), #324, 'distance_accuracy_value', 'NONE');
#9726 = ADVANCED_FACE ( 'NONE', ( #3849 ), #2344, .F. ) ;
#9727 = CARTESIAN_POINT ( 'NONE',  ( -4.850000000000000533, 0.000000000000000000, 3.999999999999998224 ) ) ;
#9728 = DIRECTION ( 'NONE',  ( 0.000000000000000000, -1.000000000000000000, -0.000000000000000000 ) ) ;
#9729 = LINE ( 'NONE', #9629, #5249 ) ;
#9730 = DIRECTION ( 'NONE',  ( -1.626303258728256059E-15, -0.000000000000000000, -1.000000000000000000 ) ) ;
#9731 = ADVANCED_FACE ( 'NONE', ( #2650 ), #7194, .T. ) ;
#9732 = MECHANICAL_DESIGN_GEOMETRIC_PRESENTATION_REPRESENTATION (  '', ( #3098 ), #6053 ) ;
#9733 = ORIENTED_EDGE ( 'NONE', *, *, #2195, .F. ) ;
#9734 = CARTESIAN_POINT ( 'NONE',  ( 4.399999999999999467, 2.014297578980001280, -4.640833604018044234 ) ) ;
#9735 = LINE ( 'NONE', #5958, #1143 ) ;
#9736 = ORIENTED_EDGE ( 'NONE', *, *, #2341, .F. ) ;
#9737 = CYLINDRICAL_SURFACE ( 'NONE', #7763, 0.5999999999999998668 ) ;
#9738 = UNCERTAINTY_MEASURE_WITH_UNIT (LENGTH_MEASURE( 1.000000000000000082E-05 ), #6142, 'distance_accuracy_value', 'NONE');
#9739 = CARTESIAN_POINT ( 'NONE',  ( -3.849999999999927702, 0.000000000000000000, -2.600000000000001421 ) ) ;
#9740 = EDGE_LOOP ( 'NONE', ( #1499, #796, #9235, #6024 ) ) ;
#9741 = DIRECTION ( 'NONE',  ( -0.000000000000000000, 0.000000000000000000, 1.000000000000000000 ) ) ;
#9742 = CARTESIAN_POINT ( 'NONE',  ( 4.849999999999997868, 2.080624847486572282, -0.4000000000000010214 ) ) ;
#9743 = CARTESIAN_POINT ( 'NONE',  ( 4.850000000000001421, 0.000000000000000000, -0.7000000000000009548 ) ) ;
#9744 = SURFACE_STYLE_FILL_AREA ( #986 ) ;
#9745 =( LENGTH_UNIT ( ) NAMED_UNIT ( * ) SI_UNIT ( .MILLI., .METRE. ) );
#9746 = SURFACE_SIDE_STYLE ('',( #3413 ) ) ;
#9747 = DIRECTION ( 'NONE',  ( 1.000000000000000000, 0.000000000000000000, -0.000000000000000000 ) ) ;
#9748 = VERTEX_POINT ( 'NONE', #6478 ) ;
#9749 = DIRECTION ( 'NONE',  ( -0.000000000000000000, 1.000000000000000000, -0.000000000000000000 ) ) ;
#9750 = ORIENTED_EDGE ( 'NONE', *, *, #7589, .F. ) ;
#9751 = LINE ( 'NONE', #5743, #3212 ) ;
#9752 = DIRECTION ( 'NONE',  ( -0.000000000000000000, -3.491481338843133355E-15, 1.000000000000000000 ) ) ;
#9753 = DIRECTION ( 'NONE',  ( 1.000000000000000000, 0.000000000000000000, -0.000000000000000000 ) ) ;
#9754 = CLOSED_SHELL ( 'NONE', ( #1822, #8155, #990, #5711, #8409, #6894, #8364, #7318 ) ) ;
#9755 = DIRECTION ( 'NONE',  ( 0.000000000000000000, 0.000000000000000000, -1.000000000000000000 ) ) ;
#9756 = STYLED_ITEM ( 'NONE', ( #4905 ), #1978 ) ;
#9757 = DIRECTION ( 'NONE',  ( -1.000000000000000000, 0.000000000000000000, -0.000000000000000000 ) ) ;
#9758 = SURFACE_STYLE_FILL_AREA ( #2654 ) ;
#9759 = LINE ( 'NONE', #7392, #835 ) ;
#9760 = ORIENTED_EDGE ( 'NONE', *, *, #3487, .F. ) ;
#9761 = B_SPLINE_CURVE_WITH_KNOTS ( 'NONE', 3,
 ( #5380, #7073, #6304, #6252, #6976, #672, #9479, #7806, #3840, #3890, #9432, #2381, #9586 ),
 .UNSPECIFIED., .F., .F.,
 ( 4, 3, 3, 3, 4 ),
 ( 1.226634733346699349E-18, 5.083670231754027792E-05, 9.796152662740854411E-05, 0.0001450796207375212507, 0.0001848331750982628446 ),
 .UNSPECIFIED. ) ;
#9762 = DIRECTION ( 'NONE',  ( 0.000000000000000000, 0.000000000000000000, 1.000000000000000000 ) ) ;
#9763 = EDGE_CURVE ( 'NONE', #8800, #4649, #7181, .T. ) ;
#9764 = VECTOR ( 'NONE', #5699, 1000.000000000000000 ) ;
#9765 = AXIS2_PLACEMENT_3D ( 'NONE', #2917, #5301, #9405 ) ;
#9766 = DIRECTION ( 'NONE',  ( 1.000000000000000000, 0.000000000000000000, 0.000000000000000000 ) ) ;
#9767 = EDGE_LOOP ( 'NONE', ( #4697, #3074, #6418, #5625 ) ) ;
#9768 = EDGE_LOOP ( 'NONE', ( #5569, #5791, #2982, #9421 ) ) ;
#9769 = CARTESIAN_POINT ( 'NONE',  ( 0.000000000000000000, 0.8000000000000000444, 3.999999999999999112 ) ) ;
#9770 = MECHANICAL_DESIGN_GEOMETRIC_PRESENTATION_REPRESENTATION (  '', ( #7267 ), #6764 ) ;
#9771 = VECTOR ( 'NONE', #8593, 1000.000000000000000 ) ;
#9772 = EDGE_CURVE ( 'NONE', #3276, #8046, #2494, .T. ) ;
#9773 = VECTOR ( 'NONE', #5654, 1000.000000000000000 ) ;
#9774 = EDGE_CURVE ( 'NONE', #4531, #2325, #2598, .T. ) ;
#9775 =( LENGTH_UNIT ( ) NAMED_UNIT ( * ) SI_UNIT ( .MILLI., .METRE. ) );
#9776 = DIRECTION ( 'NONE',  ( 0.000000000000000000, 0.000000000000000000, -1.000000000000000000 ) ) ;
#9777 = CARTESIAN_POINT ( 'NONE',  ( -4.399929289321881321, 0.7999999999999998224, 4.850000000000004086 ) ) ;
#9778 = DIRECTION ( 'NONE',  ( -0.000000000000000000, -1.000000000000000000, -0.000000000000000000 ) ) ;
#9779 = VECTOR ( 'NONE', #5927, 1000.000000000000000 ) ;
#9780 = EDGE_CURVE ( 'NONE', #7330, #811, #7297, .T. ) ;
#9781 = VERTEX_POINT ( 'NONE', #4164 ) ;
#9782 = ORIENTED_EDGE ( 'NONE', *, *, #5713, .T. ) ;
#9783 = CARTESIAN_POINT ( 'NONE',  ( -4.850000000000000533, 2.080624847486572282, -4.600000000000000533 ) ) ;
#9784 = VERTEX_POINT ( 'NONE', #9802 ) ;
#9785 = EDGE_CURVE ( 'NONE', #5521, #2471, #5033, .T. ) ;
#9786 = CARTESIAN_POINT ( 'NONE',  ( -3.849999999999996092, 0.8000000000000000444, -7.700000000000000178 ) ) ;
#9787 = EDGE_CURVE ( 'NONE', #486, #6809, #109, .T. ) ;
#9788 = AXIS2_PLACEMENT_3D ( 'NONE', #3511, #302, #2688 ) ;
#9789 = CARTESIAN_POINT ( 'NONE',  ( 4.299999999999998934, 2.097980000000000178, -4.549999999999999822 ) ) ;
#9790 = ORIENTED_EDGE ( 'NONE', *, *, #1358, .T. ) ;
#9791 = LINE ( 'NONE', #7568, #1825 ) ;
#9792 =( LENGTH_UNIT ( ) NAMED_UNIT ( * ) SI_UNIT ( .MILLI., .METRE. ) );
#9793 = SURFACE_SIDE_STYLE ('',( #297 ) ) ;
#9794 = CARTESIAN_POINT ( 'NONE',  ( -4.850000000000000533, 0.000000000000000000, 1.799999999999999600 ) ) ;
#9795 = PRESENTATION_LAYER_ASSIGNMENT (  '', '', ( #506 ) ) ;
#9796 = VERTEX_POINT ( 'NONE', #209 ) ;
#9797 = CARTESIAN_POINT ( 'NONE',  ( 3.849999999999997424, 0.7999999999999999334, -1.800000000000000711 ) ) ;
#9798 = COLOUR_RGB ( '',0.000000000000000000, 0.5019607843137254832, 0.000000000000000000 ) ;
#9799 = ORIENTED_EDGE ( 'NONE', *, *, #220, .F. ) ;
#9800 = B_SPLINE_CURVE_WITH_KNOTS ( 'NONE', 3,
 ( #3077, #3870, #7002, #3128, #9412, #6285 ),
 .UNSPECIFIED., .F., .F.,
 ( 4, 2, 4 ),
 ( 8.673617379884034509E-19, 0.0002394266293374255102, 0.0004788532586748501531 ),
 .UNSPECIFIED. ) ;
#9801 = DIRECTION ( 'NONE',  ( -1.000000000000000000, 0.000000000000000000, -4.336808689942006692E-15 ) ) ;
#9802 = CARTESIAN_POINT ( 'NONE',  ( 4.849999999999997868, 0.000000000000000000, 0.6999999999999992895 ) ) ;
#9803 = CARTESIAN_POINT ( 'NONE',  ( -4.850000000000001421, 2.080624847486572282, -2.900000000000000799 ) ) ;
#9804 = DIRECTION ( 'NONE',  ( 1.000000000000000000, 0.000000000000000000, 0.000000000000000000 ) ) ;
#9805 =( NAMED_UNIT ( * ) PLANE_ANGLE_UNIT ( ) SI_UNIT ( $, .RADIAN. ) );
#9806 = LINE ( 'NONE', #1820, #6115 ) ;
#9807 = VECTOR ( 'NONE', #355, 1000.000000000000000 ) ;
#9808 = CIRCLE ( 'NONE', #2692, 0.1999999999999996503 ) ;
#9809 = CARTESIAN_POINT ( 'NONE',  ( -4.850000000000000533, 2.080624847486572282, -0.4000000000000010214 ) ) ;
#9810 = STYLED_ITEM ( 'NONE', ( #3508 ), #1844 ) ;
#9811 = PLANE ( 'NONE',  #4629 ) ;
#9812 = ORIENTED_EDGE ( 'NONE', *, *, #6120, .F. ) ;
#9813 = COLOUR_RGB ( '',0.000000000000000000, 0.5019607843137254832, 0.000000000000000000 ) ;
#9814 = DIRECTION ( 'NONE',  ( 1.000000000000000000, 0.000000000000000000, 0.000000000000000000 ) ) ;
#9815 = CARTESIAN_POINT ( 'NONE',  ( 4.850000000000000533, 0.8000000000000000444, -8.800000000000000711 ) ) ;
#9816 = EDGE_CURVE ( 'NONE', #3130, #6240, #3377, .T. ) ;
#9817 = UNCERTAINTY_MEASURE_WITH_UNIT (LENGTH_MEASURE( 1.000000000000000082E-05 ), #2425, 'distance_accuracy_value', 'NONE');
#9818 = DIRECTION ( 'NONE',  ( 0.000000000000000000, 0.000000000000000000, -1.000000000000000000 ) ) ;
#9819 = VECTOR ( 'NONE', #4569, 1000.000000000000000 ) ;
#9820 = LINE ( 'NONE', #1993, #10081 ) ;
#9821 = STYLED_ITEM ( 'NONE', ( #5708 ), #3810 ) ;
#9822 = CARTESIAN_POINT ( 'NONE',  ( 3.850000000000030287, 0.8000000000000000444, 1.499999999999999556 ) ) ;
#9823 = EDGE_CURVE ( 'NONE', #7203, #10058, #8185, .T. ) ;
#9824 = CARTESIAN_POINT ( 'NONE',  ( 3.849999999999997424, 0.7999999999999999334, 1.499999999999999556 ) ) ;
#9825 = ORIENTED_EDGE ( 'NONE', *, *, #10155, .F. ) ;
#9826 = ORIENTED_EDGE ( 'NONE', *, *, #9896, .T. ) ;
#9827 = EDGE_LOOP ( 'NONE', ( #9352, #2422, #2769, #9560 ) ) ;
#9828 = UNCERTAINTY_MEASURE_WITH_UNIT (LENGTH_MEASURE( 1.000000000000000082E-05 ), #1029, 'distance_accuracy_value', 'NONE');
#9829 = STYLED_ITEM ( 'NONE', ( #5555 ), #9322 ) ;
#9830 = CARTESIAN_POINT ( 'NONE',  ( 4.299999999999998934, 2.302000000000000046, -4.549999999999999822 ) ) ;
#9831 = VECTOR ( 'NONE', #933, 1000.000000000000000 ) ;
#9832 = ORIENTED_EDGE ( 'NONE', *, *, #3716, .T. ) ;
#9833 = DIRECTION ( 'NONE',  ( 0.000000000000000000, 0.000000000000000000, 1.000000000000000000 ) ) ;
#9835 = COLOUR_RGB ( '',0.000000000000000000, 0.5019607843137254832, 0.000000000000000000 ) ;
#9834 = DIRECTION ( 'NONE',  ( 0.000000000000000000, 0.000000000000000000, -1.000000000000000000 ) ) ;
#9836 = COLOUR_RGB ( '',0.8980392156862745390, 0.8980392156862745390, 0.8980392156862745390 ) ;
#9837 = VECTOR ( 'NONE', #6635, 1000.000000000000000 ) ;
#9838 = CARTESIAN_POINT ( 'NONE',  ( -3.849999999999917044, 0.8000000000000000444, -3.700000000000001954 ) ) ;
#9839 = VERTEX_POINT ( 'NONE', #1094 ) ;
#9840 = DIRECTION ( 'NONE',  ( 0.000000000000000000, 1.000000000000000000, 0.000000000000000000 ) ) ;
#9841 = CARTESIAN_POINT ( 'NONE',  ( -3.849999999999974332, 0.8000000000000000444, 2.599999999999999645 ) ) ;
#9842 = ORIENTED_EDGE ( 'NONE', *, *, #9181, .T. ) ;
#9843 = ADVANCED_FACE ( 'NONE', ( #3470 ), #1717, .T. ) ;
#9844 = CARTESIAN_POINT ( 'NONE',  ( -4.316699647756668590, 2.299999999999999822, -4.628750921375361038 ) ) ;
#9845 = EDGE_CURVE ( 'NONE', #9496, #1949, #5280, .T. ) ;
#9846 = EDGE_LOOP ( 'NONE', ( #9526, #10193, #6755, #8007 ) ) ;
#9847 = VECTOR ( 'NONE', #8811, 1000.000000000000000 ) ;
#9848 = MECHANICAL_DESIGN_GEOMETRIC_PRESENTATION_REPRESENTATION (  '', ( #6016 ), #7493 ) ;
#9849 = CARTESIAN_POINT ( 'NONE',  ( -3.849999999999997424, 0.000000000000000000, 4.799999999999998934 ) ) ;
#9850 =( NAMED_UNIT ( * ) PLANE_ANGLE_UNIT ( ) SI_UNIT ( $, .RADIAN. ) );
#9851 = CARTESIAN_POINT ( 'NONE',  ( -4.850000000000001421, 0.000000000000000000, 5.049999999999999822 ) ) ;
#9852 = PLANE ( 'NONE',  #3869 ) ;
#9853 = EDGE_CURVE ( 'NONE', #2142, #2665, #6096, .T. ) ;
#9854 = CARTESIAN_POINT ( 'NONE',  ( 2.399999999999999467, 1.400000000000000133, 4.650000000000006573 ) ) ;
#9855 =( NAMED_UNIT ( * ) SI_UNIT ( $, .STERADIAN. ) SOLID_ANGLE_UNIT ( ) );
#9856 = CARTESIAN_POINT ( 'NONE',  ( 4.849999999999997868, 2.080624847486572282, -2.600000000000000533 ) ) ;
#9857 = EDGE_CURVE ( 'NONE', #6955, #9399, #5893, .T. ) ;
#9858 = DIRECTION ( 'NONE',  ( 0.000000000000000000, -0.000000000000000000, -1.000000000000000000 ) ) ;
#9859 = CARTESIAN_POINT ( 'NONE',  ( -2.549999999999999378, 0.2000000000000317635, -4.650000000000005684 ) ) ;
#9860 = CARTESIAN_POINT ( 'NONE',  ( -2.549999999999999378, 0.000000000000000000, -5.250000000000000000 ) ) ;
#9861 =( NAMED_UNIT ( * ) PLANE_ANGLE_UNIT ( ) SI_UNIT ( $, .RADIAN. ) );
#9862 = VERTEX_POINT ( 'NONE', #353 ) ;
#9863 = LINE ( 'NONE', #6584, #9485 ) ;
#9864 = CARTESIAN_POINT ( 'NONE',  ( -4.399999999999999467, 2.000000000000000444, -4.649929289321881321 ) ) ;
#9865 = CARTESIAN_POINT ( 'NONE',  ( -4.385287539139257618, 2.053875565893688471, 4.614045346104521883 ) ) ;
#9866 = ORIENTED_EDGE ( 'NONE', *, *, #5776, .F. ) ;
#9867 = DIRECTION ( 'NONE',  ( -0.000000000000000000, -1.000000000000000000, -0.000000000000000000 ) ) ;
#9868 = MECHANICAL_DESIGN_GEOMETRIC_PRESENTATION_REPRESENTATION (  '', ( #9540 ), #7870 ) ;
#9869 = CARTESIAN_POINT ( 'NONE',  ( -4.850000000000000533, 0.7999999999999999334, 1.299999999999999156 ) ) ;
#9870 = STYLED_ITEM ( 'NONE', ( #3568 ), #5346 ) ;
#9871 = LINE ( 'NONE', #327, #6718 ) ;
#9872 = ORIENTED_EDGE ( 'NONE', *, *, #3877, .T. ) ;
#9873 = AXIS2_PLACEMENT_3D ( 'NONE', #870, #816, #5630 ) ;
#9874 = ORIENTED_EDGE ( 'NONE', *, *, #6569, .F. ) ;
#9875 = CARTESIAN_POINT ( 'NONE',  ( 4.399999999999999467, 2.000000000000000444, 4.649929289321881321 ) ) ;
#9876 = ORIENTED_EDGE ( 'NONE', *, *, #3618, .F. ) ;
#9877 = AXIS2_PLACEMENT_3D ( 'NONE', #7111, #6341, #4642 ) ;
#9878 = CARTESIAN_POINT ( 'NONE',  ( 4.326232285936366218, 2.100000000000000089, 4.566688183223972075 ) ) ;
#9879 = ORIENTED_EDGE ( 'NONE', *, *, #9772, .F. ) ;
#9880 = DIRECTION ( 'NONE',  ( 0.000000000000000000, -1.000000000000000000, -0.000000000000000000 ) ) ;
#9881 = CIRCLE ( 'NONE', #9059, 0.1499999999999999944 ) ;
#9882 = CARTESIAN_POINT ( 'NONE',  ( 4.850000000000001421, 0.000000000000000000, 5.049999999999999822 ) ) ;
#9883 = DIRECTION ( 'NONE',  ( 1.626303258728256257E-15, 0.000000000000000000, 1.000000000000000000 ) ) ;
#9884 = EDGE_CURVE ( 'NONE', #1080, #145, #9995, .T. ) ;
#9885 = CIRCLE ( 'NONE', #7054, 0.1999999999999996503 ) ;
#9886 = DIRECTION ( 'NONE',  ( -1.000000000000000000, 0.000000000000000000, 0.000000000000000000 ) ) ;
#9887 = LINE ( 'NONE', #9983, #8979 ) ;
#9888 = ORIENTED_EDGE ( 'NONE', *, *, #626, .F. ) ;
#9889 = FACE_OUTER_BOUND ( 'NONE', #8790, .T. ) ;
#9890 = EDGE_LOOP ( 'NONE', ( #9426, #8581, #4373, #43 ) ) ;
#9891 = CARTESIAN_POINT ( 'NONE',  ( 3.849999999999997424, 0.000000000000000000, 0.3999999999999993006 ) ) ;
#9892 = ORIENTED_EDGE ( 'NONE', *, *, #9170, .F. ) ;
#9893 = SURFACE_STYLE_FILL_AREA ( #401 ) ;
#9894 = DIRECTION ( 'NONE',  ( -4.336808689942006692E-15, 0.000000000000000000, 1.000000000000000000 ) ) ;
#9895 = SURFACE_STYLE_USAGE ( .BOTH. , #2697 ) ;
#9896 = EDGE_CURVE ( 'NONE', #4993, #7678, #3617, .T. ) ;
#9897 = LINE ( 'NONE', #1878, #9303 ) ;
#9898 = CARTESIAN_POINT ( 'NONE',  ( -4.850000000000001421, 0.000000000000000000, 5.049999999999999822 ) ) ;
#9899 = PLANE ( 'NONE',  #3144 ) ;
#9900 = ADVANCED_FACE ( 'NONE', ( #2022 ), #753, .F. ) ;
#9901 = ADVANCED_FACE ( 'NONE', ( #1596 ), #4762, .F. ) ;
#9902 = DIRECTION ( 'NONE',  ( -0.000000000000000000, -0.000000000000000000, 1.000000000000000000 ) ) ;
#9903 = ADVANCED_FACE ( 'NONE', ( #5433 ), #2995, .F. ) ;
#9904 = DIRECTION ( 'NONE',  ( -0.000000000000000000, -1.000000000000000000, 0.000000000000000000 ) ) ;
#9905 = VERTEX_POINT ( 'NONE', #6143 ) ;
#9906 = LINE ( 'NONE', #5341, #1231 ) ;
#9907 = ORIENTED_EDGE ( 'NONE', *, *, #2226, .T. ) ;
#9908 = CARTESIAN_POINT ( 'NONE',  ( -4.850000000000000533, 0.000000000000000000, 2.899999999999998579 ) ) ;
#9909 = DIRECTION ( 'NONE',  ( -4.336808689942006692E-15, 0.000000000000000000, 1.000000000000000000 ) ) ;
#9910 = EDGE_LOOP ( 'NONE', ( #5773, #4704, #2448, #5075, #8861, #2728 ) ) ;
#9911 = UNCERTAINTY_MEASURE_WITH_UNIT (LENGTH_MEASURE( 1.000000000000000082E-05 ), #5175, 'distance_accuracy_value', 'NONE');
#9912 = AXIS2_PLACEMENT_3D ( 'NONE', #6428, #7873, #4775 ) ;
#9913 = CARTESIAN_POINT ( 'NONE',  ( -4.850000000000000533, 0.7999999999999999334, 3.499999999999998668 ) ) ;
#9914 = CARTESIAN_POINT ( 'NONE',  ( -4.850000000000001421, 0.7999999999999999334, 1.499999999999999556 ) ) ;
#9915 = CARTESIAN_POINT ( 'NONE',  ( -4.456595997628985728, 2.267668071082945325, -4.583309763107293655 ) ) ;
#9916 = PRESENTATION_LAYER_ASSIGNMENT (  '', '', ( #3627 ) ) ;
#9917 = ORIENTED_EDGE ( 'NONE', *, *, #6760, .F. ) ;
#9918 = VERTEX_POINT ( 'NONE', #1452 ) ;
#9919 = LINE ( 'NONE', #9100, #3685 ) ;
#9920 = ORIENTED_EDGE ( 'NONE', *, *, #9249, .T. ) ;
#9921 = UNCERTAINTY_MEASURE_WITH_UNIT (LENGTH_MEASURE( 1.000000000000000082E-05 ), #6055, 'distance_accuracy_value', 'NONE');
#9922 = CARTESIAN_POINT ( 'NONE',  ( 0.000000000000000000, 0.8000000000000000444, -0.4000000000000010214 ) ) ;
#9923 = MECHANICAL_DESIGN_GEOMETRIC_PRESENTATION_REPRESENTATION (  '', ( #2047 ), #10090 ) ;
#9924 = SURFACE_SIDE_STYLE ('',( #3601 ) ) ;
#9925 = VERTEX_POINT ( 'NONE', #9327 ) ;
#9926 = SURFACE_STYLE_USAGE ( .BOTH. , #8264 ) ;
#9927 = MECHANICAL_DESIGN_GEOMETRIC_PRESENTATION_REPRESENTATION (  '', ( #5631 ), #330 ) ;
#9928 = DIRECTION ( 'NONE',  ( 0.000000000000000000, 1.000000000000000000, 0.000000000000000000 ) ) ;
#9929 = FACE_OUTER_BOUND ( 'NONE', #2218, .T. ) ;
#9930 = EDGE_CURVE ( 'NONE', #4656, #3529, #9761, .T. ) ;
#9931 = FILL_AREA_STYLE ('',( #6751 ) ) ;
#9932 = VERTEX_POINT ( 'NONE', #2482 ) ;
#9933 = AXIS2_PLACEMENT_3D ( 'NONE', #2248, #3854, #6989 ) ;
#9934 = CARTESIAN_POINT ( 'NONE',  ( 4.399929289321881321, 2.000000000000002220, -4.850000000000001421 ) ) ;
#9935 = STYLED_ITEM ( 'NONE', ( #41 ), #4511 ) ;
#9936 = DIRECTION ( 'NONE',  ( -1.000000000000000000, -0.000000000000000000, 0.000000000000000000 ) ) ;
#9937 = ORIENTED_EDGE ( 'NONE', *, *, #3499, .T. ) ;
#9938 = EDGE_CURVE ( 'NONE', #1412, #8626, #8799, .T. ) ;
#9939 = CARTESIAN_POINT ( 'NONE',  ( 4.850000000000001421, 2.080624847486572282, -2.900000000000000799 ) ) ;
#9940 = ORIENTED_EDGE ( 'NONE', *, *, #2159, .T. ) ;
#9941 = CARTESIAN_POINT ( 'NONE',  ( 4.399929289321881321, 1.999999999999999556, -4.549999999999998934 ) ) ;
#9942 = DIRECTION ( 'NONE',  ( 1.000000000000000000, 0.000000000000000000, -0.000000000000000000 ) ) ;
#9943 = AXIS2_PLACEMENT_3D ( 'NONE', #6359, #7285, #9531 ) ;
#9944 = COLOUR_RGB ( '',0.000000000000000000, 0.5019607843137254832, 0.000000000000000000 ) ;
#9945 = ADVANCED_FACE ( 'NONE', ( #8959 ), #7286, .F. ) ;
#9946 = CARTESIAN_POINT ( 'NONE',  ( 4.299999999999999822, 2.302000000000000490, 4.549999999999998934 ) ) ;
#9947 = DIRECTION ( 'NONE',  ( 1.000000000000000000, 0.000000000000000000, 0.000000000000000000 ) ) ;
#9948 = CARTESIAN_POINT ( 'NONE',  ( 4.850000000000001421, 0.000000000000000000, 5.049999999999999822 ) ) ;
#9949 = EDGE_CURVE ( 'NONE', #3802, #6601, #6616, .T. ) ;
#9950 = FILL_AREA_STYLE ('',( #6768 ) ) ;
#9951 = FACE_OUTER_BOUND ( 'NONE', #1063, .T. ) ;
#9952 = PRESENTATION_STYLE_ASSIGNMENT (( #727 ) ) ;
#9953 = CARTESIAN_POINT ( 'NONE',  ( 3.849999999999997424, 0.7999999999999999334, 4.799999999999999822 ) ) ;
#9954 = DIRECTION ( 'NONE',  ( -0.000000000000000000, -1.000000000000000000, 0.000000000000000000 ) ) ;
#9955 = VERTEX_POINT ( 'NONE', #5022 ) ;
#9956 = CARTESIAN_POINT ( 'NONE',  ( -3.449999999999999289, 2.200000000000000178, -3.649999999999999467 ) ) ;
#9957 = EDGE_CURVE ( 'NONE', #9370, #1416, #3361, .T. ) ;
#9958 = DIRECTION ( 'NONE',  ( -4.336808689942006692E-15, 0.000000000000000000, -1.000000000000000000 ) ) ;
#9959 = DIRECTION ( 'NONE',  ( -1.000000000000000000, 0.000000000000000000, -0.000000000000000000 ) ) ;
#9960 = ORIENTED_EDGE ( 'NONE', *, *, #6825, .T. ) ;
#9961 = FACE_OUTER_BOUND ( 'NONE', #5320, .T. ) ;
#9962 = ORIENTED_EDGE ( 'NONE', *, *, #9957, .F. ) ;
#9963 =( GEOMETRIC_REPRESENTATION_CONTEXT ( 3 ) GLOBAL_UNCERTAINTY_ASSIGNED_CONTEXT ( ( #4959 ) ) GLOBAL_UNIT_ASSIGNED_CONTEXT ( ( #3790, #10102, #8328 ) ) REPRESENTATION_CONTEXT ( 'NONE', 'WORKASPACE' ) );
#9964 = LINE ( 'NONE', #6014, #5939 ) ;
#9965 =( GEOMETRIC_REPRESENTATION_CONTEXT ( 3 ) GLOBAL_UNCERTAINTY_ASSIGNED_CONTEXT ( ( #1951 ) ) GLOBAL_UNIT_ASSIGNED_CONTEXT ( ( #7379, #10085, #2981 ) ) REPRESENTATION_CONTEXT ( 'NONE', 'WORKASPACE' ) );
#9966 = CARTESIAN_POINT ( 'NONE',  ( 1.984314575050761364, 0.8000000000000000444, 5.049999999999999822 ) ) ;
#9967 = CARTESIAN_POINT ( 'NONE',  ( 4.850000000000036948, 0.8000000000000000444, -2.600000000000000533 ) ) ;
#9968 = ADVANCED_FACE ( 'NONE', ( #5787 ), #3311, .F. ) ;
#9969 = COLOUR_RGB ( '',0.000000000000000000, 0.5019607843137254832, 0.000000000000000000 ) ;
#9970 = VECTOR ( 'NONE', #9477, 1000.000000000000000 ) ;
#9971 = ORIENTED_EDGE ( 'NONE', *, *, #5839, .F. ) ;
#9972 = ORIENTED_EDGE ( 'NONE', *, *, #6874, .T. ) ;
#9973 = CARTESIAN_POINT ( 'NONE',  ( -4.850000000000001421, 2.080624847486572282, 2.600000000000000533 ) ) ;
#9974 = VERTEX_POINT ( 'NONE', #6466 ) ;
#9975 = FACE_OUTER_BOUND ( 'NONE', #4894, .T. ) ;
#9976 = LINE ( 'NONE', #9922, #1436 ) ;
#9977 = PRESENTATION_LAYER_ASSIGNMENT (  '', '', ( #8154 ) ) ;
#9978 = VERTEX_POINT ( 'NONE', #5683 ) ;
#9979 = LINE ( 'NONE', #1907, #3146 ) ;
#9980 = SURFACE_STYLE_USAGE ( .BOTH. , #2063 ) ;
#9981 = DIRECTION ( 'NONE',  ( -1.000000000000000000, -0.000000000000000000, -0.000000000000000000 ) ) ;
#9982 = ORIENTED_EDGE ( 'NONE', *, *, #1288, .T. ) ;
#9983 = CARTESIAN_POINT ( 'NONE',  ( 0.000000000000000000, 0.8000000000000000444, -0.4000000000000019096 ) ) ;
#9984 = ORIENTED_EDGE ( 'NONE', *, *, #4770, .T. ) ;
#9985 = STYLED_ITEM ( 'NONE', ( #9362 ), #8830 ) ;
#9986 = CARTESIAN_POINT ( 'NONE',  ( 4.366619526214588376, 2.156595997628985906, -4.817668071082942483 ) ) ;
#9987 = PRESENTATION_LAYER_ASSIGNMENT (  '', '', ( #2544 ) ) ;
#9988 = EDGE_LOOP ( 'NONE', ( #5554, #6753, #6435, #5972 ) ) ;
#9989 = DIRECTION ( 'NONE',  ( 0.000000000000000000, -0.000000000000000000, -1.000000000000000000 ) ) ;
#9990 = ORIENTED_EDGE ( 'NONE', *, *, #8437, .F. ) ;
#9991 = FACE_OUTER_BOUND ( 'NONE', #8067, .T. ) ;
#9992 =( GEOMETRIC_REPRESENTATION_CONTEXT ( 3 ) GLOBAL_UNCERTAINTY_ASSIGNED_CONTEXT ( ( #5763 ) ) GLOBAL_UNIT_ASSIGNED_CONTEXT ( ( #169, #1824, #4888 ) ) REPRESENTATION_CONTEXT ( 'NONE', 'WORKASPACE' ) );
#9993 = EDGE_CURVE ( 'NONE', #2737, #8059, #8072, .T. ) ;
#9994 = PRESENTATION_STYLE_ASSIGNMENT (( #9895 ) ) ;
#9995 = LINE ( 'NONE', #1246, #3375 ) ;
#9996 = CARTESIAN_POINT ( 'NONE',  ( -3.449999999999999289, 2.299999999999999822, -4.049999999999999822 ) ) ;
#9997 = SURFACE_SIDE_STYLE ('',( #1248 ) ) ;
#9998 = CARTESIAN_POINT ( 'NONE',  ( -3.849999999999963229, 0.000000000000000000, 1.499999999999998668 ) ) ;
#9999 = CARTESIAN_POINT ( 'NONE',  ( 3.849999999999997424, 2.080624847486572282, 4.799999999999999822 ) ) ;
#10000 = SURFACE_SIDE_STYLE ('',( #7811 ) ) ;
#10001 =( GEOMETRIC_REPRESENTATION_CONTEXT ( 3 ) GLOBAL_UNCERTAINTY_ASSIGNED_CONTEXT ( ( #9193 ) ) GLOBAL_UNIT_ASSIGNED_CONTEXT ( ( #10156, #4669, #9446 ) ) REPRESENTATION_CONTEXT ( 'NONE', 'WORKASPACE' ) );
#10002 = CARTESIAN_POINT ( 'NONE',  ( 3.849999999999997424, 2.080624847486572282, -0.7000000000000009548 ) ) ;
#10003 = DIRECTION ( 'NONE',  ( -1.000000000000000000, -0.000000000000000000, -0.000000000000000000 ) ) ;
#10004 = ORIENTED_EDGE ( 'NONE', *, *, #2287, .T. ) ;
#10005 = ADVANCED_FACE ( 'NONE', ( #1801 ), #97, .T. ) ;
#10006 = SURFACE_SIDE_STYLE ('',( #8285 ) ) ;
#10007 =( GEOMETRIC_REPRESENTATION_CONTEXT ( 3 ) GLOBAL_UNCERTAINTY_ASSIGNED_CONTEXT ( ( #3290 ) ) GLOBAL_UNIT_ASSIGNED_CONTEXT ( ( #6288, #1580, #7057 ) ) REPRESENTATION_CONTEXT ( 'NONE', 'WORKASPACE' ) );
#10008 = DIRECTION ( 'NONE',  ( 0.000000000000000000, -0.000000000000000000, -1.000000000000000000 ) ) ;
#10009 = PLANE ( 'NONE',  #5944 ) ;
#10010 = ORIENTED_EDGE ( 'NONE', *, *, #4934, .F. ) ;
#10011 = CARTESIAN_POINT ( 'NONE',  ( -3.849999999999996092, 2.080624847486572282, -4.800000000000001599 ) ) ;
#10012 = CARTESIAN_POINT ( 'NONE',  ( 3.115685424949237170, 0.8000000000000000444, 5.049999999999999822 ) ) ;
#10013 =( NAMED_UNIT ( * ) PLANE_ANGLE_UNIT ( ) SI_UNIT ( $, .RADIAN. ) );
#10014 = ORIENTED_EDGE ( 'NONE', *, *, #697, .F. ) ;
#10015 = CARTESIAN_POINT ( 'NONE',  ( -4.600000000000005862, 1.604392701679423663E-14, 0.000000000000000000 ) ) ;
#10016 = DIRECTION ( 'NONE',  ( -1.000000000000000000, 0.000000000000000000, -0.000000000000000000 ) ) ;
#10017 =( LENGTH_UNIT ( ) NAMED_UNIT ( * ) SI_UNIT ( .MILLI., .METRE. ) );
#10018 = DIRECTION ( 'NONE',  ( 0.000000000000000000, -1.000000000000000000, 0.000000000000000000 ) ) ;
#10019 = EDGE_CURVE ( 'NONE', #3668, #4721, #2685, .T. ) ;
#10020 = VERTEX_POINT ( 'NONE', #8215 ) ;
#10021 = EDGE_LOOP ( 'NONE', ( #2970, #8659, #1426, #2099 ) ) ;
#10022 = SURFACE_STYLE_USAGE ( .BOTH. , #10125 ) ;
#10023 = EDGE_CURVE ( 'NONE', #1604, #2913, #492, .T. ) ;
#10024 = ORIENTED_EDGE ( 'NONE', *, *, #6978, .T. ) ;
#10025 = VECTOR ( 'NONE', #1479, 1000.000000000000000 ) ;
#10026 = FILL_AREA_STYLE_COLOUR ( '', #262 ) ;
#10027 = UNCERTAINTY_MEASURE_WITH_UNIT (LENGTH_MEASURE( 1.000000000000000082E-05 ), #9621, 'distance_accuracy_value', 'NONE');
#10028 = DIRECTION ( 'NONE',  ( 1.000000000000000000, 0.000000000000000000, 0.000000000000000000 ) ) ;
#10029 = CARTESIAN_POINT ( 'NONE',  ( -4.599999999999996980, 2.079235656787695063, -4.633126850251795048 ) ) ;
#10030 = VERTEX_POINT ( 'NONE', #2783 ) ;
#10031 = CARTESIAN_POINT ( 'NONE',  ( -4.499989999999998602, 2.000000000000000888, 4.649929289321881321 ) ) ;
#10032 =( NAMED_UNIT ( * ) PLANE_ANGLE_UNIT ( ) SI_UNIT ( $, .RADIAN. ) );
#10033 = EDGE_CURVE ( 'NONE', #3959, #10174, #1958, .T. ) ;
#10034 = DIRECTION ( 'NONE',  ( -0.000000000000000000, 1.000000000000000000, -0.000000000000000000 ) ) ;
#10035 = VECTOR ( 'NONE', #9116, 1000.000000000000000 ) ;
#10036 = MECHANICAL_DESIGN_GEOMETRIC_PRESENTATION_REPRESENTATION (  '', ( #4405 ), #5563 ) ;
#10037 = ORIENTED_EDGE ( 'NONE', *, *, #1829, .F. ) ;
#10038 = FACE_OUTER_BOUND ( 'NONE', #5489, .T. ) ;
#10039 = ORIENTED_EDGE ( 'NONE', *, *, #5486, .T. ) ;
#10040 = CARTESIAN_POINT ( 'NONE',  ( 4.850000000000004974, 0.8000000000000000444, -2.900000000000000799 ) ) ;
#10041 = LINE ( 'NONE', #2940, #3134 ) ;
#10042 = ORIENTED_EDGE ( 'NONE', *, *, #2901, .F. ) ;
#10043 = DIRECTION ( 'NONE',  ( 0.000000000000000000, -1.000000000000000000, 0.000000000000000000 ) ) ;
#10044 =( GEOMETRIC_REPRESENTATION_CONTEXT ( 3 ) GLOBAL_UNCERTAINTY_ASSIGNED_CONTEXT ( ( #3078 ) ) GLOBAL_UNIT_ASSIGNED_CONTEXT ( ( #7280, #3355, #2578 ) ) REPRESENTATION_CONTEXT ( 'NONE', 'WORKASPACE' ) );
#10045 = ORIENTED_EDGE ( 'NONE', *, *, #5088, .F. ) ;
#10046 = CARTESIAN_POINT ( 'NONE',  ( 3.849999999999996092, 2.080624847486572282, -2.600000000000000533 ) ) ;
#10047 = DIRECTION ( 'NONE',  ( -4.336808689942006692E-15, 0.000000000000000000, 1.000000000000000000 ) ) ;
#10048 = CARTESIAN_POINT ( 'NONE',  ( 0.000000000000000000, 0.8000000000000000444, -2.900000000000001688 ) ) ;
#10049 = CARTESIAN_POINT ( 'NONE',  ( 4.333309763107293655, 2.087420392015689963, 4.601144252825625891 ) ) ;
#10050 = DIRECTION ( 'NONE',  ( 0.000000000000000000, -1.000000000000000000, -0.000000000000000000 ) ) ;
#10051 = AXIS2_PLACEMENT_3D ( 'NONE', #6553, #3308, #7231 ) ;
#10052 = DIRECTION ( 'NONE',  ( 1.000000000000000000, 0.000000000000000000, 0.000000000000000000 ) ) ;
#10053 = DIRECTION ( 'NONE',  ( 0.000000000000000000, -1.000000000000000000, -0.000000000000000000 ) ) ;
#10054 = DIRECTION ( 'NONE',  ( 0.000000000000000000, 0.000000000000000000, -1.000000000000000000 ) ) ;
#10055 = AXIS2_PLACEMENT_3D ( 'NONE', #1149, #7545, #7656 ) ;
#10056 = CARTESIAN_POINT ( 'NONE',  ( 3.850000000000030287, 0.8000000000000000444, 0.6999999999999992895 ) ) ;
#10057 = SURFACE_SIDE_STYLE ('',( #578 ) ) ;
#10058 = VERTEX_POINT ( 'NONE', #5884 ) ;
#10059 = FACE_OUTER_BOUND ( 'NONE', #1571, .T. ) ;
#10060 = AXIS2_PLACEMENT_3D ( 'NONE', #6962, #10136, #3027 ) ;
#10061 = ORIENTED_EDGE ( 'NONE', *, *, #9190, .T. ) ;
#10062 = CARTESIAN_POINT ( 'NONE',  ( -4.850000000000000533, 2.080624847486572282, 4.200000000000000178 ) ) ;
#10063 = VERTEX_POINT ( 'NONE', #1179 ) ;
#10064 = EDGE_CURVE ( 'NONE', #9408, #6596, #6990, .T. ) ;
#10065 =( LENGTH_UNIT ( ) NAMED_UNIT ( * ) SI_UNIT ( .MILLI., .METRE. ) );
#10066 = VECTOR ( 'NONE', #2634, 1000.000000000000000 ) ;
#10067 = CARTESIAN_POINT ( 'NONE',  ( -4.850000000000000533, 0.000000000000000000, 1.999999999999999556 ) ) ;
#10068 = ADVANCED_FACE ( 'NONE', ( #1336 ), #1129, .T. ) ;
#10069 = ORIENTED_EDGE ( 'NONE', *, *, #6560, .T. ) ;
#10070 = ORIENTED_EDGE ( 'NONE', *, *, #6210, .T. ) ;
#10071 = EDGE_CURVE ( 'NONE', #9183, #3760, #7628, .T. ) ;
#10072 = ORIENTED_EDGE ( 'NONE', *, *, #5849, .F. ) ;
#10073 = CARTESIAN_POINT ( 'NONE',  ( -4.850000000000000533, 0.7999999999999999334, -1.100000000000001199 ) ) ;
#10074 = CARTESIAN_POINT ( 'NONE',  ( -4.850000000000000533, 0.000000000000000000, 2.899999999999998579 ) ) ;
#10075 = ORIENTED_EDGE ( 'NONE', *, *, #6066, .T. ) ;
#10076 = DIRECTION ( 'NONE',  ( -8.673617379884051249E-15, 0.000000000000000000, -1.000000000000000000 ) ) ;
#10077 = ADVANCED_FACE ( 'NONE', ( #1230 ), #2831, .F. ) ;
#10078 = PRESENTATION_STYLE_ASSIGNMENT (( #8683 ) ) ;
#10079 = MECHANICAL_DESIGN_GEOMETRIC_PRESENTATION_REPRESENTATION (  '', ( #4650 ), #6930 ) ;
#10080 = DIRECTION ( 'NONE',  ( 0.000000000000000000, -1.000000000000000000, -0.000000000000000000 ) ) ;
#10081 = VECTOR ( 'NONE', #5052, 1000.000000000000000 ) ;
#10082 = FILL_AREA_STYLE ('',( #7938 ) ) ;
#10083 = ADVANCED_FACE ( 'NONE', ( #6702 ), #3606, .F. ) ;
#10084 = ORIENTED_EDGE ( 'NONE', *, *, #158, .F. ) ;
#10086 = ADVANCED_FACE ( 'NONE', ( #3029 ), #3285, .T. ) ;
#10085 =( NAMED_UNIT ( * ) PLANE_ANGLE_UNIT ( ) SI_UNIT ( $, .RADIAN. ) );
#10087 = ORIENTED_EDGE ( 'NONE', *, *, #7582, .F. ) ;
#10088 = CARTESIAN_POINT ( 'NONE',  ( 4.333309763107292767, 2.267668071082945325, -4.706595997628983952 ) ) ;
#10089 = DIRECTION ( 'NONE',  ( 0.000000000000000000, 1.000000000000000000, 0.000000000000000000 ) ) ;
#10090 =( GEOMETRIC_REPRESENTATION_CONTEXT ( 3 ) GLOBAL_UNCERTAINTY_ASSIGNED_CONTEXT ( ( #468 ) ) GLOBAL_UNIT_ASSIGNED_CONTEXT ( ( #4487, #4383, #440 ) ) REPRESENTATION_CONTEXT ( 'NONE', 'WORKASPACE' ) );
#10091 = ORIENTED_EDGE ( 'NONE', *, *, #9774, .T. ) ;
#10092 =( GEOMETRIC_REPRESENTATION_CONTEXT ( 3 ) GLOBAL_UNCERTAINTY_ASSIGNED_CONTEXT ( ( #9413 ) ) GLOBAL_UNIT_ASSIGNED_CONTEXT ( ( #3780, #3834, #1391 ) ) REPRESENTATION_CONTEXT ( 'NONE', 'WORKASPACE' ) );
#10093 =( NAMED_UNIT ( * ) PLANE_ANGLE_UNIT ( ) SI_UNIT ( $, .RADIAN. ) );
#10094 = VECTOR ( 'NONE', #5242, 1000.000000000000000 ) ;
#10095 = VERTEX_POINT ( 'NONE', #850 ) ;
#10096 =( NAMED_UNIT ( * ) PLANE_ANGLE_UNIT ( ) SI_UNIT ( $, .RADIAN. ) );
#10097 = LINE ( 'NONE', #5479, #5472 ) ;
#10098 = VECTOR ( 'NONE', #312, 1000.000000000000000 ) ;
#10099 = PRESENTATION_LAYER_ASSIGNMENT (  '', '', ( #7281 ) ) ;
#10100 = DIRECTION ( 'NONE',  ( 0.000000000000000000, 0.000000000000000000, -1.000000000000000000 ) ) ;
#10101 = DIRECTION ( 'NONE',  ( -0.000000000000000000, -1.000000000000000000, 0.000000000000000000 ) ) ;
#10102 =( NAMED_UNIT ( * ) PLANE_ANGLE_UNIT ( ) SI_UNIT ( $, .RADIAN. ) );
#10103 = DIRECTION ( 'NONE',  ( 1.000000000000000000, 0.000000000000000000, -4.336808689942006692E-15 ) ) ;
#10104 = SURFACE_STYLE_USAGE ( .BOTH. , #8493 ) ;
#10105 =( GEOMETRIC_REPRESENTATION_CONTEXT ( 3 ) GLOBAL_UNCERTAINTY_ASSIGNED_CONTEXT ( ( #1940 ) ) GLOBAL_UNIT_ASSIGNED_CONTEXT ( ( #2181, #1357, #623 ) ) REPRESENTATION_CONTEXT ( 'NONE', 'WORKASPACE' ) );
#10106 =( NAMED_UNIT ( * ) PLANE_ANGLE_UNIT ( ) SI_UNIT ( $, .RADIAN. ) );
#10107 =( LENGTH_UNIT ( ) NAMED_UNIT ( * ) SI_UNIT ( .MILLI., .METRE. ) );
#10108 = ORIENTED_EDGE ( 'NONE', *, *, #137, .F. ) ;
#10109 = CARTESIAN_POINT ( 'NONE',  ( 4.399929289321881321, 1.617963242016830519E-14, -4.650000000000006573 ) ) ;
#10110 = DIRECTION ( 'NONE',  ( -0.000000000000000000, 0.000000000000000000, 1.000000000000000000 ) ) ;
#10111 =( LENGTH_UNIT ( ) NAMED_UNIT ( * ) SI_UNIT ( .MILLI., .METRE. ) );
#10112 = LINE ( 'NONE', #7601, #3621 ) ;
#10113 = ORIENTED_EDGE ( 'NONE', *, *, #2606, .T. ) ;
#10114 = LINE ( 'NONE', #4573, #1498 ) ;
#10115 = LINE ( 'NONE', #5398, #4309 ) ;
#10116 = ORIENTED_EDGE ( 'NONE', *, *, #458, .T. ) ;
#10117 = DIRECTION ( 'NONE',  ( -3.336006684570780538E-15, -1.000000000000000000, 0.000000000000000000 ) ) ;
#10118 = PRESENTATION_LAYER_ASSIGNMENT (  '', '', ( #5314 ) ) ;
#10119 = CARTESIAN_POINT ( 'NONE',  ( 4.849999999999997868, 0.000000000000000000, 3.999999999999999112 ) ) ;
#10120 = CARTESIAN_POINT ( 'NONE',  ( 0.000000000000000000, 0.8000000000000000444, -3.700000000000000178 ) ) ;
#10121 = ADVANCED_FACE ( 'NONE', ( #7206 ), #2164, .F. ) ;
#10122 = ADVANCED_FACE ( 'NONE', ( #8826 ), #6914, .T. ) ;
#10123 = ORIENTED_EDGE ( 'NONE', *, *, #8554, .T. ) ;
#10124 = ORIENTED_EDGE ( 'NONE', *, *, #6831, .F. ) ;
#10125 = SURFACE_SIDE_STYLE ('',( #8570 ) ) ;
#10126 = LINE ( 'NONE', #4634, #1408 ) ;
#10127 = DIRECTION ( 'NONE',  ( 0.000000000000000000, 1.000000000000000000, 0.000000000000000000 ) ) ;
#10128 = UNCERTAINTY_MEASURE_WITH_UNIT (LENGTH_MEASURE( 1.000000000000000082E-05 ), #9792, 'distance_accuracy_value', 'NONE');
#10129 = AXIS2_PLACEMENT_3D ( 'NONE', #9068, #5734, #6618 ) ;
#10130 = CARTESIAN_POINT ( 'NONE',  ( 4.849999999999997868, 0.000000000000000000, 1.799999999999999600 ) ) ;
#10131 = LINE ( 'NONE', #6184, #246 ) ;
#10132 = EDGE_LOOP ( 'NONE', ( #2779, #1425, #4178, #7385 ) ) ;
#10133 = EDGE_CURVE ( 'NONE', #5751, #6519, #5421, .T. ) ;
#10134 = DIRECTION ( 'NONE',  ( -1.000000000000000000, 0.000000000000000000, -0.000000000000000000 ) ) ;
#10135 = DIRECTION ( 'NONE',  ( -0.000000000000000000, 0.000000000000000000, 1.000000000000000000 ) ) ;
#10136 = DIRECTION ( 'NONE',  ( 0.000000000000000000, -1.000000000000000000, 0.000000000000000000 ) ) ;
#10137 = AXIS2_PLACEMENT_3D ( 'NONE', #8419, #5215, #1441 ) ;
#10138 = VERTEX_POINT ( 'NONE', #904 ) ;
#10139 = EDGE_LOOP ( 'NONE', ( #4799, #6576, #2591, #4296 ) ) ;
#10140 = CARTESIAN_POINT ( 'NONE',  ( -4.333309763107292767, 2.267668071082945325, 4.706595997628983952 ) ) ;
#10141 = AXIS2_PLACEMENT_3D ( 'NONE', #1273, #1217, #6022 ) ;
#10142 = ORIENTED_EDGE ( 'NONE', *, *, #6885, .F. ) ;
#10143 = PLANE ( 'NONE',  #8359 ) ;
#10144 = ORIENTED_EDGE ( 'NONE', *, *, #8513, .T. ) ;
#10145 = PRESENTATION_STYLE_ASSIGNMENT (( #2380 ) ) ;
#10146 =( NAMED_UNIT ( * ) PLANE_ANGLE_UNIT ( ) SI_UNIT ( $, .RADIAN. ) );
#10147 = DIRECTION ( 'NONE',  ( -1.000000000000000000, 0.000000000000000000, -0.000000000000000000 ) ) ;
#10148 = EDGE_CURVE ( 'NONE', #2527, #6801, #1731, .T. ) ;
#10149 = DIRECTION ( 'NONE',  ( -0.000000000000000000, 1.000000000000000000, -0.000000000000000000 ) ) ;
#10150 = CARTESIAN_POINT ( 'NONE',  ( 3.849999999999996980, 0.8000000000000000444, -2.600000000000000533 ) ) ;
#10151 = ADVANCED_FACE ( 'NONE', ( #8044 ), #961, .F. ) ;
#10152 = LINE ( 'NONE', #6934, #5612 ) ;
#10153 =( GEOMETRIC_REPRESENTATION_CONTEXT ( 3 ) GLOBAL_UNCERTAINTY_ASSIGNED_CONTEXT ( ( #8781 ) ) GLOBAL_UNIT_ASSIGNED_CONTEXT ( ( #8766, #4830, #6274 ) ) REPRESENTATION_CONTEXT ( 'NONE', 'WORKASPACE' ) );
#10154 = ORIENTED_EDGE ( 'NONE', *, *, #5776, .T. ) ;
#10155 = EDGE_CURVE ( 'NONE', #2656, #7783, #2560, .T. ) ;
#10156 =( LENGTH_UNIT ( ) NAMED_UNIT ( * ) SI_UNIT ( .MILLI., .METRE. ) );
#10157 = CARTESIAN_POINT ( 'NONE',  ( 0.000000000000000000, 0.8000000000000000444, -3.700000000000000178 ) ) ;
#10158 = COLOUR_RGB ( '',0.000000000000000000, 0.5019607843137254832, 0.000000000000000000 ) ;
#10159 = PRESENTATION_STYLE_ASSIGNMENT (( #520 ) ) ;
#10160 = CIRCLE ( 'NONE', #8182, 0.1999999999999996503 ) ;
#10161 = CARTESIAN_POINT ( 'NONE',  ( 4.850000000000009415, 0.8000000000000000444, 2.600000000000000533 ) ) ;
#10162 = LINE ( 'NONE', #7721, #6947 ) ;
#10163 = ORIENTED_EDGE ( 'NONE', *, *, #799, .F. ) ;
#10164 = LINE ( 'NONE', #4676, #8175 ) ;
#10165 = CARTESIAN_POINT ( 'NONE',  ( 4.850000000000000533, 0.8000000000000000444, -1.100000000000000089 ) ) ;
#10166 = VECTOR ( 'NONE', #889, 1000.000000000000000 ) ;
#10167 = VECTOR ( 'NONE', #7888, 1000.000000000000000 ) ;
#10168 = ORIENTED_EDGE ( 'NONE', *, *, #5335, .F. ) ;
#10169 = DIRECTION ( 'NONE',  ( 1.000000000000000000, -0.000000000000000000, 0.000000000000000000 ) ) ;
#10170 = ORIENTED_EDGE ( 'NONE', *, *, #1292, .F. ) ;
#10171 = ORIENTED_EDGE ( 'NONE', *, *, #8629, .F. ) ;
#10172 =( NAMED_UNIT ( * ) PLANE_ANGLE_UNIT ( ) SI_UNIT ( $, .RADIAN. ) );
#10173 = FACE_OUTER_BOUND ( 'NONE', #2678, .T. ) ;
#10174 = VERTEX_POINT ( 'NONE', #8287 ) ;
#10175 = CARTESIAN_POINT ( 'NONE',  ( 2.699999999999999734, 0.7999999999999994893, 4.850000000000003197 ) ) ;
#10176 = SURFACE_STYLE_FILL_AREA ( #20 ) ;
#10177 = FACE_OUTER_BOUND ( 'NONE', #9988, .T. ) ;
#10178 = MECHANICAL_DESIGN_GEOMETRIC_PRESENTATION_REPRESENTATION (  '', ( #412 ), #5715 ) ;
#10179 = ORIENTED_EDGE ( 'NONE', *, *, #4706, .F. ) ;
#10180 = ORIENTED_EDGE ( 'NONE', *, *, #4645, .F. ) ;
#10181 =( LENGTH_UNIT ( ) NAMED_UNIT ( * ) SI_UNIT ( .MILLI., .METRE. ) );
#10182 = B_SPLINE_CURVE_WITH_KNOTS ( 'NONE', 3,
 ( #4969, #929, #94, #8851, #3309, #2529, #9692, #1754, #1799, #4915, #8069, #3409, #984 ),
 .UNSPECIFIED., .F., .F.,
 ( 4, 3, 3, 3, 4 ),
 ( 1.226634733346699349E-18, 5.083670231753884136E-05, 9.796152662741067186E-05, 0.0001450796207375232023, 0.0001848331750982627904 ),
 .UNSPECIFIED. ) ;
#10183 = CARTESIAN_POINT ( 'NONE',  ( -3.849999999999996980, 0.7999999999999999334, 0.3999999999999993006 ) ) ;
#10184 = EDGE_LOOP ( 'NONE', ( #9518, #693, #7722, #5204 ) ) ;
#10185 = ORIENTED_EDGE ( 'NONE', *, *, #855, .T. ) ;
#10186 = ADVANCED_FACE ( 'NONE', ( #6491 ), #3432, .T. ) ;
#10187 = PRESENTATION_STYLE_ASSIGNMENT (( #3148 ) ) ;
#10188 = DIRECTION ( 'NONE',  ( -0.000000000000000000, -1.000000000000000000, -0.000000000000000000 ) ) ;
#10189 = DIRECTION ( 'NONE',  ( -0.000000000000000000, 0.000000000000000000, 1.000000000000000000 ) ) ;
#10190 =( NAMED_UNIT ( * ) SI_UNIT ( $, .STERADIAN. ) SOLID_ANGLE_UNIT ( ) );
#10191 =( NAMED_UNIT ( * ) SI_UNIT ( $, .STERADIAN. ) SOLID_ANGLE_UNIT ( ) );
#10192 = PRESENTATION_STYLE_ASSIGNMENT (( #7910 ) ) ;
#10193 = ORIENTED_EDGE ( 'NONE', *, *, #912, .T. ) ;
#10194 = DIRECTION ( 'NONE',  ( -1.000000000000000000, 0.000000000000000000, -4.336808689942006692E-15 ) ) ;
#10195 = SURFACE_STYLE_FILL_AREA ( #679 ) ;
#10196 = LINE ( 'NONE', #7907, #1185 ) ;
#10197 = EDGE_CURVE ( 'NONE', #6485, #2455, #1780, .T. ) ;
#10198 = CARTESIAN_POINT ( 'NONE',  ( 4.849999999999998757, 0.7999999999999999334, -3.500000000000000444 ) ) ;
#10199 = VERTEX_POINT ( 'NONE', #173 ) ;
#10200 = CARTESIAN_POINT ( 'NONE',  ( -4.299999999999999822, 2.100000000000000089, -4.549999999999999822 ) ) ;
#10201 = VECTOR ( 'NONE', #5681, 1000.000000000000000 ) ;
#10202 = DIRECTION ( 'NONE',  ( 1.000000000000000000, -0.000000000000000000, 1.626303258728256257E-15 ) ) ;
#10203 = LINE ( 'NONE', #5548, #992 ) ;
#10204 = LINE ( 'NONE', #6165, #4147 ) ;
#10205 = LINE ( 'NONE', #8392, #7279 ) ;
#10206 = ADVANCED_FACE ( 'NONE', ( #3340 ), #9811, .F. ) ;
#10207 = ORIENTED_EDGE ( 'NONE', *, *, #745, .F. ) ;
#10208 = FACE_OUTER_BOUND ( 'NONE', #1637, .T. ) ;
#10209 = VERTEX_POINT ( 'NONE', #4355 ) ;
#10210 = DIRECTION ( 'NONE',  ( -1.000000000000000000, 0.000000000000000000, -0.000000000000000000 ) ) ;
#10211 = ORIENTED_EDGE ( 'NONE', *, *, #4304, .T. ) ;
#10212 = ORIENTED_EDGE ( 'NONE', *, *, #10019, .T. ) ;
#10213 = FILL_AREA_STYLE ('',( #6178 ) ) ;
#10214 = DIRECTION ( 'NONE',  ( -1.000000000000000000, -0.000000000000000000, 0.000000000000000000 ) ) ;
#10215 = UNCERTAINTY_MEASURE_WITH_UNIT (LENGTH_MEASURE( 1.000000000000000082E-05 ), #3238, 'distance_accuracy_value', 'NONE');
#10216 = PLANE ( 'NONE',  #2921 ) ;
#10217 = SURFACE_SIDE_STYLE ('',( #6959 ) ) ;
#10218 = EDGE_LOOP ( 'NONE', ( #9319, #5029, #3828, #7367 ) ) ;
#10219 = LINE ( 'NONE', #3131, #5464 ) ;
#10220 = CARTESIAN_POINT ( 'NONE',  ( 4.849999999999997868, 0.000000000000000000, -8.673617379884035472E-16 ) ) ;
#10221 = DIRECTION ( 'NONE',  ( 0.000000000000000000, -0.000000000000000000, -1.000000000000000000 ) ) ;
#10222 = ORIENTED_EDGE ( 'NONE', *, *, #4909, .T. ) ;
#10223 = ORIENTED_EDGE ( 'NONE', *, *, #7229, .F. ) ;
#10224 =( NAMED_UNIT ( * ) PLANE_ANGLE_UNIT ( ) SI_UNIT ( $, .RADIAN. ) );
#10225 = CARTESIAN_POINT ( 'NONE',  ( 4.850000000000000533, 0.000000000000000000, -0.4000000000000010214 ) ) ;
#10226 = EDGE_CURVE ( 'NONE', #7577, #6984, #6837, .T. ) ;
#10227 = VERTEX_POINT ( 'NONE', #463 ) ;
#10228 = CARTESIAN_POINT ( 'NONE',  ( 4.378750921375360150, 2.300000000000000266, 4.566699647756670366 ) ) ;
#10229 = ORIENTED_EDGE ( 'NONE', *, *, #1998, .F. ) ;
#10230 = VECTOR ( 'NONE', #310, 1000.000000000000000 ) ;
#10231 = AXIS2_PLACEMENT_3D ( 'NONE', #8577, #5361, #7790 ) ;
#10232 = DIRECTION ( 'NONE',  ( -1.000000000000000000, -0.000000000000000000, -0.000000000000000000 ) ) ;
#10233 = ADVANCED_FACE ( 'NONE', ( #9187 ), #4570, .T. ) ;
#10234 = CARTESIAN_POINT ( 'NONE',  ( -2.699999999999999289, 1.687792868793693186E-14, -4.850000000000005862 ) ) ;
#10235 = SURFACE_SIDE_STYLE ('',( #8648 ) ) ;
#10236 = VECTOR ( 'NONE', #6862, 1000.000000000000000 ) ;
#10237 = VECTOR ( 'NONE', #5372, 1000.000000000000000 ) ;
#10238 = VECTOR ( 'NONE', #6199, 1000.000000000000000 ) ;
#10239 = EDGE_CURVE ( 'NONE', #8703, #8847, #6781, .T. ) ;
#10240 = CARTESIAN_POINT ( 'NONE',  ( -3.849999999999917488, 0.000000000000000000, -3.700000000000001954 ) ) ;
#10241 =( NAMED_UNIT ( * ) PLANE_ANGLE_UNIT ( ) SI_UNIT ( $, .RADIAN. ) );
#10242 = EDGE_LOOP ( 'NONE', ( #2681, #4239, #7459, #6853 ) ) ;
#10243 = LINE ( 'NONE', #991, #5065 ) ;
#10244 = ORIENTED_EDGE ( 'NONE', *, *, #1482, .T. ) ;
#10245 = DIRECTION ( 'NONE',  ( 1.000000000000000000, 0.000000000000000000, -0.000000000000000000 ) ) ;
#10246 = EDGE_CURVE ( 'NONE', #2415, #2541, #2855, .T. ) ;
#10247 = AXIS2_PLACEMENT_3D ( 'NONE', #6166, #636, #686 ) ;
#10248 = AXIS2_PLACEMENT_3D ( 'NONE', #8701, #9436, #4764 ) ;
#10249 = DIRECTION ( 'NONE',  ( 1.000000000000000000, -0.000000000000000000, 0.000000000000000000 ) ) ;
#10250 = ADVANCED_FACE ( 'NONE', ( #5393 ), #10009, .T. ) ;
#10251 = DIRECTION ( 'NONE',  ( 1.000000000000000000, 0.000000000000000000, -4.336808689942006692E-15 ) ) ;
#10252 = DIRECTION ( 'NONE',  ( 1.000000000000000000, 0.000000000000000000, -4.336808689942006692E-15 ) ) ;
#10253 = LINE ( 'NONE', #950, #2795 ) ;
#10254 = LINE ( 'NONE', #5600, #7425 ) ;
#10255 = MECHANICAL_DESIGN_GEOMETRIC_PRESENTATION_REPRESENTATION (  '', ( #7596 ), #3982 ) ;
#10256 = ORIENTED_EDGE ( 'NONE', *, *, #4029, .T. ) ;
ENDSEC;
END-ISO-10303-21;
